// 4.26.1 0x83dd315d D2 AY R0 FARGB8888 U565 N0 SExtFlashSection
// Generated by imageconverter. Please, do not edit!

#include <touchgfx/hal/Config.hpp>

LOCATION_PRAGMA("ExtFlashSection")
KEEP extern const unsigned char image_buttonchronostop[] LOCATION_ATTRIBUTE("ExtFlashSection") = { // 70x70 ARGB8888 pixels.
    0x00, 0x00, 0x00, 0x00, 0x00, 0x00, 0x00, 0x00, 0x00, 0x00, 0x00, 0x00,
    0x00, 0x00, 0x00, 0x00, 0x00, 0x00, 0x00, 0x00, 0x00, 0x00, 0x00, 0x00,
    0x00, 0x00, 0x00, 0x00, 0x00, 0x00, 0x00, 0x00, 0x00, 0x00, 0x00, 0x00,
    0x00, 0x00, 0x00, 0x00, 0x00, 0x00, 0x00, 0x00, 0x00, 0x00, 0x00, 0x00,
    0x00, 0x00, 0x00, 0x00, 0x00, 0x00, 0x00, 0x00, 0x00, 0x00, 0x00, 0x00,
    0x00, 0x00, 0x00, 0x00, 0x00, 0x00, 0x00, 0x00, 0x00, 0x00, 0x00, 0x00,
    0x00, 0x00, 0x00, 0x00, 0x00, 0x00, 0x00, 0x00, 0x00, 0x00, 0x00, 0x00,
    0x00, 0x00, 0x00, 0x00, 0x00, 0x00, 0x00, 0x00, 0x00, 0x00, 0x00, 0x00,
    0x00, 0x00, 0x00, 0x00, 0x00, 0x00, 0x00, 0x00, 0x00, 0x00, 0x00, 0x00,
    0x00, 0x00, 0x00, 0x00, 0x00, 0x00, 0x00, 0x00, 0x00, 0x00, 0x00, 0x00,
    0x00, 0x00, 0x00, 0x00, 0x00, 0x00, 0x00, 0x00, 0x00, 0x00, 0x00, 0x00,
    0x00, 0x00, 0x00, 0x00, 0x00, 0x00, 0x00, 0x00, 0x00, 0x00, 0x00, 0x00,
    0x00, 0x00, 0x00, 0x00, 0x00, 0x00, 0x00, 0x00, 0x00, 0x00, 0x00, 0x00,
    0x00, 0x00, 0x00, 0x00, 0x00, 0x00, 0x00, 0x00, 0x00, 0x00, 0x00, 0x00,
    0x00, 0x00, 0x00, 0x00, 0x00, 0x00, 0x00, 0x00, 0x00, 0x00, 0x00, 0x00,
    0x00, 0x00, 0x00, 0x00, 0x00, 0x00, 0x00, 0x00, 0x00, 0x00, 0x00, 0x00,
    0x00, 0x00, 0x00, 0x00, 0x00, 0x00, 0x00, 0x00, 0x00, 0x00, 0x00, 0x00,
    0x00, 0x00, 0x00, 0x00, 0x00, 0x00, 0x00, 0x00, 0x00, 0x00, 0x00, 0x00,
    0x00, 0x00, 0x00, 0x00, 0x00, 0x00, 0x00, 0x00, 0x00, 0x00, 0x00, 0x00,
    0x00, 0x00, 0x00, 0x00, 0x00, 0x00, 0x00, 0x00, 0x00, 0x00, 0x00, 0x00,
    0x00, 0x00, 0x00, 0x00, 0x00, 0x00, 0x00, 0x00, 0x00, 0x00, 0x00, 0x00,
    0x00, 0x00, 0x00, 0x00, 0x00, 0x00, 0x00, 0x00, 0x00, 0x00, 0x00, 0x00,
    0x00, 0x00, 0x00, 0x00, 0x00, 0x00, 0x00, 0x00, 0x00, 0x00, 0x00, 0x00,
    0x00, 0x00, 0x00, 0x00, 0x00, 0x00, 0x00, 0x00, 0x00, 0x00, 0x00, 0x00,
    0x00, 0x00, 0x00, 0x00, 0x00, 0x00, 0x00, 0x00, 0x00, 0x00, 0x00, 0x00,
    0x00, 0x00, 0x00, 0x00, 0x00, 0x00, 0x00, 0x00, 0x00, 0x00, 0x00, 0x00,
    0x00, 0x00, 0x00, 0x00, 0x00, 0x00, 0x00, 0x00, 0x00, 0x00, 0x00, 0x00,
    0x00, 0x00, 0x00, 0x00, 0x00, 0x00, 0x00, 0x00, 0x00, 0x00, 0x00, 0x00,
    0x00, 0x00, 0x00, 0x00, 0x00, 0x00, 0x00, 0x00, 0x00, 0x00, 0x00, 0x00,
    0x00, 0x00, 0x00, 0x00, 0x00, 0x00, 0x00, 0x00, 0x00, 0x00, 0x00, 0x00,
    0x00, 0x00, 0x00, 0x00, 0x00, 0x00, 0x00, 0x00, 0x00, 0x00, 0x00, 0x00,
    0x00, 0x00, 0x00, 0x00, 0x00, 0x00, 0x00, 0x00, 0x00, 0x00, 0x00, 0x00,
    0x00, 0x00, 0x00, 0x00, 0x00, 0x00, 0x00, 0x00, 0x00, 0x00, 0x00, 0x00,
    0x00, 0x00, 0x00, 0x00, 0xa0, 0xe4, 0x08, 0xff, 0xa8, 0xe4, 0x08, 0xff,
    0xa0, 0xe8, 0x08, 0xff, 0xa0, 0xe4, 0x08, 0xff, 0xa8, 0xe4, 0x08, 0xff,
    0xa0, 0xe8, 0x08, 0xff, 0xa0, 0xe4, 0x08, 0xff, 0xa8, 0xe4, 0x08, 0xff,
    0xa0, 0xe8, 0x08, 0xff, 0xa0, 0xe4, 0x08, 0xff, 0x00, 0x00, 0x00, 0x00,
    0x00, 0x00, 0x00, 0x00, 0x00, 0x00, 0x00, 0x00, 0x00, 0x00, 0x00, 0x00,
    0x00, 0x00, 0x00, 0x00, 0x00, 0x00, 0x00, 0x00, 0x00, 0x00, 0x00, 0x00,
    0x00, 0x00, 0x00, 0x00, 0x00, 0x00, 0x00, 0x00, 0x00, 0x00, 0x00, 0x00,
    0x00, 0x00, 0x00, 0x00, 0x00, 0x00, 0x00, 0x00, 0x00, 0x00, 0x00, 0x00,
    0x00, 0x00, 0x00, 0x00, 0x00, 0x00, 0x00, 0x00, 0x00, 0x00, 0x00, 0x00,
    0x00, 0x00, 0x00, 0x00, 0x00, 0x00, 0x00, 0x00, 0x00, 0x00, 0x00, 0x00,
    0x00, 0x00, 0x00, 0x00, 0x00, 0x00, 0x00, 0x00, 0x00, 0x00, 0x00, 0x00,
    0x00, 0x00, 0x00, 0x00, 0x00, 0x00, 0x00, 0x00, 0x00, 0x00, 0x00, 0x00,
    0x00, 0x00, 0x00, 0x00, 0x00, 0x00, 0x00, 0x00, 0x00, 0x00, 0x00, 0x00,
    0x00, 0x00, 0x00, 0x00, 0x00, 0x00, 0x00, 0x00, 0x00, 0x00, 0x00, 0x00,
    0x00, 0x00, 0x00, 0x00, 0x00, 0x00, 0x00, 0x00, 0x00, 0x00, 0x00, 0x00,
    0x00, 0x00, 0x00, 0x00, 0x00, 0x00, 0x00, 0x00, 0x00, 0x00, 0x00, 0x00,
    0x00, 0x00, 0x00, 0x00, 0x00, 0x00, 0x00, 0x00, 0x00, 0x00, 0x00, 0x00,
    0x00, 0x00, 0x00, 0x00, 0x00, 0x00, 0x00, 0x00, 0x00, 0x00, 0x00, 0x00,
    0x00, 0x00, 0x00, 0x00, 0x00, 0x00, 0x00, 0x00, 0x00, 0x00, 0x00, 0x00,
    0x00, 0x00, 0x00, 0x00, 0x00, 0x00, 0x00, 0x00, 0x00, 0x00, 0x00, 0x00,
    0x00, 0x00, 0x00, 0x00, 0x00, 0x00, 0x00, 0x00, 0x00, 0x00, 0x00, 0x00,
    0x00, 0x00, 0x00, 0x00, 0x00, 0x00, 0x00, 0x00, 0x00, 0x00, 0x00, 0x00,
    0x00, 0x00, 0x00, 0x00, 0xa0, 0xe4, 0x08, 0xff, 0xa8, 0xe4, 0x08, 0xff,
    0xa0, 0xe8, 0x08, 0xff, 0xa0, 0xe4, 0x08, 0xff, 0xa8, 0xe8, 0x08, 0xff,
    0xa8, 0xe8, 0x08, 0xff, 0xa0, 0xe4, 0x08, 0xff, 0xa8, 0xe8, 0x08, 0xff,
    0xa8, 0xe4, 0x08, 0xff, 0xa0, 0xe8, 0x08, 0xff, 0xa8, 0xe4, 0x08, 0xff,
    0xa8, 0xe8, 0x08, 0xff, 0xa0, 0xe4, 0x08, 0xff, 0xa8, 0xe8, 0x08, 0xff,
    0xa8, 0xe4, 0x08, 0xff, 0xa0, 0xe4, 0x08, 0xff, 0xa0, 0xe8, 0x08, 0xff,
    0xa8, 0xe4, 0x08, 0xff, 0xa0, 0xe4, 0x08, 0xff, 0x00, 0x00, 0x00, 0x00,
    0x00, 0x00, 0x00, 0x00, 0x00, 0x00, 0x00, 0x00, 0x00, 0x00, 0x00, 0x00,
    0x00, 0x00, 0x00, 0x00, 0x00, 0x00, 0x00, 0x00, 0x00, 0x00, 0x00, 0x00,
    0x00, 0x00, 0x00, 0x00, 0x00, 0x00, 0x00, 0x00, 0x00, 0x00, 0x00, 0x00,
    0x00, 0x00, 0x00, 0x00, 0x00, 0x00, 0x00, 0x00, 0x00, 0x00, 0x00, 0x00,
    0x00, 0x00, 0x00, 0x00, 0x00, 0x00, 0x00, 0x00, 0x00, 0x00, 0x00, 0x00,
    0x00, 0x00, 0x00, 0x00, 0x00, 0x00, 0x00, 0x00, 0x00, 0x00, 0x00, 0x00,
    0x00, 0x00, 0x00, 0x00, 0x00, 0x00, 0x00, 0x00, 0x00, 0x00, 0x00, 0x00,
    0x00, 0x00, 0x00, 0x00, 0x00, 0x00, 0x00, 0x00, 0x00, 0x00, 0x00, 0x00,
    0x00, 0x00, 0x00, 0x00, 0x00, 0x00, 0x00, 0x00, 0x00, 0x00, 0x00, 0x00,
    0x00, 0x00, 0x00, 0x00, 0x00, 0x00, 0x00, 0x00, 0x00, 0x00, 0x00, 0x00,
    0x00, 0x00, 0x00, 0x00, 0x00, 0x00, 0x00, 0x00, 0x00, 0x00, 0x00, 0x00,
    0x00, 0x00, 0x00, 0x00, 0x00, 0x00, 0x00, 0x00, 0x00, 0x00, 0x00, 0x00,
    0x00, 0x00, 0x00, 0x00, 0x00, 0x00, 0x00, 0x00, 0x00, 0x00, 0x00, 0x00,
    0x00, 0x00, 0x00, 0x00, 0x00, 0x00, 0x00, 0x00, 0x00, 0x00, 0x00, 0x00,
    0x00, 0x00, 0x00, 0x00, 0x00, 0x00, 0x00, 0x00, 0x00, 0x00, 0x00, 0x00,
    0x00, 0x00, 0x00, 0x00, 0xa0, 0xe4, 0x08, 0xff, 0xa8, 0xe4, 0x08, 0xff,
    0xa0, 0xe8, 0x08, 0xff, 0xa0, 0xe4, 0x08, 0xff, 0xa8, 0xe8, 0x08, 0xff,
    0xa8, 0xe8, 0x08, 0xff, 0xa0, 0xe4, 0x08, 0xff, 0xa8, 0xe4, 0x10, 0xff,
    0xa8, 0xe8, 0x08, 0xff, 0xa0, 0xe4, 0x10, 0xff, 0xa0, 0xe8, 0x08, 0xff,
    0xa8, 0xe4, 0x10, 0xff, 0xa0, 0xe8, 0x10, 0xff, 0xa0, 0xe4, 0x08, 0xff,
    0xa8, 0xe8, 0x10, 0xff, 0xa0, 0xe4, 0x10, 0xff, 0xa8, 0xe8, 0x08, 0xff,
    0xa0, 0xe8, 0x10, 0xff, 0xa8, 0xe4, 0x08, 0xff, 0xa8, 0xe8, 0x08, 0xff,
    0xa0, 0xe8, 0x10, 0xff, 0xa8, 0xe4, 0x08, 0xff, 0xa8, 0xe8, 0x08, 0xff,
    0xa0, 0xe8, 0x08, 0xff, 0xa8, 0xe4, 0x08, 0xff, 0xa0, 0xe4, 0x08, 0xff,
    0x00, 0x00, 0x00, 0x00, 0x00, 0x00, 0x00, 0x00, 0x00, 0x00, 0x00, 0x00,
    0x00, 0x00, 0x00, 0x00, 0x00, 0x00, 0x00, 0x00, 0x00, 0x00, 0x00, 0x00,
    0x00, 0x00, 0x00, 0x00, 0x00, 0x00, 0x00, 0x00, 0x00, 0x00, 0x00, 0x00,
    0x00, 0x00, 0x00, 0x00, 0x00, 0x00, 0x00, 0x00, 0x00, 0x00, 0x00, 0x00,
    0x00, 0x00, 0x00, 0x00, 0x00, 0x00, 0x00, 0x00, 0x00, 0x00, 0x00, 0x00,
    0x00, 0x00, 0x00, 0x00, 0x00, 0x00, 0x00, 0x00, 0x00, 0x00, 0x00, 0x00,
    0x00, 0x00, 0x00, 0x00, 0x00, 0x00, 0x00, 0x00, 0x00, 0x00, 0x00, 0x00,
    0x00, 0x00, 0x00, 0x00, 0x00, 0x00, 0x00, 0x00, 0x00, 0x00, 0x00, 0x00,
    0x00, 0x00, 0x00, 0x00, 0x00, 0x00, 0x00, 0x00, 0x00, 0x00, 0x00, 0x00,
    0x00, 0x00, 0x00, 0x00, 0x00, 0x00, 0x00, 0x00, 0x00, 0x00, 0x00, 0x00,
    0x00, 0x00, 0x00, 0x00, 0x00, 0x00, 0x00, 0x00, 0x00, 0x00, 0x00, 0x00,
    0x00, 0x00, 0x00, 0x00, 0x00, 0x00, 0x00, 0x00, 0x00, 0x00, 0x00, 0x00,
    0x00, 0x00, 0x00, 0x00, 0x00, 0x00, 0x00, 0x00, 0x00, 0x00, 0x00, 0x00,
    0x00, 0x00, 0x00, 0x00, 0x00, 0x00, 0x00, 0x00, 0x00, 0x00, 0x00, 0x00,
    0xa0, 0xe4, 0x08, 0xff, 0xa8, 0xe8, 0x08, 0xff, 0xa0, 0xe4, 0x08, 0xff,
    0xa8, 0xe8, 0x08, 0xff, 0xa8, 0xe4, 0x08, 0xff, 0xa0, 0xe8, 0x10, 0xff,
    0xa8, 0xe4, 0x08, 0xff, 0xa0, 0xe8, 0x08, 0xff, 0xa0, 0xe4, 0x10, 0xff,
    0xa8, 0xe8, 0x08, 0xff, 0xa0, 0xe4, 0x08, 0xff, 0xa0, 0xe8, 0x08, 0xff,
    0xa8, 0xe4, 0x08, 0xff, 0xa8, 0xe8, 0x08, 0xff, 0xa0, 0xe4, 0x08, 0xff,
    0xa8, 0xe8, 0x08, 0xff, 0xa0, 0xe4, 0x08, 0xff, 0xa8, 0xe8, 0x08, 0xff,
    0xa0, 0xe4, 0x08, 0xff, 0xa0, 0xe4, 0x08, 0xff, 0xa8, 0xe8, 0x10, 0xff,
    0xa0, 0xe4, 0x08, 0xff, 0xa0, 0xe4, 0x08, 0xff, 0xa8, 0xe8, 0x10, 0xff,
    0xa0, 0xe4, 0x08, 0xff, 0xa0, 0xe8, 0x08, 0xff, 0xa8, 0xe4, 0x08, 0xff,
    0xa8, 0xe8, 0x08, 0xff, 0xa0, 0xe8, 0x08, 0xff, 0xa8, 0xe4, 0x08, 0xff,
    0x00, 0x00, 0x00, 0x00, 0x00, 0x00, 0x00, 0x00, 0x00, 0x00, 0x00, 0x00,
    0x00, 0x00, 0x00, 0x00, 0x00, 0x00, 0x00, 0x00, 0x00, 0x00, 0x00, 0x00,
    0x00, 0x00, 0x00, 0x00, 0x00, 0x00, 0x00, 0x00, 0x00, 0x00, 0x00, 0x00,
    0x00, 0x00, 0x00, 0x00, 0x00, 0x00, 0x00, 0x00, 0x00, 0x00, 0x00, 0x00,
    0x00, 0x00, 0x00, 0x00, 0x00, 0x00, 0x00, 0x00, 0x00, 0x00, 0x00, 0x00,
    0x00, 0x00, 0x00, 0x00, 0x00, 0x00, 0x00, 0x00, 0x00, 0x00, 0x00, 0x00,
    0x00, 0x00, 0x00, 0x00, 0x00, 0x00, 0x00, 0x00, 0x00, 0x00, 0x00, 0x00,
    0x00, 0x00, 0x00, 0x00, 0x00, 0x00, 0x00, 0x00, 0x00, 0x00, 0x00, 0x00,
    0x00, 0x00, 0x00, 0x00, 0x00, 0x00, 0x00, 0x00, 0x00, 0x00, 0x00, 0x00,
    0x00, 0x00, 0x00, 0x00, 0x00, 0x00, 0x00, 0x00, 0x00, 0x00, 0x00, 0x00,
    0x00, 0x00, 0x00, 0x00, 0x00, 0x00, 0x00, 0x00, 0x00, 0x00, 0x00, 0x00,
    0x00, 0x00, 0x00, 0x00, 0x00, 0x00, 0x00, 0x00, 0x00, 0x00, 0x00, 0x00,
    0x00, 0x00, 0x00, 0x00, 0x00, 0x00, 0x00, 0x00, 0xa0, 0xe4, 0x08, 0xff,
    0xa8, 0xe4, 0x08, 0xff, 0xa8, 0xe8, 0x08, 0xff, 0xa0, 0xe4, 0x08, 0xff,
    0xa8, 0xe8, 0x10, 0xff, 0xa0, 0xe8, 0x08, 0xff, 0xa0, 0xe4, 0x08, 0xff,
    0xa8, 0xe4, 0x10, 0xff, 0xa8, 0xe8, 0x08, 0xff, 0xa0, 0xe4, 0x08, 0xff,
    0xa8, 0xe8, 0x08, 0xff, 0xa8, 0xe8, 0x08, 0xff, 0xa0, 0xe4, 0x10, 0xff,
    0xa8, 0xe4, 0x08, 0xff, 0xa8, 0xe8, 0x08, 0xff, 0xa0, 0xe4, 0x10, 0xff,
    0xa8, 0xe8, 0x08, 0xff, 0xa0, 0xe4, 0x08, 0xff, 0xa8, 0xe8, 0x10, 0xff,
    0xa8, 0xe8, 0x08, 0xff, 0xa0, 0xe4, 0x08, 0xff, 0xa8, 0xe8, 0x08, 0xff,
    0xa8, 0xe8, 0x08, 0xff, 0xa0, 0xe4, 0x08, 0xff, 0xa8, 0xe8, 0x08, 0xff,
    0xa8, 0xe4, 0x08, 0xff, 0xa0, 0xe8, 0x10, 0xff, 0xa8, 0xe4, 0x08, 0xff,
    0xa0, 0xe8, 0x10, 0xff, 0xa0, 0xe4, 0x10, 0xff, 0xa8, 0xe4, 0x08, 0xff,
    0xa0, 0xe8, 0x08, 0xff, 0xa0, 0xe4, 0x08, 0xff, 0xa8, 0xe4, 0x08, 0xff,
    0x00, 0x00, 0x00, 0x00, 0x00, 0x00, 0x00, 0x00, 0x00, 0x00, 0x00, 0x00,
    0x00, 0x00, 0x00, 0x00, 0x00, 0x00, 0x00, 0x00, 0x00, 0x00, 0x00, 0x00,
    0x00, 0x00, 0x00, 0x00, 0x00, 0x00, 0x00, 0x00, 0x00, 0x00, 0x00, 0x00,
    0x00, 0x00, 0x00, 0x00, 0x00, 0x00, 0x00, 0x00, 0x00, 0x00, 0x00, 0x00,
    0x00, 0x00, 0x00, 0x00, 0x00, 0x00, 0x00, 0x00, 0x00, 0x00, 0x00, 0x00,
    0x00, 0x00, 0x00, 0x00, 0x00, 0x00, 0x00, 0x00, 0x00, 0x00, 0x00, 0x00,
    0x00, 0x00, 0x00, 0x00, 0x00, 0x00, 0x00, 0x00, 0x00, 0x00, 0x00, 0x00,
    0x00, 0x00, 0x00, 0x00, 0x00, 0x00, 0x00, 0x00, 0x00, 0x00, 0x00, 0x00,
    0x00, 0x00, 0x00, 0x00, 0x00, 0x00, 0x00, 0x00, 0x00, 0x00, 0x00, 0x00,
    0x00, 0x00, 0x00, 0x00, 0x00, 0x00, 0x00, 0x00, 0x00, 0x00, 0x00, 0x00,
    0x00, 0x00, 0x00, 0x00, 0x00, 0x00, 0x00, 0x00, 0x00, 0x00, 0x00, 0x00,
    0x00, 0x00, 0x00, 0x00, 0x00, 0x00, 0x00, 0x00, 0xa0, 0xe4, 0x08, 0xff,
    0xa8, 0xe8, 0x08, 0xff, 0xa0, 0xe8, 0x08, 0xff, 0xa0, 0xe4, 0x10, 0xff,
    0xa8, 0xe8, 0x08, 0xff, 0xa0, 0xe4, 0x08, 0xff, 0xa8, 0xe8, 0x10, 0xff,
    0xa0, 0xe8, 0x08, 0xff, 0xa8, 0xe4, 0x08, 0xff, 0xa0, 0xe8, 0x08, 0xff,
    0xa0, 0xe4, 0x10, 0xff, 0xa8, 0xe4, 0x08, 0xff, 0xa0, 0xe8, 0x08, 0xff,
    0xa0, 0xe8, 0x10, 0xff, 0xa8, 0xe4, 0x08, 0xff, 0xa0, 0xe8, 0x08, 0xff,
    0xa0, 0xe8, 0x10, 0xff, 0xa8, 0xe4, 0x08, 0xff, 0xa0, 0xe4, 0x08, 0xff,
    0xa0, 0xe8, 0x10, 0xff, 0xa8, 0xe4, 0x08, 0xff, 0xa0, 0xe4, 0x10, 0xff,
    0xa0, 0xe8, 0x08, 0xff, 0xa8, 0xe4, 0x10, 0xff, 0xa0, 0xe8, 0x08, 0xff,
    0xa0, 0xe4, 0x08, 0xff, 0xa8, 0xe8, 0x08, 0xff, 0xa0, 0xe4, 0x08, 0xff,
    0xa8, 0xe8, 0x08, 0xff, 0xa8, 0xe4, 0x08, 0xff, 0xa0, 0xe8, 0x08, 0xff,
    0xa8, 0xe8, 0x10, 0xff, 0xa0, 0xe4, 0x08, 0xff, 0xa8, 0xe8, 0x08, 0xff,
    0xa0, 0xe8, 0x08, 0xff, 0xa0, 0xe4, 0x08, 0xff, 0x00, 0x00, 0x00, 0x00,
    0x00, 0x00, 0x00, 0x00, 0x00, 0x00, 0x00, 0x00, 0x00, 0x00, 0x00, 0x00,
    0x00, 0x00, 0x00, 0x00, 0x00, 0x00, 0x00, 0x00, 0x00, 0x00, 0x00, 0x00,
    0x00, 0x00, 0x00, 0x00, 0x00, 0x00, 0x00, 0x00, 0x00, 0x00, 0x00, 0x00,
    0x00, 0x00, 0x00, 0x00, 0x00, 0x00, 0x00, 0x00, 0x00, 0x00, 0x00, 0x00,
    0x00, 0x00, 0x00, 0x00, 0x00, 0x00, 0x00, 0x00, 0x00, 0x00, 0x00, 0x00,
    0x00, 0x00, 0x00, 0x00, 0x00, 0x00, 0x00, 0x00, 0x00, 0x00, 0x00, 0x00,
    0x00, 0x00, 0x00, 0x00, 0x00, 0x00, 0x00, 0x00, 0x00, 0x00, 0x00, 0x00,
    0x00, 0x00, 0x00, 0x00, 0x00, 0x00, 0x00, 0x00, 0x00, 0x00, 0x00, 0x00,
    0x00, 0x00, 0x00, 0x00, 0x00, 0x00, 0x00, 0x00, 0x00, 0x00, 0x00, 0x00,
    0x00, 0x00, 0x00, 0x00, 0x00, 0x00, 0x00, 0x00, 0x00, 0x00, 0x00, 0x00,
    0x00, 0x00, 0x00, 0x00, 0xa0, 0xe4, 0x08, 0xff, 0xa8, 0xe8, 0x08, 0xff,
    0xa8, 0xe4, 0x08, 0xff, 0xa0, 0xe8, 0x08, 0xff, 0xa8, 0xe4, 0x10, 0xff,
    0xa0, 0xe8, 0x08, 0xff, 0xa8, 0xe4, 0x08, 0xff, 0xa8, 0xe4, 0x08, 0xff,
    0xa0, 0xe8, 0x08, 0xff, 0xa8, 0xe4, 0x08, 0xff, 0xa0, 0xe8, 0x08, 0xff,
    0xa8, 0xe8, 0x10, 0xff, 0xa8, 0xe4, 0x08, 0xff, 0xa0, 0xe4, 0x08, 0xff,
    0xa8, 0xe8, 0x08, 0xff, 0xa8, 0xe4, 0x08, 0xff, 0xa0, 0xe4, 0x08, 0xff,
    0xa8, 0xe8, 0x08, 0xff, 0xa8, 0xe4, 0x08, 0xff, 0xa0, 0xe8, 0x08, 0xff,
    0xa8, 0xe8, 0x08, 0xff, 0xa8, 0xe4, 0x08, 0xff, 0xa0, 0xe8, 0x08, 0xff,
    0xa8, 0xe4, 0x08, 0xff, 0xa8, 0xe4, 0x10, 0xff, 0xa0, 0xe8, 0x08, 0xff,
    0xa8, 0xe4, 0x10, 0xff, 0xa0, 0xe8, 0x08, 0xff, 0xa8, 0xe4, 0x10, 0xff,
    0xa0, 0xe8, 0x08, 0xff, 0xa0, 0xe4, 0x08, 0xff, 0xa8, 0xe4, 0x08, 0xff,
    0xa0, 0xe8, 0x08, 0xff, 0xa8, 0xe4, 0x08, 0xff, 0xa8, 0xe4, 0x10, 0xff,
    0xa0, 0xe8, 0x08, 0xff, 0xa8, 0xe8, 0x10, 0xff, 0xa8, 0xe4, 0x08, 0xff,
    0xa0, 0xe8, 0x08, 0xff, 0xa8, 0xe4, 0x08, 0xff, 0x00, 0x00, 0x00, 0x00,
    0x00, 0x00, 0x00, 0x00, 0x00, 0x00, 0x00, 0x00, 0x00, 0x00, 0x00, 0x00,
    0x00, 0x00, 0x00, 0x00, 0x00, 0x00, 0x00, 0x00, 0x00, 0x00, 0x00, 0x00,
    0x00, 0x00, 0x00, 0x00, 0x00, 0x00, 0x00, 0x00, 0x00, 0x00, 0x00, 0x00,
    0x00, 0x00, 0x00, 0x00, 0x00, 0x00, 0x00, 0x00, 0x00, 0x00, 0x00, 0x00,
    0x00, 0x00, 0x00, 0x00, 0x00, 0x00, 0x00, 0x00, 0x00, 0x00, 0x00, 0x00,
    0x00, 0x00, 0x00, 0x00, 0x00, 0x00, 0x00, 0x00, 0x00, 0x00, 0x00, 0x00,
    0x00, 0x00, 0x00, 0x00, 0x00, 0x00, 0x00, 0x00, 0x00, 0x00, 0x00, 0x00,
    0x00, 0x00, 0x00, 0x00, 0x00, 0x00, 0x00, 0x00, 0x00, 0x00, 0x00, 0x00,
    0x00, 0x00, 0x00, 0x00, 0x00, 0x00, 0x00, 0x00, 0x00, 0x00, 0x00, 0x00,
    0x00, 0x00, 0x00, 0x00, 0xa0, 0xe4, 0x08, 0xff, 0xa8, 0xe8, 0x08, 0xff,
    0xa0, 0xe4, 0x08, 0xff, 0xa0, 0xe8, 0x10, 0xff, 0xa8, 0xe4, 0x08, 0xff,
    0xa8, 0xe8, 0x08, 0xff, 0xa0, 0xe4, 0x08, 0xff, 0xa0, 0xe8, 0x10, 0xff,
    0xa8, 0xe8, 0x08, 0xff, 0xa0, 0xe4, 0x08, 0xff, 0xa0, 0xe4, 0x10, 0xff,
    0xa8, 0xe8, 0x08, 0xff, 0xa0, 0xe4, 0x08, 0xff, 0xa0, 0xe8, 0x08, 0xff,
    0xa8, 0xe8, 0x10, 0xff, 0xa0, 0xe4, 0x08, 0xff, 0xa0, 0xe8, 0x10, 0xff,
    0xa8, 0xe8, 0x08, 0xff, 0xa0, 0xe4, 0x10, 0xff, 0xa0, 0xe4, 0x08, 0xff,
    0xa8, 0xe8, 0x10, 0xff, 0xa0, 0xe4, 0x08, 0xff, 0xa0, 0xe8, 0x08, 0xff,
    0xa8, 0xe8, 0x10, 0xff, 0xa0, 0xe8, 0x08, 0xff, 0xa0, 0xe4, 0x08, 0xff,
    0xa8, 0xe8, 0x08, 0xff, 0xa8, 0xe8, 0x08, 0xff, 0xa0, 0xe4, 0x08, 0xff,
    0xa8, 0xe8, 0x10, 0xff, 0xa8, 0xe8, 0x08, 0xff, 0xa0, 0xe4, 0x10, 0xff,
    0xa0, 0xe8, 0x10, 0xff, 0xa8, 0xe8, 0x08, 0xff, 0xa0, 0xe4, 0x08, 0xff,
    0xa0, 0xe8, 0x08, 0xff, 0xa8, 0xe4, 0x08, 0xff, 0xa0, 0xe4, 0x10, 0xff,
    0xa8, 0xe8, 0x08, 0xff, 0xa0, 0xe4, 0x08, 0xff, 0xa0, 0xe8, 0x10, 0xff,
    0xa8, 0xe4, 0x08, 0xff, 0x00, 0x00, 0x00, 0x00, 0x00, 0x00, 0x00, 0x00,
    0x00, 0x00, 0x00, 0x00, 0x00, 0x00, 0x00, 0x00, 0x00, 0x00, 0x00, 0x00,
    0x00, 0x00, 0x00, 0x00, 0x00, 0x00, 0x00, 0x00, 0x00, 0x00, 0x00, 0x00,
    0x00, 0x00, 0x00, 0x00, 0x00, 0x00, 0x00, 0x00, 0x00, 0x00, 0x00, 0x00,
    0x00, 0x00, 0x00, 0x00, 0x00, 0x00, 0x00, 0x00, 0x00, 0x00, 0x00, 0x00,
    0x00, 0x00, 0x00, 0x00, 0x00, 0x00, 0x00, 0x00, 0x00, 0x00, 0x00, 0x00,
    0x00, 0x00, 0x00, 0x00, 0x00, 0x00, 0x00, 0x00, 0x00, 0x00, 0x00, 0x00,
    0x00, 0x00, 0x00, 0x00, 0x00, 0x00, 0x00, 0x00, 0x00, 0x00, 0x00, 0x00,
    0x00, 0x00, 0x00, 0x00, 0x00, 0x00, 0x00, 0x00, 0x00, 0x00, 0x00, 0x00,
    0x00, 0x00, 0x00, 0x00, 0xa0, 0xe4, 0x08, 0xff, 0xa8, 0xe8, 0x08, 0xff,
    0xa8, 0xe4, 0x08, 0xff, 0xa0, 0xe8, 0x10, 0xff, 0xa0, 0xe4, 0x08, 0xff,
    0xa8, 0xe8, 0x08, 0xff, 0xa0, 0xe4, 0x08, 0xff, 0xa8, 0xe4, 0x10, 0xff,
    0xa0, 0xe8, 0x08, 0xff, 0xa8, 0xe8, 0x08, 0xff, 0xa8, 0xe4, 0x10, 0xff,
    0xa0, 0xe8, 0x08, 0xff, 0xa8, 0xe4, 0x08, 0xff, 0xa8, 0xe4, 0x08, 0xff,
    0xa0, 0xe8, 0x10, 0xff, 0xa8, 0xe4, 0x08, 0xff, 0xa0, 0xe4, 0x08, 0xff,
    0xa8, 0xe8, 0x08, 0xff, 0xa8, 0xe8, 0x10, 0xff, 0xa0, 0xe4, 0x08, 0xff,
    0xa8, 0xe8, 0x08, 0xff, 0xa8, 0xe4, 0x08, 0xff, 0xa0, 0xe4, 0x10, 0xff,
    0xa8, 0xe4, 0x08, 0xff, 0xa8, 0xe8, 0x08, 0xff, 0xa0, 0xe4, 0x08, 0xff,
    0xa0, 0xe4, 0x08, 0xff, 0xa8, 0xe8, 0x10, 0xff, 0xa0, 0xe4, 0x08, 0xff,
    0xa0, 0xe4, 0x08, 0xff, 0xa8, 0xe8, 0x08, 0xff, 0xa8, 0xe4, 0x08, 0xff,
    0xa0, 0xe4, 0x08, 0xff, 0xa8, 0xe8, 0x08, 0xff, 0xa8, 0xe4, 0x10, 0xff,
    0xa0, 0xe8, 0x08, 0xff, 0xa8, 0xe8, 0x08, 0xff, 0xa0, 0xe4, 0x08, 0xff,
    0xa8, 0xe8, 0x08, 0xff, 0xa0, 0xe8, 0x08, 0xff, 0xa8, 0xe4, 0x08, 0xff,
    0xa0, 0xe8, 0x08, 0xff, 0xa0, 0xe8, 0x08, 0xff, 0xa8, 0xe4, 0x08, 0xff,
    0x00, 0x00, 0x00, 0x00, 0x00, 0x00, 0x00, 0x00, 0x00, 0x00, 0x00, 0x00,
    0x00, 0x00, 0x00, 0x00, 0x00, 0x00, 0x00, 0x00, 0x00, 0x00, 0x00, 0x00,
    0x00, 0x00, 0x00, 0x00, 0x00, 0x00, 0x00, 0x00, 0x00, 0x00, 0x00, 0x00,
    0x00, 0x00, 0x00, 0x00, 0x00, 0x00, 0x00, 0x00, 0x00, 0x00, 0x00, 0x00,
    0x00, 0x00, 0x00, 0x00, 0x00, 0x00, 0x00, 0x00, 0x00, 0x00, 0x00, 0x00,
    0x00, 0x00, 0x00, 0x00, 0x00, 0x00, 0x00, 0x00, 0x00, 0x00, 0x00, 0x00,
    0x00, 0x00, 0x00, 0x00, 0x00, 0x00, 0x00, 0x00, 0x00, 0x00, 0x00, 0x00,
    0x00, 0x00, 0x00, 0x00, 0x00, 0x00, 0x00, 0x00, 0x00, 0x00, 0x00, 0x00,
    0x00, 0x00, 0x00, 0x00, 0xa8, 0xe4, 0x08, 0xff, 0xa0, 0xe8, 0x08, 0xff,
    0xa8, 0xe8, 0x08, 0xff, 0xa0, 0xe4, 0x10, 0xff, 0xa8, 0xe4, 0x08, 0xff,
    0xa8, 0xe8, 0x08, 0xff, 0xa0, 0xe8, 0x08, 0xff, 0xa8, 0xe4, 0x10, 0xff,
    0xa0, 0xe8, 0x08, 0xff, 0xa8, 0xe4, 0x08, 0xff, 0xa0, 0xe4, 0x08, 0xff,
    0xa8, 0xe8, 0x08, 0xff, 0xa0, 0xe8, 0x10, 0xff, 0xa0, 0xe4, 0x08, 0xff,
    0xa8, 0xe8, 0x08, 0xff, 0xa8, 0xe8, 0x10, 0xff, 0xa0, 0xe4, 0x08, 0xff,
    0xa8, 0xe8, 0x08, 0xff, 0xa0, 0xe4, 0x08, 0xff, 0xa0, 0xe4, 0x08, 0xff,
    0xa8, 0xe8, 0x08, 0xff, 0xa0, 0xe8, 0x08, 0xff, 0xa0, 0xe8, 0x08, 0xff,
    0xa8, 0xe4, 0x08, 0xff, 0xa0, 0xe8, 0x10, 0xff, 0xa8, 0xe4, 0x08, 0xff,
    0xa8, 0xe8, 0x08, 0xff, 0xa0, 0xe8, 0x10, 0xff, 0xa8, 0xe4, 0x08, 0xff,
    0xa8, 0xe8, 0x08, 0xff, 0xa0, 0xe4, 0x10, 0xff, 0xa0, 0xe8, 0x08, 0xff,
    0xa8, 0xe4, 0x08, 0xff, 0xa0, 0xe8, 0x08, 0xff, 0xa8, 0xe4, 0x08, 0xff,
    0xa0, 0xe4, 0x08, 0xff, 0xa8, 0xe8, 0x10, 0xff, 0xa0, 0xe4, 0x08, 0xff,
    0xa8, 0xe4, 0x10, 0xff, 0xa0, 0xe8, 0x08, 0xff, 0xa8, 0xe4, 0x10, 0xff,
    0xa8, 0xe4, 0x10, 0xff, 0xa0, 0xe8, 0x08, 0xff, 0xa8, 0xe4, 0x08, 0xff,
    0xa0, 0xe8, 0x10, 0xff, 0xa0, 0xe4, 0x08, 0xff, 0x00, 0x00, 0x00, 0x00,
    0x00, 0x00, 0x00, 0x00, 0x00, 0x00, 0x00, 0x00, 0x00, 0x00, 0x00, 0x00,
    0x00, 0x00, 0x00, 0x00, 0x00, 0x00, 0x00, 0x00, 0x00, 0x00, 0x00, 0x00,
    0x00, 0x00, 0x00, 0x00, 0x00, 0x00, 0x00, 0x00, 0x00, 0x00, 0x00, 0x00,
    0x00, 0x00, 0x00, 0x00, 0x00, 0x00, 0x00, 0x00, 0x00, 0x00, 0x00, 0x00,
    0x00, 0x00, 0x00, 0x00, 0x00, 0x00, 0x00, 0x00, 0x00, 0x00, 0x00, 0x00,
    0x00, 0x00, 0x00, 0x00, 0x00, 0x00, 0x00, 0x00, 0x00, 0x00, 0x00, 0x00,
    0x00, 0x00, 0x00, 0x00, 0x00, 0x00, 0x00, 0x00, 0x00, 0x00, 0x00, 0x00,
    0x00, 0x00, 0x00, 0x00, 0xa0, 0xe4, 0x08, 0xff, 0xa8, 0xe8, 0x08, 0xff,
    0xa0, 0xe4, 0x08, 0xff, 0xa0, 0xe8, 0x10, 0xff, 0xa8, 0xe8, 0x08, 0xff,
    0xa0, 0xe4, 0x08, 0xff, 0xa8, 0xe8, 0x08, 0xff, 0xa0, 0xe4, 0x10, 0xff,
    0xa8, 0xe8, 0x08, 0xff, 0xa0, 0xe8, 0x08, 0xff, 0xa0, 0xe4, 0x10, 0xff,
    0xa8, 0xe4, 0x08, 0xff, 0xf8, 0xfc, 0xf8, 0xff, 0xf8, 0xfc, 0xf8, 0xff,
    0xf8, 0xfc, 0xf8, 0xff, 0xf8, 0xfc, 0xf8, 0xff, 0xf8, 0xfc, 0xf8, 0xff,
    0xf8, 0xfc, 0xf8, 0xff, 0xf8, 0xfc, 0xf8, 0xff, 0xf8, 0xfc, 0xf8, 0xff,
    0xa8, 0xe4, 0x10, 0xff, 0xa0, 0xe4, 0x08, 0xff, 0xa8, 0xe8, 0x10, 0xff,
    0xa8, 0xe4, 0x08, 0xff, 0xa0, 0xe8, 0x08, 0xff, 0xa0, 0xe8, 0x08, 0xff,
    0xa8, 0xe4, 0x10, 0xff, 0xa0, 0xe4, 0x08, 0xff, 0xf8, 0xfc, 0xf8, 0xff,
    0xf8, 0xfc, 0xf8, 0xff, 0xf8, 0xfc, 0xf8, 0xff, 0xf8, 0xfc, 0xf8, 0xff,
    0xf8, 0xfc, 0xf8, 0xff, 0xf8, 0xfc, 0xf8, 0xff, 0xf8, 0xfc, 0xf8, 0xff,
    0xf8, 0xfc, 0xf8, 0xff, 0xa0, 0xe8, 0x08, 0xff, 0xa8, 0xe4, 0x08, 0xff,
    0xa0, 0xe8, 0x10, 0xff, 0xa8, 0xe8, 0x08, 0xff, 0xa0, 0xe4, 0x08, 0xff,
    0xa0, 0xe8, 0x08, 0xff, 0xa8, 0xe8, 0x08, 0xff, 0xa8, 0xe4, 0x08, 0xff,
    0xa0, 0xe4, 0x10, 0xff, 0xa8, 0xe8, 0x08, 0xff, 0xa8, 0xe8, 0x08, 0xff,
    0xa0, 0xe4, 0x08, 0xff, 0xa8, 0xe8, 0x08, 0xff, 0x00, 0x00, 0x00, 0x00,
    0x00, 0x00, 0x00, 0x00, 0x00, 0x00, 0x00, 0x00, 0x00, 0x00, 0x00, 0x00,
    0x00, 0x00, 0x00, 0x00, 0x00, 0x00, 0x00, 0x00, 0x00, 0x00, 0x00, 0x00,
    0x00, 0x00, 0x00, 0x00, 0x00, 0x00, 0x00, 0x00, 0x00, 0x00, 0x00, 0x00,
    0x00, 0x00, 0x00, 0x00, 0x00, 0x00, 0x00, 0x00, 0x00, 0x00, 0x00, 0x00,
    0x00, 0x00, 0x00, 0x00, 0x00, 0x00, 0x00, 0x00, 0x00, 0x00, 0x00, 0x00,
    0x00, 0x00, 0x00, 0x00, 0x00, 0x00, 0x00, 0x00, 0x00, 0x00, 0x00, 0x00,
    0x00, 0x00, 0x00, 0x00, 0xa0, 0xe4, 0x08, 0xff, 0xa8, 0xe8, 0x08, 0xff,
    0xa0, 0xe4, 0x10, 0xff, 0xa8, 0xe4, 0x08, 0xff, 0xa8, 0xe4, 0x08, 0xff,
    0xa0, 0xe8, 0x08, 0xff, 0xa8, 0xe4, 0x08, 0xff, 0xa0, 0xe4, 0x10, 0xff,
    0xa8, 0xe8, 0x08, 0xff, 0xa0, 0xe4, 0x08, 0xff, 0xa8, 0xe4, 0x08, 0xff,
    0xa8, 0xe8, 0x08, 0xff, 0xa0, 0xe8, 0x10, 0xff, 0xf8, 0xfc, 0xf8, 0xff,
    0xf8, 0xfc, 0xf8, 0xff, 0xf8, 0xfc, 0xf8, 0xff, 0xf8, 0xfc, 0xf8, 0xff,
    0xf8, 0xfc, 0xf8, 0xff, 0xf8, 0xfc, 0xf8, 0xff, 0xf8, 0xfc, 0xf8, 0xff,
    0xf8, 0xfc, 0xf8, 0xff, 0xa0, 0xe8, 0x08, 0xff, 0xa8, 0xe8, 0x08, 0xff,
    0xa0, 0xe4, 0x10, 0xff, 0xa8, 0xe4, 0x08, 0xff, 0xa0, 0xe8, 0x08, 0xff,
    0xa8, 0xe4, 0x10, 0xff, 0xa0, 0xe8, 0x08, 0xff, 0xa8, 0xe8, 0x08, 0xff,
    0xf8, 0xfc, 0xf8, 0xff, 0xf8, 0xfc, 0xf8, 0xff, 0xf8, 0xfc, 0xf8, 0xff,
    0xf8, 0xfc, 0xf8, 0xff, 0xf8, 0xfc, 0xf8, 0xff, 0xf8, 0xfc, 0xf8, 0xff,
    0xf8, 0xfc, 0xf8, 0xff, 0xf8, 0xfc, 0xf8, 0xff, 0xa8, 0xe8, 0x10, 0xff,
    0xa0, 0xe4, 0x08, 0xff, 0xa8, 0xe4, 0x08, 0xff, 0xa0, 0xe8, 0x08, 0xff,
    0xa8, 0xe4, 0x08, 0xff, 0xa0, 0xe4, 0x10, 0xff, 0xa0, 0xe8, 0x08, 0xff,
    0xa8, 0xe4, 0x08, 0xff, 0xa0, 0xe8, 0x08, 0xff, 0xa8, 0xe4, 0x08, 0xff,
    0xa0, 0xe4, 0x08, 0xff, 0xa0, 0xe8, 0x10, 0xff, 0xa8, 0xe4, 0x08, 0xff,
    0x00, 0x00, 0x00, 0x00, 0x00, 0x00, 0x00, 0x00, 0x00, 0x00, 0x00, 0x00,
    0x00, 0x00, 0x00, 0x00, 0x00, 0x00, 0x00, 0x00, 0x00, 0x00, 0x00, 0x00,
    0x00, 0x00, 0x00, 0x00, 0x00, 0x00, 0x00, 0x00, 0x00, 0x00, 0x00, 0x00,
    0x00, 0x00, 0x00, 0x00, 0x00, 0x00, 0x00, 0x00, 0x00, 0x00, 0x00, 0x00,
    0x00, 0x00, 0x00, 0x00, 0x00, 0x00, 0x00, 0x00, 0x00, 0x00, 0x00, 0x00,
    0x00, 0x00, 0x00, 0x00, 0x00, 0x00, 0x00, 0x00, 0x00, 0x00, 0x00, 0x00,
    0x00, 0x00, 0x00, 0x00, 0xa0, 0xe4, 0x08, 0xff, 0xa8, 0xe8, 0x08, 0xff,
    0xa8, 0xe8, 0x08, 0xff, 0xa0, 0xe8, 0x08, 0xff, 0xa0, 0xe4, 0x10, 0xff,
    0xa8, 0xe8, 0x08, 0xff, 0xa0, 0xe8, 0x08, 0xff, 0xa0, 0xe4, 0x10, 0xff,
    0xa8, 0xe8, 0x08, 0xff, 0xa0, 0xe8, 0x08, 0xff, 0xa8, 0xe4, 0x10, 0xff,
    0xa0, 0xe8, 0x08, 0xff, 0xa8, 0xe4, 0x08, 0xff, 0xa0, 0xe8, 0x08, 0xff,
    0xf8, 0xfc, 0xf8, 0xff, 0xf8, 0xfc, 0xf8, 0xff, 0xf8, 0xfc, 0xf8, 0xff,
    0xf8, 0xfc, 0xf8, 0xff, 0xf8, 0xfc, 0xf8, 0xff, 0xf8, 0xfc, 0xf8, 0xff,
    0xf8, 0xfc, 0xf8, 0xff, 0xf8, 0xfc, 0xf8, 0xff, 0xa8, 0xe8, 0x08, 0xff,
    0xa0, 0xe4, 0x08, 0xff, 0xa0, 0xe8, 0x08, 0xff, 0xa8, 0xe8, 0x08, 0xff,
    0xa8, 0xe4, 0x10, 0xff, 0xa0, 0xe4, 0x08, 0xff, 0xa8, 0xe8, 0x08, 0xff,
    0xa0, 0xe4, 0x08, 0xff, 0xf8, 0xfc, 0xf8, 0xff, 0xf8, 0xfc, 0xf8, 0xff,
    0xf8, 0xfc, 0xf8, 0xff, 0xf8, 0xfc, 0xf8, 0xff, 0xf8, 0xfc, 0xf8, 0xff,
    0xf8, 0xfc, 0xf8, 0xff, 0xf8, 0xfc, 0xf8, 0xff, 0xf8, 0xfc, 0xf8, 0xff,
    0xa0, 0xe8, 0x08, 0xff, 0xa8, 0xe4, 0x08, 0xff, 0xa0, 0xe8, 0x10, 0xff,
    0xa8, 0xe8, 0x08, 0xff, 0xa8, 0xe4, 0x08, 0xff, 0xa0, 0xe8, 0x10, 0xff,
    0xa8, 0xe4, 0x08, 0xff, 0xa0, 0xe8, 0x08, 0xff, 0xa8, 0xe8, 0x10, 0xff,
    0xa0, 0xe4, 0x08, 0xff, 0xa8, 0xe8, 0x08, 0xff, 0xa0, 0xe8, 0x10, 0xff,
    0xa0, 0xe4, 0x08, 0xff, 0xa8, 0xe4, 0x08, 0xff, 0x00, 0x00, 0x00, 0x00,
    0x00, 0x00, 0x00, 0x00, 0x00, 0x00, 0x00, 0x00, 0x00, 0x00, 0x00, 0x00,
    0x00, 0x00, 0x00, 0x00, 0x00, 0x00, 0x00, 0x00, 0x00, 0x00, 0x00, 0x00,
    0x00, 0x00, 0x00, 0x00, 0x00, 0x00, 0x00, 0x00, 0x00, 0x00, 0x00, 0x00,
    0x00, 0x00, 0x00, 0x00, 0x00, 0x00, 0x00, 0x00, 0x00, 0x00, 0x00, 0x00,
    0x00, 0x00, 0x00, 0x00, 0x00, 0x00, 0x00, 0x00, 0x00, 0x00, 0x00, 0x00,
    0x00, 0x00, 0x00, 0x00, 0xa0, 0xe4, 0x08, 0xff, 0xa8, 0xe8, 0x08, 0xff,
    0xa0, 0xe4, 0x10, 0xff, 0xa8, 0xe4, 0x08, 0xff, 0xa0, 0xe8, 0x08, 0xff,
    0xa8, 0xe4, 0x08, 0xff, 0xa8, 0xe8, 0x10, 0xff, 0xa0, 0xe4, 0x08, 0xff,
    0xa8, 0xe4, 0x08, 0xff, 0xa8, 0xe8, 0x08, 0xff, 0xa0, 0xe4, 0x08, 0xff,
    0xa0, 0xe8, 0x08, 0xff, 0xa8, 0xe4, 0x10, 0xff, 0xa0, 0xe4, 0x08, 0xff,
    0xa8, 0xe8, 0x08, 0xff, 0xf8, 0xfc, 0xf8, 0xff, 0xf8, 0xfc, 0xf8, 0xff,
    0xf8, 0xfc, 0xf8, 0xff, 0xf8, 0xfc, 0xf8, 0xff, 0xf8, 0xfc, 0xf8, 0xff,
    0xf8, 0xfc, 0xf8, 0xff, 0xf8, 0xfc, 0xf8, 0xff, 0xf8, 0xfc, 0xf8, 0xff,
    0xa8, 0xe4, 0x10, 0xff, 0xa0, 0xe4, 0x08, 0xff, 0xa8, 0xe8, 0x08, 0xff,
    0xa0, 0xe4, 0x10, 0xff, 0xa0, 0xe4, 0x08, 0xff, 0xa8, 0xe8, 0x08, 0xff,
    0xa0, 0xe4, 0x08, 0xff, 0xa8, 0xe4, 0x10, 0xff, 0xf8, 0xfc, 0xf8, 0xff,
    0xf8, 0xfc, 0xf8, 0xff, 0xf8, 0xfc, 0xf8, 0xff, 0xf8, 0xfc, 0xf8, 0xff,
    0xf8, 0xfc, 0xf8, 0xff, 0xf8, 0xfc, 0xf8, 0xff, 0xf8, 0xfc, 0xf8, 0xff,
    0xf8, 0xfc, 0xf8, 0xff, 0xa8, 0xe4, 0x08, 0xff, 0xa0, 0xe8, 0x10, 0xff,
    0xa0, 0xe4, 0x08, 0xff, 0xa8, 0xe4, 0x08, 0xff, 0xa0, 0xe8, 0x08, 0xff,
    0xa8, 0xe8, 0x08, 0xff, 0xa8, 0xe4, 0x08, 0xff, 0xa0, 0xe4, 0x10, 0xff,
    0xa0, 0xe8, 0x08, 0xff, 0xa8, 0xe4, 0x08, 0xff, 0xa8, 0xe8, 0x08, 0xff,
    0xa8, 0xe4, 0x08, 0xff, 0xa0, 0xe8, 0x08, 0xff, 0xa0, 0xe8, 0x08, 0xff,
    0xa8, 0xe4, 0x08, 0xff, 0x00, 0x00, 0x00, 0x00, 0x00, 0x00, 0x00, 0x00,
    0x00, 0x00, 0x00, 0x00, 0x00, 0x00, 0x00, 0x00, 0x00, 0x00, 0x00, 0x00,
    0x00, 0x00, 0x00, 0x00, 0x00, 0x00, 0x00, 0x00, 0x00, 0x00, 0x00, 0x00,
    0x00, 0x00, 0x00, 0x00, 0x00, 0x00, 0x00, 0x00, 0x00, 0x00, 0x00, 0x00,
    0x00, 0x00, 0x00, 0x00, 0x00, 0x00, 0x00, 0x00, 0x00, 0x00, 0x00, 0x00,
    0x00, 0x00, 0x00, 0x00, 0xa0, 0xe4, 0x08, 0xff, 0xa8, 0xe8, 0x08, 0xff,
    0xa8, 0xe8, 0x08, 0xff, 0xa0, 0xe4, 0x08, 0xff, 0xa0, 0xe4, 0x10, 0xff,
    0xa8, 0xe8, 0x08, 0xff, 0xa0, 0xe4, 0x08, 0xff, 0xa8, 0xe8, 0x08, 0xff,
    0xa0, 0xe8, 0x10, 0xff, 0xa8, 0xe4, 0x08, 0xff, 0xa0, 0xe4, 0x08, 0xff,
    0xa8, 0xe8, 0x10, 0xff, 0xa8, 0xe8, 0x08, 0xff, 0xa0, 0xe4, 0x08, 0xff,
    0xa8, 0xe8, 0x10, 0xff, 0xa0, 0xe4, 0x08, 0xff, 0xf8, 0xfc, 0xf8, 0xff,
    0xf8, 0xfc, 0xf8, 0xff, 0xf8, 0xfc, 0xf8, 0xff, 0xf8, 0xfc, 0xf8, 0xff,
    0xf8, 0xfc, 0xf8, 0xff, 0xf8, 0xfc, 0xf8, 0xff, 0xf8, 0xfc, 0xf8, 0xff,
    0xf8, 0xfc, 0xf8, 0xff, 0xa0, 0xe8, 0x08, 0xff, 0xa8, 0xe4, 0x08, 0xff,
    0xa8, 0xe8, 0x10, 0xff, 0xa0, 0xe8, 0x08, 0xff, 0xa8, 0xe4, 0x08, 0xff,
    0xa0, 0xe8, 0x08, 0xff, 0xa8, 0xe8, 0x10, 0xff, 0xa0, 0xe8, 0x08, 0xff,
    0xf8, 0xfc, 0xf8, 0xff, 0xf8, 0xfc, 0xf8, 0xff, 0xf8, 0xfc, 0xf8, 0xff,
    0xf8, 0xfc, 0xf8, 0xff, 0xf8, 0xfc, 0xf8, 0xff, 0xf8, 0xfc, 0xf8, 0xff,
    0xf8, 0xfc, 0xf8, 0xff, 0xf8, 0xfc, 0xf8, 0xff, 0xa8, 0xe8, 0x08, 0xff,
    0xa0, 0xe4, 0x08, 0xff, 0xa8, 0xe8, 0x08, 0xff, 0xa0, 0xe4, 0x10, 0xff,
    0xa0, 0xe8, 0x08, 0xff, 0xa8, 0xe4, 0x08, 0xff, 0xa0, 0xe8, 0x10, 0xff,
    0xa8, 0xe4, 0x08, 0xff, 0xa0, 0xe8, 0x08, 0xff, 0xa0, 0xe4, 0x10, 0xff,
    0xa8, 0xe4, 0x08, 0xff, 0xa0, 0xe8, 0x10, 0xff, 0xa8, 0xe4, 0x08, 0xff,
    0xa0, 0xe8, 0x10, 0xff, 0xa0, 0xe8, 0x08, 0xff, 0xa8, 0xe4, 0x08, 0xff,
    0x00, 0x00, 0x00, 0x00, 0x00, 0x00, 0x00, 0x00, 0x00, 0x00, 0x00, 0x00,
    0x00, 0x00, 0x00, 0x00, 0x00, 0x00, 0x00, 0x00, 0x00, 0x00, 0x00, 0x00,
    0x00, 0x00, 0x00, 0x00, 0x00, 0x00, 0x00, 0x00, 0x00, 0x00, 0x00, 0x00,
    0x00, 0x00, 0x00, 0x00, 0x00, 0x00, 0x00, 0x00, 0x00, 0x00, 0x00, 0x00,
    0x00, 0x00, 0x00, 0x00, 0x00, 0x00, 0x00, 0x00, 0xa8, 0xe4, 0x08, 0xff,
    0xa0, 0xe8, 0x08, 0xff, 0xa8, 0xe4, 0x10, 0xff, 0xa0, 0xe8, 0x08, 0xff,
    0xa8, 0xe8, 0x08, 0xff, 0xa8, 0xe4, 0x10, 0xff, 0xa0, 0xe8, 0x08, 0xff,
    0xa0, 0xe4, 0x08, 0xff, 0xa8, 0xe8, 0x08, 0xff, 0xa0, 0xe8, 0x10, 0xff,
    0xa0, 0xe4, 0x08, 0xff, 0xa8, 0xe8, 0x08, 0xff, 0xa0, 0xe4, 0x08, 0xff,
    0xa8, 0xe8, 0x08, 0xff, 0xa0, 0xe8, 0x08, 0xff, 0xa8, 0xe4, 0x10, 0xff,
    0xf8, 0xfc, 0xf8, 0xff, 0xf8, 0xfc, 0xf8, 0xff, 0xf8, 0xfc, 0xf8, 0xff,
    0xf8, 0xfc, 0xf8, 0xff, 0xf8, 0xfc, 0xf8, 0xff, 0xf8, 0xfc, 0xf8, 0xff,
    0xf8, 0xfc, 0xf8, 0xff, 0xf8, 0xfc, 0xf8, 0xff, 0xa0, 0xe8, 0x08, 0xff,
    0xa8, 0xe4, 0x08, 0xff, 0xa0, 0xe4, 0x08, 0xff, 0xa8, 0xe8, 0x08, 0xff,
    0xa0, 0xe4, 0x08, 0xff, 0xa8, 0xe4, 0x10, 0xff, 0xa0, 0xe8, 0x08, 0xff,
    0xa8, 0xe4, 0x08, 0xff, 0xf8, 0xfc, 0xf8, 0xff, 0xf8, 0xfc, 0xf8, 0xff,
    0xf8, 0xfc, 0xf8, 0xff, 0xf8, 0xfc, 0xf8, 0xff, 0xf8, 0xfc, 0xf8, 0xff,
    0xf8, 0xfc, 0xf8, 0xff, 0xf8, 0xfc, 0xf8, 0xff, 0xf8, 0xfc, 0xf8, 0xff,
    0xa0, 0xe4, 0x10, 0xff, 0xa8, 0xe8, 0x08, 0xff, 0xa8, 0xe8, 0x08, 0xff,
    0xa0, 0xe4, 0x10, 0xff, 0xa8, 0xe4, 0x08, 0xff, 0xa0, 0xe8, 0x08, 0xff,
    0xa8, 0xe4, 0x08, 0xff, 0xa8, 0xe8, 0x08, 0xff, 0xa0, 0xe8, 0x08, 0xff,
    0xa8, 0xe4, 0x08, 0xff, 0xa0, 0xe8, 0x10, 0xff, 0xa8, 0xe8, 0x08, 0xff,
    0xa8, 0xe4, 0x08, 0xff, 0xa0, 0xe4, 0x08, 0xff, 0xa8, 0xe8, 0x10, 0xff,
    0xa0, 0xe4, 0x08, 0xff, 0xa0, 0xe8, 0x08, 0xff, 0x00, 0x00, 0x00, 0x00,
    0x00, 0x00, 0x00, 0x00, 0x00, 0x00, 0x00, 0x00, 0x00, 0x00, 0x00, 0x00,
    0x00, 0x00, 0x00, 0x00, 0x00, 0x00, 0x00, 0x00, 0x00, 0x00, 0x00, 0x00,
    0x00, 0x00, 0x00, 0x00, 0x00, 0x00, 0x00, 0x00, 0x00, 0x00, 0x00, 0x00,
    0x00, 0x00, 0x00, 0x00, 0x00, 0x00, 0x00, 0x00, 0xa0, 0xe4, 0x08, 0xff,
    0xa8, 0xe8, 0x08, 0xff, 0xa0, 0xe4, 0x10, 0xff, 0xa0, 0xe4, 0x08, 0xff,
    0xa8, 0xe8, 0x08, 0xff, 0xa0, 0xe4, 0x08, 0xff, 0xa8, 0xe8, 0x08, 0xff,
    0xa0, 0xe4, 0x10, 0xff, 0xa8, 0xe4, 0x08, 0xff, 0xa8, 0xe4, 0x08, 0xff,
    0xa0, 0xe8, 0x08, 0xff, 0xa8, 0xe4, 0x10, 0xff, 0xa0, 0xe4, 0x08, 0xff,
    0xa8, 0xe8, 0x10, 0xff, 0xa0, 0xe4, 0x08, 0xff, 0xa8, 0xe4, 0x08, 0xff,
    0xa0, 0xe8, 0x08, 0xff, 0xf8, 0xfc, 0xf8, 0xff, 0xf8, 0xfc, 0xf8, 0xff,
    0xf8, 0xfc, 0xf8, 0xff, 0xf8, 0xfc, 0xf8, 0xff, 0xf8, 0xfc, 0xf8, 0xff,
    0xf8, 0xfc, 0xf8, 0xff, 0xf8, 0xfc, 0xf8, 0xff, 0xf8, 0xfc, 0xf8, 0xff,
    0xa8, 0xe4, 0x10, 0xff, 0xa0, 0xe8, 0x08, 0xff, 0xa0, 0xe8, 0x10, 0xff,
    0xa8, 0xe4, 0x08, 0xff, 0xa8, 0xe8, 0x08, 0xff, 0xa0, 0xe8, 0x08, 0xff,
    0xa8, 0xe4, 0x08, 0xff, 0xa0, 0xe4, 0x08, 0xff, 0xf8, 0xfc, 0xf8, 0xff,
    0xf8, 0xfc, 0xf8, 0xff, 0xf8, 0xfc, 0xf8, 0xff, 0xf8, 0xfc, 0xf8, 0xff,
    0xf8, 0xfc, 0xf8, 0xff, 0xf8, 0xfc, 0xf8, 0xff, 0xf8, 0xfc, 0xf8, 0xff,
    0xf8, 0xfc, 0xf8, 0xff, 0xa0, 0xe4, 0x08, 0xff, 0xa8, 0xe8, 0x08, 0xff,
    0xa0, 0xe4, 0x10, 0xff, 0xa8, 0xe8, 0x08, 0xff, 0xa8, 0xe8, 0x08, 0xff,
    0xa0, 0xe4, 0x10, 0xff, 0xa0, 0xe4, 0x08, 0xff, 0xa8, 0xe8, 0x10, 0xff,
    0xa8, 0xe4, 0x08, 0xff, 0xa0, 0xe4, 0x08, 0xff, 0xa0, 0xe8, 0x08, 0xff,
    0xa8, 0xe4, 0x08, 0xff, 0xa0, 0xe4, 0x08, 0xff, 0xa8, 0xe8, 0x08, 0xff,
    0xa8, 0xe4, 0x08, 0xff, 0xa0, 0xe8, 0x10, 0xff, 0xa8, 0xe4, 0x08, 0xff,
    0x00, 0x00, 0x00, 0x00, 0x00, 0x00, 0x00, 0x00, 0x00, 0x00, 0x00, 0x00,
    0x00, 0x00, 0x00, 0x00, 0x00, 0x00, 0x00, 0x00, 0x00, 0x00, 0x00, 0x00,
    0x00, 0x00, 0x00, 0x00, 0x00, 0x00, 0x00, 0x00, 0x00, 0x00, 0x00, 0x00,
    0x00, 0x00, 0x00, 0x00, 0x00, 0x00, 0x00, 0x00, 0xa0, 0xe4, 0x08, 0xff,
    0xa8, 0xe8, 0x08, 0xff, 0xa8, 0xe8, 0x08, 0xff, 0xa0, 0xe4, 0x08, 0xff,
    0xa8, 0xe8, 0x08, 0xff, 0xa8, 0xe4, 0x10, 0xff, 0xa0, 0xe8, 0x08, 0xff,
    0xa0, 0xe4, 0x08, 0xff, 0xa8, 0xe8, 0x08, 0xff, 0xa0, 0xe8, 0x10, 0xff,
    0xa8, 0xe4, 0x08, 0xff, 0xa8, 0xe8, 0x08, 0xff, 0xa0, 0xe8, 0x08, 0xff,
    0xa8, 0xe4, 0x08, 0xff, 0xa0, 0xe8, 0x08, 0xff, 0xa8, 0xe4, 0x10, 0xff,
    0xa0, 0xe8, 0x08, 0xff, 0xa8, 0xe4, 0x08, 0xff, 0xf8, 0xfc, 0xf8, 0xff,
    0xf8, 0xfc, 0xf8, 0xff, 0xf8, 0xfc, 0xf8, 0xff, 0xf8, 0xfc, 0xf8, 0xff,
    0xf8, 0xfc, 0xf8, 0xff, 0xf8, 0xfc, 0xf8, 0xff, 0xf8, 0xfc, 0xf8, 0xff,
    0xf8, 0xfc, 0xf8, 0xff, 0xa8, 0xe4, 0x08, 0xff, 0xa0, 0xe8, 0x08, 0xff,
    0xa8, 0xe4, 0x10, 0xff, 0xa0, 0xe4, 0x08, 0xff, 0xa0, 0xe8, 0x10, 0xff,
    0xa8, 0xe8, 0x08, 0xff, 0xa0, 0xe4, 0x10, 0xff, 0xa8, 0xe8, 0x08, 0xff,
    0xf8, 0xfc, 0xf8, 0xff, 0xf8, 0xfc, 0xf8, 0xff, 0xf8, 0xfc, 0xf8, 0xff,
    0xf8, 0xfc, 0xf8, 0xff, 0xf8, 0xfc, 0xf8, 0xff, 0xf8, 0xfc, 0xf8, 0xff,
    0xf8, 0xfc, 0xf8, 0xff, 0xf8, 0xfc, 0xf8, 0xff, 0xa8, 0xe8, 0x08, 0xff,
    0xa0, 0xe4, 0x08, 0xff, 0xa0, 0xe4, 0x08, 0xff, 0xa8, 0xe8, 0x08, 0xff,
    0xa0, 0xe8, 0x08, 0xff, 0xa8, 0xe4, 0x08, 0xff, 0xa0, 0xe8, 0x10, 0xff,
    0xa0, 0xe8, 0x08, 0xff, 0xa8, 0xe4, 0x08, 0xff, 0xa0, 0xe8, 0x10, 0xff,
    0xa8, 0xe8, 0x08, 0xff, 0xa0, 0xe4, 0x10, 0xff, 0xa0, 0xe8, 0x10, 0xff,
    0xa8, 0xe8, 0x08, 0xff, 0xa0, 0xe4, 0x08, 0xff, 0xa8, 0xe8, 0x08, 0xff,
    0xa0, 0xe4, 0x08, 0xff, 0xa8, 0xe4, 0x08, 0xff, 0x00, 0x00, 0x00, 0x00,
    0x00, 0x00, 0x00, 0x00, 0x00, 0x00, 0x00, 0x00, 0x00, 0x00, 0x00, 0x00,
    0x00, 0x00, 0x00, 0x00, 0x00, 0x00, 0x00, 0x00, 0x00, 0x00, 0x00, 0x00,
    0x00, 0x00, 0x00, 0x00, 0x00, 0x00, 0x00, 0x00, 0x00, 0x00, 0x00, 0x00,
    0xa0, 0xe4, 0x08, 0xff, 0xa8, 0xe8, 0x10, 0xff, 0xa0, 0xe4, 0x08, 0xff,
    0xa0, 0xe8, 0x08, 0xff, 0xa8, 0xe8, 0x10, 0xff, 0xa0, 0xe4, 0x08, 0xff,
    0xa8, 0xe8, 0x08, 0xff, 0xa8, 0xe4, 0x10, 0xff, 0xa0, 0xe8, 0x08, 0xff,
    0xa0, 0xe8, 0x08, 0xff, 0xa0, 0xe4, 0x10, 0xff, 0xa8, 0xe4, 0x08, 0xff,
    0xa0, 0xe8, 0x08, 0xff, 0xa0, 0xe8, 0x10, 0xff, 0xa8, 0xe4, 0x08, 0xff,
    0xa0, 0xe8, 0x08, 0xff, 0xa8, 0xe8, 0x10, 0xff, 0xa0, 0xe4, 0x08, 0xff,
    0xf8, 0xfc, 0xf8, 0xff, 0xf8, 0xfc, 0xf8, 0xff, 0xf8, 0xfc, 0xf8, 0xff,
    0xf8, 0xfc, 0xf8, 0xff, 0xf8, 0xfc, 0xf8, 0xff, 0xf8, 0xfc, 0xf8, 0xff,
    0xf8, 0xfc, 0xf8, 0xff, 0xf8, 0xfc, 0xf8, 0xff, 0xa0, 0xe8, 0x08, 0xff,
    0xa8, 0xe4, 0x08, 0xff, 0xa8, 0xe8, 0x08, 0xff, 0xa0, 0xe4, 0x08, 0xff,
    0xa8, 0xe4, 0x08, 0xff, 0xa0, 0xe8, 0x10, 0xff, 0xa8, 0xe4, 0x08, 0xff,
    0xa0, 0xe8, 0x08, 0xff, 0xf8, 0xfc, 0xf8, 0xff, 0xf8, 0xfc, 0xf8, 0xff,
    0xf8, 0xfc, 0xf8, 0xff, 0xf8, 0xfc, 0xf8, 0xff, 0xf8, 0xfc, 0xf8, 0xff,
    0xf8, 0xfc, 0xf8, 0xff, 0xf8, 0xfc, 0xf8, 0xff, 0xf8, 0xfc, 0xf8, 0xff,
    0xa8, 0xe8, 0x10, 0xff, 0xa0, 0xe4, 0x08, 0xff, 0xa8, 0xe8, 0x10, 0xff,
    0xa0, 0xe4, 0x08, 0xff, 0xa8, 0xe4, 0x08, 0xff, 0xa8, 0xe8, 0x08, 0xff,
    0xa0, 0xe4, 0x08, 0xff, 0xa8, 0xe4, 0x08, 0xff, 0xa0, 0xe8, 0x08, 0xff,
    0xa8, 0xe4, 0x08, 0xff, 0xa8, 0xe4, 0x08, 0xff, 0xa0, 0xe8, 0x08, 0xff,
    0xa8, 0xe4, 0x08, 0xff, 0xa0, 0xe4, 0x10, 0xff, 0xa0, 0xe8, 0x08, 0xff,
    0xa8, 0xe8, 0x08, 0xff, 0xa0, 0xe8, 0x10, 0xff, 0xa0, 0xe4, 0x08, 0xff,
    0x00, 0x00, 0x00, 0x00, 0x00, 0x00, 0x00, 0x00, 0x00, 0x00, 0x00, 0x00,
    0x00, 0x00, 0x00, 0x00, 0x00, 0x00, 0x00, 0x00, 0x00, 0x00, 0x00, 0x00,
    0x00, 0x00, 0x00, 0x00, 0x00, 0x00, 0x00, 0x00, 0x00, 0x00, 0x00, 0x00,
    0xa8, 0xe4, 0x08, 0xff, 0xa0, 0xe8, 0x08, 0xff, 0xa8, 0xe4, 0x08, 0xff,
    0xa8, 0xe4, 0x10, 0xff, 0xa0, 0xe8, 0x08, 0xff, 0xa8, 0xe4, 0x08, 0xff,
    0xa0, 0xe4, 0x08, 0xff, 0xa0, 0xe8, 0x08, 0xff, 0xa8, 0xe4, 0x08, 0xff,
    0xa8, 0xe4, 0x08, 0xff, 0xa0, 0xe8, 0x08, 0xff, 0xa8, 0xe4, 0x08, 0xff,
    0xa8, 0xe4, 0x10, 0xff, 0xa0, 0xe8, 0x08, 0xff, 0xa8, 0xe4, 0x08, 0xff,
    0xa8, 0xe4, 0x08, 0xff, 0xa0, 0xe8, 0x08, 0xff, 0xa8, 0xe4, 0x08, 0xff,
    0xa0, 0xe8, 0x10, 0xff, 0xf8, 0xfc, 0xf8, 0xff, 0xf8, 0xfc, 0xf8, 0xff,
    0xf8, 0xfc, 0xf8, 0xff, 0xf8, 0xfc, 0xf8, 0xff, 0xf8, 0xfc, 0xf8, 0xff,
    0xf8, 0xfc, 0xf8, 0xff, 0xf8, 0xfc, 0xf8, 0xff, 0xf8, 0xfc, 0xf8, 0xff,
    0xa0, 0xe4, 0x10, 0xff, 0xa8, 0xe8, 0x08, 0xff, 0xa0, 0xe8, 0x08, 0xff,
    0xa8, 0xe4, 0x10, 0xff, 0xa0, 0xe8, 0x08, 0xff, 0xa8, 0xe4, 0x08, 0xff,
    0xa0, 0xe8, 0x08, 0xff, 0xa8, 0xe4, 0x10, 0xff, 0xf8, 0xfc, 0xf8, 0xff,
    0xf8, 0xfc, 0xf8, 0xff, 0xf8, 0xfc, 0xf8, 0xff, 0xf8, 0xfc, 0xf8, 0xff,
    0xf8, 0xfc, 0xf8, 0xff, 0xf8, 0xfc, 0xf8, 0xff, 0xf8, 0xfc, 0xf8, 0xff,
    0xf8, 0xfc, 0xf8, 0xff, 0xa0, 0xe4, 0x08, 0xff, 0xa8, 0xe8, 0x08, 0xff,
    0xa8, 0xe8, 0x10, 0xff, 0xa0, 0xe4, 0x08, 0xff, 0xa0, 0xe8, 0x10, 0xff,
    0xa8, 0xe8, 0x10, 0xff, 0xa0, 0xe4, 0x08, 0xff, 0xa8, 0xe8, 0x10, 0xff,
    0xa0, 0xe8, 0x08, 0xff, 0xa0, 0xe4, 0x10, 0xff, 0xa8, 0xe8, 0x08, 0xff,
    0xa8, 0xe8, 0x08, 0xff, 0xa0, 0xe4, 0x08, 0xff, 0xa8, 0xe8, 0x08, 0xff,
    0xa8, 0xe4, 0x10, 0xff, 0xa0, 0xe4, 0x08, 0xff, 0xa8, 0xe8, 0x08, 0xff,
    0xa8, 0xe8, 0x10, 0xff, 0xa0, 0xe4, 0x08, 0xff, 0x00, 0x00, 0x00, 0x00,
    0x00, 0x00, 0x00, 0x00, 0x00, 0x00, 0x00, 0x00, 0x00, 0x00, 0x00, 0x00,
    0x00, 0x00, 0x00, 0x00, 0x00, 0x00, 0x00, 0x00, 0x00, 0x00, 0x00, 0x00,
    0x00, 0x00, 0x00, 0x00, 0xa0, 0xe8, 0x08, 0xff, 0xa8, 0xe8, 0x08, 0xff,
    0xa0, 0xe4, 0x08, 0xff, 0xa0, 0xe8, 0x08, 0xff, 0xa8, 0xe8, 0x10, 0xff,
    0xa8, 0xe4, 0x08, 0xff, 0xa0, 0xe8, 0x10, 0xff, 0xa0, 0xe8, 0x08, 0xff,
    0xa8, 0xe4, 0x10, 0xff, 0xa0, 0xe8, 0x08, 0xff, 0xa8, 0xe8, 0x08, 0xff,
    0xa0, 0xe4, 0x08, 0xff, 0xa0, 0xe8, 0x08, 0xff, 0xa8, 0xe8, 0x10, 0xff,
    0xa0, 0xe4, 0x08, 0xff, 0xa0, 0xe8, 0x08, 0xff, 0xa8, 0xe4, 0x10, 0xff,
    0xa0, 0xe4, 0x08, 0xff, 0xa8, 0xe8, 0x08, 0xff, 0xf8, 0xfc, 0xf8, 0xff,
    0xf8, 0xfc, 0xf8, 0xff, 0xf8, 0xfc, 0xf8, 0xff, 0xf8, 0xfc, 0xf8, 0xff,
    0xf8, 0xfc, 0xf8, 0xff, 0xf8, 0xfc, 0xf8, 0xff, 0xf8, 0xfc, 0xf8, 0xff,
    0xf8, 0xfc, 0xf8, 0xff, 0xa8, 0xe4, 0x08, 0xff, 0xa0, 0xe8, 0x08, 0xff,
    0xa0, 0xe4, 0x10, 0xff, 0xa8, 0xe8, 0x08, 0xff, 0xa8, 0xe8, 0x08, 0xff,
    0xa0, 0xe4, 0x08, 0xff, 0xa8, 0xe8, 0x08, 0xff, 0xa0, 0xe8, 0x08, 0xff,
    0xf8, 0xfc, 0xf8, 0xff, 0xf8, 0xfc, 0xf8, 0xff, 0xf8, 0xfc, 0xf8, 0xff,
    0xf8, 0xfc, 0xf8, 0xff, 0xf8, 0xfc, 0xf8, 0xff, 0xf8, 0xfc, 0xf8, 0xff,
    0xf8, 0xfc, 0xf8, 0xff, 0xf8, 0xfc, 0xf8, 0xff, 0xa0, 0xe4, 0x08, 0xff,
    0xa8, 0xe8, 0x08, 0xff, 0xa0, 0xe4, 0x08, 0xff, 0xa0, 0xe4, 0x08, 0xff,
    0xa8, 0xe8, 0x08, 0xff, 0xa0, 0xe4, 0x08, 0xff, 0xa8, 0xe4, 0x08, 0xff,
    0xa8, 0xe8, 0x08, 0xff, 0xa0, 0xe4, 0x10, 0xff, 0xa0, 0xe4, 0x08, 0xff,
    0xa8, 0xe8, 0x08, 0xff, 0xa0, 0xe4, 0x10, 0xff, 0xa0, 0xe8, 0x08, 0xff,
    0xa8, 0xe8, 0x08, 0xff, 0xa0, 0xe4, 0x08, 0xff, 0xa0, 0xe4, 0x08, 0xff,
    0xa8, 0xe8, 0x08, 0xff, 0xa8, 0xe4, 0x08, 0xff, 0xa0, 0xe8, 0x08, 0xff,
    0x00, 0x00, 0x00, 0x00, 0x00, 0x00, 0x00, 0x00, 0x00, 0x00, 0x00, 0x00,
    0x00, 0x00, 0x00, 0x00, 0x00, 0x00, 0x00, 0x00, 0x00, 0x00, 0x00, 0x00,
    0x00, 0x00, 0x00, 0x00, 0xa0, 0xe4, 0x08, 0xff, 0xa8, 0xe4, 0x08, 0xff,
    0xa8, 0xe8, 0x10, 0xff, 0xa0, 0xe4, 0x08, 0xff, 0xa0, 0xe8, 0x08, 0xff,
    0xa8, 0xe4, 0x08, 0xff, 0xa0, 0xe4, 0x08, 0xff, 0xa8, 0xe8, 0x08, 0xff,
    0xa8, 0xe4, 0x10, 0xff, 0xa0, 0xe4, 0x08, 0xff, 0xa8, 0xe8, 0x10, 0xff,
    0xa8, 0xe4, 0x08, 0xff, 0xa0, 0xe4, 0x10, 0xff, 0xa8, 0xe8, 0x08, 0xff,
    0xa8, 0xe4, 0x08, 0xff, 0xa0, 0xe8, 0x10, 0xff, 0xa8, 0xe8, 0x08, 0xff,
    0xa8, 0xe4, 0x08, 0xff, 0xa0, 0xe8, 0x08, 0xff, 0xa8, 0xe4, 0x08, 0xff,
    0xf8, 0xfc, 0xf8, 0xff, 0xf8, 0xfc, 0xf8, 0xff, 0xf8, 0xfc, 0xf8, 0xff,
    0xf8, 0xfc, 0xf8, 0xff, 0xf8, 0xfc, 0xf8, 0xff, 0xf8, 0xfc, 0xf8, 0xff,
    0xf8, 0xfc, 0xf8, 0xff, 0xf8, 0xfc, 0xf8, 0xff, 0xa8, 0xe8, 0x08, 0xff,
    0xa0, 0xe4, 0x08, 0xff, 0xa8, 0xe4, 0x08, 0xff, 0xa0, 0xe8, 0x08, 0xff,
    0xa0, 0xe4, 0x10, 0xff, 0xa8, 0xe4, 0x10, 0xff, 0xa0, 0xe4, 0x08, 0xff,
    0xa8, 0xe8, 0x08, 0xff, 0xf8, 0xfc, 0xf8, 0xff, 0xf8, 0xfc, 0xf8, 0xff,
    0xf8, 0xfc, 0xf8, 0xff, 0xf8, 0xfc, 0xf8, 0xff, 0xf8, 0xfc, 0xf8, 0xff,
    0xf8, 0xfc, 0xf8, 0xff, 0xf8, 0xfc, 0xf8, 0xff, 0xf8, 0xfc, 0xf8, 0xff,
    0xa8, 0xe8, 0x10, 0xff, 0xa0, 0xe4, 0x08, 0xff, 0xa8, 0xe8, 0x08, 0xff,
    0xa8, 0xe8, 0x10, 0xff, 0xa0, 0xe4, 0x08, 0xff, 0xa8, 0xe8, 0x08, 0xff,
    0xa0, 0xe8, 0x08, 0xff, 0xa8, 0xe4, 0x08, 0xff, 0xa8, 0xe8, 0x08, 0xff,
    0xa0, 0xe8, 0x08, 0xff, 0xa8, 0xe4, 0x08, 0xff, 0xa8, 0xe4, 0x10, 0xff,
    0xa0, 0xe8, 0x08, 0xff, 0xa8, 0xe4, 0x08, 0xff, 0xa8, 0xe8, 0x10, 0xff,
    0xa0, 0xe8, 0x10, 0xff, 0xa0, 0xe4, 0x08, 0xff, 0xa8, 0xe4, 0x08, 0xff,
    0xa0, 0xe8, 0x10, 0xff, 0xa8, 0xe8, 0x08, 0xff, 0x00, 0x00, 0x00, 0x00,
    0x00, 0x00, 0x00, 0x00, 0x00, 0x00, 0x00, 0x00, 0x00, 0x00, 0x00, 0x00,
    0x00, 0x00, 0x00, 0x00, 0x00, 0x00, 0x00, 0x00, 0xa0, 0xe4, 0x08, 0xff,
    0xa8, 0xe8, 0x08, 0xff, 0xa0, 0xe4, 0x10, 0xff, 0xa8, 0xe8, 0x08, 0xff,
    0xa8, 0xe4, 0x08, 0xff, 0xa0, 0xe8, 0x10, 0xff, 0xa0, 0xe8, 0x08, 0xff,
    0xa8, 0xe4, 0x08, 0xff, 0xa0, 0xe8, 0x08, 0xff, 0xa0, 0xe8, 0x08, 0xff,
    0xa8, 0xe4, 0x08, 0xff, 0xa0, 0xe8, 0x08, 0xff, 0xa0, 0xe8, 0x08, 0xff,
    0xa8, 0xe4, 0x08, 0xff, 0xa0, 0xe4, 0x08, 0xff, 0xa0, 0xe8, 0x08, 0xff,
    0xa8, 0xe4, 0x10, 0xff, 0xa0, 0xe8, 0x08, 0xff, 0xa0, 0xe8, 0x08, 0xff,
    0xa8, 0xe4, 0x10, 0xff, 0xf8, 0xfc, 0xf8, 0xff, 0xf8, 0xfc, 0xf8, 0xff,
    0xf8, 0xfc, 0xf8, 0xff, 0xf8, 0xfc, 0xf8, 0xff, 0xf8, 0xfc, 0xf8, 0xff,
    0xf8, 0xfc, 0xf8, 0xff, 0xf8, 0xfc, 0xf8, 0xff, 0xf8, 0xfc, 0xf8, 0xff,
    0xa0, 0xe8, 0x10, 0xff, 0xa8, 0xe4, 0x08, 0xff, 0xa8, 0xe8, 0x08, 0xff,
    0xa0, 0xe8, 0x08, 0xff, 0xa8, 0xe4, 0x08, 0xff, 0xa0, 0xe8, 0x08, 0xff,
    0xa8, 0xe8, 0x10, 0xff, 0xa0, 0xe4, 0x08, 0xff, 0xf8, 0xfc, 0xf8, 0xff,
    0xf8, 0xfc, 0xf8, 0xff, 0xf8, 0xfc, 0xf8, 0xff, 0xf8, 0xfc, 0xf8, 0xff,
    0xf8, 0xfc, 0xf8, 0xff, 0xf8, 0xfc, 0xf8, 0xff, 0xf8, 0xfc, 0xf8, 0xff,
    0xf8, 0xfc, 0xf8, 0xff, 0xa0, 0xe8, 0x08, 0xff, 0xa8, 0xe4, 0x10, 0xff,
    0xa0, 0xe4, 0x08, 0xff, 0xa8, 0xe8, 0x08, 0xff, 0xa0, 0xe4, 0x10, 0xff,
    0xa0, 0xe4, 0x08, 0xff, 0xa8, 0xe8, 0x10, 0xff, 0xa0, 0xe4, 0x10, 0xff,
    0xa0, 0xe4, 0x08, 0xff, 0xa8, 0xe8, 0x08, 0xff, 0xa0, 0xe8, 0x10, 0xff,
    0xa8, 0xe4, 0x08, 0xff, 0xa0, 0xe4, 0x08, 0xff, 0xa0, 0xe8, 0x08, 0xff,
    0xa8, 0xe4, 0x08, 0xff, 0xa8, 0xe8, 0x08, 0xff, 0xa0, 0xe4, 0x10, 0xff,
    0xa8, 0xe8, 0x08, 0xff, 0xa0, 0xe4, 0x08, 0xff, 0xa8, 0xe4, 0x08, 0xff,
    0x00, 0x00, 0x00, 0x00, 0x00, 0x00, 0x00, 0x00, 0x00, 0x00, 0x00, 0x00,
    0x00, 0x00, 0x00, 0x00, 0x00, 0x00, 0x00, 0x00, 0x00, 0x00, 0x00, 0x00,
    0xa8, 0xe8, 0x08, 0xff, 0xa0, 0xe8, 0x08, 0xff, 0xa0, 0xe4, 0x08, 0xff,
    0xa8, 0xe4, 0x10, 0xff, 0xa8, 0xe8, 0x08, 0xff, 0xa0, 0xe4, 0x08, 0xff,
    0xa8, 0xe4, 0x10, 0xff, 0xa8, 0xe8, 0x08, 0xff, 0xa0, 0xe4, 0x08, 0xff,
    0xa8, 0xe8, 0x10, 0xff, 0xa8, 0xe4, 0x08, 0xff, 0xa0, 0xe4, 0x08, 0xff,
    0xa8, 0xe8, 0x10, 0xff, 0xa8, 0xe8, 0x08, 0xff, 0xa0, 0xe4, 0x08, 0xff,
    0xa8, 0xe4, 0x08, 0xff, 0xa8, 0xe8, 0x10, 0xff, 0xa0, 0xe4, 0x08, 0xff,
    0xa8, 0xe4, 0x08, 0xff, 0xa0, 0xe8, 0x10, 0xff, 0xf8, 0xfc, 0xf8, 0xff,
    0xf8, 0xfc, 0xf8, 0xff, 0xf8, 0xfc, 0xf8, 0xff, 0xf8, 0xfc, 0xf8, 0xff,
    0xf8, 0xfc, 0xf8, 0xff, 0xf8, 0xfc, 0xf8, 0xff, 0xf8, 0xfc, 0xf8, 0xff,
    0xf8, 0xfc, 0xf8, 0xff, 0xa0, 0xe4, 0x08, 0xff, 0xa8, 0xe8, 0x10, 0xff,
    0xa0, 0xe4, 0x10, 0xff, 0xa8, 0xe4, 0x08, 0xff, 0xa0, 0xe8, 0x08, 0xff,
    0xa8, 0xe4, 0x08, 0xff, 0xa0, 0xe8, 0x08, 0xff, 0xa8, 0xe4, 0x10, 0xff,
    0xf8, 0xfc, 0xf8, 0xff, 0xf8, 0xfc, 0xf8, 0xff, 0xf8, 0xfc, 0xf8, 0xff,
    0xf8, 0xfc, 0xf8, 0xff, 0xf8, 0xfc, 0xf8, 0xff, 0xf8, 0xfc, 0xf8, 0xff,
    0xf8, 0xfc, 0xf8, 0xff, 0xf8, 0xfc, 0xf8, 0xff, 0xa8, 0xe4, 0x08, 0xff,
    0xa0, 0xe8, 0x08, 0xff, 0xa0, 0xe8, 0x08, 0xff, 0xa8, 0xe4, 0x08, 0xff,
    0xa8, 0xe8, 0x08, 0xff, 0xa0, 0xe4, 0x08, 0xff, 0xa8, 0xe8, 0x08, 0xff,
    0xa0, 0xe8, 0x08, 0xff, 0xa8, 0xe4, 0x08, 0xff, 0xa0, 0xe4, 0x10, 0xff,
    0xa8, 0xe8, 0x08, 0xff, 0xa0, 0xe8, 0x08, 0xff, 0xa8, 0xe4, 0x10, 0xff,
    0xa0, 0xe8, 0x08, 0xff, 0xa8, 0xe4, 0x08, 0xff, 0xa0, 0xe4, 0x08, 0xff,
    0xa8, 0xe8, 0x08, 0xff, 0xa0, 0xe8, 0x10, 0xff, 0xa8, 0xe4, 0x08, 0xff,
    0xa0, 0xe8, 0x08, 0xff, 0x00, 0x00, 0x00, 0x00, 0x00, 0x00, 0x00, 0x00,
    0x00, 0x00, 0x00, 0x00, 0x00, 0x00, 0x00, 0x00, 0x00, 0x00, 0x00, 0x00,
    0x00, 0x00, 0x00, 0x00, 0xa8, 0xe4, 0x08, 0xff, 0xa0, 0xe8, 0x10, 0xff,
    0xa8, 0xe4, 0x08, 0xff, 0xa0, 0xe8, 0x08, 0xff, 0xa0, 0xe8, 0x08, 0xff,
    0xa8, 0xe4, 0x08, 0xff, 0xa0, 0xe8, 0x10, 0xff, 0xa0, 0xe4, 0x08, 0xff,
    0xa8, 0xe4, 0x08, 0xff, 0xa0, 0xe8, 0x10, 0xff, 0xa0, 0xe8, 0x08, 0xff,
    0xa8, 0xe4, 0x08, 0xff, 0xa0, 0xe4, 0x10, 0xff, 0xa0, 0xe8, 0x08, 0xff,
    0xa8, 0xe8, 0x08, 0xff, 0xa0, 0xe4, 0x10, 0xff, 0xa0, 0xe8, 0x08, 0xff,
    0xa8, 0xe4, 0x08, 0xff, 0xa8, 0xe8, 0x08, 0xff, 0xa0, 0xe8, 0x08, 0xff,
    0xf8, 0xfc, 0xf8, 0xff, 0xf8, 0xfc, 0xf8, 0xff, 0xf8, 0xfc, 0xf8, 0xff,
    0xf8, 0xfc, 0xf8, 0xff, 0xf8, 0xfc, 0xf8, 0xff, 0xf8, 0xfc, 0xf8, 0xff,
    0xf8, 0xfc, 0xf8, 0xff, 0xf8, 0xfc, 0xf8, 0xff, 0xa8, 0xe8, 0x08, 0xff,
    0xa0, 0xe4, 0x08, 0xff, 0xa0, 0xe8, 0x08, 0xff, 0xa8, 0xe8, 0x10, 0xff,
    0xa8, 0xe4, 0x08, 0xff, 0xa0, 0xe4, 0x08, 0xff, 0xa8, 0xe8, 0x08, 0xff,
    0xa0, 0xe8, 0x08, 0xff, 0xf8, 0xfc, 0xf8, 0xff, 0xf8, 0xfc, 0xf8, 0xff,
    0xf8, 0xfc, 0xf8, 0xff, 0xf8, 0xfc, 0xf8, 0xff, 0xf8, 0xfc, 0xf8, 0xff,
    0xf8, 0xfc, 0xf8, 0xff, 0xf8, 0xfc, 0xf8, 0xff, 0xf8, 0xfc, 0xf8, 0xff,
    0xa8, 0xe4, 0x10, 0xff, 0xa0, 0xe8, 0x08, 0xff, 0xa8, 0xe4, 0x10, 0xff,
    0xa0, 0xe8, 0x08, 0xff, 0xa8, 0xe4, 0x08, 0xff, 0xa8, 0xe8, 0x10, 0xff,
    0xa0, 0xe4, 0x08, 0xff, 0xa8, 0xe8, 0x08, 0xff, 0xa8, 0xe8, 0x08, 0xff,
    0xa0, 0xe4, 0x08, 0xff, 0xa0, 0xe4, 0x08, 0xff, 0xa8, 0xe8, 0x08, 0xff,
    0xa8, 0xe8, 0x10, 0xff, 0xa0, 0xe4, 0x08, 0xff, 0xa0, 0xe8, 0x10, 0xff,
    0xa8, 0xe8, 0x08, 0xff, 0xa0, 0xe4, 0x08, 0xff, 0xa8, 0xe4, 0x08, 0xff,
    0xa0, 0xe8, 0x10, 0xff, 0xa8, 0xe4, 0x08, 0xff, 0xa0, 0xe8, 0x08, 0xff,
    0x00, 0x00, 0x00, 0x00, 0x00, 0x00, 0x00, 0x00, 0x00, 0x00, 0x00, 0x00,
    0x00, 0x00, 0x00, 0x00, 0xa0, 0xe4, 0x08, 0xff, 0xa0, 0xe8, 0x08, 0xff,
    0xa8, 0xe4, 0x08, 0xff, 0xa8, 0xe8, 0x10, 0xff, 0xa0, 0xe4, 0x08, 0xff,
    0xa8, 0xe4, 0x08, 0xff, 0xa8, 0xe8, 0x10, 0xff, 0xa0, 0xe8, 0x08, 0xff,
    0xa8, 0xe4, 0x08, 0xff, 0xa8, 0xe8, 0x08, 0xff, 0xa0, 0xe4, 0x08, 0xff,
    0xa8, 0xe8, 0x08, 0xff, 0xa8, 0xe8, 0x08, 0xff, 0xa0, 0xe4, 0x08, 0xff,
    0xa8, 0xe4, 0x10, 0xff, 0xa8, 0xe8, 0x08, 0xff, 0xa0, 0xe8, 0x08, 0xff,
    0xa0, 0xe4, 0x08, 0xff, 0xa8, 0xe8, 0x10, 0xff, 0xa0, 0xe4, 0x08, 0xff,
    0xa8, 0xe4, 0x08, 0xff, 0xf8, 0xfc, 0xf8, 0xff, 0xf8, 0xfc, 0xf8, 0xff,
    0xf8, 0xfc, 0xf8, 0xff, 0xf8, 0xfc, 0xf8, 0xff, 0xf8, 0xfc, 0xf8, 0xff,
    0xf8, 0xfc, 0xf8, 0xff, 0xf8, 0xfc, 0xf8, 0xff, 0xf8, 0xfc, 0xf8, 0xff,
    0xa8, 0xe4, 0x08, 0xff, 0xa0, 0xe8, 0x08, 0xff, 0xa8, 0xe4, 0x08, 0xff,
    0xa0, 0xe8, 0x08, 0xff, 0xa0, 0xe4, 0x10, 0xff, 0xa8, 0xe8, 0x10, 0xff,
    0xa0, 0xe4, 0x08, 0xff, 0xa8, 0xe4, 0x08, 0xff, 0xf8, 0xfc, 0xf8, 0xff,
    0xf8, 0xfc, 0xf8, 0xff, 0xf8, 0xfc, 0xf8, 0xff, 0xf8, 0xfc, 0xf8, 0xff,
    0xf8, 0xfc, 0xf8, 0xff, 0xf8, 0xfc, 0xf8, 0xff, 0xf8, 0xfc, 0xf8, 0xff,
    0xf8, 0xfc, 0xf8, 0xff, 0xa0, 0xe8, 0x08, 0xff, 0xa8, 0xe4, 0x08, 0xff,
    0xa0, 0xe4, 0x08, 0xff, 0xa0, 0xe8, 0x10, 0xff, 0xa8, 0xe8, 0x08, 0xff,
    0xa0, 0xe4, 0x08, 0xff, 0xa0, 0xe4, 0x10, 0xff, 0xa8, 0xe4, 0x08, 0xff,
    0xa0, 0xe8, 0x10, 0xff, 0xa8, 0xe8, 0x08, 0xff, 0xa0, 0xe4, 0x08, 0xff,
    0xa8, 0xe4, 0x10, 0xff, 0xa0, 0xe8, 0x08, 0xff, 0xa8, 0xe4, 0x08, 0xff,
    0xa8, 0xe4, 0x08, 0xff, 0xa0, 0xe8, 0x10, 0xff, 0xa8, 0xe4, 0x08, 0xff,
    0xa0, 0xe8, 0x08, 0xff, 0xa8, 0xe8, 0x08, 0xff, 0xa0, 0xe4, 0x10, 0xff,
    0xa8, 0xe4, 0x08, 0xff, 0x00, 0x00, 0x00, 0x00, 0x00, 0x00, 0x00, 0x00,
    0x00, 0x00, 0x00, 0x00, 0x00, 0x00, 0x00, 0x00, 0xa8, 0xe8, 0x08, 0xff,
    0xa0, 0xe4, 0x08, 0xff, 0xa8, 0xe8, 0x08, 0xff, 0xa0, 0xe4, 0x10, 0xff,
    0xa0, 0xe8, 0x08, 0xff, 0xa8, 0xe4, 0x08, 0xff, 0xa0, 0xe8, 0x08, 0xff,
    0xa0, 0xe4, 0x08, 0xff, 0xa8, 0xe8, 0x10, 0xff, 0xa0, 0xe8, 0x08, 0xff,
    0xa0, 0xe4, 0x08, 0xff, 0xa8, 0xe4, 0x10, 0xff, 0xa0, 0xe8, 0x08, 0xff,
    0xa0, 0xe8, 0x08, 0xff, 0xa8, 0xe4, 0x08, 0xff, 0xa8, 0xe4, 0x10, 0xff,
    0xa0, 0xe8, 0x08, 0xff, 0xa8, 0xe4, 0x08, 0xff, 0xa8, 0xe8, 0x08, 0xff,
    0xa0, 0xe4, 0x10, 0xff, 0xa0, 0xe8, 0x08, 0xff, 0xf8, 0xfc, 0xf8, 0xff,
    0xf8, 0xfc, 0xf8, 0xff, 0xf8, 0xfc, 0xf8, 0xff, 0xf8, 0xfc, 0xf8, 0xff,
    0xf8, 0xfc, 0xf8, 0xff, 0xf8, 0xfc, 0xf8, 0xff, 0xf8, 0xfc, 0xf8, 0xff,
    0xf8, 0xfc, 0xf8, 0xff, 0xa0, 0xe8, 0x10, 0xff, 0xa8, 0xe4, 0x08, 0xff,
    0xa8, 0xe4, 0x08, 0xff, 0xa0, 0xe8, 0x08, 0xff, 0xa8, 0xe8, 0x08, 0xff,
    0xa0, 0xe4, 0x08, 0xff, 0xa8, 0xe8, 0x10, 0xff, 0xa0, 0xe4, 0x08, 0xff,
    0xf8, 0xfc, 0xf8, 0xff, 0xf8, 0xfc, 0xf8, 0xff, 0xf8, 0xfc, 0xf8, 0xff,
    0xf8, 0xfc, 0xf8, 0xff, 0xf8, 0xfc, 0xf8, 0xff, 0xf8, 0xfc, 0xf8, 0xff,
    0xf8, 0xfc, 0xf8, 0xff, 0xf8, 0xfc, 0xf8, 0xff, 0xa8, 0xe8, 0x08, 0xff,
    0xa0, 0xe4, 0x08, 0xff, 0xa8, 0xe8, 0x08, 0xff, 0xa8, 0xe4, 0x10, 0xff,
    0xa0, 0xe8, 0x08, 0xff, 0xa8, 0xe8, 0x08, 0xff, 0xa0, 0xe4, 0x08, 0xff,
    0xa0, 0xe8, 0x08, 0xff, 0xa8, 0xe4, 0x10, 0xff, 0xa8, 0xe8, 0x08, 0xff,
    0xa0, 0xe8, 0x08, 0xff, 0xa0, 0xe4, 0x08, 0xff, 0xa8, 0xe8, 0x08, 0xff,
    0xa0, 0xe8, 0x08, 0xff, 0xa8, 0xe4, 0x08, 0xff, 0xa0, 0xe8, 0x08, 0xff,
    0xa0, 0xe4, 0x10, 0xff, 0xa8, 0xe8, 0x08, 0xff, 0xa0, 0xe4, 0x08, 0xff,
    0xa8, 0xe8, 0x08, 0xff, 0xa0, 0xe8, 0x10, 0xff, 0x00, 0x00, 0x00, 0x00,
    0x00, 0x00, 0x00, 0x00, 0x00, 0x00, 0x00, 0x00, 0x00, 0x00, 0x00, 0x00,
    0xa8, 0xe4, 0x08, 0xff, 0xa0, 0xe8, 0x10, 0xff, 0xa8, 0xe4, 0x08, 0xff,
    0xa8, 0xe8, 0x08, 0xff, 0xa0, 0xe8, 0x08, 0xff, 0xa8, 0xe4, 0x10, 0xff,
    0xa8, 0xe4, 0x08, 0xff, 0xa0, 0xe8, 0x08, 0xff, 0xa8, 0xe4, 0x10, 0xff,
    0xa8, 0xe4, 0x08, 0xff, 0xa0, 0xe8, 0x08, 0xff, 0xa8, 0xe4, 0x10, 0xff,
    0xa8, 0xe4, 0x08, 0xff, 0xa0, 0xe8, 0x08, 0xff, 0xa0, 0xe8, 0x10, 0xff,
    0xa8, 0xe4, 0x08, 0xff, 0xa0, 0xe4, 0x08, 0xff, 0xa0, 0xe8, 0x10, 0xff,
    0xa8, 0xe4, 0x08, 0xff, 0xa8, 0xe8, 0x08, 0xff, 0xa0, 0xe4, 0x08, 0xff,
    0xf8, 0xfc, 0xf8, 0xff, 0xf8, 0xfc, 0xf8, 0xff, 0xf8, 0xfc, 0xf8, 0xff,
    0xf8, 0xfc, 0xf8, 0xff, 0xf8, 0xfc, 0xf8, 0xff, 0xf8, 0xfc, 0xf8, 0xff,
    0xf8, 0xfc, 0xf8, 0xff, 0xf8, 0xfc, 0xf8, 0xff, 0xa0, 0xe8, 0x08, 0xff,
    0xa8, 0xe4, 0x10, 0xff, 0xa0, 0xe8, 0x08, 0xff, 0xa8, 0xe4, 0x10, 0xff,
    0xa0, 0xe4, 0x08, 0xff, 0xa8, 0xe8, 0x08, 0xff, 0xa0, 0xe8, 0x08, 0xff,
    0xa8, 0xe8, 0x10, 0xff, 0xf8, 0xfc, 0xf8, 0xff, 0xf8, 0xfc, 0xf8, 0xff,
    0xf8, 0xfc, 0xf8, 0xff, 0xf8, 0xfc, 0xf8, 0xff, 0xf8, 0xfc, 0xf8, 0xff,
    0xf8, 0xfc, 0xf8, 0xff, 0xf8, 0xfc, 0xf8, 0xff, 0xf8, 0xfc, 0xf8, 0xff,
    0xa0, 0xe4, 0x10, 0xff, 0xa8, 0xe8, 0x08, 0xff, 0xa0, 0xe4, 0x08, 0xff,
    0xa8, 0xe4, 0x08, 0xff, 0xa0, 0xe8, 0x10, 0xff, 0xa8, 0xe4, 0x08, 0xff,
    0xa8, 0xe8, 0x08, 0xff, 0xa0, 0xe4, 0x08, 0xff, 0xa8, 0xe4, 0x08, 0xff,
    0xa0, 0xe8, 0x10, 0xff, 0xa8, 0xe4, 0x08, 0xff, 0xa8, 0xe4, 0x08, 0xff,
    0xa0, 0xe8, 0x10, 0xff, 0xa0, 0xe4, 0x10, 0xff, 0xa8, 0xe8, 0x08, 0xff,
    0xa8, 0xe4, 0x08, 0xff, 0xa0, 0xe8, 0x08, 0xff, 0xa8, 0xe4, 0x10, 0xff,
    0xa8, 0xe4, 0x08, 0xff, 0xa0, 0xe8, 0x08, 0xff, 0xa8, 0xe4, 0x08, 0xff,
    0x00, 0x00, 0x00, 0x00, 0x00, 0x00, 0x00, 0x00, 0x00, 0x00, 0x00, 0x00,
    0x00, 0x00, 0x00, 0x00, 0xa0, 0xe4, 0x08, 0xff, 0xa0, 0xe8, 0x08, 0xff,
    0xa8, 0xe4, 0x10, 0xff, 0xa0, 0xe4, 0x08, 0xff, 0xa0, 0xe8, 0x08, 0xff,
    0xa8, 0xe8, 0x10, 0xff, 0xa0, 0xe4, 0x08, 0xff, 0xa0, 0xe8, 0x08, 0xff,
    0xa8, 0xe8, 0x08, 0xff, 0xa0, 0xe4, 0x08, 0xff, 0xa0, 0xe8, 0x08, 0xff,
    0xa8, 0xe8, 0x08, 0xff, 0xa8, 0xe4, 0x10, 0xff, 0xa0, 0xe4, 0x08, 0xff,
    0xa8, 0xe8, 0x08, 0xff, 0xa8, 0xe8, 0x08, 0xff, 0xa0, 0xe4, 0x08, 0xff,
    0xa0, 0xe8, 0x08, 0xff, 0xa8, 0xe8, 0x10, 0xff, 0xa0, 0xe4, 0x08, 0xff,
    0xa8, 0xe8, 0x08, 0xff, 0xf8, 0xfc, 0xf8, 0xff, 0xf8, 0xfc, 0xf8, 0xff,
    0xf8, 0xfc, 0xf8, 0xff, 0xf8, 0xfc, 0xf8, 0xff, 0xf8, 0xfc, 0xf8, 0xff,
    0xf8, 0xfc, 0xf8, 0xff, 0xf8, 0xfc, 0xf8, 0xff, 0xf8, 0xfc, 0xf8, 0xff,
    0xa8, 0xe4, 0x08, 0xff, 0xa0, 0xe8, 0x08, 0xff, 0xa0, 0xe8, 0x08, 0xff,
    0xa8, 0xe4, 0x08, 0xff, 0xa8, 0xe4, 0x10, 0xff, 0xa0, 0xe8, 0x08, 0xff,
    0xa8, 0xe4, 0x08, 0xff, 0xa0, 0xe4, 0x08, 0xff, 0xf8, 0xfc, 0xf8, 0xff,
    0xf8, 0xfc, 0xf8, 0xff, 0xf8, 0xfc, 0xf8, 0xff, 0xf8, 0xfc, 0xf8, 0xff,
    0xf8, 0xfc, 0xf8, 0xff, 0xf8, 0xfc, 0xf8, 0xff, 0xf8, 0xfc, 0xf8, 0xff,
    0xf8, 0xfc, 0xf8, 0xff, 0xa8, 0xe8, 0x08, 0xff, 0xa0, 0xe8, 0x10, 0xff,
    0xa0, 0xe4, 0x08, 0xff, 0xa8, 0xe8, 0x08, 0xff, 0xa0, 0xe4, 0x08, 0xff,
    0xa0, 0xe8, 0x10, 0xff, 0xa8, 0xe4, 0x08, 0xff, 0xa8, 0xe8, 0x10, 0xff,
    0xa0, 0xe8, 0x08, 0xff, 0xa0, 0xe4, 0x08, 0xff, 0xa8, 0xe8, 0x10, 0xff,
    0xa8, 0xe4, 0x08, 0xff, 0xa0, 0xe4, 0x08, 0xff, 0xa8, 0xe8, 0x08, 0xff,
    0xa0, 0xe4, 0x10, 0xff, 0xa8, 0xe8, 0x08, 0xff, 0xa0, 0xe8, 0x08, 0xff,
    0xa0, 0xe4, 0x08, 0xff, 0xa8, 0xe8, 0x10, 0xff, 0xa0, 0xe4, 0x08, 0xff,
    0xa0, 0xe4, 0x08, 0xff, 0x00, 0x00, 0x00, 0x00, 0x00, 0x00, 0x00, 0x00,
    0x00, 0x00, 0x00, 0x00, 0xa8, 0xe4, 0x08, 0xff, 0xa0, 0xe8, 0x08, 0xff,
    0xa8, 0xe8, 0x08, 0xff, 0xa8, 0xe4, 0x08, 0xff, 0xa0, 0xe4, 0x08, 0xff,
    0xa8, 0xe8, 0x08, 0xff, 0xa8, 0xe4, 0x08, 0xff, 0xa0, 0xe4, 0x10, 0xff,
    0xa8, 0xe8, 0x08, 0xff, 0xa8, 0xe4, 0x08, 0xff, 0xa0, 0xe4, 0x10, 0xff,
    0xa0, 0xe8, 0x08, 0xff, 0xa8, 0xe8, 0x08, 0xff, 0xa0, 0xe4, 0x08, 0xff,
    0xa0, 0xe8, 0x10, 0xff, 0xa8, 0xe4, 0x08, 0xff, 0xa0, 0xe4, 0x08, 0xff,
    0xa8, 0xe8, 0x10, 0xff, 0xa8, 0xe4, 0x08, 0xff, 0xa0, 0xe4, 0x08, 0xff,
    0xa8, 0xe8, 0x10, 0xff, 0xa0, 0xe4, 0x08, 0xff, 0xf8, 0xfc, 0xf8, 0xff,
    0xf8, 0xfc, 0xf8, 0xff, 0xf8, 0xfc, 0xf8, 0xff, 0xf8, 0xfc, 0xf8, 0xff,
    0xf8, 0xfc, 0xf8, 0xff, 0xf8, 0xfc, 0xf8, 0xff, 0xf8, 0xfc, 0xf8, 0xff,
    0xf8, 0xfc, 0xf8, 0xff, 0xa8, 0xe4, 0x08, 0xff, 0xa0, 0xe8, 0x10, 0xff,
    0xa8, 0xe4, 0x08, 0xff, 0xa0, 0xe8, 0x08, 0xff, 0xa0, 0xe8, 0x08, 0xff,
    0xa8, 0xe4, 0x10, 0xff, 0xa0, 0xe8, 0x08, 0xff, 0xa8, 0xe4, 0x08, 0xff,
    0xf8, 0xfc, 0xf8, 0xff, 0xf8, 0xfc, 0xf8, 0xff, 0xf8, 0xfc, 0xf8, 0xff,
    0xf8, 0xfc, 0xf8, 0xff, 0xf8, 0xfc, 0xf8, 0xff, 0xf8, 0xfc, 0xf8, 0xff,
    0xf8, 0xfc, 0xf8, 0xff, 0xf8, 0xfc, 0xf8, 0xff, 0xa8, 0xe4, 0x08, 0xff,
    0xa0, 0xe4, 0x08, 0xff, 0xa8, 0xe8, 0x10, 0xff, 0xa8, 0xe8, 0x08, 0xff,
    0xa0, 0xe4, 0x08, 0xff, 0xa0, 0xe4, 0x08, 0xff, 0xa8, 0xe8, 0x08, 0xff,
    0xa0, 0xe4, 0x08, 0xff, 0xa8, 0xe8, 0x08, 0xff, 0xa0, 0xe4, 0x08, 0xff,
    0xa0, 0xe8, 0x08, 0xff, 0xa8, 0xe8, 0x08, 0xff, 0xa0, 0xe4, 0x08, 0xff,
    0xa8, 0xe8, 0x08, 0xff, 0xa0, 0xe4, 0x08, 0xff, 0xa8, 0xe4, 0x10, 0xff,
    0xa8, 0xe8, 0x08, 0xff, 0xa0, 0xe4, 0x08, 0xff, 0xa8, 0xe8, 0x08, 0xff,
    0xa8, 0xe8, 0x10, 0xff, 0xa0, 0xe8, 0x08, 0xff, 0xa8, 0xe4, 0x08, 0xff,
    0x00, 0x00, 0x00, 0x00, 0x00, 0x00, 0x00, 0x00, 0xa0, 0xe4, 0x08, 0xff,
    0xa8, 0xe8, 0x10, 0xff, 0xa0, 0xe4, 0x10, 0xff, 0xa0, 0xe8, 0x08, 0xff,
    0xa8, 0xe8, 0x10, 0xff, 0xa0, 0xe4, 0x08, 0xff, 0xa0, 0xe8, 0x08, 0xff,
    0xa8, 0xe8, 0x08, 0xff, 0xa0, 0xe4, 0x10, 0xff, 0xa8, 0xe8, 0x08, 0xff,
    0xa8, 0xe4, 0x08, 0xff, 0xa0, 0xe4, 0x10, 0xff, 0xa8, 0xe8, 0x08, 0xff,
    0xa0, 0xe4, 0x08, 0xff, 0xa8, 0xe8, 0x08, 0xff, 0xa0, 0xe8, 0x10, 0xff,
    0xa0, 0xe4, 0x08, 0xff, 0xa8, 0xe8, 0x08, 0xff, 0xa0, 0xe8, 0x08, 0xff,
    0xa8, 0xe4, 0x08, 0xff, 0xa0, 0xe8, 0x08, 0xff, 0xa8, 0xe4, 0x10, 0xff,
    0xf8, 0xfc, 0xf8, 0xff, 0xf8, 0xfc, 0xf8, 0xff, 0xf8, 0xfc, 0xf8, 0xff,
    0xf8, 0xfc, 0xf8, 0xff, 0xf8, 0xfc, 0xf8, 0xff, 0xf8, 0xfc, 0xf8, 0xff,
    0xf8, 0xfc, 0xf8, 0xff, 0xf8, 0xfc, 0xf8, 0xff, 0xa0, 0xe8, 0x08, 0xff,
    0xa8, 0xe4, 0x10, 0xff, 0xa8, 0xe4, 0x08, 0xff, 0xa0, 0xe8, 0x08, 0xff,
    0xa8, 0xe4, 0x08, 0xff, 0xa0, 0xe8, 0x08, 0xff, 0xa8, 0xe8, 0x10, 0xff,
    0xa0, 0xe4, 0x08, 0xff, 0xf8, 0xfc, 0xf8, 0xff, 0xf8, 0xfc, 0xf8, 0xff,
    0xf8, 0xfc, 0xf8, 0xff, 0xf8, 0xfc, 0xf8, 0xff, 0xf8, 0xfc, 0xf8, 0xff,
    0xf8, 0xfc, 0xf8, 0xff, 0xf8, 0xfc, 0xf8, 0xff, 0xf8, 0xfc, 0xf8, 0xff,
    0xa0, 0xe8, 0x08, 0xff, 0xa8, 0xe4, 0x08, 0xff, 0xa0, 0xe8, 0x08, 0xff,
    0xa8, 0xe4, 0x10, 0xff, 0xa8, 0xe8, 0x08, 0xff, 0xa0, 0xe8, 0x08, 0xff,
    0xa8, 0xe4, 0x10, 0xff, 0xa0, 0xe8, 0x08, 0xff, 0xa8, 0xe4, 0x10, 0xff,
    0xa8, 0xe4, 0x08, 0xff, 0xa0, 0xe8, 0x10, 0xff, 0xa0, 0xe4, 0x08, 0xff,
    0xa8, 0xe8, 0x10, 0xff, 0xa0, 0xe8, 0x08, 0xff, 0xa8, 0xe4, 0x08, 0xff,
    0xa0, 0xe8, 0x08, 0xff, 0xa0, 0xe4, 0x10, 0xff, 0xa8, 0xe4, 0x08, 0xff,
    0xa0, 0xe8, 0x08, 0xff, 0xa8, 0xe4, 0x08, 0xff, 0xa0, 0xe4, 0x10, 0xff,
    0xa8, 0xe8, 0x08, 0xff, 0x00, 0x00, 0x00, 0x00, 0x00, 0x00, 0x00, 0x00,
    0xa0, 0xe8, 0x08, 0xff, 0xa8, 0xe4, 0x08, 0xff, 0xa8, 0xe4, 0x08, 0xff,
    0xa0, 0xe8, 0x08, 0xff, 0xa8, 0xe4, 0x08, 0xff, 0xa8, 0xe4, 0x10, 0xff,
    0xa0, 0xe8, 0x08, 0xff, 0xa8, 0xe4, 0x08, 0xff, 0xa0, 0xe8, 0x08, 0xff,
    0xa0, 0xe8, 0x08, 0xff, 0xa8, 0xe4, 0x08, 0xff, 0xa8, 0xe8, 0x10, 0xff,
    0xa0, 0xe4, 0x08, 0xff, 0xa8, 0xe4, 0x08, 0xff, 0xa8, 0xe8, 0x08, 0xff,
    0xa0, 0xe4, 0x08, 0xff, 0xa8, 0xe4, 0x10, 0xff, 0xa0, 0xe8, 0x08, 0xff,
    0xa8, 0xe4, 0x10, 0xff, 0xa0, 0xe8, 0x08, 0xff, 0xa8, 0xe4, 0x08, 0xff,
    0xa0, 0xe8, 0x08, 0xff, 0xf8, 0xfc, 0xf8, 0xff, 0xf8, 0xfc, 0xf8, 0xff,
    0xf8, 0xfc, 0xf8, 0xff, 0xf8, 0xfc, 0xf8, 0xff, 0xf8, 0xfc, 0xf8, 0xff,
    0xf8, 0xfc, 0xf8, 0xff, 0xf8, 0xfc, 0xf8, 0xff, 0xf8, 0xfc, 0xf8, 0xff,
    0xa0, 0xe8, 0x08, 0xff, 0xa8, 0xe4, 0x08, 0xff, 0xa0, 0xe8, 0x10, 0xff,
    0xa8, 0xe4, 0x08, 0xff, 0xa0, 0xe4, 0x08, 0xff, 0xa8, 0xe8, 0x10, 0xff,
    0xa0, 0xe4, 0x08, 0xff, 0xa8, 0xe8, 0x08, 0xff, 0xf8, 0xfc, 0xf8, 0xff,
    0xf8, 0xfc, 0xf8, 0xff, 0xf8, 0xfc, 0xf8, 0xff, 0xf8, 0xfc, 0xf8, 0xff,
    0xf8, 0xfc, 0xf8, 0xff, 0xf8, 0xfc, 0xf8, 0xff, 0xf8, 0xfc, 0xf8, 0xff,
    0xf8, 0xfc, 0xf8, 0xff, 0xa0, 0xe8, 0x10, 0xff, 0xa8, 0xe4, 0x08, 0xff,
    0xa0, 0xe4, 0x08, 0xff, 0xa0, 0xe8, 0x10, 0xff, 0xa8, 0xe4, 0x08, 0xff,
    0xa8, 0xe8, 0x08, 0xff, 0xa0, 0xe4, 0x10, 0xff, 0xa0, 0xe8, 0x08, 0xff,
    0xa8, 0xe8, 0x08, 0xff, 0xa8, 0xe4, 0x10, 0xff, 0xa0, 0xe8, 0x08, 0xff,
    0xa8, 0xe4, 0x08, 0xff, 0xa8, 0xe4, 0x08, 0xff, 0xa0, 0xe8, 0x10, 0xff,
    0xa8, 0xe8, 0x08, 0xff, 0xa0, 0xe4, 0x08, 0xff, 0xa8, 0xe8, 0x08, 0xff,
    0xa0, 0xe8, 0x10, 0xff, 0xa0, 0xe4, 0x08, 0xff, 0xa8, 0xe8, 0x08, 0xff,
    0xa0, 0xe4, 0x08, 0xff, 0xa0, 0xe8, 0x08, 0xff, 0x00, 0x00, 0x00, 0x00,
    0x00, 0x00, 0x00, 0x00, 0xa8, 0xe4, 0x08, 0xff, 0xa0, 0xe8, 0x08, 0xff,
    0xa0, 0xe8, 0x08, 0xff, 0xa8, 0xe4, 0x08, 0xff, 0xa0, 0xe8, 0x08, 0xff,
    0xa0, 0xe8, 0x10, 0xff, 0xa8, 0xe4, 0x08, 0xff, 0xa8, 0xe4, 0x08, 0xff,
    0xa0, 0xe8, 0x10, 0xff, 0xa0, 0xe4, 0x08, 0xff, 0xa8, 0xe8, 0x08, 0xff,
    0xa0, 0xe8, 0x08, 0xff, 0xa0, 0xe4, 0x10, 0xff, 0xa8, 0xe8, 0x08, 0xff,
    0xa0, 0xe8, 0x08, 0xff, 0xa8, 0xe4, 0x10, 0xff, 0xa8, 0xe8, 0x08, 0xff,
    0xa0, 0xe4, 0x08, 0xff, 0xa0, 0xe8, 0x08, 0xff, 0xa8, 0xe4, 0x10, 0xff,
    0xa0, 0xe8, 0x08, 0xff, 0xa8, 0xe4, 0x08, 0xff, 0xf8, 0xfc, 0xf8, 0xff,
    0xf8, 0xfc, 0xf8, 0xff, 0xf8, 0xfc, 0xf8, 0xff, 0xf8, 0xfc, 0xf8, 0xff,
    0xf8, 0xfc, 0xf8, 0xff, 0xf8, 0xfc, 0xf8, 0xff, 0xf8, 0xfc, 0xf8, 0xff,
    0xf8, 0xfc, 0xf8, 0xff, 0xa8, 0xe4, 0x08, 0xff, 0xa0, 0xe8, 0x08, 0xff,
    0xa0, 0xe8, 0x10, 0xff, 0xa8, 0xe4, 0x08, 0xff, 0xa8, 0xe8, 0x08, 0xff,
    0xa0, 0xe4, 0x08, 0xff, 0xa8, 0xe4, 0x08, 0xff, 0xa0, 0xe8, 0x10, 0xff,
    0xf8, 0xfc, 0xf8, 0xff, 0xf8, 0xfc, 0xf8, 0xff, 0xf8, 0xfc, 0xf8, 0xff,
    0xf8, 0xfc, 0xf8, 0xff, 0xf8, 0xfc, 0xf8, 0xff, 0xf8, 0xfc, 0xf8, 0xff,
    0xf8, 0xfc, 0xf8, 0xff, 0xf8, 0xfc, 0xf8, 0xff, 0xa8, 0xe4, 0x08, 0xff,
    0xa0, 0xe8, 0x08, 0xff, 0xa8, 0xe8, 0x08, 0xff, 0xa0, 0xe4, 0x08, 0xff,
    0xa0, 0xe4, 0x08, 0xff, 0xa8, 0xe8, 0x08, 0xff, 0xa0, 0xe4, 0x08, 0xff,
    0xa8, 0xe4, 0x08, 0xff, 0xa0, 0xe8, 0x08, 0xff, 0xa0, 0xe4, 0x08, 0xff,
    0xa8, 0xe8, 0x08, 0xff, 0xa0, 0xe8, 0x08, 0xff, 0xa0, 0xe4, 0x08, 0xff,
    0xa8, 0xe4, 0x10, 0xff, 0xa0, 0xe8, 0x08, 0xff, 0xa8, 0xe4, 0x08, 0xff,
    0xa8, 0xe4, 0x08, 0xff, 0xa0, 0xe8, 0x10, 0xff, 0xa8, 0xe4, 0x08, 0xff,
    0xa8, 0xe8, 0x08, 0xff, 0xa0, 0xe8, 0x10, 0xff, 0xa8, 0xe4, 0x08, 0xff,
    0x00, 0x00, 0x00, 0x00, 0x00, 0x00, 0x00, 0x00, 0xa0, 0xe4, 0x08, 0xff,
    0xa8, 0xe8, 0x10, 0xff, 0xa8, 0xe4, 0x10, 0xff, 0xa0, 0xe4, 0x08, 0xff,
    0xa8, 0xe8, 0x08, 0xff, 0xa0, 0xe8, 0x08, 0xff, 0xa8, 0xe4, 0x08, 0xff,
    0xa0, 0xe8, 0x10, 0xff, 0xa8, 0xe4, 0x08, 0xff, 0xa8, 0xe4, 0x10, 0xff,
    0xa0, 0xe8, 0x08, 0xff, 0xa8, 0xe4, 0x08, 0xff, 0xa0, 0xe4, 0x10, 0xff,
    0xa0, 0xe8, 0x08, 0xff, 0xa8, 0xe4, 0x08, 0xff, 0xa0, 0xe8, 0x08, 0xff,
    0xa0, 0xe8, 0x08, 0xff, 0xa8, 0xe4, 0x08, 0xff, 0xa8, 0xe4, 0x08, 0xff,
    0xa0, 0xe8, 0x08, 0xff, 0xa8, 0xe8, 0x10, 0xff, 0xa0, 0xe4, 0x08, 0xff,
    0xf8, 0xfc, 0xf8, 0xff, 0xf8, 0xfc, 0xf8, 0xff, 0xf8, 0xfc, 0xf8, 0xff,
    0xf8, 0xfc, 0xf8, 0xff, 0xf8, 0xfc, 0xf8, 0xff, 0xf8, 0xfc, 0xf8, 0xff,
    0xf8, 0xfc, 0xf8, 0xff, 0xf8, 0xfc, 0xf8, 0xff, 0xa8, 0xe4, 0x10, 0xff,
    0xa0, 0xe8, 0x08, 0xff, 0xa8, 0xe4, 0x08, 0xff, 0xa0, 0xe8, 0x08, 0xff,
    0xa0, 0xe8, 0x10, 0xff, 0xa8, 0xe4, 0x08, 0xff, 0xa0, 0xe8, 0x08, 0xff,
    0xa8, 0xe4, 0x08, 0xff, 0xf8, 0xfc, 0xf8, 0xff, 0xf8, 0xfc, 0xf8, 0xff,
    0xf8, 0xfc, 0xf8, 0xff, 0xf8, 0xfc, 0xf8, 0xff, 0xf8, 0xfc, 0xf8, 0xff,
    0xf8, 0xfc, 0xf8, 0xff, 0xf8, 0xfc, 0xf8, 0xff, 0xf8, 0xfc, 0xf8, 0xff,
    0xa0, 0xe4, 0x08, 0xff, 0xa8, 0xe8, 0x10, 0xff, 0xa8, 0xe8, 0x10, 0xff,
    0xa0, 0xe4, 0x08, 0xff, 0xa8, 0xe8, 0x10, 0xff, 0xa0, 0xe8, 0x08, 0xff,
    0xa8, 0xe4, 0x10, 0xff, 0xa8, 0xe8, 0x08, 0xff, 0xa0, 0xe4, 0x08, 0xff,
    0xa8, 0xe4, 0x10, 0xff, 0xa8, 0xe8, 0x08, 0xff, 0xa0, 0xe8, 0x10, 0xff,
    0xa8, 0xe4, 0x08, 0xff, 0xa0, 0xe8, 0x08, 0xff, 0xa0, 0xe4, 0x10, 0xff,
    0xa8, 0xe8, 0x08, 0xff, 0xa0, 0xe8, 0x08, 0xff, 0xa8, 0xe4, 0x08, 0xff,
    0xa0, 0xe4, 0x08, 0xff, 0xa8, 0xe8, 0x10, 0xff, 0xa0, 0xe4, 0x08, 0xff,
    0xa8, 0xe4, 0x08, 0xff, 0x00, 0x00, 0x00, 0x00, 0x00, 0x00, 0x00, 0x00,
    0xa0, 0xe8, 0x08, 0xff, 0xa8, 0xe4, 0x08, 0xff, 0xa0, 0xe8, 0x08, 0xff,
    0xa8, 0xe4, 0x10, 0xff, 0xa0, 0xe4, 0x08, 0xff, 0xa8, 0xe8, 0x08, 0xff,
    0xa0, 0xe4, 0x10, 0xff, 0xa0, 0xe8, 0x08, 0xff, 0xa8, 0xe8, 0x08, 0xff,
    0xa0, 0xe4, 0x08, 0xff, 0xa8, 0xe8, 0x08, 0xff, 0xa8, 0xe8, 0x08, 0xff,
    0xa0, 0xe4, 0x08, 0xff, 0xa8, 0xe8, 0x10, 0xff, 0xa8, 0xe4, 0x08, 0xff,
    0xa0, 0xe4, 0x08, 0xff, 0xa8, 0xe8, 0x10, 0xff, 0xa8, 0xe8, 0x10, 0xff,
    0xa0, 0xe4, 0x08, 0xff, 0xa8, 0xe8, 0x08, 0xff, 0xa0, 0xe4, 0x08, 0xff,
    0xa8, 0xe8, 0x10, 0xff, 0xf8, 0xfc, 0xf8, 0xff, 0xf8, 0xfc, 0xf8, 0xff,
    0xf8, 0xfc, 0xf8, 0xff, 0xf8, 0xfc, 0xf8, 0xff, 0xf8, 0xfc, 0xf8, 0xff,
    0xf8, 0xfc, 0xf8, 0xff, 0xf8, 0xfc, 0xf8, 0xff, 0xf8, 0xfc, 0xf8, 0xff,
    0xa0, 0xe8, 0x08, 0xff, 0xa8, 0xe4, 0x08, 0xff, 0xa8, 0xe4, 0x08, 0xff,
    0xa0, 0xe8, 0x10, 0xff, 0xa8, 0xe4, 0x08, 0xff, 0xa0, 0xe8, 0x08, 0xff,
    0xa8, 0xe8, 0x10, 0xff, 0xa0, 0xe4, 0x08, 0xff, 0xf8, 0xfc, 0xf8, 0xff,
    0xf8, 0xfc, 0xf8, 0xff, 0xf8, 0xfc, 0xf8, 0xff, 0xf8, 0xfc, 0xf8, 0xff,
    0xf8, 0xfc, 0xf8, 0xff, 0xf8, 0xfc, 0xf8, 0xff, 0xf8, 0xfc, 0xf8, 0xff,
    0xf8, 0xfc, 0xf8, 0xff, 0xa0, 0xe8, 0x08, 0xff, 0xa8, 0xe4, 0x08, 0xff,
    0xa0, 0xe4, 0x08, 0xff, 0xa8, 0xe8, 0x08, 0xff, 0xa8, 0xe4, 0x08, 0xff,
    0xa0, 0xe4, 0x10, 0xff, 0xa0, 0xe8, 0x08, 0xff, 0xa8, 0xe8, 0x08, 0xff,
    0xa0, 0xe4, 0x10, 0xff, 0xa0, 0xe8, 0x08, 0xff, 0xa8, 0xe4, 0x08, 0xff,
    0xa0, 0xe4, 0x08, 0xff, 0xa8, 0xe8, 0x08, 0xff, 0xa8, 0xe4, 0x08, 0xff,
    0xa0, 0xe8, 0x08, 0xff, 0xa8, 0xe4, 0x10, 0xff, 0xa0, 0xe8, 0x08, 0xff,
    0xa0, 0xe4, 0x08, 0xff, 0xa8, 0xe8, 0x10, 0xff, 0xa0, 0xe8, 0x08, 0xff,
    0xa8, 0xe4, 0x08, 0xff, 0xa0, 0xe8, 0x08, 0xff, 0x00, 0x00, 0x00, 0x00,
    0x00, 0x00, 0x00, 0x00, 0xa8, 0xe4, 0x08, 0xff, 0xa0, 0xe8, 0x08, 0xff,
    0xa0, 0xe8, 0x08, 0xff, 0xa8, 0xe8, 0x08, 0xff, 0xa8, 0xe4, 0x10, 0xff,
    0xa0, 0xe4, 0x08, 0xff, 0xa8, 0xe8, 0x08, 0xff, 0xa8, 0xe4, 0x08, 0xff,
    0xa0, 0xe8, 0x08, 0xff, 0xa0, 0xe4, 0x10, 0xff, 0xa8, 0xe4, 0x08, 0xff,
    0xa0, 0xe8, 0x08, 0xff, 0xa0, 0xe8, 0x10, 0xff, 0xa8, 0xe4, 0x08, 0xff,
    0xa0, 0xe8, 0x08, 0xff, 0xa0, 0xe4, 0x08, 0xff, 0xa8, 0xe4, 0x08, 0xff,
    0xa0, 0xe8, 0x08, 0xff, 0xa0, 0xe4, 0x10, 0xff, 0xa8, 0xe4, 0x08, 0xff,
    0xa0, 0xe8, 0x08, 0xff, 0xa8, 0xe4, 0x08, 0xff, 0xf8, 0xfc, 0xf8, 0xff,
    0xf8, 0xfc, 0xf8, 0xff, 0xf8, 0xfc, 0xf8, 0xff, 0xf8, 0xfc, 0xf8, 0xff,
    0xf8, 0xfc, 0xf8, 0xff, 0xf8, 0xfc, 0xf8, 0xff, 0xf8, 0xfc, 0xf8, 0xff,
    0xf8, 0xfc, 0xf8, 0xff, 0xa0, 0xe8, 0x08, 0xff, 0xa8, 0xe4, 0x10, 0xff,
    0xa0, 0xe8, 0x08, 0xff, 0xa8, 0xe4, 0x08, 0xff, 0xa0, 0xe4, 0x08, 0xff,
    0xa8, 0xe8, 0x08, 0xff, 0xa0, 0xe4, 0x10, 0xff, 0xa8, 0xe8, 0x08, 0xff,
    0xf8, 0xfc, 0xf8, 0xff, 0xf8, 0xfc, 0xf8, 0xff, 0xf8, 0xfc, 0xf8, 0xff,
    0xf8, 0xfc, 0xf8, 0xff, 0xf8, 0xfc, 0xf8, 0xff, 0xf8, 0xfc, 0xf8, 0xff,
    0xf8, 0xfc, 0xf8, 0xff, 0xf8, 0xfc, 0xf8, 0xff, 0xa8, 0xe8, 0x10, 0xff,
    0xa0, 0xe4, 0x08, 0xff, 0xa0, 0xe8, 0x08, 0xff, 0xa8, 0xe8, 0x08, 0xff,
    0xa0, 0xe4, 0x08, 0xff, 0xa8, 0xe4, 0x08, 0xff, 0xa0, 0xe8, 0x08, 0xff,
    0xa8, 0xe4, 0x08, 0xff, 0xa8, 0xe8, 0x08, 0xff, 0xa0, 0xe8, 0x08, 0xff,
    0xa0, 0xe4, 0x10, 0xff, 0xa8, 0xe8, 0x08, 0xff, 0xa0, 0xe4, 0x10, 0xff,
    0xa8, 0xe8, 0x08, 0xff, 0xa8, 0xe4, 0x08, 0xff, 0xa0, 0xe8, 0x10, 0xff,
    0xa8, 0xe4, 0x08, 0xff, 0xa8, 0xe8, 0x08, 0xff, 0xa0, 0xe4, 0x08, 0xff,
    0xa8, 0xe4, 0x08, 0xff, 0xa0, 0xe8, 0x10, 0xff, 0xa8, 0xe8, 0x08, 0xff,
    0x00, 0x00, 0x00, 0x00, 0x00, 0x00, 0x00, 0x00, 0xa8, 0xe4, 0x08, 0xff,
    0xa0, 0xe4, 0x10, 0xff, 0xa8, 0xe8, 0x08, 0xff, 0xa0, 0xe4, 0x08, 0xff,
    0xa0, 0xe8, 0x08, 0xff, 0xa8, 0xe8, 0x10, 0xff, 0xa0, 0xe4, 0x08, 0xff,
    0xa8, 0xe8, 0x08, 0xff, 0xa0, 0xe4, 0x10, 0xff, 0xa8, 0xe8, 0x08, 0xff,
    0xa8, 0xe4, 0x08, 0xff, 0xa0, 0xe4, 0x10, 0xff, 0xa8, 0xe8, 0x08, 0xff,
    0xa8, 0xe4, 0x08, 0xff, 0xa0, 0xe8, 0x10, 0xff, 0xa8, 0xe8, 0x08, 0xff,
    0xa8, 0xe4, 0x08, 0xff, 0xa0, 0xe8, 0x08, 0xff, 0xa8, 0xe8, 0x08, 0xff,
    0xa0, 0xe4, 0x10, 0xff, 0xa8, 0xe8, 0x08, 0xff, 0xa0, 0xe8, 0x08, 0xff,
    0xf8, 0xfc, 0xf8, 0xff, 0xf8, 0xfc, 0xf8, 0xff, 0xf8, 0xfc, 0xf8, 0xff,
    0xf8, 0xfc, 0xf8, 0xff, 0xf8, 0xfc, 0xf8, 0xff, 0xf8, 0xfc, 0xf8, 0xff,
    0xf8, 0xfc, 0xf8, 0xff, 0xf8, 0xfc, 0xf8, 0xff, 0xa8, 0xe4, 0x08, 0xff,
    0xa0, 0xe8, 0x08, 0xff, 0xa0, 0xe8, 0x10, 0xff, 0xa8, 0xe4, 0x08, 0xff,
    0xa8, 0xe8, 0x08, 0xff, 0xa0, 0xe4, 0x10, 0xff, 0xa8, 0xe4, 0x08, 0xff,
    0xa0, 0xe8, 0x08, 0xff, 0xf8, 0xfc, 0xf8, 0xff, 0xf8, 0xfc, 0xf8, 0xff,
    0xf8, 0xfc, 0xf8, 0xff, 0xf8, 0xfc, 0xf8, 0xff, 0xf8, 0xfc, 0xf8, 0xff,
    0xf8, 0xfc, 0xf8, 0xff, 0xf8, 0xfc, 0xf8, 0xff, 0xf8, 0xfc, 0xf8, 0xff,
    0xa8, 0xe4, 0x08, 0xff, 0xa0, 0xe8, 0x10, 0xff, 0xa8, 0xe4, 0x08, 0xff,
    0xa0, 0xe8, 0x10, 0xff, 0xa8, 0xe8, 0x10, 0xff, 0xa0, 0xe4, 0x08, 0xff,
    0xa8, 0xe8, 0x08, 0xff, 0xa0, 0xe4, 0x10, 0xff, 0xa8, 0xe4, 0x08, 0xff,
    0xa8, 0xe8, 0x08, 0xff, 0xa0, 0xe4, 0x08, 0xff, 0xa8, 0xe8, 0x10, 0xff,
    0xa0, 0xe8, 0x08, 0xff, 0xa0, 0xe4, 0x08, 0xff, 0xa8, 0xe8, 0x08, 0xff,
    0xa0, 0xe4, 0x08, 0xff, 0xa0, 0xe8, 0x10, 0xff, 0xa8, 0xe4, 0x08, 0xff,
    0xa0, 0xe8, 0x08, 0xff, 0xa8, 0xe4, 0x10, 0xff, 0xa0, 0xe4, 0x08, 0xff,
    0xa0, 0xe4, 0x08, 0xff, 0x00, 0x00, 0x00, 0x00, 0x00, 0x00, 0x00, 0x00,
    0xa0, 0xe8, 0x08, 0xff, 0xa8, 0xe4, 0x08, 0xff, 0xa8, 0xe4, 0x10, 0xff,
    0xa0, 0xe8, 0x08, 0xff, 0xa8, 0xe4, 0x08, 0xff, 0xa0, 0xe8, 0x08, 0xff,
    0xa8, 0xe4, 0x10, 0xff, 0xa0, 0xe4, 0x08, 0xff, 0xa8, 0xe8, 0x08, 0xff,
    0xa0, 0xe8, 0x08, 0xff, 0xa0, 0xe4, 0x08, 0xff, 0xa8, 0xe8, 0x08, 0xff,
    0xa0, 0xe4, 0x08, 0xff, 0xa0, 0xe4, 0x08, 0xff, 0xa8, 0xe8, 0x10, 0xff,
    0xa0, 0xe4, 0x08, 0xff, 0xa0, 0xe4, 0x10, 0xff, 0xa8, 0xe8, 0x08, 0xff,
    0xa0, 0xe4, 0x08, 0xff, 0xa8, 0xe4, 0x10, 0xff, 0xa0, 0xe8, 0x08, 0xff,
    0xa8, 0xe4, 0x08, 0xff, 0xf8, 0xfc, 0xf8, 0xff, 0xf8, 0xfc, 0xf8, 0xff,
    0xf8, 0xfc, 0xf8, 0xff, 0xf8, 0xfc, 0xf8, 0xff, 0xf8, 0xfc, 0xf8, 0xff,
    0xf8, 0xfc, 0xf8, 0xff, 0xf8, 0xfc, 0xf8, 0xff, 0xf8, 0xfc, 0xf8, 0xff,
    0xa8, 0xe4, 0x08, 0xff, 0xa0, 0xe8, 0x08, 0xff, 0xa8, 0xe4, 0x10, 0xff,
    0xa0, 0xe8, 0x08, 0xff, 0xa0, 0xe8, 0x08, 0xff, 0xa8, 0xe4, 0x08, 0xff,
    0xa0, 0xe8, 0x08, 0xff, 0xa8, 0xe4, 0x10, 0xff, 0xf8, 0xfc, 0xf8, 0xff,
    0xf8, 0xfc, 0xf8, 0xff, 0xf8, 0xfc, 0xf8, 0xff, 0xf8, 0xfc, 0xf8, 0xff,
    0xf8, 0xfc, 0xf8, 0xff, 0xf8, 0xfc, 0xf8, 0xff, 0xf8, 0xfc, 0xf8, 0xff,
    0xf8, 0xfc, 0xf8, 0xff, 0xa0, 0xe4, 0x08, 0xff, 0xa8, 0xe8, 0x08, 0xff,
    0xa8, 0xe4, 0x08, 0xff, 0xa0, 0xe4, 0x08, 0xff, 0xa0, 0xe8, 0x08, 0xff,
    0xa8, 0xe4, 0x08, 0xff, 0xa0, 0xe8, 0x10, 0xff, 0xa0, 0xe8, 0x08, 0xff,
    0xa8, 0xe4, 0x10, 0xff, 0xa0, 0xe4, 0x08, 0xff, 0xa8, 0xe8, 0x08, 0xff,
    0xa8, 0xe4, 0x08, 0xff, 0xa0, 0xe4, 0x08, 0xff, 0xa8, 0xe8, 0x10, 0xff,
    0xa0, 0xe4, 0x08, 0xff, 0xa8, 0xe8, 0x08, 0xff, 0xa8, 0xe4, 0x08, 0xff,
    0xa0, 0xe8, 0x10, 0xff, 0xa8, 0xe8, 0x08, 0xff, 0xa0, 0xe8, 0x08, 0xff,
    0xa8, 0xe4, 0x08, 0xff, 0xa8, 0xe8, 0x08, 0xff, 0x00, 0x00, 0x00, 0x00,
    0x00, 0x00, 0x00, 0x00, 0xa0, 0xe8, 0x08, 0xff, 0xa8, 0xe8, 0x08, 0xff,
    0xa0, 0xe4, 0x08, 0xff, 0xa8, 0xe8, 0x10, 0xff, 0xa0, 0xe4, 0x08, 0xff,
    0xa8, 0xe4, 0x08, 0xff, 0xa0, 0xe8, 0x08, 0xff, 0xa8, 0xe8, 0x10, 0xff,
    0xa0, 0xe4, 0x08, 0xff, 0xa8, 0xe4, 0x10, 0xff, 0xa8, 0xe8, 0x08, 0xff,
    0xa0, 0xe8, 0x10, 0xff, 0xa8, 0xe4, 0x08, 0xff, 0xa8, 0xe8, 0x08, 0xff,
    0xa0, 0xe8, 0x08, 0xff, 0xa8, 0xe4, 0x08, 0xff, 0xa8, 0xe8, 0x08, 0xff,
    0xa0, 0xe8, 0x10, 0xff, 0xa8, 0xe4, 0x08, 0xff, 0xa0, 0xe8, 0x08, 0xff,
    0xa8, 0xe4, 0x10, 0xff, 0xa0, 0xe4, 0x08, 0xff, 0xf8, 0xfc, 0xf8, 0xff,
    0xf8, 0xfc, 0xf8, 0xff, 0xf8, 0xfc, 0xf8, 0xff, 0xf8, 0xfc, 0xf8, 0xff,
    0xf8, 0xfc, 0xf8, 0xff, 0xf8, 0xfc, 0xf8, 0xff, 0xf8, 0xfc, 0xf8, 0xff,
    0xf8, 0xfc, 0xf8, 0xff, 0xa0, 0xe8, 0x10, 0xff, 0xa8, 0xe4, 0x08, 0xff,
    0xa8, 0xe4, 0x08, 0xff, 0xa0, 0xe8, 0x08, 0xff, 0xa8, 0xe4, 0x10, 0xff,
    0xa0, 0xe8, 0x08, 0xff, 0xa8, 0xe8, 0x08, 0xff, 0xa0, 0xe4, 0x08, 0xff,
    0xf8, 0xfc, 0xf8, 0xff, 0xf8, 0xfc, 0xf8, 0xff, 0xf8, 0xfc, 0xf8, 0xff,
    0xf8, 0xfc, 0xf8, 0xff, 0xf8, 0xfc, 0xf8, 0xff, 0xf8, 0xfc, 0xf8, 0xff,
    0xf8, 0xfc, 0xf8, 0xff, 0xf8, 0xfc, 0xf8, 0xff, 0xa0, 0xe8, 0x10, 0xff,
    0xa8, 0xe4, 0x08, 0xff, 0xa0, 0xe8, 0x08, 0xff, 0xa8, 0xe4, 0x10, 0xff,
    0xa8, 0xe4, 0x08, 0xff, 0xa8, 0xe8, 0x08, 0xff, 0xa0, 0xe4, 0x08, 0xff,
    0xa8, 0xe8, 0x08, 0xff, 0xa0, 0xe8, 0x08, 0xff, 0xa0, 0xe4, 0x10, 0xff,
    0xa8, 0xe8, 0x08, 0xff, 0xa0, 0xe8, 0x08, 0xff, 0xa8, 0xe4, 0x10, 0xff,
    0xa0, 0xe8, 0x08, 0xff, 0xa8, 0xe4, 0x08, 0xff, 0xa0, 0xe4, 0x10, 0xff,
    0xa0, 0xe8, 0x08, 0xff, 0xa8, 0xe4, 0x08, 0xff, 0xa0, 0xe4, 0x08, 0xff,
    0xa8, 0xe8, 0x10, 0xff, 0xa0, 0xe8, 0x08, 0xff, 0xa8, 0xe4, 0x10, 0xff,
    0x00, 0x00, 0x00, 0x00, 0x00, 0x00, 0x00, 0x00, 0x00, 0x00, 0x00, 0x00,
    0xa0, 0xe4, 0x08, 0xff, 0xa8, 0xe8, 0x08, 0xff, 0xa0, 0xe8, 0x10, 0xff,
    0xa8, 0xe4, 0x08, 0xff, 0xa0, 0xe8, 0x08, 0xff, 0xa8, 0xe8, 0x08, 0xff,
    0xa0, 0xe4, 0x08, 0xff, 0xa0, 0xe8, 0x08, 0xff, 0xa8, 0xe4, 0x08, 0xff,
    0xa0, 0xe8, 0x10, 0xff, 0xa0, 0xe4, 0x08, 0xff, 0xa8, 0xe8, 0x08, 0xff,
    0xa0, 0xe4, 0x10, 0xff, 0xa0, 0xe4, 0x08, 0xff, 0xa8, 0xe8, 0x08, 0xff,
    0xa0, 0xe4, 0x08, 0xff, 0xa8, 0xe4, 0x08, 0xff, 0xa0, 0xe8, 0x08, 0xff,
    0xa8, 0xe8, 0x08, 0xff, 0xa0, 0xe8, 0x08, 0xff, 0xa8, 0xe8, 0x10, 0xff,
    0xf8, 0xfc, 0xf8, 0xff, 0xf8, 0xfc, 0xf8, 0xff, 0xf8, 0xfc, 0xf8, 0xff,
    0xf8, 0xfc, 0xf8, 0xff, 0xf8, 0xfc, 0xf8, 0xff, 0xf8, 0xfc, 0xf8, 0xff,
    0xf8, 0xfc, 0xf8, 0xff, 0xf8, 0xfc, 0xf8, 0xff, 0xa0, 0xe8, 0x08, 0xff,
    0xa8, 0xe4, 0x08, 0xff, 0xa0, 0xe8, 0x08, 0xff, 0xa8, 0xe4, 0x10, 0xff,
    0xa0, 0xe4, 0x08, 0xff, 0xa8, 0xe8, 0x08, 0xff, 0xa0, 0xe4, 0x10, 0xff,
    0xa8, 0xe8, 0x08, 0xff, 0xf8, 0xfc, 0xf8, 0xff, 0xf8, 0xfc, 0xf8, 0xff,
    0xf8, 0xfc, 0xf8, 0xff, 0xf8, 0xfc, 0xf8, 0xff, 0xf8, 0xfc, 0xf8, 0xff,
    0xf8, 0xfc, 0xf8, 0xff, 0xf8, 0xfc, 0xf8, 0xff, 0xf8, 0xfc, 0xf8, 0xff,
    0xa8, 0xe8, 0x08, 0xff, 0xa0, 0xe4, 0x08, 0xff, 0xa0, 0xe8, 0x10, 0xff,
    0xa8, 0xe8, 0x08, 0xff, 0xa0, 0xe4, 0x08, 0xff, 0xa0, 0xe8, 0x10, 0xff,
    0xa8, 0xe4, 0x08, 0xff, 0xa8, 0xe4, 0x08, 0xff, 0xa0, 0xe8, 0x08, 0xff,
    0xa8, 0xe4, 0x08, 0xff, 0xa0, 0xe4, 0x10, 0xff, 0xa0, 0xe8, 0x08, 0xff,
    0xa8, 0xe4, 0x08, 0xff, 0xa0, 0xe8, 0x08, 0xff, 0xa8, 0xe8, 0x08, 0xff,
    0xa8, 0xe4, 0x10, 0xff, 0xa0, 0xe8, 0x08, 0xff, 0xa8, 0xe4, 0x08, 0xff,
    0xa0, 0xe4, 0x10, 0xff, 0xa0, 0xe8, 0x08, 0xff, 0xa8, 0xe4, 0x08, 0xff,
    0x00, 0x00, 0x00, 0x00, 0x00, 0x00, 0x00, 0x00, 0x00, 0x00, 0x00, 0x00,
    0x00, 0x00, 0x00, 0x00, 0xa8, 0xe4, 0x08, 0xff, 0xa0, 0xe4, 0x10, 0xff,
    0xa8, 0xe8, 0x08, 0xff, 0xa0, 0xe4, 0x08, 0xff, 0xa8, 0xe4, 0x10, 0xff,
    0xa8, 0xe8, 0x08, 0xff, 0xa0, 0xe4, 0x08, 0xff, 0xa8, 0xe8, 0x10, 0xff,
    0xa8, 0xe8, 0x08, 0xff, 0xa0, 0xe4, 0x08, 0xff, 0xa8, 0xe4, 0x08, 0xff,
    0xa8, 0xe8, 0x08, 0xff, 0xa0, 0xe8, 0x10, 0xff, 0xa8, 0xe4, 0x08, 0xff,
    0xa0, 0xe8, 0x10, 0xff, 0xa8, 0xe8, 0x10, 0xff, 0xa0, 0xe4, 0x08, 0xff,
    0xa8, 0xe4, 0x10, 0xff, 0xa0, 0xe4, 0x08, 0xff, 0xa8, 0xe4, 0x08, 0xff,
    0xa0, 0xe8, 0x08, 0xff, 0xf8, 0xfc, 0xf8, 0xff, 0xf8, 0xfc, 0xf8, 0xff,
    0xf8, 0xfc, 0xf8, 0xff, 0xf8, 0xfc, 0xf8, 0xff, 0xf8, 0xfc, 0xf8, 0xff,
    0xf8, 0xfc, 0xf8, 0xff, 0xf8, 0xfc, 0xf8, 0xff, 0xf8, 0xfc, 0xf8, 0xff,
    0xa8, 0xe4, 0x08, 0xff, 0xa0, 0xe8, 0x10, 0xff, 0xa0, 0xe8, 0x08, 0xff,
    0xa8, 0xe4, 0x08, 0xff, 0xa8, 0xe8, 0x08, 0xff, 0xa0, 0xe4, 0x08, 0xff,
    0xa8, 0xe4, 0x10, 0xff, 0xa0, 0xe8, 0x08, 0xff, 0xf8, 0xfc, 0xf8, 0xff,
    0xf8, 0xfc, 0xf8, 0xff, 0xf8, 0xfc, 0xf8, 0xff, 0xf8, 0xfc, 0xf8, 0xff,
    0xf8, 0xfc, 0xf8, 0xff, 0xf8, 0xfc, 0xf8, 0xff, 0xf8, 0xfc, 0xf8, 0xff,
    0xf8, 0xfc, 0xf8, 0xff, 0xa8, 0xe4, 0x08, 0xff, 0xa0, 0xe8, 0x08, 0xff,
    0xa8, 0xe4, 0x08, 0xff, 0xa0, 0xe8, 0x08, 0xff, 0xa8, 0xe8, 0x08, 0xff,
    0xa0, 0xe4, 0x10, 0xff, 0xa8, 0xe8, 0x08, 0xff, 0xa0, 0xe4, 0x10, 0xff,
    0xa8, 0xe8, 0x08, 0xff, 0xa8, 0xe8, 0x08, 0xff, 0xa0, 0xe4, 0x08, 0xff,
    0xa8, 0xe4, 0x10, 0xff, 0xa8, 0xe8, 0x08, 0xff, 0xa0, 0xe4, 0x08, 0xff,
    0xa0, 0xe8, 0x10, 0xff, 0xa8, 0xe8, 0x08, 0xff, 0xa0, 0xe4, 0x08, 0xff,
    0xa8, 0xe8, 0x08, 0xff, 0xa8, 0xe8, 0x08, 0xff, 0xa0, 0xe4, 0x08, 0xff,
    0xa8, 0xe8, 0x08, 0xff, 0x00, 0x00, 0x00, 0x00, 0x00, 0x00, 0x00, 0x00,
    0x00, 0x00, 0x00, 0x00, 0x00, 0x00, 0x00, 0x00, 0xa0, 0xe8, 0x08, 0xff,
    0xa8, 0xe4, 0x08, 0xff, 0xa0, 0xe8, 0x08, 0xff, 0xa0, 0xe8, 0x08, 0xff,
    0xa8, 0xe4, 0x10, 0xff, 0xa0, 0xe4, 0x08, 0xff, 0xa0, 0xe8, 0x08, 0xff,
    0xa8, 0xe4, 0x10, 0xff, 0xa0, 0xe4, 0x08, 0xff, 0xa0, 0xe8, 0x08, 0xff,
    0xa8, 0xe8, 0x10, 0xff, 0xa0, 0xe4, 0x08, 0xff, 0xa8, 0xe4, 0x08, 0xff,
    0xa8, 0xe8, 0x08, 0xff, 0xa0, 0xe4, 0x08, 0xff, 0xa0, 0xe8, 0x08, 0xff,
    0xa8, 0xe8, 0x08, 0xff, 0xa0, 0xe8, 0x08, 0xff, 0xa8, 0xe4, 0x10, 0xff,
    0xa0, 0xe4, 0x08, 0xff, 0xa8, 0xe8, 0x08, 0xff, 0xf8, 0xfc, 0xf8, 0xff,
    0xf8, 0xfc, 0xf8, 0xff, 0xf8, 0xfc, 0xf8, 0xff, 0xf8, 0xfc, 0xf8, 0xff,
    0xf8, 0xfc, 0xf8, 0xff, 0xf8, 0xfc, 0xf8, 0xff, 0xf8, 0xfc, 0xf8, 0xff,
    0xf8, 0xfc, 0xf8, 0xff, 0xa8, 0xe4, 0x10, 0xff, 0xa0, 0xe8, 0x08, 0xff,
    0xa8, 0xe4, 0x08, 0xff, 0xa0, 0xe8, 0x10, 0xff, 0xa0, 0xe8, 0x08, 0xff,
    0xa8, 0xe4, 0x08, 0xff, 0xa0, 0xe8, 0x08, 0xff, 0xa8, 0xe4, 0x08, 0xff,
    0xf8, 0xfc, 0xf8, 0xff, 0xf8, 0xfc, 0xf8, 0xff, 0xf8, 0xfc, 0xf8, 0xff,
    0xf8, 0xfc, 0xf8, 0xff, 0xf8, 0xfc, 0xf8, 0xff, 0xf8, 0xfc, 0xf8, 0xff,
    0xf8, 0xfc, 0xf8, 0xff, 0xf8, 0xfc, 0xf8, 0xff, 0xa0, 0xe8, 0x10, 0xff,
    0xa8, 0xe4, 0x08, 0xff, 0xa8, 0xe4, 0x10, 0xff, 0xa0, 0xe4, 0x08, 0xff,
    0xa8, 0xe8, 0x08, 0xff, 0xa8, 0xe4, 0x08, 0xff, 0xa0, 0xe8, 0x08, 0xff,
    0xa0, 0xe8, 0x08, 0xff, 0xa8, 0xe4, 0x10, 0xff, 0xa0, 0xe8, 0x08, 0xff,
    0xa0, 0xe8, 0x08, 0xff, 0xa8, 0xe4, 0x08, 0xff, 0xa0, 0xe8, 0x10, 0xff,
    0xa8, 0xe4, 0x08, 0xff, 0xa0, 0xe4, 0x08, 0xff, 0xa8, 0xe8, 0x08, 0xff,
    0xa0, 0xe4, 0x10, 0xff, 0xa0, 0xe8, 0x08, 0xff, 0xa8, 0xe4, 0x08, 0xff,
    0xa0, 0xe4, 0x10, 0xff, 0xa0, 0xe8, 0x08, 0xff, 0x00, 0x00, 0x00, 0x00,
    0x00, 0x00, 0x00, 0x00, 0x00, 0x00, 0x00, 0x00, 0x00, 0x00, 0x00, 0x00,
    0xa8, 0xe4, 0x08, 0xff, 0xa0, 0xe8, 0x10, 0xff, 0xa8, 0xe4, 0x08, 0xff,
    0xa8, 0xe8, 0x08, 0xff, 0xa0, 0xe8, 0x08, 0xff, 0xa8, 0xe4, 0x08, 0xff,
    0xa8, 0xe8, 0x08, 0xff, 0xa0, 0xe4, 0x08, 0xff, 0xa8, 0xe4, 0x08, 0xff,
    0xa8, 0xe8, 0x08, 0xff, 0xa0, 0xe8, 0x10, 0xff, 0xa0, 0xe4, 0x08, 0xff,
    0xa8, 0xe8, 0x08, 0xff, 0xa0, 0xe4, 0x10, 0xff, 0xa8, 0xe4, 0x08, 0xff,
    0xa8, 0xe4, 0x08, 0xff, 0xa0, 0xe8, 0x08, 0xff, 0xa8, 0xe8, 0x08, 0xff,
    0xa0, 0xe4, 0x10, 0xff, 0xa8, 0xe8, 0x08, 0xff, 0xa0, 0xe4, 0x08, 0xff,
    0xf8, 0xfc, 0xf8, 0xff, 0xf8, 0xfc, 0xf8, 0xff, 0xf8, 0xfc, 0xf8, 0xff,
    0xf8, 0xfc, 0xf8, 0xff, 0xf8, 0xfc, 0xf8, 0xff, 0xf8, 0xfc, 0xf8, 0xff,
    0xf8, 0xfc, 0xf8, 0xff, 0xf8, 0xfc, 0xf8, 0xff, 0xa0, 0xe8, 0x08, 0xff,
    0xa8, 0xe4, 0x08, 0xff, 0xa8, 0xe4, 0x08, 0xff, 0xa0, 0xe8, 0x10, 0xff,
    0xa8, 0xe4, 0x08, 0xff, 0xa0, 0xe8, 0x08, 0xff, 0xa8, 0xe8, 0x10, 0xff,
    0xa0, 0xe4, 0x08, 0xff, 0xf8, 0xfc, 0xf8, 0xff, 0xf8, 0xfc, 0xf8, 0xff,
    0xf8, 0xfc, 0xf8, 0xff, 0xf8, 0xfc, 0xf8, 0xff, 0xf8, 0xfc, 0xf8, 0xff,
    0xf8, 0xfc, 0xf8, 0xff, 0xf8, 0xfc, 0xf8, 0xff, 0xf8, 0xfc, 0xf8, 0xff,
    0xa0, 0xe8, 0x08, 0xff, 0xa8, 0xe8, 0x08, 0xff, 0xa0, 0xe4, 0x08, 0xff,
    0xa0, 0xe8, 0x10, 0xff, 0xa8, 0xe4, 0x08, 0xff, 0xa0, 0xe4, 0x08, 0xff,
    0xa0, 0xe8, 0x10, 0xff, 0xa8, 0xe4, 0x08, 0xff, 0xa8, 0xe4, 0x08, 0xff,
    0xa0, 0xe4, 0x10, 0xff, 0xa8, 0xe8, 0x08, 0xff, 0xa0, 0xe8, 0x08, 0xff,
    0xa8, 0xe4, 0x08, 0xff, 0xa0, 0xe8, 0x08, 0xff, 0xa8, 0xe4, 0x08, 0xff,
    0xa8, 0xe4, 0x10, 0xff, 0xa0, 0xe8, 0x08, 0xff, 0xa8, 0xe4, 0x08, 0xff,
    0xa8, 0xe8, 0x10, 0xff, 0xa0, 0xe4, 0x08, 0xff, 0xa8, 0xe4, 0x08, 0xff,
    0x00, 0x00, 0x00, 0x00, 0x00, 0x00, 0x00, 0x00, 0x00, 0x00, 0x00, 0x00,
    0x00, 0x00, 0x00, 0x00, 0xa0, 0xe4, 0x08, 0xff, 0xa8, 0xe8, 0x08, 0xff,
    0xa0, 0xe4, 0x10, 0xff, 0xa8, 0xe4, 0x08, 0xff, 0xa0, 0xe8, 0x10, 0xff,
    0xa0, 0xe8, 0x08, 0xff, 0xa8, 0xe4, 0x10, 0xff, 0xa0, 0xe8, 0x08, 0xff,
    0xa8, 0xe8, 0x08, 0xff, 0xa8, 0xe4, 0x10, 0xff, 0xa0, 0xe4, 0x08, 0xff,
    0xa8, 0xe8, 0x08, 0xff, 0xa0, 0xe8, 0x08, 0xff, 0xa0, 0xe8, 0x08, 0xff,
    0xa8, 0xe4, 0x10, 0xff, 0xa0, 0xe8, 0x08, 0xff, 0xa8, 0xe4, 0x10, 0xff,
    0xa0, 0xe4, 0x08, 0xff, 0xa8, 0xe8, 0x08, 0xff, 0xa0, 0xe8, 0x10, 0xff,
    0xa8, 0xe4, 0x08, 0xff, 0xf8, 0xfc, 0xf8, 0xff, 0xf8, 0xfc, 0xf8, 0xff,
    0xf8, 0xfc, 0xf8, 0xff, 0xf8, 0xfc, 0xf8, 0xff, 0xf8, 0xfc, 0xf8, 0xff,
    0xf8, 0xfc, 0xf8, 0xff, 0xf8, 0xfc, 0xf8, 0xff, 0xf8, 0xfc, 0xf8, 0xff,
    0xa0, 0xe8, 0x08, 0xff, 0xa8, 0xe4, 0x08, 0xff, 0xa0, 0xe8, 0x10, 0xff,
    0xa8, 0xe4, 0x08, 0xff, 0xa0, 0xe4, 0x08, 0xff, 0xa8, 0xe8, 0x10, 0xff,
    0xa0, 0xe4, 0x08, 0xff, 0xa8, 0xe8, 0x08, 0xff, 0xf8, 0xfc, 0xf8, 0xff,
    0xf8, 0xfc, 0xf8, 0xff, 0xf8, 0xfc, 0xf8, 0xff, 0xf8, 0xfc, 0xf8, 0xff,
    0xf8, 0xfc, 0xf8, 0xff, 0xf8, 0xfc, 0xf8, 0xff, 0xf8, 0xfc, 0xf8, 0xff,
    0xf8, 0xfc, 0xf8, 0xff, 0xa8, 0xe4, 0x08, 0xff, 0xa0, 0xe4, 0x08, 0xff,
    0xa8, 0xe8, 0x10, 0xff, 0xa8, 0xe8, 0x08, 0xff, 0xa0, 0xe4, 0x08, 0xff,
    0xa8, 0xe8, 0x10, 0xff, 0xa0, 0xe8, 0x08, 0xff, 0xa8, 0xe4, 0x08, 0xff,
    0xa0, 0xe8, 0x08, 0xff, 0xa8, 0xe4, 0x08, 0xff, 0xa8, 0xe4, 0x10, 0xff,
    0xa0, 0xe8, 0x08, 0xff, 0xa8, 0xe4, 0x08, 0xff, 0xa0, 0xe8, 0x10, 0xff,
    0xa0, 0xe8, 0x08, 0xff, 0xa8, 0xe4, 0x08, 0xff, 0xa0, 0xe8, 0x08, 0xff,
    0xa8, 0xe8, 0x08, 0xff, 0xa0, 0xe4, 0x08, 0xff, 0xa8, 0xe8, 0x10, 0xff,
    0xa0, 0xe8, 0x08, 0xff, 0x00, 0x00, 0x00, 0x00, 0x00, 0x00, 0x00, 0x00,
    0x00, 0x00, 0x00, 0x00, 0x00, 0x00, 0x00, 0x00, 0x00, 0x00, 0x00, 0x00,
    0xa0, 0xe8, 0x08, 0xff, 0xa8, 0xe4, 0x08, 0xff, 0xa0, 0xe4, 0x08, 0xff,
    0xa8, 0xe8, 0x08, 0xff, 0xa0, 0xe4, 0x10, 0xff, 0xa8, 0xe4, 0x08, 0xff,
    0xa0, 0xe8, 0x08, 0xff, 0xa0, 0xe8, 0x10, 0xff, 0xa0, 0xe4, 0x08, 0xff,
    0xa8, 0xe4, 0x08, 0xff, 0xa8, 0xe8, 0x08, 0xff, 0xa0, 0xe4, 0x10, 0xff,
    0xa8, 0xe4, 0x08, 0xff, 0xa0, 0xe8, 0x08, 0xff, 0xa0, 0xe8, 0x08, 0xff,
    0xa8, 0xe4, 0x08, 0xff, 0xa8, 0xe4, 0x08, 0xff, 0xa0, 0xe8, 0x08, 0xff,
    0xa0, 0xe4, 0x08, 0xff, 0xa8, 0xe8, 0x10, 0xff, 0xf8, 0xfc, 0xf8, 0xff,
    0xf8, 0xfc, 0xf8, 0xff, 0xf8, 0xfc, 0xf8, 0xff, 0xf8, 0xfc, 0xf8, 0xff,
    0xf8, 0xfc, 0xf8, 0xff, 0xf8, 0xfc, 0xf8, 0xff, 0xf8, 0xfc, 0xf8, 0xff,
    0xf8, 0xfc, 0xf8, 0xff, 0xa8, 0xe4, 0x10, 0xff, 0xa0, 0xe8, 0x08, 0xff,
    0xa0, 0xe8, 0x08, 0xff, 0xa8, 0xe4, 0x08, 0xff, 0xa8, 0xe8, 0x08, 0xff,
    0xa0, 0xe4, 0x08, 0xff, 0xa8, 0xe4, 0x08, 0xff, 0xa0, 0xe8, 0x10, 0xff,
    0xf8, 0xfc, 0xf8, 0xff, 0xf8, 0xfc, 0xf8, 0xff, 0xf8, 0xfc, 0xf8, 0xff,
    0xf8, 0xfc, 0xf8, 0xff, 0xf8, 0xfc, 0xf8, 0xff, 0xf8, 0xfc, 0xf8, 0xff,
    0xf8, 0xfc, 0xf8, 0xff, 0xf8, 0xfc, 0xf8, 0xff, 0xa0, 0xe4, 0x10, 0xff,
    0xa8, 0xe8, 0x08, 0xff, 0xa0, 0xe4, 0x08, 0xff, 0xa0, 0xe4, 0x08, 0xff,
    0xa8, 0xe8, 0x08, 0xff, 0xa8, 0xe4, 0x08, 0xff, 0xa0, 0xe4, 0x08, 0xff,
    0xa0, 0xe8, 0x10, 0xff, 0xa8, 0xe8, 0x08, 0xff, 0xa0, 0xe8, 0x08, 0xff,
    0xa0, 0xe4, 0x08, 0xff, 0xa8, 0xe4, 0x10, 0xff, 0xa0, 0xe8, 0x08, 0xff,
    0xa8, 0xe4, 0x08, 0xff, 0xa8, 0xe8, 0x10, 0xff, 0xa0, 0xe4, 0x08, 0xff,
    0xa0, 0xe4, 0x10, 0xff, 0xa8, 0xe8, 0x08, 0xff, 0xa0, 0xe4, 0x08, 0xff,
    0xa0, 0xe8, 0x08, 0xff, 0x00, 0x00, 0x00, 0x00, 0x00, 0x00, 0x00, 0x00,
    0x00, 0x00, 0x00, 0x00, 0x00, 0x00, 0x00, 0x00, 0x00, 0x00, 0x00, 0x00,
    0x00, 0x00, 0x00, 0x00, 0xa8, 0xe8, 0x10, 0xff, 0xa0, 0xe8, 0x08, 0xff,
    0xa8, 0xe4, 0x08, 0xff, 0xa8, 0xe8, 0x08, 0xff, 0xa0, 0xe8, 0x08, 0xff,
    0xa8, 0xe4, 0x08, 0xff, 0xa8, 0xe4, 0x08, 0xff, 0xa0, 0xe8, 0x08, 0xff,
    0xa8, 0xe4, 0x08, 0xff, 0xa0, 0xe8, 0x08, 0xff, 0xa0, 0xe8, 0x10, 0xff,
    0xa8, 0xe4, 0x08, 0xff, 0xa8, 0xe4, 0x08, 0xff, 0xa0, 0xe8, 0x10, 0xff,
    0xa8, 0xe4, 0x08, 0xff, 0xa0, 0xe8, 0x08, 0xff, 0xa8, 0xe8, 0x10, 0xff,
    0xa0, 0xe4, 0x08, 0xff, 0xa8, 0xe4, 0x08, 0xff, 0xa0, 0xe8, 0x08, 0xff,
    0xf8, 0xfc, 0xf8, 0xff, 0xf8, 0xfc, 0xf8, 0xff, 0xf8, 0xfc, 0xf8, 0xff,
    0xf8, 0xfc, 0xf8, 0xff, 0xf8, 0xfc, 0xf8, 0xff, 0xf8, 0xfc, 0xf8, 0xff,
    0xf8, 0xfc, 0xf8, 0xff, 0xf8, 0xfc, 0xf8, 0xff, 0xa8, 0xe4, 0x08, 0xff,
    0xa0, 0xe8, 0x08, 0xff, 0xa8, 0xe4, 0x10, 0xff, 0xa0, 0xe8, 0x08, 0xff,
    0xa0, 0xe8, 0x10, 0xff, 0xa8, 0xe4, 0x08, 0xff, 0xa0, 0xe8, 0x08, 0xff,
    0xa8, 0xe4, 0x08, 0xff, 0xf8, 0xfc, 0xf8, 0xff, 0xf8, 0xfc, 0xf8, 0xff,
    0xf8, 0xfc, 0xf8, 0xff, 0xf8, 0xfc, 0xf8, 0xff, 0xf8, 0xfc, 0xf8, 0xff,
    0xf8, 0xfc, 0xf8, 0xff, 0xf8, 0xfc, 0xf8, 0xff, 0xf8, 0xfc, 0xf8, 0xff,
    0xa8, 0xe8, 0x08, 0xff, 0xa0, 0xe8, 0x08, 0xff, 0xa8, 0xe4, 0x10, 0xff,
    0xa0, 0xe8, 0x08, 0xff, 0xa0, 0xe8, 0x10, 0xff, 0xa8, 0xe4, 0x08, 0xff,
    0xa8, 0xe8, 0x08, 0xff, 0xa0, 0xe4, 0x10, 0xff, 0xa8, 0xe4, 0x08, 0xff,
    0xa0, 0xe8, 0x08, 0xff, 0xa8, 0xe8, 0x10, 0xff, 0xa0, 0xe4, 0x08, 0xff,
    0xa8, 0xe8, 0x08, 0xff, 0xa0, 0xe4, 0x08, 0xff, 0xa8, 0xe8, 0x08, 0xff,
    0xa0, 0xe8, 0x08, 0xff, 0xa8, 0xe4, 0x08, 0xff, 0xa8, 0xe4, 0x10, 0xff,
    0xa8, 0xe8, 0x08, 0xff, 0xa0, 0xe4, 0x08, 0xff, 0x00, 0x00, 0x00, 0x00,
    0x00, 0x00, 0x00, 0x00, 0x00, 0x00, 0x00, 0x00, 0x00, 0x00, 0x00, 0x00,
    0x00, 0x00, 0x00, 0x00, 0x00, 0x00, 0x00, 0x00, 0xa0, 0xe4, 0x08, 0xff,
    0xa8, 0xe4, 0x10, 0xff, 0xa0, 0xe8, 0x08, 0xff, 0xa0, 0xe4, 0x10, 0xff,
    0xa8, 0xe8, 0x08, 0xff, 0xa0, 0xe8, 0x10, 0xff, 0xa8, 0xe4, 0x08, 0xff,
    0xa8, 0xe8, 0x10, 0xff, 0xa0, 0xe4, 0x08, 0xff, 0xa8, 0xe4, 0x08, 0xff,
    0xa0, 0xe8, 0x10, 0xff, 0xa8, 0xe8, 0x08, 0xff, 0xa0, 0xe4, 0x08, 0xff,
    0xa8, 0xe8, 0x08, 0xff, 0xa0, 0xe4, 0x10, 0xff, 0xa8, 0xe4, 0x08, 0xff,
    0xa0, 0xe8, 0x08, 0xff, 0xa8, 0xe8, 0x10, 0xff, 0xa8, 0xe4, 0x08, 0xff,
    0xa0, 0xe8, 0x08, 0xff, 0xf8, 0xfc, 0xf8, 0xff, 0xf8, 0xfc, 0xf8, 0xff,
    0xf8, 0xfc, 0xf8, 0xff, 0xf8, 0xfc, 0xf8, 0xff, 0xf8, 0xfc, 0xf8, 0xff,
    0xf8, 0xfc, 0xf8, 0xff, 0xf8, 0xfc, 0xf8, 0xff, 0xf8, 0xfc, 0xf8, 0xff,
    0xa0, 0xe8, 0x08, 0xff, 0xa8, 0xe4, 0x08, 0xff, 0xa8, 0xe4, 0x08, 0xff,
    0xa0, 0xe8, 0x10, 0xff, 0xa8, 0xe4, 0x08, 0xff, 0xa0, 0xe8, 0x08, 0xff,
    0xa8, 0xe8, 0x10, 0xff, 0xa0, 0xe4, 0x08, 0xff, 0xf8, 0xfc, 0xf8, 0xff,
    0xf8, 0xfc, 0xf8, 0xff, 0xf8, 0xfc, 0xf8, 0xff, 0xf8, 0xfc, 0xf8, 0xff,
    0xf8, 0xfc, 0xf8, 0xff, 0xf8, 0xfc, 0xf8, 0xff, 0xf8, 0xfc, 0xf8, 0xff,
    0xf8, 0xfc, 0xf8, 0xff, 0xa0, 0xe4, 0x08, 0xff, 0xa8, 0xe8, 0x08, 0xff,
    0xa8, 0xe4, 0x08, 0xff, 0xa0, 0xe8, 0x10, 0xff, 0xa8, 0xe4, 0x08, 0xff,
    0xa0, 0xe8, 0x08, 0xff, 0xa0, 0xe8, 0x08, 0xff, 0xa8, 0xe4, 0x08, 0xff,
    0xa0, 0xe4, 0x08, 0xff, 0xa8, 0xe8, 0x08, 0xff, 0xa8, 0xe4, 0x08, 0xff,
    0xa0, 0xe8, 0x08, 0xff, 0xa0, 0xe4, 0x10, 0xff, 0xa8, 0xe8, 0x08, 0xff,
    0xa0, 0xe4, 0x08, 0xff, 0xa8, 0xe8, 0x10, 0xff, 0xa0, 0xe8, 0x08, 0xff,
    0xa0, 0xe4, 0x08, 0xff, 0xa8, 0xe8, 0x10, 0xff, 0xa8, 0xe4, 0x08, 0xff,
    0x00, 0x00, 0x00, 0x00, 0x00, 0x00, 0x00, 0x00, 0x00, 0x00, 0x00, 0x00,
    0x00, 0x00, 0x00, 0x00, 0x00, 0x00, 0x00, 0x00, 0x00, 0x00, 0x00, 0x00,
    0x00, 0x00, 0x00, 0x00, 0xa8, 0xe8, 0x08, 0xff, 0xa0, 0xe4, 0x08, 0xff,
    0xa8, 0xe4, 0x08, 0xff, 0xa0, 0xe4, 0x10, 0xff, 0xa0, 0xe8, 0x08, 0xff,
    0xa0, 0xe4, 0x08, 0xff, 0xa8, 0xe8, 0x08, 0xff, 0xa0, 0xe8, 0x10, 0xff,
    0xa8, 0xe4, 0x08, 0xff, 0xa8, 0xe4, 0x08, 0xff, 0xa0, 0xe8, 0x08, 0xff,
    0xa0, 0xe8, 0x08, 0xff, 0xa8, 0xe4, 0x08, 0xff, 0xa8, 0xe8, 0x08, 0xff,
    0xa0, 0xe4, 0x08, 0xff, 0xa0, 0xe8, 0x08, 0xff, 0xa8, 0xe4, 0x10, 0xff,
    0xa0, 0xe4, 0x08, 0xff, 0xa8, 0xe8, 0x08, 0xff, 0xf8, 0xfc, 0xf8, 0xff,
    0xf8, 0xfc, 0xf8, 0xff, 0xf8, 0xfc, 0xf8, 0xff, 0xf8, 0xfc, 0xf8, 0xff,
    0xf8, 0xfc, 0xf8, 0xff, 0xf8, 0xfc, 0xf8, 0xff, 0xf8, 0xfc, 0xf8, 0xff,
    0xf8, 0xfc, 0xf8, 0xff, 0xa0, 0xe8, 0x10, 0xff, 0xa8, 0xe4, 0x08, 0xff,
    0xa0, 0xe8, 0x08, 0xff, 0xa8, 0xe4, 0x08, 0xff, 0xa0, 0xe4, 0x08, 0xff,
    0xa8, 0xe8, 0x08, 0xff, 0xa0, 0xe4, 0x10, 0xff, 0xa8, 0xe8, 0x08, 0xff,
    0xf8, 0xfc, 0xf8, 0xff, 0xf8, 0xfc, 0xf8, 0xff, 0xf8, 0xfc, 0xf8, 0xff,
    0xf8, 0xfc, 0xf8, 0xff, 0xf8, 0xfc, 0xf8, 0xff, 0xf8, 0xfc, 0xf8, 0xff,
    0xf8, 0xfc, 0xf8, 0xff, 0xf8, 0xfc, 0xf8, 0xff, 0xa0, 0xe4, 0x10, 0xff,
    0xa8, 0xe8, 0x08, 0xff, 0xa0, 0xe4, 0x08, 0xff, 0xa8, 0xe4, 0x08, 0xff,
    0xa8, 0xe8, 0x08, 0xff, 0xa0, 0xe4, 0x10, 0xff, 0xa8, 0xe4, 0x08, 0xff,
    0xa8, 0xe8, 0x10, 0xff, 0xa0, 0xe8, 0x10, 0xff, 0xa0, 0xe4, 0x08, 0xff,
    0xa8, 0xe8, 0x08, 0xff, 0xa8, 0xe4, 0x10, 0xff, 0xa0, 0xe8, 0x08, 0xff,
    0xa8, 0xe4, 0x08, 0xff, 0xa8, 0xe4, 0x10, 0xff, 0xa0, 0xe4, 0x08, 0xff,
    0xa8, 0xe8, 0x08, 0xff, 0xa0, 0xe8, 0x08, 0xff, 0xa0, 0xe4, 0x08, 0xff,
    0x00, 0x00, 0x00, 0x00, 0x00, 0x00, 0x00, 0x00, 0x00, 0x00, 0x00, 0x00,
    0x00, 0x00, 0x00, 0x00, 0x00, 0x00, 0x00, 0x00, 0x00, 0x00, 0x00, 0x00,
    0x00, 0x00, 0x00, 0x00, 0x00, 0x00, 0x00, 0x00, 0xa0, 0xe8, 0x08, 0xff,
    0xa8, 0xe8, 0x08, 0xff, 0xa8, 0xe4, 0x08, 0xff, 0xa8, 0xe8, 0x08, 0xff,
    0xa0, 0xe4, 0x08, 0xff, 0xa8, 0xe4, 0x08, 0xff, 0xa0, 0xe8, 0x08, 0xff,
    0xa0, 0xe8, 0x08, 0xff, 0xa8, 0xe4, 0x10, 0xff, 0xa0, 0xe4, 0x08, 0xff,
    0xa8, 0xe8, 0x10, 0xff, 0xa0, 0xe4, 0x10, 0xff, 0xa0, 0xe4, 0x08, 0xff,
    0xa8, 0xe8, 0x10, 0xff, 0xa0, 0xe8, 0x08, 0xff, 0xa8, 0xe4, 0x08, 0xff,
    0xa0, 0xe8, 0x08, 0xff, 0xa0, 0xe4, 0x10, 0xff, 0xa8, 0xe4, 0x08, 0xff,
    0xf8, 0xfc, 0xf8, 0xff, 0xf8, 0xfc, 0xf8, 0xff, 0xf8, 0xfc, 0xf8, 0xff,
    0xf8, 0xfc, 0xf8, 0xff, 0xf8, 0xfc, 0xf8, 0xff, 0xf8, 0xfc, 0xf8, 0xff,
    0xf8, 0xfc, 0xf8, 0xff, 0xf8, 0xfc, 0xf8, 0xff, 0xa8, 0xe4, 0x08, 0xff,
    0xa0, 0xe8, 0x10, 0xff, 0xa0, 0xe8, 0x08, 0xff, 0xa8, 0xe4, 0x08, 0xff,
    0xa8, 0xe8, 0x10, 0xff, 0xa0, 0xe4, 0x08, 0xff, 0xa8, 0xe4, 0x08, 0xff,
    0xa0, 0xe8, 0x08, 0xff, 0xf8, 0xfc, 0xf8, 0xff, 0xf8, 0xfc, 0xf8, 0xff,
    0xf8, 0xfc, 0xf8, 0xff, 0xf8, 0xfc, 0xf8, 0xff, 0xf8, 0xfc, 0xf8, 0xff,
    0xf8, 0xfc, 0xf8, 0xff, 0xf8, 0xfc, 0xf8, 0xff, 0xf8, 0xfc, 0xf8, 0xff,
    0xa8, 0xe8, 0x08, 0xff, 0xa0, 0xe4, 0x10, 0xff, 0xa0, 0xe8, 0x08, 0xff,
    0xa8, 0xe8, 0x08, 0xff, 0xa0, 0xe4, 0x10, 0xff, 0xa0, 0xe8, 0x08, 0xff,
    0xa8, 0xe4, 0x08, 0xff, 0xa0, 0xe8, 0x08, 0xff, 0xa8, 0xe4, 0x08, 0xff,
    0xa0, 0xe8, 0x08, 0xff, 0xa0, 0xe4, 0x10, 0xff, 0xa8, 0xe8, 0x08, 0xff,
    0xa0, 0xe4, 0x08, 0xff, 0xa0, 0xe8, 0x08, 0xff, 0xa8, 0xe8, 0x08, 0xff,
    0xa0, 0xe4, 0x08, 0xff, 0xa8, 0xe4, 0x10, 0xff, 0xa8, 0xe8, 0x08, 0xff,
    0xa0, 0xe4, 0x08, 0xff, 0x00, 0x00, 0x00, 0x00, 0x00, 0x00, 0x00, 0x00,
    0x00, 0x00, 0x00, 0x00, 0x00, 0x00, 0x00, 0x00, 0x00, 0x00, 0x00, 0x00,
    0x00, 0x00, 0x00, 0x00, 0x00, 0x00, 0x00, 0x00, 0x00, 0x00, 0x00, 0x00,
    0x00, 0x00, 0x00, 0x00, 0xa0, 0xe4, 0x10, 0xff, 0xa0, 0xe8, 0x08, 0xff,
    0xa8, 0xe8, 0x08, 0xff, 0xa8, 0xe4, 0x10, 0xff, 0xa0, 0xe8, 0x10, 0xff,
    0xa8, 0xe4, 0x08, 0xff, 0xa8, 0xe4, 0x08, 0xff, 0xa0, 0xe8, 0x08, 0xff,
    0xa0, 0xe8, 0x08, 0xff, 0xa8, 0xe4, 0x08, 0xff, 0xa8, 0xe8, 0x08, 0xff,
    0xa0, 0xe4, 0x08, 0xff, 0xa8, 0xe8, 0x10, 0xff, 0xa8, 0xe4, 0x08, 0xff,
    0xa0, 0xe4, 0x08, 0xff, 0xa8, 0xe8, 0x10, 0xff, 0xa8, 0xe8, 0x08, 0xff,
    0xa0, 0xe4, 0x08, 0xff, 0xf8, 0xfc, 0xf8, 0xff, 0xf8, 0xfc, 0xf8, 0xff,
    0xf8, 0xfc, 0xf8, 0xff, 0xf8, 0xfc, 0xf8, 0xff, 0xf8, 0xfc, 0xf8, 0xff,
    0xf8, 0xfc, 0xf8, 0xff, 0xf8, 0xfc, 0xf8, 0xff, 0xf8, 0xfc, 0xf8, 0xff,
    0xa8, 0xe4, 0x08, 0xff, 0xa0, 0xe8, 0x08, 0xff, 0xa8, 0xe4, 0x10, 0xff,
    0xa0, 0xe8, 0x08, 0xff, 0xa0, 0xe8, 0x08, 0xff, 0xa8, 0xe4, 0x10, 0xff,
    0xa0, 0xe8, 0x08, 0xff, 0xa8, 0xe4, 0x08, 0xff, 0xf8, 0xfc, 0xf8, 0xff,
    0xf8, 0xfc, 0xf8, 0xff, 0xf8, 0xfc, 0xf8, 0xff, 0xf8, 0xfc, 0xf8, 0xff,
    0xf8, 0xfc, 0xf8, 0xff, 0xf8, 0xfc, 0xf8, 0xff, 0xf8, 0xfc, 0xf8, 0xff,
    0xf8, 0xfc, 0xf8, 0xff, 0xa8, 0xe8, 0x08, 0xff, 0xa0, 0xe4, 0x08, 0xff,
    0xa8, 0xe8, 0x10, 0xff, 0xa8, 0xe4, 0x08, 0xff, 0xa0, 0xe8, 0x08, 0xff,
    0xa8, 0xe4, 0x08, 0xff, 0xa0, 0xe8, 0x08, 0xff, 0xa8, 0xe4, 0x10, 0xff,
    0xa8, 0xe8, 0x08, 0xff, 0xa0, 0xe4, 0x08, 0xff, 0xa8, 0xe8, 0x08, 0xff,
    0xa8, 0xe4, 0x08, 0xff, 0xa0, 0xe8, 0x10, 0xff, 0xa8, 0xe4, 0x08, 0xff,
    0xa0, 0xe8, 0x08, 0xff, 0xa0, 0xe8, 0x10, 0xff, 0xa8, 0xe4, 0x08, 0xff,
    0xa0, 0xe8, 0x10, 0xff, 0x00, 0x00, 0x00, 0x00, 0x00, 0x00, 0x00, 0x00,
    0x00, 0x00, 0x00, 0x00, 0x00, 0x00, 0x00, 0x00, 0x00, 0x00, 0x00, 0x00,
    0x00, 0x00, 0x00, 0x00, 0x00, 0x00, 0x00, 0x00, 0x00, 0x00, 0x00, 0x00,
    0x00, 0x00, 0x00, 0x00, 0x00, 0x00, 0x00, 0x00, 0xa8, 0xe4, 0x08, 0xff,
    0xa0, 0xe8, 0x10, 0xff, 0xa0, 0xe4, 0x08, 0xff, 0xa8, 0xe8, 0x08, 0xff,
    0xa0, 0xe8, 0x08, 0xff, 0xa8, 0xe4, 0x10, 0xff, 0xa8, 0xe8, 0x08, 0xff,
    0xa0, 0xe8, 0x08, 0xff, 0xa8, 0xe4, 0x10, 0xff, 0xa0, 0xe8, 0x08, 0xff,
    0xa8, 0xe4, 0x08, 0xff, 0xa0, 0xe8, 0x08, 0xff, 0xa0, 0xe8, 0x08, 0xff,
    0xa8, 0xe4, 0x08, 0xff, 0xa0, 0xe8, 0x10, 0xff, 0xa8, 0xe8, 0x08, 0xff,
    0xa0, 0xe4, 0x08, 0xff, 0xa0, 0xe8, 0x10, 0xff, 0xf8, 0xfc, 0xf8, 0xff,
    0xf8, 0xfc, 0xf8, 0xff, 0xf8, 0xfc, 0xf8, 0xff, 0xf8, 0xfc, 0xf8, 0xff,
    0xf8, 0xfc, 0xf8, 0xff, 0xf8, 0xfc, 0xf8, 0xff, 0xf8, 0xfc, 0xf8, 0xff,
    0xf8, 0xfc, 0xf8, 0xff, 0xa0, 0xe8, 0x08, 0xff, 0xa8, 0xe4, 0x08, 0xff,
    0xa8, 0xe4, 0x08, 0xff, 0xa0, 0xe8, 0x08, 0xff, 0xa8, 0xe4, 0x08, 0xff,
    0xa0, 0xe8, 0x08, 0xff, 0xa8, 0xe8, 0x10, 0xff, 0xa0, 0xe4, 0x08, 0xff,
    0xf8, 0xfc, 0xf8, 0xff, 0xf8, 0xfc, 0xf8, 0xff, 0xf8, 0xfc, 0xf8, 0xff,
    0xf8, 0xfc, 0xf8, 0xff, 0xf8, 0xfc, 0xf8, 0xff, 0xf8, 0xfc, 0xf8, 0xff,
    0xf8, 0xfc, 0xf8, 0xff, 0xf8, 0xfc, 0xf8, 0xff, 0xa0, 0xe4, 0x08, 0xff,
    0xa8, 0xe8, 0x08, 0xff, 0xa0, 0xe4, 0x08, 0xff, 0xa0, 0xe4, 0x10, 0xff,
    0xa8, 0xe8, 0x08, 0xff, 0xa8, 0xe8, 0x08, 0xff, 0xa0, 0xe4, 0x10, 0xff,
    0xa0, 0xe8, 0x08, 0xff, 0xa8, 0xe4, 0x08, 0xff, 0xa0, 0xe8, 0x10, 0xff,
    0xa8, 0xe4, 0x08, 0xff, 0xa0, 0xe8, 0x08, 0xff, 0xa8, 0xe4, 0x10, 0xff,
    0xa8, 0xe4, 0x08, 0xff, 0xa0, 0xe8, 0x08, 0xff, 0xa8, 0xe4, 0x08, 0xff,
    0xa8, 0xe8, 0x08, 0xff, 0xa0, 0xe4, 0x08, 0xff, 0x00, 0x00, 0x00, 0x00,
    0x00, 0x00, 0x00, 0x00, 0x00, 0x00, 0x00, 0x00, 0x00, 0x00, 0x00, 0x00,
    0x00, 0x00, 0x00, 0x00, 0x00, 0x00, 0x00, 0x00, 0x00, 0x00, 0x00, 0x00,
    0x00, 0x00, 0x00, 0x00, 0x00, 0x00, 0x00, 0x00, 0x00, 0x00, 0x00, 0x00,
    0x00, 0x00, 0x00, 0x00, 0xa8, 0xe4, 0x08, 0xff, 0xa0, 0xe4, 0x08, 0xff,
    0xa0, 0xe8, 0x08, 0xff, 0xa8, 0xe4, 0x08, 0xff, 0xa0, 0xe4, 0x08, 0xff,
    0xa0, 0xe8, 0x10, 0xff, 0xa8, 0xe4, 0x08, 0xff, 0xa0, 0xe4, 0x08, 0xff,
    0xa8, 0xe8, 0x10, 0xff, 0xa0, 0xe4, 0x08, 0xff, 0xa8, 0xe4, 0x10, 0xff,
    0xa8, 0xe8, 0x08, 0xff, 0xa0, 0xe4, 0x08, 0xff, 0xa8, 0xe4, 0x08, 0xff,
    0xa0, 0xe8, 0x08, 0xff, 0xa8, 0xe4, 0x08, 0xff, 0xa8, 0xe8, 0x08, 0xff,
    0xf8, 0xfc, 0xf8, 0xff, 0xf8, 0xfc, 0xf8, 0xff, 0xf8, 0xfc, 0xf8, 0xff,
    0xf8, 0xfc, 0xf8, 0xff, 0xf8, 0xfc, 0xf8, 0xff, 0xf8, 0xfc, 0xf8, 0xff,
    0xf8, 0xfc, 0xf8, 0xff, 0xf8, 0xfc, 0xf8, 0xff, 0xa0, 0xe8, 0x10, 0xff,
    0xa8, 0xe4, 0x08, 0xff, 0xa0, 0xe8, 0x10, 0xff, 0xa8, 0xe4, 0x08, 0xff,
    0xa0, 0xe4, 0x08, 0xff, 0xa8, 0xe8, 0x10, 0xff, 0xa0, 0xe4, 0x08, 0xff,
    0xa8, 0xe8, 0x08, 0xff, 0xf8, 0xfc, 0xf8, 0xff, 0xf8, 0xfc, 0xf8, 0xff,
    0xf8, 0xfc, 0xf8, 0xff, 0xf8, 0xfc, 0xf8, 0xff, 0xf8, 0xfc, 0xf8, 0xff,
    0xf8, 0xfc, 0xf8, 0xff, 0xf8, 0xfc, 0xf8, 0xff, 0xf8, 0xfc, 0xf8, 0xff,
    0xa8, 0xe8, 0x10, 0xff, 0xa0, 0xe4, 0x08, 0xff, 0xa8, 0xe8, 0x08, 0xff,
    0xa0, 0xe8, 0x08, 0xff, 0xa0, 0xe4, 0x10, 0xff, 0xa8, 0xe4, 0x08, 0xff,
    0xa0, 0xe8, 0x08, 0xff, 0xa8, 0xe4, 0x08, 0xff, 0xa0, 0xe8, 0x08, 0xff,
    0xa8, 0xe4, 0x10, 0xff, 0xa0, 0xe8, 0x08, 0xff, 0xa0, 0xe8, 0x08, 0xff,
    0xa8, 0xe4, 0x08, 0xff, 0xa0, 0xe8, 0x10, 0xff, 0xa0, 0xe4, 0x08, 0xff,
    0xa8, 0xe8, 0x08, 0xff, 0xa0, 0xe4, 0x10, 0xff, 0x00, 0x00, 0x00, 0x00,
    0x00, 0x00, 0x00, 0x00, 0x00, 0x00, 0x00, 0x00, 0x00, 0x00, 0x00, 0x00,
    0x00, 0x00, 0x00, 0x00, 0x00, 0x00, 0x00, 0x00, 0x00, 0x00, 0x00, 0x00,
    0x00, 0x00, 0x00, 0x00, 0x00, 0x00, 0x00, 0x00, 0x00, 0x00, 0x00, 0x00,
    0x00, 0x00, 0x00, 0x00, 0x00, 0x00, 0x00, 0x00, 0x00, 0x00, 0x00, 0x00,
    0xa8, 0xe8, 0x10, 0xff, 0xa8, 0xe4, 0x08, 0xff, 0xa0, 0xe8, 0x08, 0xff,
    0xa8, 0xe8, 0x10, 0xff, 0xa0, 0xe4, 0x08, 0xff, 0xa8, 0xe8, 0x08, 0xff,
    0xa8, 0xe8, 0x08, 0xff, 0xa0, 0xe4, 0x08, 0xff, 0xa0, 0xe8, 0x08, 0xff,
    0xa8, 0xe8, 0x08, 0xff, 0xa0, 0xe4, 0x10, 0xff, 0xa0, 0xe8, 0x08, 0xff,
    0xa8, 0xe4, 0x08, 0xff, 0xa0, 0xe4, 0x10, 0xff, 0xa0, 0xe8, 0x08, 0xff,
    0xa8, 0xe4, 0x08, 0xff, 0xf8, 0xfc, 0xf8, 0xff, 0xf8, 0xfc, 0xf8, 0xff,
    0xf8, 0xfc, 0xf8, 0xff, 0xf8, 0xfc, 0xf8, 0xff, 0xf8, 0xfc, 0xf8, 0xff,
    0xf8, 0xfc, 0xf8, 0xff, 0xf8, 0xfc, 0xf8, 0xff, 0xf8, 0xfc, 0xf8, 0xff,
    0xa8, 0xe4, 0x08, 0xff, 0xa0, 0xe8, 0x08, 0xff, 0xa0, 0xe8, 0x10, 0xff,
    0xa8, 0xe4, 0x08, 0xff, 0xa8, 0xe8, 0x08, 0xff, 0xa0, 0xe4, 0x08, 0xff,
    0xa8, 0xe4, 0x08, 0xff, 0xa0, 0xe8, 0x10, 0xff, 0xf8, 0xfc, 0xf8, 0xff,
    0xf8, 0xfc, 0xf8, 0xff, 0xf8, 0xfc, 0xf8, 0xff, 0xf8, 0xfc, 0xf8, 0xff,
    0xf8, 0xfc, 0xf8, 0xff, 0xf8, 0xfc, 0xf8, 0xff, 0xf8, 0xfc, 0xf8, 0xff,
    0xf8, 0xfc, 0xf8, 0xff, 0xa0, 0xe4, 0x08, 0xff, 0xa8, 0xe8, 0x10, 0xff,
    0xa8, 0xe4, 0x08, 0xff, 0xa8, 0xe8, 0x08, 0xff, 0xa0, 0xe4, 0x08, 0xff,
    0xa8, 0xe8, 0x10, 0xff, 0xa8, 0xe4, 0x08, 0xff, 0xa0, 0xe8, 0x08, 0xff,
    0xa8, 0xe4, 0x10, 0xff, 0xa0, 0xe4, 0x08, 0xff, 0xa8, 0xe8, 0x08, 0xff,
    0xa8, 0xe4, 0x08, 0xff, 0xa0, 0xe8, 0x08, 0xff, 0xa8, 0xe4, 0x10, 0xff,
    0xa8, 0xe8, 0x08, 0xff, 0xa0, 0xe4, 0x08, 0xff, 0xa8, 0xe8, 0x08, 0xff,
    0x00, 0x00, 0x00, 0x00, 0x00, 0x00, 0x00, 0x00, 0x00, 0x00, 0x00, 0x00,
    0x00, 0x00, 0x00, 0x00, 0x00, 0x00, 0x00, 0x00, 0x00, 0x00, 0x00, 0x00,
    0x00, 0x00, 0x00, 0x00, 0x00, 0x00, 0x00, 0x00, 0x00, 0x00, 0x00, 0x00,
    0x00, 0x00, 0x00, 0x00, 0x00, 0x00, 0x00, 0x00, 0x00, 0x00, 0x00, 0x00,
    0x00, 0x00, 0x00, 0x00, 0xa0, 0xe8, 0x08, 0xff, 0xa8, 0xe4, 0x08, 0xff,
    0xa0, 0xe4, 0x10, 0xff, 0xa8, 0xe8, 0x08, 0xff, 0xa0, 0xe4, 0x08, 0xff,
    0xa0, 0xe4, 0x08, 0xff, 0xa8, 0xe8, 0x10, 0xff, 0xa0, 0xe4, 0x08, 0xff,
    0xa8, 0xe4, 0x08, 0xff, 0xa8, 0xe8, 0x08, 0xff, 0xa0, 0xe4, 0x10, 0xff,
    0xa8, 0xe8, 0x08, 0xff, 0xa8, 0xe8, 0x08, 0xff, 0xa0, 0xe4, 0x10, 0xff,
    0xa8, 0xe8, 0x08, 0xff, 0xa0, 0xe8, 0x10, 0xff, 0xf8, 0xfc, 0xf8, 0xff,
    0xf8, 0xfc, 0xf8, 0xff, 0xf8, 0xfc, 0xf8, 0xff, 0xf8, 0xfc, 0xf8, 0xff,
    0xf8, 0xfc, 0xf8, 0xff, 0xf8, 0xfc, 0xf8, 0xff, 0xf8, 0xfc, 0xf8, 0xff,
    0xf8, 0xfc, 0xf8, 0xff, 0xa8, 0xe4, 0x08, 0xff, 0xa0, 0xe8, 0x08, 0xff,
    0xa8, 0xe4, 0x08, 0xff, 0xa0, 0xe8, 0x10, 0xff, 0xa0, 0xe8, 0x08, 0xff,
    0xa8, 0xe4, 0x08, 0xff, 0xa0, 0xe8, 0x10, 0xff, 0xa8, 0xe4, 0x08, 0xff,
    0xf8, 0xfc, 0xf8, 0xff, 0xf8, 0xfc, 0xf8, 0xff, 0xf8, 0xfc, 0xf8, 0xff,
    0xf8, 0xfc, 0xf8, 0xff, 0xf8, 0xfc, 0xf8, 0xff, 0xf8, 0xfc, 0xf8, 0xff,
    0xf8, 0xfc, 0xf8, 0xff, 0xf8, 0xfc, 0xf8, 0xff, 0xa0, 0xe8, 0x08, 0xff,
    0xa0, 0xe4, 0x08, 0xff, 0xa8, 0xe4, 0x10, 0xff, 0xa0, 0xe8, 0x08, 0xff,
    0xa0, 0xe8, 0x08, 0xff, 0xa8, 0xe4, 0x08, 0xff, 0xa0, 0xe8, 0x08, 0xff,
    0xa0, 0xe8, 0x10, 0xff, 0xa8, 0xe4, 0x08, 0xff, 0xa0, 0xe8, 0x08, 0xff,
    0xa0, 0xe4, 0x10, 0xff, 0xa8, 0xe4, 0x08, 0xff, 0xa0, 0xe8, 0x08, 0xff,
    0xa0, 0xe8, 0x08, 0xff, 0xa8, 0xe4, 0x10, 0xff, 0xa0, 0xe8, 0x08, 0xff,
    0x00, 0x00, 0x00, 0x00, 0x00, 0x00, 0x00, 0x00, 0x00, 0x00, 0x00, 0x00,
    0x00, 0x00, 0x00, 0x00, 0x00, 0x00, 0x00, 0x00, 0x00, 0x00, 0x00, 0x00,
    0x00, 0x00, 0x00, 0x00, 0x00, 0x00, 0x00, 0x00, 0x00, 0x00, 0x00, 0x00,
    0x00, 0x00, 0x00, 0x00, 0x00, 0x00, 0x00, 0x00, 0x00, 0x00, 0x00, 0x00,
    0x00, 0x00, 0x00, 0x00, 0x00, 0x00, 0x00, 0x00, 0x00, 0x00, 0x00, 0x00,
    0xa0, 0xe8, 0x08, 0xff, 0xa8, 0xe4, 0x08, 0xff, 0xa8, 0xe8, 0x08, 0xff,
    0xa0, 0xe8, 0x08, 0xff, 0xa8, 0xe4, 0x10, 0xff, 0xa0, 0xe8, 0x08, 0xff,
    0xa8, 0xe8, 0x10, 0xff, 0xa0, 0xe4, 0x08, 0xff, 0xa0, 0xe8, 0x08, 0xff,
    0xa8, 0xe4, 0x08, 0xff, 0xa0, 0xe4, 0x08, 0xff, 0xa0, 0xe8, 0x08, 0xff,
    0xa8, 0xe4, 0x08, 0xff, 0xa8, 0xe4, 0x08, 0xff, 0xa0, 0xe8, 0x08, 0xff,
    0xf8, 0xfc, 0xf8, 0xff, 0xf8, 0xfc, 0xf8, 0xff, 0xf8, 0xfc, 0xf8, 0xff,
    0xf8, 0xfc, 0xf8, 0xff, 0xf8, 0xfc, 0xf8, 0xff, 0xf8, 0xfc, 0xf8, 0xff,
    0xf8, 0xfc, 0xf8, 0xff, 0xf8, 0xfc, 0xf8, 0xff, 0xa0, 0xe8, 0x10, 0xff,
    0xa8, 0xe4, 0x08, 0xff, 0xa8, 0xe4, 0x08, 0xff, 0xa0, 0xe8, 0x08, 0xff,
    0xa8, 0xe4, 0x10, 0xff, 0xa0, 0xe8, 0x08, 0xff, 0xa8, 0xe8, 0x08, 0xff,
    0xa0, 0xe4, 0x08, 0xff, 0xf8, 0xfc, 0xf8, 0xff, 0xf8, 0xfc, 0xf8, 0xff,
    0xf8, 0xfc, 0xf8, 0xff, 0xf8, 0xfc, 0xf8, 0xff, 0xf8, 0xfc, 0xf8, 0xff,
    0xf8, 0xfc, 0xf8, 0xff, 0xf8, 0xfc, 0xf8, 0xff, 0xf8, 0xfc, 0xf8, 0xff,
    0xa8, 0xe8, 0x08, 0xff, 0xa8, 0xe4, 0x08, 0xff, 0xa0, 0xe8, 0x08, 0xff,
    0xa0, 0xe4, 0x10, 0xff, 0xa8, 0xe4, 0x08, 0xff, 0xa8, 0xe4, 0x08, 0xff,
    0xa0, 0xe8, 0x10, 0xff, 0xa8, 0xe4, 0x08, 0xff, 0xa8, 0xe8, 0x08, 0xff,
    0xa0, 0xe8, 0x08, 0xff, 0xa8, 0xe4, 0x10, 0xff, 0xa8, 0xe8, 0x08, 0xff,
    0xa0, 0xe4, 0x08, 0xff, 0xa8, 0xe4, 0x08, 0xff, 0xa0, 0xe8, 0x08, 0xff,
    0x00, 0x00, 0x00, 0x00, 0x00, 0x00, 0x00, 0x00, 0x00, 0x00, 0x00, 0x00,
    0x00, 0x00, 0x00, 0x00, 0x00, 0x00, 0x00, 0x00, 0x00, 0x00, 0x00, 0x00,
    0x00, 0x00, 0x00, 0x00, 0x00, 0x00, 0x00, 0x00, 0x00, 0x00, 0x00, 0x00,
    0x00, 0x00, 0x00, 0x00, 0x00, 0x00, 0x00, 0x00, 0x00, 0x00, 0x00, 0x00,
    0x00, 0x00, 0x00, 0x00, 0x00, 0x00, 0x00, 0x00, 0x00, 0x00, 0x00, 0x00,
    0x00, 0x00, 0x00, 0x00, 0x00, 0x00, 0x00, 0x00, 0xa0, 0xe4, 0x10, 0xff,
    0xa8, 0xe8, 0x08, 0xff, 0xa0, 0xe4, 0x08, 0xff, 0xa8, 0xe4, 0x08, 0xff,
    0xa8, 0xe8, 0x08, 0xff, 0xa0, 0xe4, 0x08, 0xff, 0xa8, 0xe8, 0x10, 0xff,
    0xa8, 0xe8, 0x08, 0xff, 0xa0, 0xe4, 0x10, 0xff, 0xa8, 0xe8, 0x08, 0xff,
    0xa0, 0xe8, 0x10, 0xff, 0xa8, 0xe4, 0x08, 0xff, 0xa0, 0xe8, 0x08, 0xff,
    0xa8, 0xe4, 0x10, 0xff, 0xf8, 0xfc, 0xf8, 0xff, 0xf8, 0xfc, 0xf8, 0xff,
    0xf8, 0xfc, 0xf8, 0xff, 0xf8, 0xfc, 0xf8, 0xff, 0xf8, 0xfc, 0xf8, 0xff,
    0xf8, 0xfc, 0xf8, 0xff, 0xf8, 0xfc, 0xf8, 0xff, 0xf8, 0xfc, 0xf8, 0xff,
    0xa0, 0xe8, 0x08, 0xff, 0xa8, 0xe4, 0x10, 0xff, 0xa0, 0xe8, 0x08, 0xff,
    0xa8, 0xe4, 0x08, 0xff, 0xa0, 0xe4, 0x08, 0xff, 0xa8, 0xe8, 0x10, 0xff,
    0xa0, 0xe4, 0x08, 0xff, 0xa8, 0xe8, 0x08, 0xff, 0xf8, 0xfc, 0xf8, 0xff,
    0xf8, 0xfc, 0xf8, 0xff, 0xf8, 0xfc, 0xf8, 0xff, 0xf8, 0xfc, 0xf8, 0xff,
    0xf8, 0xfc, 0xf8, 0xff, 0xf8, 0xfc, 0xf8, 0xff, 0xf8, 0xfc, 0xf8, 0xff,
    0xf8, 0xfc, 0xf8, 0xff, 0xa8, 0xe4, 0x10, 0xff, 0xa0, 0xe8, 0x08, 0xff,
    0xa8, 0xe8, 0x08, 0xff, 0xa8, 0xe4, 0x08, 0xff, 0xa0, 0xe8, 0x10, 0xff,
    0xa0, 0xe8, 0x08, 0xff, 0xa8, 0xe4, 0x08, 0xff, 0xa0, 0xe4, 0x08, 0xff,
    0xa0, 0xe8, 0x08, 0xff, 0xa8, 0xe4, 0x08, 0xff, 0xa0, 0xe8, 0x08, 0xff,
    0xa0, 0xe8, 0x10, 0xff, 0xa8, 0xe4, 0x08, 0xff, 0xa8, 0xe4, 0x10, 0xff,
    0x00, 0x00, 0x00, 0x00, 0x00, 0x00, 0x00, 0x00, 0x00, 0x00, 0x00, 0x00,
    0x00, 0x00, 0x00, 0x00, 0x00, 0x00, 0x00, 0x00, 0x00, 0x00, 0x00, 0x00,
    0x00, 0x00, 0x00, 0x00, 0x00, 0x00, 0x00, 0x00, 0x00, 0x00, 0x00, 0x00,
    0x00, 0x00, 0x00, 0x00, 0x00, 0x00, 0x00, 0x00, 0x00, 0x00, 0x00, 0x00,
    0x00, 0x00, 0x00, 0x00, 0x00, 0x00, 0x00, 0x00, 0x00, 0x00, 0x00, 0x00,
    0x00, 0x00, 0x00, 0x00, 0x00, 0x00, 0x00, 0x00, 0x00, 0x00, 0x00, 0x00,
    0x00, 0x00, 0x00, 0x00, 0xa0, 0xe8, 0x10, 0xff, 0xa8, 0xe4, 0x08, 0xff,
    0xa0, 0xe8, 0x08, 0xff, 0xa0, 0xe4, 0x10, 0xff, 0xa8, 0xe4, 0x08, 0xff,
    0xa0, 0xe8, 0x08, 0xff, 0xa8, 0xe4, 0x08, 0xff, 0xa0, 0xe4, 0x08, 0xff,
    0xa8, 0xe8, 0x10, 0xff, 0xa8, 0xe4, 0x08, 0xff, 0xa0, 0xe8, 0x08, 0xff,
    0xa0, 0xe8, 0x10, 0xff, 0xa8, 0xe4, 0x08, 0xff, 0xf8, 0xfc, 0xf8, 0xff,
    0xf8, 0xfc, 0xf8, 0xff, 0xf8, 0xfc, 0xf8, 0xff, 0xf8, 0xfc, 0xf8, 0xff,
    0xf8, 0xfc, 0xf8, 0xff, 0xf8, 0xfc, 0xf8, 0xff, 0xf8, 0xfc, 0xf8, 0xff,
    0xf8, 0xfc, 0xf8, 0xff, 0xa8, 0xe4, 0x08, 0xff, 0xa0, 0xe8, 0x08, 0xff,
    0xa0, 0xe8, 0x10, 0xff, 0xa8, 0xe4, 0x08, 0xff, 0xa8, 0xe8, 0x08, 0xff,
    0xa0, 0xe4, 0x08, 0xff, 0xa8, 0xe4, 0x10, 0xff, 0xa0, 0xe8, 0x08, 0xff,
    0xf8, 0xfc, 0xf8, 0xff, 0xf8, 0xfc, 0xf8, 0xff, 0xf8, 0xfc, 0xf8, 0xff,
    0xf8, 0xfc, 0xf8, 0xff, 0xf8, 0xfc, 0xf8, 0xff, 0xf8, 0xfc, 0xf8, 0xff,
    0xf8, 0xfc, 0xf8, 0xff, 0xf8, 0xfc, 0xf8, 0xff, 0xa0, 0xe4, 0x08, 0xff,
    0xa0, 0xe8, 0x10, 0xff, 0xa8, 0xe4, 0x08, 0xff, 0xa8, 0xe4, 0x08, 0xff,
    0xa0, 0xe8, 0x08, 0xff, 0xa8, 0xe8, 0x10, 0xff, 0xa8, 0xe4, 0x08, 0xff,
    0xa0, 0xe8, 0x08, 0xff, 0xa8, 0xe4, 0x10, 0xff, 0xa8, 0xe4, 0x08, 0xff,
    0xa0, 0xe8, 0x08, 0xff, 0xa0, 0xe4, 0x08, 0xff, 0xa8, 0xe8, 0x08, 0xff,
    0x00, 0x00, 0x00, 0x00, 0x00, 0x00, 0x00, 0x00, 0x00, 0x00, 0x00, 0x00,
    0x00, 0x00, 0x00, 0x00, 0x00, 0x00, 0x00, 0x00, 0x00, 0x00, 0x00, 0x00,
    0x00, 0x00, 0x00, 0x00, 0x00, 0x00, 0x00, 0x00, 0x00, 0x00, 0x00, 0x00,
    0x00, 0x00, 0x00, 0x00, 0x00, 0x00, 0x00, 0x00, 0x00, 0x00, 0x00, 0x00,
    0x00, 0x00, 0x00, 0x00, 0x00, 0x00, 0x00, 0x00, 0x00, 0x00, 0x00, 0x00,
    0x00, 0x00, 0x00, 0x00, 0x00, 0x00, 0x00, 0x00, 0x00, 0x00, 0x00, 0x00,
    0x00, 0x00, 0x00, 0x00, 0x00, 0x00, 0x00, 0x00, 0x00, 0x00, 0x00, 0x00,
    0xa8, 0xe8, 0x08, 0xff, 0xa0, 0xe8, 0x10, 0xff, 0xa8, 0xe4, 0x08, 0xff,
    0xa0, 0xe8, 0x08, 0xff, 0xa0, 0xe8, 0x08, 0xff, 0xa8, 0xe4, 0x10, 0xff,
    0xa0, 0xe8, 0x08, 0xff, 0xa0, 0xe4, 0x08, 0xff, 0xa8, 0xe4, 0x08, 0xff,
    0xa0, 0xe8, 0x08, 0xff, 0xa8, 0xe4, 0x08, 0xff, 0xa0, 0xe4, 0x08, 0xff,
    0xf8, 0xfc, 0xf8, 0xff, 0xf8, 0xfc, 0xf8, 0xff, 0xf8, 0xfc, 0xf8, 0xff,
    0xf8, 0xfc, 0xf8, 0xff, 0xf8, 0xfc, 0xf8, 0xff, 0xf8, 0xfc, 0xf8, 0xff,
    0xf8, 0xfc, 0xf8, 0xff, 0xf8, 0xfc, 0xf8, 0xff, 0xa8, 0xe4, 0x08, 0xff,
    0xa0, 0xe8, 0x08, 0xff, 0xa8, 0xe4, 0x08, 0xff, 0xa0, 0xe8, 0x10, 0xff,
    0xa0, 0xe8, 0x08, 0xff, 0xa8, 0xe4, 0x08, 0xff, 0xa0, 0xe8, 0x08, 0xff,
    0xa8, 0xe4, 0x10, 0xff, 0xf8, 0xfc, 0xf8, 0xff, 0xf8, 0xfc, 0xf8, 0xff,
    0xf8, 0xfc, 0xf8, 0xff, 0xf8, 0xfc, 0xf8, 0xff, 0xf8, 0xfc, 0xf8, 0xff,
    0xf8, 0xfc, 0xf8, 0xff, 0xf8, 0xfc, 0xf8, 0xff, 0xf8, 0xfc, 0xf8, 0xff,
    0xa8, 0xe8, 0x08, 0xff, 0xa0, 0xe4, 0x08, 0xff, 0xa0, 0xe8, 0x10, 0xff,
    0xa8, 0xe4, 0x08, 0xff, 0xa0, 0xe4, 0x08, 0xff, 0xa0, 0xe8, 0x08, 0xff,
    0xa8, 0xe4, 0x10, 0xff, 0xa0, 0xe8, 0x08, 0xff, 0xa8, 0xe8, 0x08, 0xff,
    0xa8, 0xe4, 0x10, 0xff, 0xa0, 0xe4, 0x08, 0xff, 0xa8, 0xe8, 0x08, 0xff,
    0xa0, 0xe8, 0x10, 0xff, 0x00, 0x00, 0x00, 0x00, 0x00, 0x00, 0x00, 0x00,
    0x00, 0x00, 0x00, 0x00, 0x00, 0x00, 0x00, 0x00, 0x00, 0x00, 0x00, 0x00,
    0x00, 0x00, 0x00, 0x00, 0x00, 0x00, 0x00, 0x00, 0x00, 0x00, 0x00, 0x00,
    0x00, 0x00, 0x00, 0x00, 0x00, 0x00, 0x00, 0x00, 0x00, 0x00, 0x00, 0x00,
    0x00, 0x00, 0x00, 0x00, 0x00, 0x00, 0x00, 0x00, 0x00, 0x00, 0x00, 0x00,
    0x00, 0x00, 0x00, 0x00, 0x00, 0x00, 0x00, 0x00, 0x00, 0x00, 0x00, 0x00,
    0x00, 0x00, 0x00, 0x00, 0x00, 0x00, 0x00, 0x00, 0x00, 0x00, 0x00, 0x00,
    0x00, 0x00, 0x00, 0x00, 0xa0, 0xe4, 0x08, 0xff, 0xa8, 0xe4, 0x08, 0xff,
    0xa8, 0xe8, 0x08, 0xff, 0xa0, 0xe4, 0x10, 0xff, 0xa8, 0xe4, 0x08, 0xff,
    0xa8, 0xe8, 0x08, 0xff, 0xa0, 0xe8, 0x10, 0xff, 0xa8, 0xe4, 0x08, 0xff,
    0xa0, 0xe8, 0x08, 0xff, 0xa8, 0xe8, 0x10, 0xff, 0xa8, 0xe4, 0x08, 0xff,
    0xa0, 0xe8, 0x08, 0xff, 0xa8, 0xe8, 0x10, 0xff, 0xa0, 0xe4, 0x08, 0xff,
    0xa8, 0xe8, 0x08, 0xff, 0xa0, 0xe4, 0x10, 0xff, 0xa8, 0xe4, 0x08, 0xff,
    0xa0, 0xe8, 0x08, 0xff, 0xa0, 0xe8, 0x10, 0xff, 0xa8, 0xe4, 0x08, 0xff,
    0xa0, 0xe8, 0x10, 0xff, 0xa8, 0xe4, 0x08, 0xff, 0xa8, 0xe4, 0x08, 0xff,
    0xa0, 0xe8, 0x08, 0xff, 0xa8, 0xe4, 0x10, 0xff, 0xa0, 0xe8, 0x08, 0xff,
    0xa8, 0xe8, 0x08, 0xff, 0xa0, 0xe4, 0x08, 0xff, 0xa8, 0xe8, 0x08, 0xff,
    0xa0, 0xe4, 0x08, 0xff, 0xa8, 0xe8, 0x10, 0xff, 0xa0, 0xe4, 0x08, 0xff,
    0xa8, 0xe8, 0x08, 0xff, 0xa0, 0xe4, 0x10, 0xff, 0xa8, 0xe8, 0x08, 0xff,
    0xa0, 0xe4, 0x08, 0xff, 0xa8, 0xe8, 0x10, 0xff, 0xa8, 0xe4, 0x08, 0xff,
    0xa0, 0xe8, 0x08, 0xff, 0xa8, 0xe8, 0x10, 0xff, 0xa0, 0xe4, 0x08, 0xff,
    0xa8, 0xe8, 0x08, 0xff, 0xa0, 0xe4, 0x08, 0xff, 0xa0, 0xe4, 0x08, 0xff,
    0xa0, 0xe8, 0x08, 0xff, 0xa8, 0xe8, 0x10, 0xff, 0xa0, 0xe4, 0x08, 0xff,
    0xa8, 0xe4, 0x08, 0xff, 0x00, 0x00, 0x00, 0x00, 0x00, 0x00, 0x00, 0x00,
    0x00, 0x00, 0x00, 0x00, 0x00, 0x00, 0x00, 0x00, 0x00, 0x00, 0x00, 0x00,
    0x00, 0x00, 0x00, 0x00, 0x00, 0x00, 0x00, 0x00, 0x00, 0x00, 0x00, 0x00,
    0x00, 0x00, 0x00, 0x00, 0x00, 0x00, 0x00, 0x00, 0x00, 0x00, 0x00, 0x00,
    0x00, 0x00, 0x00, 0x00, 0x00, 0x00, 0x00, 0x00, 0x00, 0x00, 0x00, 0x00,
    0x00, 0x00, 0x00, 0x00, 0x00, 0x00, 0x00, 0x00, 0x00, 0x00, 0x00, 0x00,
    0x00, 0x00, 0x00, 0x00, 0x00, 0x00, 0x00, 0x00, 0x00, 0x00, 0x00, 0x00,
    0x00, 0x00, 0x00, 0x00, 0x00, 0x00, 0x00, 0x00, 0x00, 0x00, 0x00, 0x00,
    0x00, 0x00, 0x00, 0x00, 0xa0, 0xe8, 0x08, 0xff, 0xa8, 0xe4, 0x08, 0xff,
    0xa0, 0xe4, 0x08, 0xff, 0xa0, 0xe8, 0x08, 0xff, 0xa8, 0xe4, 0x08, 0xff,
    0xa8, 0xe4, 0x08, 0xff, 0xa0, 0xe8, 0x10, 0xff, 0xa0, 0xe4, 0x08, 0xff,
    0xa8, 0xe8, 0x08, 0xff, 0xa0, 0xe8, 0x10, 0xff, 0xa8, 0xe4, 0x08, 0xff,
    0xa8, 0xe8, 0x08, 0xff, 0xa0, 0xe8, 0x08, 0xff, 0xa8, 0xe4, 0x08, 0xff,
    0xa0, 0xe8, 0x08, 0xff, 0xa8, 0xe4, 0x08, 0xff, 0xa8, 0xe4, 0x08, 0xff,
    0xa0, 0xe8, 0x08, 0xff, 0xa0, 0xe8, 0x08, 0xff, 0xa8, 0xe4, 0x10, 0xff,
    0xa0, 0xe8, 0x08, 0xff, 0xa8, 0xe4, 0x08, 0xff, 0xa0, 0xe4, 0x08, 0xff,
    0xa8, 0xe8, 0x10, 0xff, 0xa0, 0xe4, 0x08, 0xff, 0xa8, 0xe8, 0x08, 0xff,
    0xa0, 0xe4, 0x10, 0xff, 0xa8, 0xe8, 0x08, 0xff, 0xa0, 0xe4, 0x08, 0xff,
    0xa8, 0xe8, 0x08, 0xff, 0xa0, 0xe4, 0x08, 0xff, 0xa8, 0xe8, 0x10, 0xff,
    0xa0, 0xe4, 0x08, 0xff, 0xa0, 0xe8, 0x08, 0xff, 0xa8, 0xe4, 0x08, 0xff,
    0xa0, 0xe4, 0x08, 0xff, 0xa8, 0xe8, 0x08, 0xff, 0xa0, 0xe4, 0x08, 0xff,
    0xa8, 0xe8, 0x10, 0xff, 0xa8, 0xe8, 0x08, 0xff, 0xa8, 0xe4, 0x08, 0xff,
    0xa0, 0xe4, 0x10, 0xff, 0xa8, 0xe8, 0x08, 0xff, 0xa0, 0xe8, 0x08, 0xff,
    0x00, 0x00, 0x00, 0x00, 0x00, 0x00, 0x00, 0x00, 0x00, 0x00, 0x00, 0x00,
    0x00, 0x00, 0x00, 0x00, 0x00, 0x00, 0x00, 0x00, 0x00, 0x00, 0x00, 0x00,
    0x00, 0x00, 0x00, 0x00, 0x00, 0x00, 0x00, 0x00, 0x00, 0x00, 0x00, 0x00,
    0x00, 0x00, 0x00, 0x00, 0x00, 0x00, 0x00, 0x00, 0x00, 0x00, 0x00, 0x00,
    0x00, 0x00, 0x00, 0x00, 0x00, 0x00, 0x00, 0x00, 0x00, 0x00, 0x00, 0x00,
    0x00, 0x00, 0x00, 0x00, 0x00, 0x00, 0x00, 0x00, 0x00, 0x00, 0x00, 0x00,
    0x00, 0x00, 0x00, 0x00, 0x00, 0x00, 0x00, 0x00, 0x00, 0x00, 0x00, 0x00,
    0x00, 0x00, 0x00, 0x00, 0x00, 0x00, 0x00, 0x00, 0x00, 0x00, 0x00, 0x00,
    0x00, 0x00, 0x00, 0x00, 0x00, 0x00, 0x00, 0x00, 0x00, 0x00, 0x00, 0x00,
    0xa8, 0xe8, 0x10, 0xff, 0xa0, 0xe8, 0x08, 0xff, 0xa8, 0xe4, 0x10, 0xff,
    0xa0, 0xe8, 0x08, 0xff, 0xa8, 0xe8, 0x08, 0xff, 0xa0, 0xe4, 0x08, 0xff,
    0xa8, 0xe4, 0x08, 0xff, 0xa0, 0xe8, 0x08, 0xff, 0xa0, 0xe4, 0x08, 0xff,
    0xa8, 0xe4, 0x08, 0xff, 0xa0, 0xe4, 0x10, 0xff, 0xa0, 0xe8, 0x08, 0xff,
    0xa8, 0xe4, 0x10, 0xff, 0xa0, 0xe8, 0x08, 0xff, 0xa8, 0xe8, 0x10, 0xff,
    0xa8, 0xe4, 0x08, 0xff, 0xa0, 0xe4, 0x08, 0xff, 0xa8, 0xe8, 0x10, 0xff,
    0xa0, 0xe4, 0x08, 0xff, 0xa0, 0xe8, 0x08, 0xff, 0xa8, 0xe8, 0x10, 0xff,
    0xa8, 0xe4, 0x08, 0xff, 0xa0, 0xe4, 0x08, 0xff, 0xa8, 0xe8, 0x08, 0xff,
    0xa0, 0xe4, 0x10, 0xff, 0xa8, 0xe8, 0x08, 0xff, 0xa0, 0xe4, 0x08, 0xff,
    0xa8, 0xe8, 0x10, 0xff, 0xa0, 0xe4, 0x08, 0xff, 0xa8, 0xe8, 0x08, 0xff,
    0xa8, 0xe4, 0x08, 0xff, 0xa0, 0xe8, 0x08, 0xff, 0xa8, 0xe8, 0x10, 0xff,
    0xa0, 0xe4, 0x08, 0xff, 0xa8, 0xe8, 0x10, 0xff, 0xa0, 0xe4, 0x08, 0xff,
    0xa0, 0xe4, 0x08, 0xff, 0xa8, 0xe8, 0x08, 0xff, 0xa0, 0xe4, 0x10, 0xff,
    0xa0, 0xe8, 0x08, 0xff, 0xa8, 0xe8, 0x08, 0xff, 0xa8, 0xe4, 0x10, 0xff,
    0x00, 0x00, 0x00, 0x00, 0x00, 0x00, 0x00, 0x00, 0x00, 0x00, 0x00, 0x00,
    0x00, 0x00, 0x00, 0x00, 0x00, 0x00, 0x00, 0x00, 0x00, 0x00, 0x00, 0x00,
    0x00, 0x00, 0x00, 0x00, 0x00, 0x00, 0x00, 0x00, 0x00, 0x00, 0x00, 0x00,
    0x00, 0x00, 0x00, 0x00, 0x00, 0x00, 0x00, 0x00, 0x00, 0x00, 0x00, 0x00,
    0x00, 0x00, 0x00, 0x00, 0x00, 0x00, 0x00, 0x00, 0x00, 0x00, 0x00, 0x00,
    0x00, 0x00, 0x00, 0x00, 0x00, 0x00, 0x00, 0x00, 0x00, 0x00, 0x00, 0x00,
    0x00, 0x00, 0x00, 0x00, 0x00, 0x00, 0x00, 0x00, 0x00, 0x00, 0x00, 0x00,
    0x00, 0x00, 0x00, 0x00, 0x00, 0x00, 0x00, 0x00, 0x00, 0x00, 0x00, 0x00,
    0x00, 0x00, 0x00, 0x00, 0x00, 0x00, 0x00, 0x00, 0x00, 0x00, 0x00, 0x00,
    0x00, 0x00, 0x00, 0x00, 0x00, 0x00, 0x00, 0x00, 0xa8, 0xe4, 0x08, 0xff,
    0xa0, 0xe8, 0x08, 0xff, 0xa8, 0xe4, 0x10, 0xff, 0xa0, 0xe8, 0x08, 0xff,
    0xa8, 0xe8, 0x10, 0xff, 0xa8, 0xe4, 0x08, 0xff, 0xa0, 0xe8, 0x10, 0xff,
    0xa8, 0xe8, 0x08, 0xff, 0xa8, 0xe4, 0x08, 0xff, 0xa0, 0xe8, 0x08, 0xff,
    0xa8, 0xe4, 0x10, 0xff, 0xa0, 0xe4, 0x08, 0xff, 0xa0, 0xe8, 0x08, 0xff,
    0xa8, 0xe8, 0x08, 0xff, 0xa0, 0xe4, 0x10, 0xff, 0xa0, 0xe8, 0x08, 0xff,
    0xa8, 0xe4, 0x08, 0xff, 0xa8, 0xe4, 0x08, 0xff, 0xa0, 0xe8, 0x08, 0xff,
    0xa0, 0xe8, 0x10, 0xff, 0xa8, 0xe4, 0x08, 0xff, 0xa0, 0xe8, 0x08, 0xff,
    0xa0, 0xe8, 0x10, 0xff, 0xa8, 0xe4, 0x08, 0xff, 0xa0, 0xe4, 0x08, 0xff,
    0xa8, 0xe8, 0x08, 0xff, 0xa0, 0xe4, 0x10, 0xff, 0xa0, 0xe8, 0x08, 0xff,
    0xa8, 0xe4, 0x08, 0xff, 0xa0, 0xe4, 0x10, 0xff, 0xa8, 0xe8, 0x08, 0xff,
    0xa0, 0xe4, 0x08, 0xff, 0xa8, 0xe8, 0x08, 0xff, 0xa8, 0xe8, 0x08, 0xff,
    0xa0, 0xe4, 0x10, 0xff, 0xa8, 0xe8, 0x08, 0xff, 0xa0, 0xe4, 0x08, 0xff,
    0xa8, 0xe4, 0x08, 0xff, 0xa0, 0xe8, 0x08, 0xff, 0xa0, 0xe4, 0x08, 0xff,
    0x00, 0x00, 0x00, 0x00, 0x00, 0x00, 0x00, 0x00, 0x00, 0x00, 0x00, 0x00,
    0x00, 0x00, 0x00, 0x00, 0x00, 0x00, 0x00, 0x00, 0x00, 0x00, 0x00, 0x00,
    0x00, 0x00, 0x00, 0x00, 0x00, 0x00, 0x00, 0x00, 0x00, 0x00, 0x00, 0x00,
    0x00, 0x00, 0x00, 0x00, 0x00, 0x00, 0x00, 0x00, 0x00, 0x00, 0x00, 0x00,
    0x00, 0x00, 0x00, 0x00, 0x00, 0x00, 0x00, 0x00, 0x00, 0x00, 0x00, 0x00,
    0x00, 0x00, 0x00, 0x00, 0x00, 0x00, 0x00, 0x00, 0x00, 0x00, 0x00, 0x00,
    0x00, 0x00, 0x00, 0x00, 0x00, 0x00, 0x00, 0x00, 0x00, 0x00, 0x00, 0x00,
    0x00, 0x00, 0x00, 0x00, 0x00, 0x00, 0x00, 0x00, 0x00, 0x00, 0x00, 0x00,
    0x00, 0x00, 0x00, 0x00, 0x00, 0x00, 0x00, 0x00, 0x00, 0x00, 0x00, 0x00,
    0x00, 0x00, 0x00, 0x00, 0x00, 0x00, 0x00, 0x00, 0x00, 0x00, 0x00, 0x00,
    0x00, 0x00, 0x00, 0x00, 0xa0, 0xe4, 0x08, 0xff, 0xa8, 0xe4, 0x08, 0xff,
    0xa0, 0xe8, 0x08, 0xff, 0xa0, 0xe4, 0x08, 0xff, 0xa8, 0xe4, 0x10, 0xff,
    0xa0, 0xe8, 0x08, 0xff, 0xa0, 0xe4, 0x08, 0xff, 0xa8, 0xe8, 0x10, 0xff,
    0xa0, 0xe8, 0x08, 0xff, 0xa8, 0xe4, 0x08, 0xff, 0xa8, 0xe8, 0x08, 0xff,
    0xa0, 0xe4, 0x08, 0xff, 0xa8, 0xe4, 0x08, 0xff, 0xa0, 0xe8, 0x08, 0xff,
    0xa8, 0xe8, 0x10, 0xff, 0xa8, 0xe4, 0x08, 0xff, 0xa0, 0xe8, 0x08, 0xff,
    0xa8, 0xe4, 0x10, 0xff, 0xa8, 0xe4, 0x08, 0xff, 0xa0, 0xe8, 0x08, 0xff,
    0xa8, 0xe4, 0x08, 0xff, 0xa8, 0xe8, 0x08, 0xff, 0xa0, 0xe4, 0x08, 0xff,
    0xa8, 0xe8, 0x08, 0xff, 0xa8, 0xe8, 0x10, 0xff, 0xa0, 0xe4, 0x08, 0xff,
    0xa8, 0xe8, 0x08, 0xff, 0xa0, 0xe8, 0x08, 0xff, 0xa0, 0xe4, 0x10, 0xff,
    0xa8, 0xe4, 0x08, 0xff, 0xa0, 0xe8, 0x08, 0xff, 0xa0, 0xe4, 0x10, 0xff,
    0xa8, 0xe4, 0x08, 0xff, 0xa8, 0xe8, 0x08, 0xff, 0xa0, 0xe8, 0x10, 0xff,
    0xa8, 0xe8, 0x08, 0xff, 0xa8, 0xe4, 0x10, 0xff, 0xa8, 0xe8, 0x08, 0xff,
    0x00, 0x00, 0x00, 0x00, 0x00, 0x00, 0x00, 0x00, 0x00, 0x00, 0x00, 0x00,
    0x00, 0x00, 0x00, 0x00, 0x00, 0x00, 0x00, 0x00, 0x00, 0x00, 0x00, 0x00,
    0x00, 0x00, 0x00, 0x00, 0x00, 0x00, 0x00, 0x00, 0x00, 0x00, 0x00, 0x00,
    0x00, 0x00, 0x00, 0x00, 0x00, 0x00, 0x00, 0x00, 0x00, 0x00, 0x00, 0x00,
    0x00, 0x00, 0x00, 0x00, 0x00, 0x00, 0x00, 0x00, 0x00, 0x00, 0x00, 0x00,
    0x00, 0x00, 0x00, 0x00, 0x00, 0x00, 0x00, 0x00, 0x00, 0x00, 0x00, 0x00,
    0x00, 0x00, 0x00, 0x00, 0x00, 0x00, 0x00, 0x00, 0x00, 0x00, 0x00, 0x00,
    0x00, 0x00, 0x00, 0x00, 0x00, 0x00, 0x00, 0x00, 0x00, 0x00, 0x00, 0x00,
    0x00, 0x00, 0x00, 0x00, 0x00, 0x00, 0x00, 0x00, 0x00, 0x00, 0x00, 0x00,
    0x00, 0x00, 0x00, 0x00, 0x00, 0x00, 0x00, 0x00, 0x00, 0x00, 0x00, 0x00,
    0x00, 0x00, 0x00, 0x00, 0x00, 0x00, 0x00, 0x00, 0x00, 0x00, 0x00, 0x00,
    0x00, 0x00, 0x00, 0x00, 0xa8, 0xe8, 0x08, 0xff, 0xa0, 0xe4, 0x08, 0xff,
    0xa8, 0xe8, 0x08, 0xff, 0xa8, 0xe4, 0x08, 0xff, 0xa0, 0xe4, 0x08, 0xff,
    0xa8, 0xe8, 0x10, 0xff, 0xa0, 0xe4, 0x08, 0xff, 0xa0, 0xe8, 0x08, 0xff,
    0xa8, 0xe8, 0x10, 0xff, 0xa8, 0xe4, 0x10, 0xff, 0xa0, 0xe4, 0x08, 0xff,
    0xa8, 0xe8, 0x08, 0xff, 0xa0, 0xe4, 0x08, 0xff, 0xa0, 0xe8, 0x10, 0xff,
    0xa8, 0xe8, 0x08, 0xff, 0xa0, 0xe4, 0x08, 0xff, 0xa0, 0xe8, 0x08, 0xff,
    0xa8, 0xe4, 0x10, 0xff, 0xa0, 0xe8, 0x08, 0xff, 0xa8, 0xe4, 0x08, 0xff,
    0xa0, 0xe8, 0x10, 0xff, 0xa0, 0xe4, 0x08, 0xff, 0xa8, 0xe4, 0x08, 0xff,
    0xa0, 0xe8, 0x08, 0xff, 0xa8, 0xe4, 0x08, 0xff, 0xa8, 0xe8, 0x10, 0xff,
    0xa0, 0xe8, 0x08, 0xff, 0xa8, 0xe4, 0x08, 0xff, 0xa8, 0xe8, 0x08, 0xff,
    0xa0, 0xe8, 0x10, 0xff, 0xa0, 0xe4, 0x08, 0xff, 0xa8, 0xe4, 0x08, 0xff,
    0xa0, 0xe8, 0x08, 0xff, 0xa0, 0xe4, 0x08, 0xff, 0x00, 0x00, 0x00, 0x00,
    0x00, 0x00, 0x00, 0x00, 0x00, 0x00, 0x00, 0x00, 0x00, 0x00, 0x00, 0x00,
    0x00, 0x00, 0x00, 0x00, 0x00, 0x00, 0x00, 0x00, 0x00, 0x00, 0x00, 0x00,
    0x00, 0x00, 0x00, 0x00, 0x00, 0x00, 0x00, 0x00, 0x00, 0x00, 0x00, 0x00,
    0x00, 0x00, 0x00, 0x00, 0x00, 0x00, 0x00, 0x00, 0x00, 0x00, 0x00, 0x00,
    0x00, 0x00, 0x00, 0x00, 0x00, 0x00, 0x00, 0x00, 0x00, 0x00, 0x00, 0x00,
    0x00, 0x00, 0x00, 0x00, 0x00, 0x00, 0x00, 0x00, 0x00, 0x00, 0x00, 0x00,
    0x00, 0x00, 0x00, 0x00, 0x00, 0x00, 0x00, 0x00, 0x00, 0x00, 0x00, 0x00,
    0x00, 0x00, 0x00, 0x00, 0x00, 0x00, 0x00, 0x00, 0x00, 0x00, 0x00, 0x00,
    0x00, 0x00, 0x00, 0x00, 0x00, 0x00, 0x00, 0x00, 0x00, 0x00, 0x00, 0x00,
    0x00, 0x00, 0x00, 0x00, 0x00, 0x00, 0x00, 0x00, 0x00, 0x00, 0x00, 0x00,
    0x00, 0x00, 0x00, 0x00, 0x00, 0x00, 0x00, 0x00, 0x00, 0x00, 0x00, 0x00,
    0x00, 0x00, 0x00, 0x00, 0x00, 0x00, 0x00, 0x00, 0x00, 0x00, 0x00, 0x00,
    0x00, 0x00, 0x00, 0x00, 0xa0, 0xe8, 0x10, 0xff, 0xa8, 0xe8, 0x08, 0xff,
    0xa0, 0xe4, 0x08, 0xff, 0xa8, 0xe4, 0x08, 0xff, 0xa8, 0xe8, 0x08, 0xff,
    0xa0, 0xe4, 0x08, 0xff, 0xa0, 0xe8, 0x08, 0xff, 0xa8, 0xe8, 0x08, 0xff,
    0xa0, 0xe4, 0x10, 0xff, 0xa8, 0xe8, 0x08, 0xff, 0xa0, 0xe4, 0x08, 0xff,
    0xa8, 0xe4, 0x08, 0xff, 0xa8, 0xe8, 0x08, 0xff, 0xa0, 0xe4, 0x08, 0xff,
    0xa8, 0xe8, 0x10, 0xff, 0xa0, 0xe8, 0x08, 0xff, 0xa0, 0xe4, 0x08, 0xff,
    0xa8, 0xe8, 0x10, 0xff, 0xa8, 0xe4, 0x08, 0xff, 0xa0, 0xe8, 0x08, 0xff,
    0xa0, 0xe8, 0x10, 0xff, 0xa8, 0xe4, 0x08, 0xff, 0xa0, 0xe4, 0x08, 0xff,
    0xa8, 0xe8, 0x08, 0xff, 0xa0, 0xe4, 0x08, 0xff, 0xa0, 0xe4, 0x08, 0xff,
    0xa8, 0xe8, 0x10, 0xff, 0xa8, 0xe8, 0x08, 0xff, 0xa0, 0xe4, 0x08, 0xff,
    0xa8, 0xe8, 0x08, 0xff, 0x00, 0x00, 0x00, 0x00, 0x00, 0x00, 0x00, 0x00,
    0x00, 0x00, 0x00, 0x00, 0x00, 0x00, 0x00, 0x00, 0x00, 0x00, 0x00, 0x00,
    0x00, 0x00, 0x00, 0x00, 0x00, 0x00, 0x00, 0x00, 0x00, 0x00, 0x00, 0x00,
    0x00, 0x00, 0x00, 0x00, 0x00, 0x00, 0x00, 0x00, 0x00, 0x00, 0x00, 0x00,
    0x00, 0x00, 0x00, 0x00, 0x00, 0x00, 0x00, 0x00, 0x00, 0x00, 0x00, 0x00,
    0x00, 0x00, 0x00, 0x00, 0x00, 0x00, 0x00, 0x00, 0x00, 0x00, 0x00, 0x00,
    0x00, 0x00, 0x00, 0x00, 0x00, 0x00, 0x00, 0x00, 0x00, 0x00, 0x00, 0x00,
    0x00, 0x00, 0x00, 0x00, 0x00, 0x00, 0x00, 0x00, 0x00, 0x00, 0x00, 0x00,
    0x00, 0x00, 0x00, 0x00, 0x00, 0x00, 0x00, 0x00, 0x00, 0x00, 0x00, 0x00,
    0x00, 0x00, 0x00, 0x00, 0x00, 0x00, 0x00, 0x00, 0x00, 0x00, 0x00, 0x00,
    0x00, 0x00, 0x00, 0x00, 0x00, 0x00, 0x00, 0x00, 0x00, 0x00, 0x00, 0x00,
    0x00, 0x00, 0x00, 0x00, 0x00, 0x00, 0x00, 0x00, 0x00, 0x00, 0x00, 0x00,
    0x00, 0x00, 0x00, 0x00, 0x00, 0x00, 0x00, 0x00, 0x00, 0x00, 0x00, 0x00,
    0x00, 0x00, 0x00, 0x00, 0x00, 0x00, 0x00, 0x00, 0x00, 0x00, 0x00, 0x00,
    0x00, 0x00, 0x00, 0x00, 0xa0, 0xe8, 0x10, 0xff, 0xa0, 0xe4, 0x08, 0xff,
    0xa8, 0xe8, 0x10, 0xff, 0xa8, 0xe4, 0x08, 0xff, 0xa0, 0xe4, 0x08, 0xff,
    0xa0, 0xe8, 0x08, 0xff, 0xa8, 0xe4, 0x08, 0xff, 0xa0, 0xe8, 0x10, 0xff,
    0xa8, 0xe8, 0x08, 0xff, 0xa0, 0xe4, 0x08, 0xff, 0xa0, 0xe4, 0x10, 0xff,
    0xa8, 0xe8, 0x08, 0xff, 0xa8, 0xe4, 0x08, 0xff, 0xa0, 0xe4, 0x08, 0xff,
    0xa8, 0xe8, 0x08, 0xff, 0xa0, 0xe4, 0x08, 0xff, 0xa8, 0xe4, 0x08, 0xff,
    0xa8, 0xe8, 0x08, 0xff, 0xa0, 0xe8, 0x10, 0xff, 0xa8, 0xe4, 0x08, 0xff,
    0xa0, 0xe8, 0x08, 0xff, 0xa8, 0xe4, 0x10, 0xff, 0xa8, 0xe8, 0x08, 0xff,
    0xa0, 0xe4, 0x08, 0xff, 0xa0, 0xe4, 0x08, 0xff, 0xa8, 0xe8, 0x08, 0xff,
    0x00, 0x00, 0x00, 0x00, 0x00, 0x00, 0x00, 0x00, 0x00, 0x00, 0x00, 0x00,
    0x00, 0x00, 0x00, 0x00, 0x00, 0x00, 0x00, 0x00, 0x00, 0x00, 0x00, 0x00,
    0x00, 0x00, 0x00, 0x00, 0x00, 0x00, 0x00, 0x00, 0x00, 0x00, 0x00, 0x00,
    0x00, 0x00, 0x00, 0x00, 0x00, 0x00, 0x00, 0x00, 0x00, 0x00, 0x00, 0x00,
    0x00, 0x00, 0x00, 0x00, 0x00, 0x00, 0x00, 0x00, 0x00, 0x00, 0x00, 0x00,
    0x00, 0x00, 0x00, 0x00, 0x00, 0x00, 0x00, 0x00, 0x00, 0x00, 0x00, 0x00,
    0x00, 0x00, 0x00, 0x00, 0x00, 0x00, 0x00, 0x00, 0x00, 0x00, 0x00, 0x00,
    0x00, 0x00, 0x00, 0x00, 0x00, 0x00, 0x00, 0x00, 0x00, 0x00, 0x00, 0x00,
    0x00, 0x00, 0x00, 0x00, 0x00, 0x00, 0x00, 0x00, 0x00, 0x00, 0x00, 0x00,
    0x00, 0x00, 0x00, 0x00, 0x00, 0x00, 0x00, 0x00, 0x00, 0x00, 0x00, 0x00,
    0x00, 0x00, 0x00, 0x00, 0x00, 0x00, 0x00, 0x00, 0x00, 0x00, 0x00, 0x00,
    0x00, 0x00, 0x00, 0x00, 0x00, 0x00, 0x00, 0x00, 0x00, 0x00, 0x00, 0x00,
    0x00, 0x00, 0x00, 0x00, 0x00, 0x00, 0x00, 0x00, 0x00, 0x00, 0x00, 0x00,
    0x00, 0x00, 0x00, 0x00, 0x00, 0x00, 0x00, 0x00, 0x00, 0x00, 0x00, 0x00,
    0x00, 0x00, 0x00, 0x00, 0x00, 0x00, 0x00, 0x00, 0x00, 0x00, 0x00, 0x00,
    0x00, 0x00, 0x00, 0x00, 0x00, 0x00, 0x00, 0x00, 0xa8, 0xe8, 0x10, 0xff,
    0xa0, 0xe4, 0x08, 0xff, 0xa8, 0xe4, 0x08, 0xff, 0xa8, 0xe8, 0x10, 0xff,
    0xa0, 0xe4, 0x08, 0xff, 0xa8, 0xe8, 0x08, 0xff, 0xa0, 0xe8, 0x10, 0xff,
    0xa0, 0xe4, 0x08, 0xff, 0xa8, 0xe8, 0x08, 0xff, 0xa0, 0xe8, 0x10, 0xff,
    0xa8, 0xe4, 0x08, 0xff, 0xa0, 0xe8, 0x10, 0xff, 0xa0, 0xe8, 0x08, 0xff,
    0xa8, 0xe4, 0x08, 0xff, 0xa0, 0xe4, 0x10, 0xff, 0xa8, 0xe4, 0x08, 0xff,
    0xa0, 0xe8, 0x08, 0xff, 0xa8, 0xe4, 0x10, 0xff, 0xa0, 0xe8, 0x08, 0xff,
    0xa8, 0xe8, 0x10, 0xff, 0x00, 0x00, 0x00, 0x00, 0x00, 0x00, 0x00, 0x00,
    0x00, 0x00, 0x00, 0x00, 0x00, 0x00, 0x00, 0x00, 0x00, 0x00, 0x00, 0x00,
    0x00, 0x00, 0x00, 0x00, 0x00, 0x00, 0x00, 0x00, 0x00, 0x00, 0x00, 0x00,
    0x00, 0x00, 0x00, 0x00, 0x00, 0x00, 0x00, 0x00, 0x00, 0x00, 0x00, 0x00,
    0x00, 0x00, 0x00, 0x00, 0x00, 0x00, 0x00, 0x00, 0x00, 0x00, 0x00, 0x00,
    0x00, 0x00, 0x00, 0x00, 0x00, 0x00, 0x00, 0x00, 0x00, 0x00, 0x00, 0x00,
    0x00, 0x00, 0x00, 0x00, 0x00, 0x00, 0x00, 0x00, 0x00, 0x00, 0x00, 0x00,
    0x00, 0x00, 0x00, 0x00, 0x00, 0x00, 0x00, 0x00, 0x00, 0x00, 0x00, 0x00,
    0x00, 0x00, 0x00, 0x00, 0x00, 0x00, 0x00, 0x00, 0x00, 0x00, 0x00, 0x00,
    0x00, 0x00, 0x00, 0x00, 0x00, 0x00, 0x00, 0x00, 0x00, 0x00, 0x00, 0x00,
    0x00, 0x00, 0x00, 0x00, 0x00, 0x00, 0x00, 0x00, 0x00, 0x00, 0x00, 0x00,
    0x00, 0x00, 0x00, 0x00, 0x00, 0x00, 0x00, 0x00, 0x00, 0x00, 0x00, 0x00,
    0x00, 0x00, 0x00, 0x00, 0x00, 0x00, 0x00, 0x00, 0x00, 0x00, 0x00, 0x00,
    0x00, 0x00, 0x00, 0x00, 0x00, 0x00, 0x00, 0x00, 0x00, 0x00, 0x00, 0x00,
    0x00, 0x00, 0x00, 0x00, 0x00, 0x00, 0x00, 0x00, 0x00, 0x00, 0x00, 0x00,
    0x00, 0x00, 0x00, 0x00, 0x00, 0x00, 0x00, 0x00, 0x00, 0x00, 0x00, 0x00,
    0x00, 0x00, 0x00, 0x00, 0x00, 0x00, 0x00, 0x00, 0x00, 0x00, 0x00, 0x00,
    0x00, 0x00, 0x00, 0x00, 0x00, 0x00, 0x00, 0x00, 0x00, 0x00, 0x00, 0x00,
    0x00, 0x00, 0x00, 0x00, 0x00, 0x00, 0x00, 0x00, 0xa8, 0xe4, 0x08, 0xff,
    0xa8, 0xe8, 0x08, 0xff, 0xa0, 0xe4, 0x08, 0xff, 0xa8, 0xe4, 0x08, 0xff,
    0xa0, 0xe8, 0x08, 0xff, 0xa8, 0xe4, 0x10, 0xff, 0xa8, 0xe4, 0x08, 0xff,
    0xa0, 0xe8, 0x08, 0xff, 0xa8, 0xe8, 0x10, 0xff, 0xa0, 0xe4, 0x08, 0xff,
    0x00, 0x00, 0x00, 0x00, 0x00, 0x00, 0x00, 0x00, 0x00, 0x00, 0x00, 0x00,
    0x00, 0x00, 0x00, 0x00, 0x00, 0x00, 0x00, 0x00, 0x00, 0x00, 0x00, 0x00,
    0x00, 0x00, 0x00, 0x00, 0x00, 0x00, 0x00, 0x00, 0x00, 0x00, 0x00, 0x00,
    0x00, 0x00, 0x00, 0x00, 0x00, 0x00, 0x00, 0x00, 0x00, 0x00, 0x00, 0x00,
    0x00, 0x00, 0x00, 0x00, 0x00, 0x00, 0x00, 0x00, 0x00, 0x00, 0x00, 0x00,
    0x00, 0x00, 0x00, 0x00, 0x00, 0x00, 0x00, 0x00, 0x00, 0x00, 0x00, 0x00,
    0x00, 0x00, 0x00, 0x00, 0x00, 0x00, 0x00, 0x00, 0x00, 0x00, 0x00, 0x00,
    0x00, 0x00, 0x00, 0x00, 0x00, 0x00, 0x00, 0x00, 0x00, 0x00, 0x00, 0x00,
    0x00, 0x00, 0x00, 0x00, 0x00, 0x00, 0x00, 0x00, 0x00, 0x00, 0x00, 0x00,
    0x00, 0x00, 0x00, 0x00, 0x00, 0x00, 0x00, 0x00, 0x00, 0x00, 0x00, 0x00,
    0x00, 0x00, 0x00, 0x00, 0x00, 0x00, 0x00, 0x00, 0x00, 0x00, 0x00, 0x00,
    0x00, 0x00, 0x00, 0x00, 0x00, 0x00, 0x00, 0x00, 0x00, 0x00, 0x00, 0x00,
    0x00, 0x00, 0x00, 0x00, 0x00, 0x00, 0x00, 0x00, 0x00, 0x00, 0x00, 0x00,
    0x00, 0x00, 0x00, 0x00, 0x00, 0x00, 0x00, 0x00, 0x00, 0x00, 0x00, 0x00,
    0x00, 0x00, 0x00, 0x00, 0x00, 0x00, 0x00, 0x00, 0x00, 0x00, 0x00, 0x00,
    0x00, 0x00, 0x00, 0x00, 0x00, 0x00, 0x00, 0x00, 0x00, 0x00, 0x00, 0x00,
    0x00, 0x00, 0x00, 0x00, 0x00, 0x00, 0x00, 0x00, 0x00, 0x00, 0x00, 0x00,
    0x00, 0x00, 0x00, 0x00, 0x00, 0x00, 0x00, 0x00, 0x00, 0x00, 0x00, 0x00,
    0x00, 0x00, 0x00, 0x00, 0x00, 0x00, 0x00, 0x00, 0x00, 0x00, 0x00, 0x00,
    0x00, 0x00, 0x00, 0x00, 0x00, 0x00, 0x00, 0x00, 0x00, 0x00, 0x00, 0x00,
    0x00, 0x00, 0x00, 0x00, 0x00, 0x00, 0x00, 0x00, 0x00, 0x00, 0x00, 0x00,
    0x00, 0x00, 0x00, 0x00, 0x00, 0x00, 0x00, 0x00, 0x00, 0x00, 0x00, 0x00,
    0x00, 0x00, 0x00, 0x00, 0x00, 0x00, 0x00, 0x00, 0x00, 0x00, 0x00, 0x00,
    0x00, 0x00, 0x00, 0x00, 0x00, 0x00, 0x00, 0x00, 0x00, 0x00, 0x00, 0x00,
    0x00, 0x00, 0x00, 0x00, 0x00, 0x00, 0x00, 0x00, 0x00, 0x00, 0x00, 0x00,
    0x00, 0x00, 0x00, 0x00, 0x00, 0x00, 0x00, 0x00, 0x00, 0x00, 0x00, 0x00,
    0x00, 0x00, 0x00, 0x00, 0x00, 0x00, 0x00, 0x00, 0x00, 0x00, 0x00, 0x00,
    0x00, 0x00, 0x00, 0x00, 0x00, 0x00, 0x00, 0x00, 0x00, 0x00, 0x00, 0x00,
    0x00, 0x00, 0x00, 0x00, 0x00, 0x00, 0x00, 0x00, 0x00, 0x00, 0x00, 0x00,
    0x00, 0x00, 0x00, 0x00, 0x00, 0x00, 0x00, 0x00, 0x00, 0x00, 0x00, 0x00,
    0x00, 0x00, 0x00, 0x00, 0x00, 0x00, 0x00, 0x00, 0x00, 0x00, 0x00, 0x00,
    0x00, 0x00, 0x00, 0x00, 0x00, 0x00, 0x00, 0x00, 0x00, 0x00, 0x00, 0x00,
    0x00, 0x00, 0x00, 0x00, 0x00, 0x00, 0x00, 0x00, 0x00, 0x00, 0x00, 0x00,
    0x00, 0x00, 0x00, 0x00
};
