// 4.26.1 0xaf3d61ac D2 R0 FRGB565 U565 N0 SExtFlashSection
// Generated by imageconverter. Please, do not edit!

#include <touchgfx/hal/Config.hpp>

LOCATION_PRAGMA("ExtFlashSection")
KEEP extern const unsigned char image_index_blackbg_forbutton[] LOCATION_ATTRIBUTE("ExtFlashSection") = { // 120x120 RGB565 pixels.
    0x00, 0x00, 0x00, 0x00, 0x00, 0x00, 0x00, 0x00, 0x00, 0x00, 0x00, 0x00,
    0x00, 0x00, 0x00, 0x00, 0x00, 0x00, 0x00, 0x00, 0x00, 0x00, 0x00, 0x00,
    0x00, 0x00, 0x00, 0x00, 0x00, 0x00, 0x00, 0x00, 0x00, 0x00, 0x00, 0x00,
    0x00, 0x00, 0x00, 0x00, 0x00, 0x00, 0x00, 0x00, 0x00, 0x00, 0x00, 0x00,
    0x00, 0x00, 0x00, 0x00, 0x00, 0x00, 0x00, 0x00, 0x00, 0x00, 0x00, 0x00,
    0x00, 0x00, 0x00, 0x00, 0x00, 0x00, 0x00, 0x00, 0x00, 0x00, 0x00, 0x00,
    0x00, 0x00, 0x00, 0x00, 0x00, 0x00, 0x00, 0x00, 0x00, 0x00, 0x00, 0x00,
    0x00, 0x00, 0x00, 0x00, 0x00, 0x00, 0x00, 0x00, 0x00, 0x00, 0x00, 0x00,
    0x00, 0x00, 0x00, 0x00, 0x00, 0x00, 0x00, 0x00, 0x00, 0x00, 0x00, 0x00,
    0x00, 0x00, 0x00, 0x00, 0x00, 0x00, 0x00, 0x00, 0x00, 0x00, 0x00, 0x00,
    0x00, 0x00, 0x00, 0x00, 0x00, 0x00, 0x00, 0x00, 0x00, 0x00, 0x00, 0x00,
    0x00, 0x00, 0x00, 0x00, 0x00, 0x00, 0x00, 0x00, 0x00, 0x00, 0x00, 0x00,
    0x00, 0x00, 0x00, 0x00, 0x00, 0x00, 0x00, 0x00, 0x00, 0x00, 0x00, 0x00,
    0x00, 0x00, 0x00, 0x00, 0x00, 0x00, 0x00, 0x00, 0x00, 0x00, 0x00, 0x00,
    0x00, 0x00, 0x00, 0x00, 0x00, 0x00, 0x00, 0x00, 0x00, 0x00, 0x00, 0x00,
    0x00, 0x00, 0x00, 0x00, 0x00, 0x00, 0x00, 0x00, 0x00, 0x00, 0x00, 0x00,
    0x00, 0x00, 0x00, 0x00, 0x00, 0x00, 0x00, 0x00, 0x00, 0x00, 0x00, 0x00,
    0x00, 0x00, 0x00, 0x00, 0x00, 0x00, 0x00, 0x00, 0x00, 0x00, 0x00, 0x00,
    0x00, 0x00, 0x00, 0x00, 0x00, 0x00, 0x00, 0x00, 0x00, 0x00, 0x00, 0x00,
    0x00, 0x00, 0x00, 0x00, 0x00, 0x00, 0x00, 0x00, 0x00, 0x00, 0x00, 0x00,
    0x00, 0x00, 0x00, 0x00, 0x00, 0x00, 0x00, 0x00, 0x00, 0x00, 0x00, 0x00,
    0x00, 0x00, 0x00, 0x00, 0x00, 0x00, 0x00, 0x00, 0x00, 0x00, 0x00, 0x00,
    0x00, 0x00, 0x00, 0x00, 0x00, 0x00, 0x00, 0x00, 0x00, 0x00, 0x00, 0x00,
    0x00, 0x00, 0x00, 0x00, 0x00, 0x00, 0x00, 0x00, 0x00, 0x00, 0x00, 0x00,
    0x00, 0x00, 0x00, 0x00, 0x00, 0x00, 0x00, 0x00, 0x00, 0x00, 0x00, 0x00,
    0x00, 0x00, 0x00, 0x00, 0x00, 0x00, 0x00, 0x00, 0x00, 0x00, 0x00, 0x00,
    0x00, 0x00, 0x00, 0x00, 0x00, 0x00, 0x00, 0x00, 0x00, 0x00, 0x00, 0x00,
    0x00, 0x00, 0x00, 0x00, 0x00, 0x00, 0x00, 0x00, 0x00, 0x00, 0x00, 0x00,
    0x00, 0x00, 0x00, 0x00, 0x00, 0x00, 0x00, 0x00, 0x00, 0x00, 0x00, 0x00,
    0x00, 0x00, 0x00, 0x00, 0x00, 0x00, 0x00, 0x00, 0x00, 0x00, 0x00, 0x00,
    0x00, 0x00, 0x00, 0x00, 0x00, 0x00, 0x00, 0x00, 0x00, 0x00, 0x00, 0x00,
    0x00, 0x00, 0x00, 0x00, 0x00, 0x00, 0x00, 0x00, 0x00, 0x00, 0x00, 0x00,
    0x00, 0x00, 0x00, 0x00, 0x00, 0x00, 0x00, 0x00, 0x00, 0x00, 0x00, 0x00,
    0x00, 0x00, 0x00, 0x00, 0x00, 0x00, 0x00, 0x00, 0x00, 0x00, 0x00, 0x00,
    0x00, 0x00, 0x00, 0x00, 0x00, 0x00, 0x00, 0x00, 0x00, 0x00, 0x00, 0x00,
    0x00, 0x00, 0x00, 0x00, 0x00, 0x00, 0x00, 0x00, 0x00, 0x00, 0x00, 0x00,
    0x00, 0x00, 0x00, 0x00, 0x00, 0x00, 0x00, 0x00, 0x00, 0x00, 0x00, 0x00,
    0x00, 0x00, 0x00, 0x00, 0x00, 0x00, 0x00, 0x00, 0x00, 0x00, 0x00, 0x00,
    0x00, 0x00, 0x00, 0x00, 0x00, 0x00, 0x00, 0x00, 0x00, 0x00, 0x00, 0x00,
    0x00, 0x00, 0x00, 0x00, 0x00, 0x00, 0x00, 0x00, 0x00, 0x00, 0x00, 0x00,
    0x00, 0x00, 0x00, 0x00, 0x00, 0x00, 0x00, 0x00, 0x00, 0x00, 0x00, 0x00,
    0x00, 0x00, 0x00, 0x00, 0x00, 0x00, 0x00, 0x00, 0x00, 0x00, 0x00, 0x00,
    0x00, 0x00, 0x00, 0x00, 0x00, 0x00, 0x00, 0x00, 0x00, 0x00, 0x00, 0x00,
    0x00, 0x00, 0x00, 0x00, 0x00, 0x00, 0x00, 0x00, 0x00, 0x00, 0x00, 0x00,
    0x00, 0x00, 0x00, 0x00, 0x00, 0x00, 0x00, 0x00, 0x00, 0x00, 0x00, 0x00,
    0x00, 0x00, 0x00, 0x00, 0x00, 0x00, 0x00, 0x00, 0x00, 0x00, 0x00, 0x00,
    0x00, 0x00, 0x00, 0x00, 0x00, 0x00, 0x00, 0x00, 0x00, 0x00, 0x00, 0x00,
    0x00, 0x00, 0x00, 0x00, 0x00, 0x00, 0x00, 0x00, 0x00, 0x00, 0x00, 0x00,
    0x00, 0x00, 0x00, 0x00, 0x00, 0x00, 0x00, 0x00, 0x00, 0x00, 0x00, 0x00,
    0x00, 0x00, 0x00, 0x00, 0x00, 0x00, 0x00, 0x00, 0x00, 0x00, 0x00, 0x00,
    0x00, 0x00, 0x00, 0x00, 0x00, 0x00, 0x00, 0x00, 0x00, 0x00, 0x00, 0x00,
    0x00, 0x00, 0x00, 0x00, 0x00, 0x00, 0x00, 0x00, 0x00, 0x00, 0x00, 0x00,
    0x00, 0x00, 0x00, 0x00, 0x00, 0x00, 0x00, 0x00, 0x00, 0x00, 0x00, 0x00,
    0x00, 0x00, 0x00, 0x00, 0x00, 0x00, 0x00, 0x00, 0x00, 0x00, 0x00, 0x00,
    0x00, 0x00, 0x00, 0x00, 0x00, 0x00, 0x00, 0x00, 0x00, 0x00, 0x00, 0x00,
    0x00, 0x00, 0x00, 0x00, 0x00, 0x00, 0x00, 0x00, 0x00, 0x00, 0x00, 0x00,
    0x00, 0x00, 0x00, 0x00, 0x00, 0x00, 0x00, 0x00, 0x00, 0x00, 0x00, 0x00,
    0x00, 0x00, 0x00, 0x00, 0x00, 0x00, 0x00, 0x00, 0x00, 0x00, 0x00, 0x00,
    0x00, 0x00, 0x00, 0x00, 0x00, 0x00, 0x00, 0x00, 0x00, 0x00, 0x00, 0x00,
    0x00, 0x00, 0x00, 0x00, 0x00, 0x00, 0x00, 0x00, 0x00, 0x00, 0x00, 0x00,
    0x00, 0x00, 0x00, 0x00, 0x00, 0x00, 0x00, 0x00, 0x00, 0x00, 0x00, 0x00,
    0x00, 0x00, 0x00, 0x00, 0x00, 0x00, 0x00, 0x00, 0x00, 0x00, 0x00, 0x00,
    0x00, 0x00, 0x00, 0x00, 0x00, 0x00, 0x00, 0x00, 0x00, 0x00, 0x00, 0x00,
    0x00, 0x00, 0x00, 0x00, 0x00, 0x00, 0x00, 0x00, 0x00, 0x00, 0x00, 0x00,
    0x00, 0x00, 0x00, 0x00, 0x00, 0x00, 0x00, 0x00, 0x00, 0x00, 0x00, 0x00,
    0x00, 0x00, 0x00, 0x00, 0x00, 0x00, 0x00, 0x00, 0x00, 0x00, 0x00, 0x00,
    0x00, 0x00, 0x00, 0x00, 0x00, 0x00, 0x00, 0x00, 0x00, 0x00, 0x00, 0x00,
    0x00, 0x00, 0x00, 0x00, 0x00, 0x00, 0x00, 0x00, 0x00, 0x00, 0x00, 0x00,
    0x00, 0x00, 0x00, 0x00, 0x00, 0x00, 0x00, 0x00, 0x00, 0x00, 0x00, 0x00,
    0x00, 0x00, 0x00, 0x00, 0x00, 0x00, 0x00, 0x00, 0x00, 0x00, 0x00, 0x00,
    0x00, 0x00, 0x00, 0x00, 0x00, 0x00, 0x00, 0x00, 0x00, 0x00, 0x00, 0x00,
    0x00, 0x00, 0x00, 0x00, 0x00, 0x00, 0x00, 0x00, 0x00, 0x00, 0x00, 0x00,
    0x00, 0x00, 0x00, 0x00, 0x00, 0x00, 0x00, 0x00, 0x00, 0x00, 0x00, 0x00,
    0x00, 0x00, 0x00, 0x00, 0x00, 0x00, 0x00, 0x00, 0x00, 0x00, 0x00, 0x00,
    0x00, 0x00, 0x00, 0x00, 0x00, 0x00, 0x00, 0x00, 0x00, 0x00, 0x00, 0x00,
    0x00, 0x00, 0x00, 0x00, 0x00, 0x00, 0x00, 0x00, 0x00, 0x00, 0x00, 0x00,
    0x00, 0x00, 0x00, 0x00, 0x00, 0x00, 0x00, 0x00, 0x00, 0x00, 0x00, 0x00,
    0x00, 0x00, 0x00, 0x00, 0x00, 0x00, 0x00, 0x00, 0x00, 0x00, 0x00, 0x00,
    0x00, 0x00, 0x00, 0x00, 0x00, 0x00, 0x00, 0x00, 0x00, 0x00, 0x00, 0x00,
    0x00, 0x00, 0x00, 0x00, 0x00, 0x00, 0x00, 0x00, 0x00, 0x00, 0x00, 0x00,
    0x00, 0x00, 0x00, 0x00, 0x00, 0x00, 0x00, 0x00, 0x00, 0x00, 0x00, 0x00,
    0x00, 0x00, 0x00, 0x00, 0x00, 0x00, 0x00, 0x00, 0x00, 0x00, 0x00, 0x00,
    0x00, 0x00, 0x00, 0x00, 0x00, 0x00, 0x00, 0x00, 0x00, 0x00, 0x00, 0x00,
    0x00, 0x00, 0x00, 0x00, 0x00, 0x00, 0x00, 0x00, 0x00, 0x00, 0x00, 0x00,
    0x00, 0x00, 0x00, 0x00, 0x00, 0x00, 0x00, 0x00, 0x00, 0x00, 0x00, 0x00,
    0x00, 0x00, 0x00, 0x00, 0x00, 0x00, 0x00, 0x00, 0x00, 0x00, 0x00, 0x00,
    0x00, 0x00, 0x00, 0x00, 0x00, 0x00, 0x00, 0x00, 0x00, 0x00, 0x00, 0x00,
    0x00, 0x00, 0x00, 0x00, 0x00, 0x00, 0x00, 0x00, 0x00, 0x00, 0x00, 0x00,
    0x00, 0x00, 0x00, 0x00, 0x00, 0x00, 0x00, 0x00, 0x00, 0x00, 0x00, 0x00,
    0x00, 0x00, 0x00, 0x00, 0x00, 0x00, 0x00, 0x00, 0x00, 0x00, 0x00, 0x00,
    0x00, 0x00, 0x00, 0x00, 0x00, 0x00, 0x00, 0x00, 0x00, 0x00, 0x00, 0x00,
    0x00, 0x00, 0x00, 0x00, 0x00, 0x00, 0x00, 0x00, 0x00, 0x00, 0x00, 0x00,
    0x00, 0x00, 0x00, 0x00, 0x00, 0x00, 0x00, 0x00, 0x00, 0x00, 0x00, 0x00,
    0x00, 0x00, 0x00, 0x00, 0x00, 0x00, 0x00, 0x00, 0x00, 0x00, 0x00, 0x00,
    0x00, 0x00, 0x00, 0x00, 0x00, 0x00, 0x00, 0x00, 0x00, 0x00, 0x00, 0x00,
    0x00, 0x00, 0x00, 0x00, 0x00, 0x00, 0x00, 0x00, 0x00, 0x00, 0x00, 0x00,
    0x00, 0x00, 0x00, 0x00, 0x00, 0x00, 0x00, 0x00, 0x00, 0x00, 0x00, 0x00,
    0x00, 0x00, 0x00, 0x00, 0x00, 0x00, 0x00, 0x00, 0x00, 0x00, 0x00, 0x00,
    0x00, 0x00, 0x00, 0x00, 0x00, 0x00, 0x00, 0x00, 0x00, 0x00, 0x00, 0x00,
    0x00, 0x00, 0x00, 0x00, 0x00, 0x00, 0x00, 0x00, 0x00, 0x00, 0x00, 0x00,
    0x00, 0x00, 0x00, 0x00, 0x00, 0x00, 0x00, 0x00, 0x00, 0x00, 0x00, 0x00,
    0x00, 0x00, 0x00, 0x00, 0x00, 0x00, 0x00, 0x00, 0x00, 0x00, 0x00, 0x00,
    0x00, 0x00, 0x00, 0x00, 0x00, 0x00, 0x00, 0x00, 0x00, 0x00, 0x00, 0x00,
    0x00, 0x00, 0x00, 0x00, 0x00, 0x00, 0x00, 0x00, 0x00, 0x00, 0x00, 0x00,
    0x00, 0x00, 0x00, 0x00, 0x00, 0x00, 0x00, 0x00, 0x00, 0x00, 0x00, 0x00,
    0x00, 0x00, 0x00, 0x00, 0x00, 0x00, 0x00, 0x00, 0x00, 0x00, 0x00, 0x00,
    0x00, 0x00, 0x00, 0x00, 0x00, 0x00, 0x00, 0x00, 0x00, 0x00, 0x00, 0x00,
    0x00, 0x00, 0x00, 0x00, 0x00, 0x00, 0x00, 0x00, 0x00, 0x00, 0x00, 0x00,
    0x00, 0x00, 0x00, 0x00, 0x00, 0x00, 0x00, 0x00, 0x00, 0x00, 0x00, 0x00,
    0x00, 0x00, 0x00, 0x00, 0x00, 0x00, 0x00, 0x00, 0x00, 0x00, 0x00, 0x00,
    0x00, 0x00, 0x00, 0x00, 0x00, 0x00, 0x00, 0x00, 0x00, 0x00, 0x00, 0x00,
    0x00, 0x00, 0x00, 0x00, 0x00, 0x00, 0x00, 0x00, 0x00, 0x00, 0x00, 0x00,
    0x00, 0x00, 0x00, 0x00, 0x00, 0x00, 0x00, 0x00, 0x00, 0x00, 0x00, 0x00,
    0x00, 0x00, 0x00, 0x00, 0x00, 0x00, 0x00, 0x00, 0x00, 0x00, 0x00, 0x00,
    0x00, 0x00, 0x00, 0x00, 0x00, 0x00, 0x00, 0x00, 0x00, 0x00, 0x00, 0x00,
    0x00, 0x00, 0x00, 0x00, 0x00, 0x00, 0x00, 0x00, 0x00, 0x00, 0x00, 0x00,
    0x00, 0x00, 0x00, 0x00, 0x00, 0x00, 0x00, 0x00, 0x00, 0x00, 0x00, 0x00,
    0x00, 0x00, 0x00, 0x00, 0x00, 0x00, 0x00, 0x00, 0x00, 0x00, 0x00, 0x00,
    0x00, 0x00, 0x00, 0x00, 0x00, 0x00, 0x00, 0x00, 0x00, 0x00, 0x00, 0x00,
    0x00, 0x00, 0x00, 0x00, 0x00, 0x00, 0x00, 0x00, 0x00, 0x00, 0x00, 0x00,
    0x00, 0x00, 0x00, 0x00, 0x00, 0x00, 0x00, 0x00, 0x00, 0x00, 0x00, 0x00,
    0x00, 0x00, 0x00, 0x00, 0x00, 0x00, 0x00, 0x00, 0x00, 0x00, 0x00, 0x00,
    0x00, 0x00, 0x00, 0x00, 0x00, 0x00, 0x00, 0x00, 0x00, 0x00, 0x00, 0x00,
    0x00, 0x00, 0x00, 0x00, 0x00, 0x00, 0x00, 0x00, 0x00, 0x00, 0x00, 0x00,
    0x00, 0x00, 0x00, 0x00, 0x00, 0x00, 0x00, 0x00, 0x00, 0x00, 0x00, 0x00,
    0x00, 0x00, 0x00, 0x00, 0x00, 0x00, 0x00, 0x00, 0x00, 0x00, 0x00, 0x00,
    0x00, 0x00, 0x00, 0x00, 0x00, 0x00, 0x00, 0x00, 0x00, 0x00, 0x00, 0x00,
    0x00, 0x00, 0x00, 0x00, 0x00, 0x00, 0x00, 0x00, 0x00, 0x00, 0x00, 0x00,
    0x00, 0x00, 0x00, 0x00, 0x00, 0x00, 0x00, 0x00, 0x00, 0x00, 0x00, 0x00,
    0x00, 0x00, 0x00, 0x00, 0x00, 0x00, 0x00, 0x00, 0x00, 0x00, 0x00, 0x00,
    0x00, 0x00, 0x00, 0x00, 0x00, 0x00, 0x00, 0x00, 0x00, 0x00, 0x00, 0x00,
    0x00, 0x00, 0x00, 0x00, 0x00, 0x00, 0x00, 0x00, 0x00, 0x00, 0x00, 0x00,
    0x00, 0x00, 0x00, 0x00, 0x00, 0x00, 0x00, 0x00, 0x00, 0x00, 0x00, 0x00,
    0x00, 0x00, 0x00, 0x00, 0x00, 0x00, 0x00, 0x00, 0x00, 0x00, 0x00, 0x00,
    0x00, 0x00, 0x00, 0x00, 0x00, 0x00, 0x00, 0x00, 0x00, 0x00, 0x00, 0x00,
    0x00, 0x00, 0x00, 0x00, 0x00, 0x00, 0x00, 0x00, 0x00, 0x00, 0x00, 0x00,
    0x00, 0x00, 0x00, 0x00, 0x00, 0x00, 0x00, 0x00, 0x00, 0x00, 0x00, 0x00,
    0x00, 0x00, 0x00, 0x00, 0x00, 0x00, 0x00, 0x00, 0x00, 0x00, 0x00, 0x00,
    0x00, 0x00, 0x00, 0x00, 0x00, 0x00, 0x00, 0x00, 0x00, 0x00, 0x00, 0x00,
    0x00, 0x00, 0x00, 0x00, 0x00, 0x00, 0x00, 0x00, 0x00, 0x00, 0x00, 0x00,
    0x00, 0x00, 0x00, 0x00, 0x00, 0x00, 0x00, 0x00, 0x00, 0x00, 0x00, 0x00,
    0x00, 0x00, 0x00, 0x00, 0x00, 0x00, 0x00, 0x00, 0x00, 0x00, 0x00, 0x00,
    0x00, 0x00, 0x00, 0x00, 0x00, 0x00, 0x00, 0x00, 0x00, 0x00, 0x00, 0x00,
    0x00, 0x00, 0x00, 0x00, 0x00, 0x00, 0x00, 0x00, 0x00, 0x00, 0x00, 0x00,
    0x00, 0x00, 0x00, 0x00, 0x00, 0x00, 0x00, 0x00, 0x00, 0x00, 0x00, 0x00,
    0x00, 0x00, 0x00, 0x00, 0x00, 0x00, 0x00, 0x00, 0x00, 0x00, 0x00, 0x00,
    0x00, 0x00, 0x00, 0x00, 0x00, 0x00, 0x00, 0x00, 0x00, 0x00, 0x00, 0x00,
    0x00, 0x00, 0x00, 0x00, 0x00, 0x00, 0x00, 0x00, 0x00, 0x00, 0x00, 0x00,
    0x00, 0x00, 0x00, 0x00, 0x00, 0x00, 0x00, 0x00, 0x00, 0x00, 0x00, 0x00,
    0x00, 0x00, 0x00, 0x00, 0x00, 0x00, 0x00, 0x00, 0x00, 0x00, 0x00, 0x00,
    0x00, 0x00, 0x00, 0x00, 0x00, 0x00, 0x00, 0x00, 0x00, 0x00, 0x00, 0x00,
    0x00, 0x00, 0x00, 0x00, 0x00, 0x00, 0x00, 0x00, 0x00, 0x00, 0x00, 0x00,
    0x00, 0x00, 0x00, 0x00, 0x00, 0x00, 0x00, 0x00, 0x00, 0x00, 0x00, 0x00,
    0x00, 0x00, 0x00, 0x00, 0x00, 0x00, 0x00, 0x00, 0x00, 0x00, 0x00, 0x00,
    0x00, 0x00, 0x00, 0x00, 0x00, 0x00, 0x00, 0x00, 0x00, 0x00, 0x00, 0x00,
    0x00, 0x00, 0x00, 0x00, 0x00, 0x00, 0x00, 0x00, 0x00, 0x00, 0x00, 0x00,
    0x00, 0x00, 0x00, 0x00, 0x00, 0x00, 0x00, 0x00, 0x00, 0x00, 0x00, 0x00,
    0x00, 0x00, 0x00, 0x00, 0x00, 0x00, 0x00, 0x00, 0x00, 0x00, 0x00, 0x00,
    0x00, 0x00, 0x00, 0x00, 0x00, 0x00, 0x00, 0x00, 0x00, 0x00, 0x00, 0x00,
    0x00, 0x00, 0x00, 0x00, 0x00, 0x00, 0x00, 0x00, 0x00, 0x00, 0x00, 0x00,
    0x00, 0x00, 0x00, 0x00, 0x00, 0x00, 0x00, 0x00, 0x00, 0x00, 0x00, 0x00,
    0x00, 0x00, 0x00, 0x00, 0x00, 0x00, 0x00, 0x00, 0x00, 0x00, 0x00, 0x00,
    0x00, 0x00, 0x00, 0x00, 0x00, 0x00, 0x00, 0x00, 0x00, 0x00, 0x00, 0x00,
    0x00, 0x00, 0x00, 0x00, 0x00, 0x00, 0x00, 0x00, 0x00, 0x00, 0x00, 0x00,
    0x00, 0x00, 0x00, 0x00, 0x00, 0x00, 0x00, 0x00, 0x00, 0x00, 0x00, 0x00,
    0x00, 0x00, 0x00, 0x00, 0x00, 0x00, 0x00, 0x00, 0x00, 0x00, 0x00, 0x00,
    0x00, 0x00, 0x00, 0x00, 0x00, 0x00, 0x00, 0x00, 0x00, 0x00, 0x00, 0x00,
    0x00, 0x00, 0x00, 0x00, 0x00, 0x00, 0x00, 0x00, 0x00, 0x00, 0x00, 0x00,
    0x00, 0x00, 0x00, 0x00, 0x00, 0x00, 0x00, 0x00, 0x00, 0x00, 0x00, 0x00,
    0x00, 0x00, 0x00, 0x00, 0x20, 0x00, 0x20, 0x00, 0x00, 0x00, 0x20, 0x00,
    0x20, 0x08, 0x00, 0x00, 0x00, 0x00, 0x00, 0x00, 0x00, 0x00, 0x00, 0x00,
    0x00, 0x00, 0x00, 0x00, 0x00, 0x00, 0x00, 0x00, 0x00, 0x00, 0x00, 0x00,
    0x00, 0x00, 0x00, 0x00, 0x00, 0x00, 0x00, 0x00, 0x00, 0x00, 0x00, 0x00,
    0x00, 0x00, 0x00, 0x00, 0x00, 0x00, 0x00, 0x00, 0x00, 0x00, 0x00, 0x00,
    0x00, 0x00, 0x00, 0x00, 0x00, 0x00, 0x00, 0x00, 0x00, 0x00, 0x00, 0x00,
    0x00, 0x00, 0x00, 0x00, 0x00, 0x00, 0x00, 0x00, 0x00, 0x00, 0x00, 0x00,
    0x00, 0x00, 0x00, 0x00, 0x00, 0x00, 0x00, 0x00, 0x00, 0x00, 0x00, 0x00,
    0x00, 0x00, 0x00, 0x00, 0x00, 0x00, 0x00, 0x00, 0x00, 0x00, 0x00, 0x00,
    0x00, 0x00, 0x00, 0x00, 0x00, 0x00, 0x00, 0x00, 0x00, 0x00, 0x00, 0x00,
    0x00, 0x00, 0x00, 0x00, 0x00, 0x00, 0x00, 0x00, 0x00, 0x00, 0x00, 0x00,
    0x00, 0x00, 0x00, 0x00, 0x00, 0x00, 0x00, 0x00, 0x00, 0x00, 0x00, 0x00,
    0x00, 0x00, 0x00, 0x00, 0x00, 0x00, 0x00, 0x00, 0x00, 0x00, 0x00, 0x00,
    0x00, 0x00, 0x00, 0x00, 0x00, 0x00, 0x00, 0x00, 0x00, 0x00, 0x00, 0x00,
    0x00, 0x00, 0x00, 0x00, 0x00, 0x00, 0x00, 0x00, 0x00, 0x00, 0x00, 0x00,
    0x00, 0x00, 0x00, 0x00, 0x00, 0x00, 0x00, 0x00, 0x00, 0x00, 0x00, 0x00,
    0x00, 0x00, 0x00, 0x00, 0x00, 0x00, 0x00, 0x00, 0x00, 0x00, 0x00, 0x00,
    0x00, 0x00, 0x00, 0x00, 0x00, 0x00, 0x00, 0x00, 0x00, 0x00, 0x00, 0x00,
    0x00, 0x00, 0x00, 0x00, 0x00, 0x00, 0x00, 0x00, 0x00, 0x00, 0x00, 0x00,
    0x00, 0x00, 0x00, 0x00, 0x00, 0x00, 0x00, 0x00, 0x00, 0x00, 0x20, 0x00,
    0x20, 0x08, 0x00, 0x08, 0x20, 0x00, 0x21, 0x08, 0x21, 0x08, 0x20, 0x08,
    0x20, 0x00, 0x21, 0x08, 0x20, 0x00, 0x00, 0x00, 0x00, 0x00, 0x00, 0x00,
    0x00, 0x00, 0x00, 0x00, 0x00, 0x00, 0x00, 0x00, 0x00, 0x00, 0x00, 0x00,
    0x00, 0x00, 0x00, 0x00, 0x00, 0x00, 0x00, 0x00, 0x00, 0x00, 0x00, 0x00,
    0x00, 0x00, 0x00, 0x00, 0x00, 0x00, 0x00, 0x00, 0x00, 0x00, 0x00, 0x00,
    0x00, 0x00, 0x00, 0x00, 0x00, 0x00, 0x00, 0x00, 0x00, 0x00, 0x00, 0x00,
    0x00, 0x00, 0x00, 0x00, 0x00, 0x00, 0x00, 0x00, 0x00, 0x00, 0x00, 0x00,
    0x00, 0x00, 0x00, 0x00, 0x00, 0x00, 0x00, 0x00, 0x00, 0x00, 0x00, 0x00,
    0x00, 0x00, 0x00, 0x00, 0x00, 0x00, 0x00, 0x00, 0x00, 0x00, 0x00, 0x00,
    0x00, 0x00, 0x00, 0x00, 0x00, 0x00, 0x00, 0x00, 0x00, 0x00, 0x00, 0x00,
    0x00, 0x00, 0x00, 0x00, 0x00, 0x00, 0x00, 0x00, 0x00, 0x00, 0x00, 0x00,
    0x00, 0x00, 0x00, 0x00, 0x00, 0x00, 0x00, 0x00, 0x00, 0x00, 0x00, 0x00,
    0x00, 0x00, 0x00, 0x00, 0x00, 0x00, 0x00, 0x00, 0x00, 0x00, 0x00, 0x00,
    0x00, 0x00, 0x00, 0x00, 0x00, 0x00, 0x00, 0x00, 0x00, 0x00, 0x00, 0x00,
    0x00, 0x00, 0x00, 0x00, 0x00, 0x00, 0x00, 0x00, 0x00, 0x00, 0x00, 0x00,
    0x00, 0x00, 0x00, 0x00, 0x00, 0x00, 0x00, 0x00, 0x00, 0x00, 0x00, 0x00,
    0x00, 0x00, 0x00, 0x00, 0x00, 0x00, 0x00, 0x00, 0x00, 0x00, 0x00, 0x00,
    0x00, 0x00, 0x00, 0x00, 0x00, 0x00, 0x00, 0x00, 0x00, 0x00, 0x00, 0x00,
    0x00, 0x00, 0x00, 0x00, 0x00, 0x00, 0x00, 0x00, 0x00, 0x00, 0x00, 0x00,
    0x00, 0x00, 0x00, 0x00, 0x00, 0x00, 0x20, 0x00, 0x20, 0x08, 0x20, 0x08,
    0x21, 0x00, 0x21, 0x08, 0x21, 0x08, 0x20, 0x08, 0x21, 0x08, 0x21, 0x08,
    0x20, 0x08, 0x21, 0x08, 0x20, 0x08, 0x20, 0x00, 0x20, 0x08, 0x00, 0x00,
    0x00, 0x00, 0x00, 0x00, 0x00, 0x00, 0x00, 0x00, 0x00, 0x00, 0x00, 0x00,
    0x00, 0x00, 0x00, 0x00, 0x00, 0x00, 0x00, 0x00, 0x00, 0x00, 0x00, 0x00,
    0x00, 0x00, 0x00, 0x00, 0x00, 0x00, 0x00, 0x00, 0x00, 0x00, 0x00, 0x00,
    0x00, 0x00, 0x00, 0x00, 0x00, 0x00, 0x00, 0x00, 0x00, 0x00, 0x00, 0x00,
    0x00, 0x00, 0x00, 0x00, 0x00, 0x00, 0x00, 0x00, 0x00, 0x00, 0x00, 0x00,
    0x00, 0x00, 0x00, 0x00, 0x00, 0x00, 0x00, 0x00, 0x00, 0x00, 0x00, 0x00,
    0x00, 0x00, 0x00, 0x00, 0x00, 0x00, 0x00, 0x00, 0x00, 0x00, 0x00, 0x00,
    0x00, 0x00, 0x00, 0x00, 0x00, 0x00, 0x00, 0x00, 0x00, 0x00, 0x00, 0x00,
    0x00, 0x00, 0x00, 0x00, 0x00, 0x00, 0x00, 0x00, 0x00, 0x00, 0x00, 0x00,
    0x00, 0x00, 0x00, 0x00, 0x00, 0x00, 0x00, 0x00, 0x00, 0x00, 0x00, 0x00,
    0x00, 0x00, 0x00, 0x00, 0x00, 0x00, 0x00, 0x00, 0x00, 0x00, 0x00, 0x00,
    0x00, 0x00, 0x00, 0x00, 0x00, 0x00, 0x00, 0x00, 0x00, 0x00, 0x00, 0x00,
    0x00, 0x00, 0x00, 0x00, 0x00, 0x00, 0x00, 0x00, 0x00, 0x00, 0x00, 0x00,
    0x00, 0x00, 0x00, 0x00, 0x00, 0x00, 0x00, 0x00, 0x00, 0x00, 0x00, 0x00,
    0x00, 0x00, 0x00, 0x00, 0x00, 0x00, 0x00, 0x00, 0x00, 0x00, 0x00, 0x00,
    0x00, 0x00, 0x00, 0x00, 0x00, 0x00, 0x00, 0x00, 0x00, 0x00, 0x00, 0x00,
    0x00, 0x00, 0x00, 0x00, 0x00, 0x00, 0x00, 0x00, 0x00, 0x00, 0x00, 0x00,
    0x00, 0x00, 0x00, 0x00, 0x00, 0x00, 0x20, 0x00, 0x20, 0x08, 0x21, 0x08,
    0x21, 0x08, 0x41, 0x08, 0x41, 0x08, 0x41, 0x08, 0x61, 0x08, 0x41, 0x08,
    0x41, 0x08, 0x41, 0x08, 0x21, 0x08, 0x20, 0x08, 0x20, 0x08, 0x21, 0x00,
    0x20, 0x00, 0x00, 0x00, 0x00, 0x00, 0x00, 0x00, 0x00, 0x00, 0x00, 0x00,
    0x00, 0x00, 0x00, 0x00, 0x00, 0x00, 0x00, 0x00, 0x00, 0x00, 0x00, 0x00,
    0x00, 0x00, 0x00, 0x00, 0x00, 0x00, 0x00, 0x00, 0x00, 0x00, 0x00, 0x00,
    0x00, 0x00, 0x00, 0x00, 0x00, 0x00, 0x00, 0x00, 0x00, 0x00, 0x00, 0x00,
    0x00, 0x00, 0x00, 0x00, 0x00, 0x00, 0x00, 0x00, 0x00, 0x00, 0x00, 0x00,
    0x00, 0x00, 0x00, 0x00, 0x00, 0x00, 0x00, 0x00, 0x00, 0x00, 0x00, 0x00,
    0x00, 0x00, 0x00, 0x00, 0x00, 0x00, 0x00, 0x00, 0x00, 0x00, 0x00, 0x00,
    0x00, 0x00, 0x00, 0x00, 0x00, 0x00, 0x00, 0x00, 0x00, 0x00, 0x00, 0x00,
    0x00, 0x00, 0x00, 0x00, 0x00, 0x00, 0x00, 0x00, 0x00, 0x00, 0x00, 0x00,
    0x00, 0x00, 0x00, 0x00, 0x00, 0x00, 0x00, 0x00, 0x00, 0x00, 0x00, 0x00,
    0x00, 0x00, 0x00, 0x00, 0x00, 0x00, 0x00, 0x00, 0x00, 0x00, 0x00, 0x00,
    0x00, 0x00, 0x00, 0x00, 0x00, 0x00, 0x00, 0x00, 0x00, 0x00, 0x00, 0x00,
    0x00, 0x00, 0x00, 0x00, 0x00, 0x00, 0x00, 0x00, 0x00, 0x00, 0x00, 0x00,
    0x00, 0x00, 0x00, 0x00, 0x00, 0x00, 0x00, 0x00, 0x00, 0x00, 0x00, 0x00,
    0x00, 0x00, 0x00, 0x00, 0x00, 0x00, 0x00, 0x00, 0x00, 0x00, 0x00, 0x00,
    0x00, 0x00, 0x00, 0x00, 0x00, 0x00, 0x00, 0x00, 0x00, 0x00, 0x00, 0x00,
    0x00, 0x00, 0x00, 0x00, 0x00, 0x00, 0x00, 0x00, 0x00, 0x00, 0x00, 0x00,
    0x00, 0x00, 0x00, 0x00, 0x20, 0x08, 0x20, 0x08, 0x21, 0x08, 0x41, 0x08,
    0x40, 0x08, 0x61, 0x10, 0x81, 0x10, 0x81, 0x10, 0x81, 0x18, 0x81, 0x10,
    0x61, 0x10, 0x61, 0x10, 0x61, 0x08, 0x41, 0x08, 0x21, 0x08, 0x20, 0x08,
    0x00, 0x00, 0x20, 0x00, 0x00, 0x00, 0x00, 0x00, 0x00, 0x00, 0x00, 0x00,
    0x00, 0x00, 0x00, 0x00, 0x00, 0x00, 0x00, 0x00, 0x00, 0x00, 0x00, 0x00,
    0x00, 0x00, 0x00, 0x00, 0x00, 0x00, 0x00, 0x00, 0x00, 0x00, 0x00, 0x00,
    0x00, 0x00, 0x00, 0x00, 0x00, 0x00, 0x00, 0x00, 0x00, 0x00, 0x00, 0x00,
    0x00, 0x00, 0x00, 0x00, 0x00, 0x00, 0x00, 0x00, 0x00, 0x00, 0x00, 0x00,
    0x00, 0x00, 0x00, 0x00, 0x00, 0x00, 0x00, 0x00, 0x00, 0x00, 0x00, 0x00,
    0x00, 0x00, 0x00, 0x00, 0x00, 0x00, 0x00, 0x00, 0x00, 0x00, 0x00, 0x00,
    0x00, 0x00, 0x00, 0x00, 0x00, 0x00, 0x00, 0x00, 0x00, 0x00, 0x00, 0x00,
    0x00, 0x00, 0x00, 0x00, 0x00, 0x00, 0x00, 0x00, 0x00, 0x00, 0x00, 0x00,
    0x00, 0x00, 0x00, 0x00, 0x00, 0x00, 0x00, 0x00, 0x00, 0x00, 0x00, 0x00,
    0x00, 0x00, 0x00, 0x00, 0x00, 0x00, 0x00, 0x00, 0x00, 0x00, 0x00, 0x00,
    0x00, 0x00, 0x00, 0x00, 0x00, 0x00, 0x00, 0x00, 0x00, 0x00, 0x00, 0x00,
    0x00, 0x00, 0x00, 0x00, 0x00, 0x00, 0x00, 0x00, 0x00, 0x00, 0x00, 0x00,
    0x00, 0x00, 0x00, 0x00, 0x00, 0x00, 0x00, 0x00, 0x00, 0x00, 0x00, 0x00,
    0x00, 0x00, 0x00, 0x00, 0x00, 0x00, 0x00, 0x00, 0x00, 0x00, 0x00, 0x00,
    0x00, 0x00, 0x00, 0x00, 0x00, 0x00, 0x00, 0x00, 0x00, 0x00, 0x00, 0x00,
    0x00, 0x00, 0x00, 0x00, 0x00, 0x00, 0x00, 0x00, 0x00, 0x00, 0x00, 0x00,
    0x00, 0x00, 0x20, 0x00, 0x21, 0x08, 0x21, 0x08, 0x41, 0x08, 0x41, 0x08,
    0x81, 0x10, 0x81, 0x10, 0xa2, 0x18, 0xc2, 0x20, 0xc2, 0x20, 0xa2, 0x18,
    0xa2, 0x18, 0x81, 0x18, 0x81, 0x10, 0x61, 0x10, 0x41, 0x08, 0x21, 0x08,
    0x20, 0x08, 0x20, 0x08, 0x00, 0x00, 0x00, 0x00, 0x00, 0x00, 0x00, 0x00,
    0x00, 0x00, 0x00, 0x00, 0x00, 0x00, 0x00, 0x00, 0x00, 0x00, 0x00, 0x00,
    0x00, 0x00, 0x00, 0x00, 0x00, 0x00, 0x00, 0x00, 0x00, 0x00, 0x00, 0x00,
    0x00, 0x00, 0x00, 0x00, 0x00, 0x00, 0x00, 0x00, 0x00, 0x00, 0x00, 0x00,
    0x00, 0x00, 0x00, 0x00, 0x00, 0x00, 0x00, 0x00, 0x00, 0x00, 0x00, 0x00,
    0x00, 0x00, 0x00, 0x00, 0x00, 0x00, 0x00, 0x00, 0x00, 0x00, 0x00, 0x00,
    0x00, 0x00, 0x00, 0x00, 0x00, 0x00, 0x00, 0x00, 0x00, 0x00, 0x00, 0x00,
    0x00, 0x00, 0x00, 0x00, 0x00, 0x00, 0x00, 0x00, 0x00, 0x00, 0x00, 0x00,
    0x00, 0x00, 0x00, 0x00, 0x00, 0x00, 0x00, 0x00, 0x00, 0x00, 0x00, 0x00,
    0x00, 0x00, 0x00, 0x00, 0x00, 0x00, 0x00, 0x00, 0x00, 0x00, 0x00, 0x00,
    0x00, 0x00, 0x00, 0x00, 0x00, 0x00, 0x00, 0x00, 0x00, 0x00, 0x00, 0x00,
    0x00, 0x00, 0x00, 0x00, 0x00, 0x00, 0x00, 0x00, 0x00, 0x00, 0x00, 0x00,
    0x00, 0x00, 0x00, 0x00, 0x00, 0x00, 0x00, 0x00, 0x00, 0x00, 0x00, 0x00,
    0x00, 0x00, 0x00, 0x00, 0x00, 0x00, 0x00, 0x00, 0x00, 0x00, 0x00, 0x00,
    0x00, 0x00, 0x00, 0x00, 0x00, 0x00, 0x00, 0x00, 0x00, 0x00, 0x00, 0x00,
    0x00, 0x00, 0x00, 0x00, 0x00, 0x00, 0x00, 0x00, 0x00, 0x00, 0x00, 0x00,
    0x00, 0x00, 0x00, 0x00, 0x00, 0x00, 0x00, 0x00, 0x00, 0x00, 0x00, 0x00,
    0x20, 0x00, 0x20, 0x08, 0x21, 0x08, 0x41, 0x08, 0x61, 0x08, 0x81, 0x10,
    0xa2, 0x18, 0xc2, 0x20, 0xe2, 0x20, 0xe2, 0x20, 0x03, 0x29, 0x03, 0x29,
    0xe2, 0x20, 0xc2, 0x20, 0xa2, 0x18, 0x81, 0x18, 0x61, 0x10, 0x41, 0x08,
    0x41, 0x08, 0x20, 0x08, 0x20, 0x00, 0x00, 0x00, 0x00, 0x00, 0x00, 0x00,
    0x00, 0x00, 0x00, 0x00, 0x00, 0x00, 0x00, 0x00, 0x00, 0x00, 0x00, 0x00,
    0x00, 0x00, 0x00, 0x00, 0x00, 0x00, 0x00, 0x00, 0x00, 0x00, 0x00, 0x00,
    0x00, 0x00, 0x00, 0x00, 0x00, 0x00, 0x00, 0x00, 0x00, 0x00, 0x00, 0x00,
    0x00, 0x00, 0x00, 0x00, 0x00, 0x00, 0x00, 0x00, 0x00, 0x00, 0x00, 0x00,
    0x00, 0x00, 0x00, 0x00, 0x00, 0x00, 0x00, 0x00, 0x00, 0x00, 0x00, 0x00,
    0x00, 0x00, 0x00, 0x00, 0x00, 0x00, 0x00, 0x00, 0x00, 0x00, 0x00, 0x00,
    0x00, 0x00, 0x00, 0x00, 0x00, 0x00, 0x00, 0x00, 0x00, 0x00, 0x00, 0x00,
    0x00, 0x00, 0x00, 0x00, 0x00, 0x00, 0x00, 0x00, 0x00, 0x00, 0x00, 0x00,
    0x00, 0x00, 0x00, 0x00, 0x00, 0x00, 0x00, 0x00, 0x00, 0x00, 0x00, 0x00,
    0x00, 0x00, 0x00, 0x00, 0x00, 0x00, 0x00, 0x00, 0x00, 0x00, 0x00, 0x00,
    0x00, 0x00, 0x00, 0x00, 0x00, 0x00, 0x00, 0x00, 0x00, 0x00, 0x00, 0x00,
    0x00, 0x00, 0x00, 0x00, 0x00, 0x00, 0x00, 0x00, 0x00, 0x00, 0x00, 0x00,
    0x00, 0x00, 0x00, 0x00, 0x00, 0x00, 0x00, 0x00, 0x00, 0x00, 0x00, 0x00,
    0x00, 0x00, 0x00, 0x00, 0x00, 0x00, 0x00, 0x00, 0x00, 0x00, 0x00, 0x00,
    0x00, 0x00, 0x00, 0x00, 0x00, 0x00, 0x00, 0x00, 0x00, 0x00, 0x00, 0x00,
    0x00, 0x00, 0x00, 0x00, 0x00, 0x00, 0x00, 0x00, 0x00, 0x00, 0x20, 0x00,
    0x20, 0x08, 0x21, 0x08, 0x40, 0x08, 0x41, 0x10, 0x81, 0x10, 0xa2, 0x18,
    0xc2, 0x20, 0x03, 0x29, 0x23, 0x29, 0x43, 0x31, 0x64, 0x39, 0x43, 0x31,
    0x23, 0x29, 0x03, 0x29, 0xe2, 0x20, 0xc2, 0x18, 0x81, 0x18, 0x61, 0x10,
    0x41, 0x08, 0x41, 0x08, 0x20, 0x08, 0x20, 0x00, 0x00, 0x00, 0x00, 0x00,
    0x00, 0x00, 0x00, 0x00, 0x00, 0x00, 0x00, 0x00, 0x00, 0x00, 0x00, 0x00,
    0x00, 0x00, 0x00, 0x00, 0x00, 0x00, 0x00, 0x00, 0x00, 0x00, 0x00, 0x00,
    0x00, 0x00, 0x00, 0x00, 0x00, 0x00, 0x00, 0x00, 0x00, 0x00, 0x00, 0x00,
    0x00, 0x00, 0x00, 0x00, 0x00, 0x00, 0x00, 0x00, 0x00, 0x00, 0x00, 0x00,
    0x00, 0x00, 0x00, 0x00, 0x00, 0x00, 0x00, 0x00, 0x00, 0x00, 0x00, 0x00,
    0x00, 0x00, 0x00, 0x00, 0x00, 0x00, 0x00, 0x00, 0x00, 0x00, 0x00, 0x00,
    0x00, 0x00, 0x00, 0x00, 0x00, 0x00, 0x00, 0x00, 0x00, 0x00, 0x00, 0x00,
    0x00, 0x00, 0x00, 0x00, 0x00, 0x00, 0x00, 0x00, 0x00, 0x00, 0x00, 0x00,
    0x00, 0x00, 0x00, 0x00, 0x00, 0x00, 0x00, 0x00, 0x00, 0x00, 0x00, 0x00,
    0x00, 0x00, 0x00, 0x00, 0x00, 0x00, 0x00, 0x00, 0x00, 0x00, 0x00, 0x00,
    0x00, 0x00, 0x00, 0x00, 0x00, 0x00, 0x00, 0x00, 0x00, 0x00, 0x00, 0x00,
    0x00, 0x00, 0x00, 0x00, 0x00, 0x00, 0x00, 0x00, 0x00, 0x00, 0x00, 0x00,
    0x00, 0x00, 0x00, 0x00, 0x00, 0x00, 0x00, 0x00, 0x00, 0x00, 0x00, 0x00,
    0x00, 0x00, 0x00, 0x00, 0x00, 0x00, 0x00, 0x00, 0x00, 0x00, 0x00, 0x00,
    0x00, 0x00, 0x00, 0x00, 0x00, 0x00, 0x00, 0x00, 0x00, 0x00, 0x00, 0x00,
    0x00, 0x00, 0x00, 0x00, 0x00, 0x00, 0x00, 0x00, 0x20, 0x00, 0x00, 0x08,
    0x21, 0x08, 0x41, 0x08, 0x41, 0x08, 0x81, 0x10, 0xa2, 0x18, 0xe2, 0x20,
    0x03, 0x29, 0x43, 0x31, 0xa5, 0x41, 0x46, 0x52, 0x87, 0x5a, 0x06, 0x52,
    0xa4, 0x41, 0x44, 0x31, 0x23, 0x31, 0xe3, 0x20, 0xc2, 0x18, 0x81, 0x18,
    0x61, 0x10, 0x41, 0x08, 0x21, 0x08, 0x20, 0x08, 0x21, 0x08, 0x20, 0x00,
    0x00, 0x00, 0x00, 0x00, 0x00, 0x00, 0x00, 0x00, 0x00, 0x00, 0x00, 0x00,
    0x00, 0x00, 0x00, 0x00, 0x00, 0x00, 0x00, 0x00, 0x00, 0x00, 0x00, 0x00,
    0x00, 0x00, 0x00, 0x00, 0x00, 0x00, 0x00, 0x00, 0x00, 0x00, 0x00, 0x00,
    0x00, 0x00, 0x00, 0x00, 0x00, 0x00, 0x00, 0x00, 0x00, 0x00, 0x00, 0x00,
    0x00, 0x00, 0x00, 0x00, 0x00, 0x00, 0x00, 0x00, 0x00, 0x00, 0x00, 0x00,
    0x00, 0x00, 0x00, 0x00, 0x00, 0x00, 0x00, 0x00, 0x00, 0x00, 0x00, 0x00,
    0x00, 0x00, 0x00, 0x00, 0x00, 0x00, 0x00, 0x00, 0x00, 0x00, 0x00, 0x00,
    0x00, 0x00, 0x00, 0x00, 0x00, 0x00, 0x00, 0x00, 0x00, 0x00, 0x00, 0x00,
    0x00, 0x00, 0x00, 0x00, 0x00, 0x00, 0x00, 0x00, 0x00, 0x00, 0x00, 0x00,
    0x00, 0x00, 0x00, 0x00, 0x00, 0x00, 0x00, 0x00, 0x00, 0x00, 0x00, 0x00,
    0x00, 0x00, 0x00, 0x00, 0x00, 0x00, 0x00, 0x00, 0x00, 0x00, 0x00, 0x00,
    0x00, 0x00, 0x00, 0x00, 0x00, 0x00, 0x00, 0x00, 0x00, 0x00, 0x00, 0x00,
    0x00, 0x00, 0x00, 0x00, 0x00, 0x00, 0x00, 0x00, 0x00, 0x00, 0x00, 0x00,
    0x00, 0x00, 0x00, 0x00, 0x00, 0x00, 0x00, 0x00, 0x00, 0x00, 0x00, 0x00,
    0x00, 0x00, 0x00, 0x00, 0x00, 0x00, 0x00, 0x00, 0x00, 0x00, 0x00, 0x00,
    0x00, 0x00, 0x00, 0x00, 0x00, 0x00, 0x20, 0x00, 0x20, 0x08, 0x21, 0x08,
    0x21, 0x08, 0x61, 0x08, 0x61, 0x10, 0xa1, 0x18, 0xc2, 0x20, 0x03, 0x29,
    0x63, 0x31, 0xc5, 0x41, 0x88, 0x62, 0xac, 0x73, 0xec, 0x73, 0x2a, 0x73,
    0x46, 0x5a, 0xa5, 0x41, 0x64, 0x39, 0x23, 0x31, 0x03, 0x21, 0xc2, 0x18,
    0x81, 0x18, 0x61, 0x10, 0x41, 0x08, 0x21, 0x08, 0x20, 0x08, 0x20, 0x08,
    0x20, 0x00, 0x00, 0x00, 0x00, 0x00, 0x00, 0x00, 0x00, 0x00, 0x00, 0x00,
    0x00, 0x00, 0x00, 0x00, 0x00, 0x00, 0x00, 0x00, 0x00, 0x00, 0x00, 0x00,
    0x00, 0x00, 0x00, 0x00, 0x00, 0x00, 0x00, 0x00, 0x00, 0x00, 0x00, 0x00,
    0x00, 0x00, 0x00, 0x00, 0x00, 0x00, 0x00, 0x00, 0x00, 0x00, 0x00, 0x00,
    0x00, 0x00, 0x00, 0x00, 0x00, 0x00, 0x00, 0x00, 0x00, 0x00, 0x00, 0x00,
    0x00, 0x00, 0x00, 0x00, 0x00, 0x00, 0x00, 0x00, 0x00, 0x00, 0x00, 0x00,
    0x00, 0x00, 0x00, 0x00, 0x00, 0x00, 0x00, 0x00, 0x00, 0x00, 0x00, 0x00,
    0x00, 0x00, 0x00, 0x00, 0x00, 0x00, 0x00, 0x00, 0x00, 0x00, 0x00, 0x00,
    0x00, 0x00, 0x00, 0x00, 0x00, 0x00, 0x00, 0x00, 0x00, 0x00, 0x00, 0x00,
    0x00, 0x00, 0x00, 0x00, 0x00, 0x00, 0x00, 0x00, 0x00, 0x00, 0x00, 0x00,
    0x00, 0x00, 0x00, 0x00, 0x00, 0x00, 0x00, 0x00, 0x00, 0x00, 0x00, 0x00,
    0x00, 0x00, 0x00, 0x00, 0x00, 0x00, 0x00, 0x00, 0x00, 0x00, 0x00, 0x00,
    0x00, 0x00, 0x00, 0x00, 0x00, 0x00, 0x00, 0x00, 0x00, 0x00, 0x00, 0x00,
    0x00, 0x00, 0x00, 0x00, 0x00, 0x00, 0x00, 0x00, 0x00, 0x00, 0x00, 0x00,
    0x00, 0x00, 0x00, 0x00, 0x00, 0x00, 0x00, 0x00, 0x00, 0x00, 0x20, 0x00,
    0x20, 0x00, 0x20, 0x08, 0x20, 0x08, 0x21, 0x08, 0x21, 0x08, 0x41, 0x08,
    0x40, 0x08, 0x61, 0x10, 0xa1, 0x18, 0xc2, 0x20, 0x03, 0x29, 0x43, 0x31,
    0xa4, 0x41, 0x67, 0x5a, 0xac, 0x73, 0xee, 0x5b, 0x0e, 0x54, 0xed, 0x7b,
    0x4a, 0x73, 0x46, 0x5a, 0xc5, 0x41, 0x64, 0x39, 0x23, 0x31, 0xe2, 0x20,
    0xc2, 0x18, 0x81, 0x10, 0x61, 0x10, 0x41, 0x08, 0x41, 0x08, 0x21, 0x08,
    0x21, 0x08, 0x20, 0x08, 0x20, 0x08, 0x20, 0x00, 0x20, 0x00, 0x00, 0x00,
    0x00, 0x00, 0x00, 0x00, 0x00, 0x00, 0x00, 0x00, 0x00, 0x00, 0x00, 0x00,
    0x00, 0x00, 0x00, 0x00, 0x00, 0x00, 0x00, 0x00, 0x00, 0x00, 0x00, 0x00,
    0x00, 0x00, 0x00, 0x00, 0x00, 0x00, 0x00, 0x00, 0x00, 0x00, 0x00, 0x00,
    0x00, 0x00, 0x00, 0x00, 0x00, 0x00, 0x00, 0x00, 0x00, 0x00, 0x00, 0x00,
    0x00, 0x00, 0x00, 0x00, 0x00, 0x00, 0x00, 0x00, 0x00, 0x00, 0x00, 0x00,
    0x00, 0x00, 0x00, 0x00, 0x00, 0x00, 0x00, 0x00, 0x00, 0x00, 0x00, 0x00,
    0x00, 0x00, 0x00, 0x00, 0x00, 0x00, 0x00, 0x00, 0x00, 0x00, 0x00, 0x00,
    0x00, 0x00, 0x00, 0x00, 0x00, 0x00, 0x00, 0x00, 0x00, 0x00, 0x00, 0x00,
    0x00, 0x00, 0x00, 0x00, 0x00, 0x00, 0x00, 0x00, 0x00, 0x00, 0x00, 0x00,
    0x00, 0x00, 0x00, 0x00, 0x00, 0x00, 0x00, 0x00, 0x00, 0x00, 0x00, 0x00,
    0x00, 0x00, 0x00, 0x00, 0x00, 0x00, 0x00, 0x00, 0x00, 0x00, 0x00, 0x00,
    0x00, 0x00, 0x00, 0x00, 0x00, 0x00, 0x00, 0x00, 0x00, 0x00, 0x00, 0x00,
    0x00, 0x00, 0x00, 0x00, 0x00, 0x00, 0x00, 0x00, 0x00, 0x00, 0x00, 0x00,
    0x00, 0x00, 0x00, 0x00, 0x00, 0x00, 0x00, 0x00, 0x20, 0x08, 0x20, 0x00,
    0x20, 0x08, 0x21, 0x08, 0x21, 0x08, 0x21, 0x08, 0x41, 0x08, 0x61, 0x08,
    0x81, 0x10, 0x81, 0x18, 0xc2, 0x18, 0xe3, 0x20, 0x23, 0x31, 0x84, 0x39,
    0x06, 0x4a, 0x29, 0x73, 0xef, 0x63, 0x10, 0x54, 0x31, 0x54, 0x10, 0x54,
    0x0e, 0x74, 0x4a, 0x7b, 0x46, 0x5a, 0xc5, 0x41, 0x64, 0x31, 0x23, 0x29,
    0xe2, 0x20, 0xa2, 0x18, 0x81, 0x18, 0x81, 0x10, 0x61, 0x08, 0x41, 0x08,
    0x41, 0x08, 0x41, 0x08, 0x21, 0x08, 0x21, 0x08, 0x20, 0x08, 0x20, 0x00,
    0x20, 0x00, 0x00, 0x00, 0x00, 0x00, 0x00, 0x00, 0x00, 0x00, 0x00, 0x00,
    0x00, 0x00, 0x00, 0x00, 0x00, 0x00, 0x00, 0x00, 0x00, 0x00, 0x00, 0x00,
    0x00, 0x00, 0x00, 0x00, 0x00, 0x00, 0x00, 0x00, 0x00, 0x00, 0x00, 0x00,
    0x00, 0x00, 0x00, 0x00, 0x00, 0x00, 0x00, 0x00, 0x00, 0x00, 0x00, 0x00,
    0x00, 0x00, 0x00, 0x00, 0x00, 0x00, 0x00, 0x00, 0x00, 0x00, 0x00, 0x00,
    0x00, 0x00, 0x00, 0x00, 0x00, 0x00, 0x00, 0x00, 0x00, 0x00, 0x00, 0x00,
    0x00, 0x00, 0x00, 0x00, 0x00, 0x00, 0x00, 0x00, 0x00, 0x00, 0x00, 0x00,
    0x00, 0x00, 0x00, 0x00, 0x00, 0x00, 0x00, 0x00, 0x00, 0x00, 0x00, 0x00,
    0x00, 0x00, 0x00, 0x00, 0x00, 0x00, 0x00, 0x00, 0x00, 0x00, 0x00, 0x00,
    0x00, 0x00, 0x00, 0x00, 0x00, 0x00, 0x00, 0x00, 0x00, 0x00, 0x00, 0x00,
    0x00, 0x00, 0x00, 0x00, 0x00, 0x00, 0x00, 0x00, 0x00, 0x00, 0x00, 0x00,
    0x00, 0x00, 0x00, 0x00, 0x00, 0x00, 0x00, 0x00, 0x00, 0x00, 0x00, 0x00,
    0x00, 0x00, 0x00, 0x00, 0x00, 0x00, 0x00, 0x00, 0x00, 0x00, 0x00, 0x00,
    0x00, 0x00, 0x00, 0x00, 0x00, 0x00, 0x20, 0x08, 0x21, 0x08, 0x21, 0x08,
    0x21, 0x08, 0x41, 0x08, 0x41, 0x08, 0x61, 0x08, 0x61, 0x10, 0x81, 0x10,
    0xa2, 0x18, 0xc2, 0x20, 0xe3, 0x20, 0x23, 0x29, 0x64, 0x39, 0xc5, 0x41,
    0xa7, 0x62, 0xac, 0x6b, 0x10, 0x54, 0x11, 0x4c, 0x11, 0x4c, 0x31, 0x54,
    0xef, 0x53, 0x0e, 0x74, 0x4a, 0x7b, 0x26, 0x5a, 0xa4, 0x41, 0x64, 0x39,
    0x23, 0x31, 0xe3, 0x20, 0xc2, 0x20, 0xa2, 0x18, 0x81, 0x18, 0x61, 0x10,
    0x61, 0x10, 0x41, 0x08, 0x40, 0x08, 0x41, 0x08, 0x21, 0x08, 0x20, 0x08,
    0x20, 0x00, 0x00, 0x00, 0x00, 0x00, 0x00, 0x00, 0x00, 0x00, 0x00, 0x00,
    0x00, 0x00, 0x00, 0x00, 0x00, 0x00, 0x00, 0x00, 0x00, 0x00, 0x00, 0x00,
    0x00, 0x00, 0x00, 0x00, 0x00, 0x00, 0x00, 0x00, 0x00, 0x00, 0x00, 0x00,
    0x00, 0x00, 0x00, 0x00, 0x00, 0x00, 0x00, 0x00, 0x00, 0x00, 0x00, 0x00,
    0x00, 0x00, 0x00, 0x00, 0x00, 0x00, 0x00, 0x00, 0x00, 0x00, 0x00, 0x00,
    0x00, 0x00, 0x00, 0x00, 0x00, 0x00, 0x00, 0x00, 0x00, 0x00, 0x00, 0x00,
    0x00, 0x00, 0x00, 0x00, 0x00, 0x00, 0x00, 0x00, 0x00, 0x00, 0x00, 0x00,
    0x00, 0x00, 0x00, 0x00, 0x00, 0x00, 0x00, 0x00, 0x00, 0x00, 0x00, 0x00,
    0x00, 0x00, 0x00, 0x00, 0x00, 0x00, 0x00, 0x00, 0x00, 0x00, 0x00, 0x00,
    0x00, 0x00, 0x00, 0x00, 0x00, 0x00, 0x00, 0x00, 0x00, 0x00, 0x00, 0x00,
    0x00, 0x00, 0x00, 0x00, 0x00, 0x00, 0x00, 0x00, 0x00, 0x00, 0x00, 0x00,
    0x00, 0x00, 0x00, 0x00, 0x00, 0x00, 0x00, 0x00, 0x00, 0x00, 0x00, 0x00,
    0x00, 0x00, 0x00, 0x00, 0x00, 0x00, 0x00, 0x00, 0x00, 0x00, 0x00, 0x00,
    0x00, 0x00, 0x00, 0x00, 0x20, 0x00, 0x20, 0x08, 0x20, 0x08, 0x41, 0x08,
    0x41, 0x08, 0x61, 0x10, 0x61, 0x10, 0x81, 0x10, 0xa1, 0x18, 0xc2, 0x20,
    0xc2, 0x20, 0x03, 0x29, 0x23, 0x31, 0x64, 0x39, 0xa4, 0x41, 0x26, 0x52,
    0x2a, 0x6b, 0xef, 0x63, 0x10, 0x54, 0x10, 0x4c, 0x31, 0x4c, 0x31, 0x4c,
    0x11, 0x4c, 0x0f, 0x5c, 0x0c, 0x7c, 0xe8, 0x6a, 0x05, 0x4a, 0xa4, 0x41,
    0x64, 0x39, 0x23, 0x31, 0x03, 0x29, 0xc2, 0x20, 0xc2, 0x18, 0xa2, 0x18,
    0xa1, 0x18, 0x81, 0x10, 0x61, 0x10, 0x41, 0x10, 0x41, 0x08, 0x21, 0x08,
    0x21, 0x08, 0x20, 0x08, 0x20, 0x00, 0x00, 0x00, 0x00, 0x00, 0x00, 0x00,
    0x00, 0x00, 0x00, 0x00, 0x00, 0x00, 0x00, 0x00, 0x00, 0x00, 0x00, 0x00,
    0x00, 0x00, 0x00, 0x00, 0x00, 0x00, 0x00, 0x00, 0x00, 0x00, 0x00, 0x00,
    0x00, 0x00, 0x00, 0x00, 0x00, 0x00, 0x00, 0x00, 0x00, 0x00, 0x00, 0x00,
    0x00, 0x00, 0x00, 0x00, 0x00, 0x00, 0x00, 0x00, 0x00, 0x00, 0x00, 0x00,
    0x00, 0x00, 0x00, 0x00, 0x00, 0x00, 0x00, 0x00, 0x00, 0x00, 0x00, 0x00,
    0x00, 0x00, 0x00, 0x00, 0x00, 0x00, 0x00, 0x00, 0x00, 0x00, 0x00, 0x00,
    0x00, 0x00, 0x00, 0x00, 0x00, 0x00, 0x00, 0x00, 0x00, 0x00, 0x00, 0x00,
    0x00, 0x00, 0x00, 0x00, 0x00, 0x00, 0x00, 0x00, 0x00, 0x00, 0x00, 0x00,
    0x00, 0x00, 0x00, 0x00, 0x00, 0x00, 0x00, 0x00, 0x00, 0x00, 0x00, 0x00,
    0x00, 0x00, 0x00, 0x00, 0x00, 0x00, 0x00, 0x00, 0x00, 0x00, 0x00, 0x00,
    0x00, 0x00, 0x00, 0x00, 0x00, 0x00, 0x00, 0x00, 0x00, 0x00, 0x00, 0x00,
    0x00, 0x00, 0x00, 0x00, 0x00, 0x00, 0x00, 0x00, 0x00, 0x00, 0x00, 0x00,
    0x00, 0x00, 0x20, 0x08, 0x21, 0x08, 0x21, 0x08, 0x41, 0x08, 0x41, 0x08,
    0x61, 0x10, 0x81, 0x18, 0xa2, 0x18, 0xc2, 0x20, 0xe2, 0x20, 0x03, 0x29,
    0x23, 0x29, 0x43, 0x31, 0x84, 0x39, 0xa4, 0x41, 0xe5, 0x49, 0x66, 0x5a,
    0x6b, 0x6b, 0xf0, 0x5b, 0x11, 0x4c, 0x10, 0x4c, 0x30, 0x4c, 0x31, 0x4c,
    0x30, 0x4c, 0x30, 0x54, 0x0e, 0x64, 0x8b, 0x73, 0x67, 0x5a, 0xe5, 0x49,
    0xa4, 0x41, 0x64, 0x39, 0x44, 0x31, 0x23, 0x29, 0x03, 0x29, 0xe2, 0x20,
    0xc2, 0x20, 0xc2, 0x18, 0xa2, 0x18, 0x81, 0x10, 0x61, 0x10, 0x61, 0x08,
    0x41, 0x08, 0x20, 0x08, 0x20, 0x08, 0x20, 0x00, 0x00, 0x00, 0x00, 0x00,
    0x00, 0x00, 0x00, 0x00, 0x00, 0x00, 0x00, 0x00, 0x00, 0x00, 0x00, 0x00,
    0x00, 0x00, 0x00, 0x00, 0x00, 0x00, 0x00, 0x00, 0x00, 0x00, 0x00, 0x00,
    0x00, 0x00, 0x00, 0x00, 0x00, 0x00, 0x00, 0x00, 0x00, 0x00, 0x00, 0x00,
    0x00, 0x00, 0x00, 0x00, 0x00, 0x00, 0x00, 0x00, 0x00, 0x00, 0x00, 0x00,
    0x00, 0x00, 0x00, 0x00, 0x00, 0x00, 0x00, 0x00, 0x00, 0x00, 0x00, 0x00,
    0x00, 0x00, 0x00, 0x00, 0x00, 0x00, 0x00, 0x00, 0x00, 0x00, 0x00, 0x00,
    0x00, 0x00, 0x00, 0x00, 0x00, 0x00, 0x00, 0x00, 0x00, 0x00, 0x00, 0x00,
    0x00, 0x00, 0x00, 0x00, 0x00, 0x00, 0x00, 0x00, 0x00, 0x00, 0x00, 0x00,
    0x00, 0x00, 0x00, 0x00, 0x00, 0x00, 0x00, 0x00, 0x00, 0x00, 0x00, 0x00,
    0x00, 0x00, 0x00, 0x00, 0x00, 0x00, 0x00, 0x00, 0x00, 0x00, 0x00, 0x00,
    0x00, 0x00, 0x00, 0x00, 0x00, 0x00, 0x00, 0x00, 0x00, 0x00, 0x00, 0x00,
    0x00, 0x00, 0x00, 0x00, 0x00, 0x00, 0x00, 0x00, 0x00, 0x00, 0x00, 0x00,
    0x00, 0x00, 0x20, 0x08, 0x20, 0x08, 0x41, 0x08, 0x61, 0x08, 0x61, 0x10,
    0xa1, 0x18, 0xc2, 0x18, 0xe2, 0x20, 0x03, 0x29, 0x23, 0x29, 0x43, 0x31,
    0x64, 0x39, 0x84, 0x39, 0xc5, 0x41, 0xe5, 0x49, 0x06, 0x52, 0x66, 0x62,
    0x4a, 0x73, 0xee, 0x6b, 0x0f, 0x54, 0x10, 0x4c, 0x30, 0x4c, 0x50, 0x44,
    0x10, 0x54, 0x31, 0x4c, 0x0f, 0x5c, 0x0d, 0x74, 0xe8, 0x6a, 0x26, 0x52,
    0xe5, 0x49, 0xc5, 0x41, 0xa4, 0x41, 0x84, 0x39, 0x64, 0x39, 0x43, 0x31,
    0x23, 0x29, 0x03, 0x29, 0xe2, 0x20, 0xa2, 0x18, 0xa1, 0x18, 0x61, 0x10,
    0x41, 0x08, 0x41, 0x08, 0x21, 0x08, 0x20, 0x00, 0x20, 0x00, 0x00, 0x00,
    0x00, 0x00, 0x00, 0x00, 0x00, 0x00, 0x00, 0x00, 0x00, 0x00, 0x00, 0x00,
    0x00, 0x00, 0x00, 0x00, 0x00, 0x00, 0x00, 0x00, 0x00, 0x00, 0x00, 0x00,
    0x00, 0x00, 0x00, 0x00, 0x00, 0x00, 0x00, 0x00, 0x00, 0x00, 0x00, 0x00,
    0x00, 0x00, 0x00, 0x00, 0x00, 0x00, 0x00, 0x00, 0x00, 0x00, 0x00, 0x00,
    0x00, 0x00, 0x00, 0x00, 0x00, 0x00, 0x00, 0x00, 0x00, 0x00, 0x00, 0x00,
    0x00, 0x00, 0x00, 0x00, 0x00, 0x00, 0x00, 0x00, 0x00, 0x00, 0x00, 0x00,
    0x00, 0x00, 0x00, 0x00, 0x00, 0x00, 0x00, 0x00, 0x00, 0x00, 0x00, 0x00,
    0x00, 0x00, 0x00, 0x00, 0x00, 0x00, 0x00, 0x00, 0x00, 0x00, 0x00, 0x00,
    0x00, 0x00, 0x00, 0x00, 0x00, 0x00, 0x00, 0x00, 0x00, 0x00, 0x00, 0x00,
    0x00, 0x00, 0x00, 0x00, 0x00, 0x00, 0x00, 0x00, 0x00, 0x00, 0x00, 0x00,
    0x00, 0x00, 0x00, 0x00, 0x00, 0x00, 0x00, 0x00, 0x00, 0x00, 0x00, 0x00,
    0x00, 0x00, 0x00, 0x00, 0x00, 0x00, 0x00, 0x00, 0x00, 0x00, 0x00, 0x00,
    0x20, 0x00, 0x21, 0x08, 0x20, 0x08, 0x41, 0x08, 0x61, 0x10, 0xa2, 0x18,
    0xc2, 0x20, 0x03, 0x29, 0x23, 0x29, 0x44, 0x31, 0x84, 0x39, 0xa4, 0x41,
    0xc5, 0x49, 0x05, 0x4a, 0x26, 0x52, 0x46, 0x5a, 0x66, 0x5a, 0x87, 0x62,
    0xe8, 0x72, 0xab, 0x83, 0x2e, 0x6c, 0x10, 0x54, 0x30, 0x4c, 0x4f, 0x4c,
    0x10, 0x54, 0x11, 0x4c, 0x0f, 0x54, 0x0d, 0x74, 0x29, 0x73, 0x67, 0x62,
    0x46, 0x5a, 0x26, 0x52, 0x26, 0x52, 0x06, 0x52, 0xc5, 0x49, 0xa4, 0x41,
    0x64, 0x39, 0x43, 0x31, 0x23, 0x29, 0xe3, 0x28, 0xc2, 0x20, 0xa2, 0x18,
    0x61, 0x10, 0x61, 0x10, 0x41, 0x08, 0x20, 0x08, 0x20, 0x08, 0x00, 0x00,
    0x00, 0x00, 0x00, 0x00, 0x00, 0x00, 0x00, 0x00, 0x00, 0x00, 0x00, 0x00,
    0x00, 0x00, 0x00, 0x00, 0x00, 0x00, 0x00, 0x00, 0x00, 0x00, 0x00, 0x00,
    0x00, 0x00, 0x00, 0x00, 0x00, 0x00, 0x00, 0x00, 0x00, 0x00, 0x00, 0x00,
    0x00, 0x00, 0x00, 0x00, 0x00, 0x00, 0x00, 0x00, 0x00, 0x00, 0x00, 0x00,
    0x00, 0x00, 0x00, 0x00, 0x00, 0x00, 0x00, 0x00, 0x00, 0x00, 0x00, 0x00,
    0x00, 0x00, 0x00, 0x00, 0x00, 0x00, 0x00, 0x00, 0x00, 0x00, 0x00, 0x00,
    0x00, 0x00, 0x00, 0x00, 0x00, 0x00, 0x00, 0x00, 0x00, 0x00, 0x00, 0x00,
    0x00, 0x00, 0x00, 0x00, 0x00, 0x00, 0x00, 0x00, 0x00, 0x00, 0x00, 0x00,
    0x00, 0x00, 0x00, 0x00, 0x00, 0x00, 0x00, 0x00, 0x00, 0x00, 0x00, 0x00,
    0x00, 0x00, 0x00, 0x00, 0x00, 0x00, 0x00, 0x00, 0x00, 0x00, 0x00, 0x00,
    0x00, 0x00, 0x00, 0x00, 0x00, 0x00, 0x00, 0x00, 0x00, 0x00, 0x00, 0x00,
    0x00, 0x00, 0x00, 0x00, 0x00, 0x00, 0x00, 0x00, 0x00, 0x00, 0x20, 0x00,
    0x20, 0x00, 0x21, 0x08, 0x41, 0x08, 0x61, 0x10, 0x81, 0x18, 0xc2, 0x20,
    0x03, 0x21, 0x43, 0x31, 0x84, 0x39, 0xe5, 0x49, 0x46, 0x52, 0xa7, 0x62,
    0xe9, 0x6a, 0x49, 0x73, 0x49, 0x7b, 0x69, 0x7b, 0x49, 0x7b, 0x29, 0x7b,
    0x08, 0x73, 0x29, 0x7b, 0xac, 0x83, 0x0e, 0x74, 0x4f, 0x74, 0xaf, 0x84,
    0x0f, 0x5c, 0x31, 0x4c, 0x0f, 0x5c, 0x0d, 0x7c, 0x6a, 0x83, 0x08, 0x73,
    0x29, 0x73, 0x6a, 0x7b, 0x6a, 0x83, 0x49, 0x7b, 0xe8, 0x6a, 0xa7, 0x62,
    0x26, 0x52, 0xa5, 0x41, 0x64, 0x39, 0x43, 0x31, 0x02, 0x21, 0xc2, 0x20,
    0xa1, 0x18, 0x61, 0x10, 0x41, 0x08, 0x21, 0x08, 0x20, 0x08, 0x20, 0x00,
    0x00, 0x00, 0x00, 0x00, 0x00, 0x00, 0x00, 0x00, 0x00, 0x00, 0x00, 0x00,
    0x00, 0x00, 0x00, 0x00, 0x00, 0x00, 0x00, 0x00, 0x00, 0x00, 0x00, 0x00,
    0x00, 0x00, 0x00, 0x00, 0x00, 0x00, 0x00, 0x00, 0x00, 0x00, 0x00, 0x00,
    0x00, 0x00, 0x00, 0x00, 0x00, 0x00, 0x00, 0x00, 0x00, 0x00, 0x00, 0x00,
    0x00, 0x00, 0x00, 0x00, 0x00, 0x00, 0x00, 0x00, 0x00, 0x00, 0x00, 0x00,
    0x00, 0x00, 0x00, 0x00, 0x00, 0x00, 0x00, 0x00, 0x00, 0x00, 0x00, 0x00,
    0x00, 0x00, 0x00, 0x00, 0x00, 0x00, 0x00, 0x00, 0x00, 0x00, 0x00, 0x00,
    0x00, 0x00, 0x00, 0x00, 0x00, 0x00, 0x00, 0x00, 0x00, 0x00, 0x00, 0x00,
    0x00, 0x00, 0x00, 0x00, 0x00, 0x00, 0x00, 0x00, 0x00, 0x00, 0x00, 0x00,
    0x00, 0x00, 0x00, 0x00, 0x00, 0x00, 0x00, 0x00, 0x00, 0x00, 0x00, 0x00,
    0x00, 0x00, 0x00, 0x00, 0x00, 0x00, 0x00, 0x00, 0x00, 0x00, 0x00, 0x00,
    0x00, 0x00, 0x00, 0x00, 0x00, 0x00, 0x00, 0x00, 0x00, 0x00, 0x20, 0x08,
    0x20, 0x08, 0x21, 0x08, 0x41, 0x08, 0x81, 0x10, 0xa2, 0x18, 0xe2, 0x20,
    0x23, 0x31, 0xe5, 0x49, 0x87, 0x62, 0x4a, 0x73, 0xab, 0x73, 0xec, 0x6b,
    0xee, 0x63, 0xee, 0x63, 0xee, 0x5b, 0xee, 0x5b, 0x0e, 0x6c, 0x0d, 0x84,
    0xab, 0x8b, 0x49, 0x83, 0x69, 0x83, 0xcb, 0x8b, 0xec, 0x8b, 0x4d, 0x9c,
    0x2f, 0x64, 0x10, 0x4c, 0x0f, 0x5c, 0x4d, 0x8c, 0x0c, 0x94, 0xec, 0x83,
    0x0d, 0x6c, 0xee, 0x63, 0xee, 0x63, 0xee, 0x63, 0xee, 0x63, 0xcd, 0x73,
    0x6a, 0x7b, 0xa8, 0x62, 0x05, 0x4a, 0x84, 0x39, 0x23, 0x31, 0xe2, 0x20,
    0xc2, 0x18, 0x81, 0x10, 0x41, 0x10, 0x41, 0x08, 0x21, 0x08, 0x20, 0x00,
    0x00, 0x00, 0x00, 0x00, 0x00, 0x00, 0x00, 0x00, 0x00, 0x00, 0x00, 0x00,
    0x00, 0x00, 0x00, 0x00, 0x00, 0x00, 0x00, 0x00, 0x00, 0x00, 0x00, 0x00,
    0x00, 0x00, 0x00, 0x00, 0x00, 0x00, 0x00, 0x00, 0x00, 0x00, 0x00, 0x00,
    0x00, 0x00, 0x00, 0x00, 0x00, 0x00, 0x00, 0x00, 0x00, 0x00, 0x00, 0x00,
    0x00, 0x00, 0x00, 0x00, 0x00, 0x00, 0x00, 0x00, 0x00, 0x00, 0x00, 0x00,
    0x00, 0x00, 0x00, 0x00, 0x00, 0x00, 0x00, 0x00, 0x00, 0x00, 0x00, 0x00,
    0x00, 0x00, 0x00, 0x00, 0x00, 0x00, 0x00, 0x00, 0x00, 0x00, 0x00, 0x00,
    0x00, 0x00, 0x00, 0x00, 0x00, 0x00, 0x00, 0x00, 0x00, 0x00, 0x00, 0x00,
    0x00, 0x00, 0x00, 0x00, 0x00, 0x00, 0x00, 0x00, 0x00, 0x00, 0x00, 0x00,
    0x00, 0x00, 0x00, 0x00, 0x00, 0x00, 0x00, 0x00, 0x00, 0x00, 0x00, 0x00,
    0x00, 0x00, 0x00, 0x00, 0x00, 0x00, 0x00, 0x00, 0x00, 0x00, 0x00, 0x00,
    0x00, 0x00, 0x00, 0x00, 0x00, 0x00, 0x00, 0x00, 0x00, 0x00, 0x00, 0x00,
    0x21, 0x08, 0x40, 0x08, 0x61, 0x08, 0x81, 0x10, 0xc2, 0x20, 0x03, 0x29,
    0x64, 0x39, 0x87, 0x5a, 0xec, 0x73, 0x0e, 0x64, 0x0e, 0x5c, 0x30, 0x5c,
    0x30, 0x54, 0x10, 0x54, 0x10, 0x4c, 0x10, 0x4c, 0x30, 0x54, 0x0f, 0x64,
    0x2d, 0x7c, 0xcb, 0x83, 0xea, 0x93, 0xeb, 0x9b, 0xaa, 0x8b, 0xaa, 0x8b,
    0x4e, 0x74, 0xf0, 0x53, 0x2f, 0x6c, 0xcf, 0x9c, 0x8e, 0x8c, 0x2e, 0x5c,
    0x30, 0x54, 0x30, 0x4c, 0x10, 0x4c, 0x10, 0x4c, 0x10, 0x54, 0x10, 0x54,
    0x0f, 0x64, 0xcd, 0x7b, 0x09, 0x73, 0x05, 0x52, 0x64, 0x39, 0x23, 0x29,
    0xc2, 0x20, 0xa2, 0x18, 0x61, 0x10, 0x41, 0x08, 0x20, 0x08, 0x20, 0x00,
    0x20, 0x00, 0x00, 0x00, 0x00, 0x00, 0x00, 0x00, 0x00, 0x00, 0x00, 0x00,
    0x00, 0x00, 0x00, 0x00, 0x00, 0x00, 0x00, 0x00, 0x00, 0x00, 0x00, 0x00,
    0x00, 0x00, 0x00, 0x00, 0x00, 0x00, 0x00, 0x00, 0x00, 0x00, 0x00, 0x00,
    0x00, 0x00, 0x00, 0x00, 0x00, 0x00, 0x00, 0x00, 0x00, 0x00, 0x00, 0x00,
    0x00, 0x00, 0x00, 0x00, 0x00, 0x00, 0x00, 0x00, 0x00, 0x00, 0x00, 0x00,
    0x00, 0x00, 0x00, 0x00, 0x00, 0x00, 0x00, 0x00, 0x00, 0x00, 0x00, 0x00,
    0x00, 0x00, 0x00, 0x00, 0x00, 0x00, 0x00, 0x00, 0x00, 0x00, 0x00, 0x00,
    0x00, 0x00, 0x00, 0x00, 0x00, 0x00, 0x00, 0x00, 0x00, 0x00, 0x00, 0x00,
    0x00, 0x00, 0x00, 0x00, 0x00, 0x00, 0x00, 0x00, 0x00, 0x00, 0x00, 0x00,
    0x00, 0x00, 0x00, 0x00, 0x00, 0x00, 0x00, 0x00, 0x00, 0x00, 0x00, 0x00,
    0x00, 0x00, 0x00, 0x00, 0x00, 0x00, 0x00, 0x00, 0x00, 0x00, 0x00, 0x00,
    0x00, 0x00, 0x00, 0x00, 0x00, 0x00, 0x00, 0x00, 0x00, 0x00, 0x20, 0x00,
    0x20, 0x08, 0x21, 0x08, 0x61, 0x08, 0x81, 0x18, 0xc2, 0x20, 0x03, 0x29,
    0x84, 0x39, 0xe8, 0x62, 0x2f, 0x64, 0x10, 0x54, 0x30, 0x4c, 0x2f, 0x54,
    0x30, 0x54, 0x31, 0x4c, 0x31, 0x4c, 0x31, 0x4c, 0x11, 0x54, 0x10, 0x54,
    0x2f, 0x64, 0x0c, 0x8c, 0x6c, 0xac, 0x0e, 0xc5, 0x0b, 0x9c, 0xaa, 0x8b,
    0x2d, 0x84, 0x0e, 0x64, 0xae, 0x94, 0xaf, 0x8c, 0x2f, 0x5c, 0x0f, 0x54,
    0x30, 0x4c, 0x31, 0x4c, 0x30, 0x4c, 0x10, 0x4c, 0x10, 0x4c, 0x10, 0x4c,
    0x11, 0x54, 0x0f, 0x5c, 0x2e, 0x74, 0x4a, 0x73, 0xe5, 0x49, 0x43, 0x31,
    0x02, 0x21, 0xa2, 0x18, 0x81, 0x10, 0x41, 0x08, 0x21, 0x08, 0x20, 0x08,
    0x00, 0x00, 0x00, 0x00, 0x00, 0x00, 0x00, 0x00, 0x00, 0x00, 0x00, 0x00,
    0x00, 0x00, 0x00, 0x00, 0x00, 0x00, 0x00, 0x00, 0x00, 0x00, 0x00, 0x00,
    0x00, 0x00, 0x00, 0x00, 0x00, 0x00, 0x00, 0x00, 0x00, 0x00, 0x00, 0x00,
    0x00, 0x00, 0x00, 0x00, 0x00, 0x00, 0x00, 0x00, 0x00, 0x00, 0x00, 0x00,
    0x00, 0x00, 0x00, 0x00, 0x00, 0x00, 0x00, 0x00, 0x00, 0x00, 0x00, 0x00,
    0x00, 0x00, 0x00, 0x00, 0x00, 0x00, 0x00, 0x00, 0x00, 0x00, 0x00, 0x00,
    0x00, 0x00, 0x00, 0x00, 0x00, 0x00, 0x00, 0x00, 0x00, 0x00, 0x00, 0x00,
    0x00, 0x00, 0x00, 0x00, 0x00, 0x00, 0x00, 0x00, 0x00, 0x00, 0x00, 0x00,
    0x00, 0x00, 0x00, 0x00, 0x00, 0x00, 0x00, 0x00, 0x00, 0x00, 0x00, 0x00,
    0x00, 0x00, 0x00, 0x00, 0x00, 0x00, 0x00, 0x00, 0x00, 0x00, 0x00, 0x00,
    0x00, 0x00, 0x00, 0x00, 0x00, 0x00, 0x00, 0x00, 0x00, 0x00, 0x00, 0x00,
    0x00, 0x00, 0x00, 0x00, 0x00, 0x00, 0x00, 0x00, 0x00, 0x00, 0x20, 0x00,
    0x21, 0x08, 0x21, 0x08, 0x61, 0x08, 0x81, 0x10, 0xc2, 0x20, 0x03, 0x29,
    0x64, 0x39, 0x67, 0x5a, 0xed, 0x6b, 0x10, 0x54, 0x10, 0x4c, 0x31, 0x4c,
    0x31, 0x4c, 0x30, 0x4c, 0x31, 0x4c, 0x10, 0x54, 0x10, 0x54, 0x10, 0x54,
    0x2f, 0x64, 0x4d, 0x94, 0x6c, 0xac, 0xcf, 0xdd, 0x0e, 0xc5, 0x0b, 0x9c,
    0x0c, 0x8c, 0x2c, 0x8c, 0x2c, 0x94, 0x2e, 0x6c, 0x0f, 0x54, 0x0f, 0x5c,
    0x0f, 0x54, 0x0f, 0x54, 0x30, 0x4c, 0x10, 0x4c, 0x10, 0x4c, 0x31, 0x4c,
    0x10, 0x4c, 0x2f, 0x54, 0x2f, 0x54, 0xec, 0x6b, 0x47, 0x52, 0x44, 0x31,
    0x02, 0x29, 0xa2, 0x18, 0x81, 0x10, 0x41, 0x08, 0x40, 0x08, 0x20, 0x08,
    0x20, 0x00, 0x01, 0x00, 0x00, 0x00, 0x00, 0x00, 0x00, 0x00, 0x00, 0x00,
    0x00, 0x00, 0x00, 0x00, 0x00, 0x00, 0x00, 0x00, 0x00, 0x00, 0x00, 0x00,
    0x00, 0x00, 0x00, 0x00, 0x00, 0x00, 0x00, 0x00, 0x00, 0x00, 0x00, 0x00,
    0x00, 0x00, 0x00, 0x00, 0x00, 0x00, 0x00, 0x00, 0x00, 0x00, 0x00, 0x00,
    0x00, 0x00, 0x00, 0x00, 0x00, 0x00, 0x00, 0x00, 0x00, 0x00, 0x00, 0x00,
    0x00, 0x00, 0x00, 0x00, 0x00, 0x00, 0x00, 0x00, 0x00, 0x00, 0x00, 0x00,
    0x00, 0x00, 0x00, 0x00, 0x00, 0x00, 0x00, 0x00, 0x00, 0x00, 0x00, 0x00,
    0x00, 0x00, 0x00, 0x00, 0x00, 0x00, 0x00, 0x00, 0x00, 0x00, 0x00, 0x00,
    0x00, 0x00, 0x00, 0x00, 0x00, 0x00, 0x00, 0x00, 0x00, 0x00, 0x00, 0x00,
    0x00, 0x00, 0x00, 0x00, 0x00, 0x00, 0x00, 0x00, 0x00, 0x00, 0x00, 0x00,
    0x00, 0x00, 0x00, 0x00, 0x00, 0x00, 0x00, 0x00, 0x00, 0x00, 0x00, 0x00,
    0x00, 0x00, 0x00, 0x00, 0x00, 0x00, 0x00, 0x00, 0x00, 0x00, 0x20, 0x00,
    0x20, 0x08, 0x21, 0x08, 0x61, 0x08, 0x81, 0x10, 0xc2, 0x18, 0x03, 0x29,
    0x64, 0x31, 0x05, 0x52, 0x6a, 0x7b, 0x0f, 0x5c, 0x10, 0x54, 0x31, 0x4c,
    0x30, 0x4c, 0x30, 0x4c, 0x31, 0x4c, 0x50, 0x6c, 0xaf, 0x8c, 0x8f, 0x84,
    0x2e, 0x74, 0x2c, 0x94, 0x2b, 0xa4, 0x8f, 0xd5, 0xf0, 0xe5, 0xad, 0xb4,
    0xaa, 0x8b, 0x69, 0x83, 0xaa, 0x83, 0x2d, 0x8c, 0x8d, 0x94, 0xad, 0xa4,
    0xce, 0x9c, 0x6f, 0x6c, 0x30, 0x4c, 0x10, 0x4c, 0x30, 0x4c, 0x10, 0x4c,
    0x11, 0x4c, 0xef, 0x53, 0xee, 0x63, 0x6a, 0x7b, 0x06, 0x52, 0x43, 0x31,
    0xe3, 0x28, 0xc2, 0x18, 0x61, 0x10, 0x41, 0x08, 0x21, 0x08, 0x20, 0x08,
    0x00, 0x00, 0x00, 0x00, 0x00, 0x00, 0x00, 0x00, 0x00, 0x00, 0x00, 0x00,
    0x00, 0x00, 0x00, 0x00, 0x00, 0x00, 0x00, 0x00, 0x00, 0x00, 0x00, 0x00,
    0x00, 0x00, 0x00, 0x00, 0x00, 0x00, 0x00, 0x00, 0x00, 0x00, 0x00, 0x00,
    0x00, 0x00, 0x00, 0x00, 0x00, 0x00, 0x00, 0x00, 0x00, 0x00, 0x00, 0x00,
    0x00, 0x00, 0x00, 0x00, 0x00, 0x00, 0x00, 0x00, 0x00, 0x00, 0x00, 0x00,
    0x00, 0x00, 0x00, 0x00, 0x00, 0x00, 0x00, 0x00, 0x00, 0x00, 0x00, 0x00,
    0x00, 0x00, 0x00, 0x00, 0x00, 0x00, 0x00, 0x00, 0x00, 0x00, 0x00, 0x00,
    0x00, 0x00, 0x00, 0x00, 0x00, 0x00, 0x00, 0x00, 0x00, 0x00, 0x00, 0x00,
    0x00, 0x00, 0x00, 0x00, 0x00, 0x00, 0x00, 0x00, 0x00, 0x00, 0x00, 0x00,
    0x00, 0x00, 0x00, 0x00, 0x00, 0x00, 0x00, 0x00, 0x00, 0x00, 0x00, 0x00,
    0x00, 0x00, 0x00, 0x00, 0x00, 0x00, 0x00, 0x00, 0x00, 0x00, 0x00, 0x00,
    0x00, 0x00, 0x00, 0x00, 0x00, 0x00, 0x00, 0x00, 0x00, 0x00, 0x20, 0x08,
    0x20, 0x08, 0x21, 0x08, 0x41, 0x08, 0x81, 0x10, 0xc2, 0x18, 0x03, 0x29,
    0x43, 0x31, 0xc5, 0x41, 0xc8, 0x6a, 0xec, 0x73, 0x10, 0x54, 0x10, 0x54,
    0x10, 0x54, 0x10, 0x4c, 0x10, 0x4c, 0x50, 0x64, 0xae, 0x94, 0x4c, 0x9c,
    0x0c, 0x9c, 0xea, 0x93, 0xea, 0x9b, 0x4e, 0xcd, 0x0e, 0xcd, 0xaf, 0xdd,
    0x0b, 0x9c, 0x69, 0x83, 0x69, 0x83, 0xab, 0x83, 0x0c, 0x94, 0x4c, 0x9c,
    0x8e, 0x9c, 0x6f, 0x74, 0x10, 0x4c, 0x30, 0x4c, 0x30, 0x4c, 0x10, 0x4c,
    0x10, 0x54, 0x0f, 0x6c, 0xcb, 0x83, 0x47, 0x5a, 0xa4, 0x41, 0x43, 0x31,
    0xe3, 0x20, 0xa2, 0x18, 0x81, 0x10, 0x41, 0x08, 0x21, 0x08, 0x20, 0x00,
    0x20, 0x00, 0x00, 0x00, 0x00, 0x00, 0x00, 0x00, 0x00, 0x00, 0x00, 0x00,
    0x00, 0x00, 0x00, 0x00, 0x00, 0x00, 0x00, 0x00, 0x00, 0x00, 0x00, 0x00,
    0x00, 0x00, 0x00, 0x00, 0x00, 0x00, 0x00, 0x00, 0x00, 0x00, 0x00, 0x00,
    0x00, 0x00, 0x00, 0x00, 0x00, 0x00, 0x00, 0x00, 0x00, 0x00, 0x00, 0x00,
    0x00, 0x00, 0x00, 0x00, 0x00, 0x00, 0x00, 0x00, 0x00, 0x00, 0x00, 0x00,
    0x00, 0x00, 0x00, 0x00, 0x00, 0x00, 0x00, 0x00, 0x00, 0x00, 0x00, 0x00,
    0x00, 0x00, 0x00, 0x00, 0x00, 0x00, 0x00, 0x00, 0x00, 0x00, 0x00, 0x00,
    0x00, 0x00, 0x00, 0x00, 0x00, 0x00, 0x00, 0x00, 0x00, 0x00, 0x00, 0x00,
    0x00, 0x00, 0x00, 0x00, 0x00, 0x00, 0x00, 0x00, 0x00, 0x00, 0x00, 0x00,
    0x00, 0x00, 0x00, 0x00, 0x00, 0x00, 0x00, 0x00, 0x00, 0x00, 0x00, 0x00,
    0x00, 0x00, 0x00, 0x00, 0x00, 0x00, 0x00, 0x00, 0x00, 0x00, 0x00, 0x00,
    0x00, 0x00, 0x00, 0x00, 0x00, 0x00, 0x00, 0x00, 0x00, 0x00, 0x00, 0x00,
    0x20, 0x00, 0x20, 0x08, 0x41, 0x08, 0x61, 0x10, 0xa2, 0x18, 0xe2, 0x20,
    0x23, 0x31, 0x84, 0x39, 0x06, 0x52, 0x49, 0x73, 0x2e, 0x74, 0x0f, 0x54,
    0x10, 0x4c, 0x11, 0x4c, 0x11, 0x4c, 0x10, 0x54, 0x2e, 0x6c, 0x4d, 0x8c,
    0x0c, 0x94, 0xaa, 0x8b, 0xca, 0x93, 0x0d, 0xc5, 0xac, 0xb4, 0x4e, 0xcd,
    0x2e, 0xc5, 0xab, 0x93, 0x8b, 0x83, 0x0d, 0x84, 0x2e, 0x74, 0x2e, 0x6c,
    0x0f, 0x5c, 0x10, 0x4c, 0x30, 0x4c, 0x30, 0x4c, 0x10, 0x4c, 0x0f, 0x54,
    0x2f, 0x6c, 0xcc, 0x83, 0xa7, 0x62, 0xc5, 0x41, 0x64, 0x39, 0x23, 0x29,
    0xc2, 0x20, 0xa2, 0x18, 0x61, 0x10, 0x40, 0x08, 0x20, 0x08, 0x20, 0x08,
    0x20, 0x00, 0x00, 0x00, 0x00, 0x00, 0x00, 0x00, 0x00, 0x00, 0x00, 0x00,
    0x00, 0x00, 0x00, 0x00, 0x00, 0x00, 0x00, 0x00, 0x00, 0x00, 0x00, 0x00,
    0x00, 0x00, 0x00, 0x00, 0x00, 0x00, 0x00, 0x00, 0x00, 0x00, 0x00, 0x00,
    0x00, 0x00, 0x00, 0x00, 0x00, 0x00, 0x00, 0x00, 0x00, 0x00, 0x00, 0x00,
    0x00, 0x00, 0x00, 0x00, 0x00, 0x00, 0x00, 0x00, 0x00, 0x00, 0x00, 0x00,
    0x00, 0x00, 0x00, 0x00, 0x00, 0x00, 0x00, 0x00, 0x00, 0x00, 0x00, 0x00,
    0x00, 0x00, 0x00, 0x00, 0x00, 0x00, 0x00, 0x00, 0x00, 0x00, 0x00, 0x00,
    0x00, 0x00, 0x00, 0x00, 0x00, 0x00, 0x00, 0x00, 0x00, 0x00, 0x00, 0x00,
    0x00, 0x00, 0x00, 0x00, 0x00, 0x00, 0x00, 0x00, 0x00, 0x00, 0x00, 0x00,
    0x00, 0x00, 0x00, 0x00, 0x00, 0x00, 0x00, 0x00, 0x00, 0x00, 0x00, 0x00,
    0x00, 0x00, 0x00, 0x00, 0x00, 0x00, 0x00, 0x00, 0x00, 0x00, 0x00, 0x00,
    0x00, 0x00, 0x00, 0x00, 0x00, 0x00, 0x00, 0x00, 0x00, 0x00, 0x00, 0x00,
    0x20, 0x00, 0x21, 0x08, 0x41, 0x08, 0x61, 0x10, 0x81, 0x18, 0xc2, 0x20,
    0x03, 0x29, 0x64, 0x39, 0xc5, 0x41, 0x87, 0x62, 0xab, 0x7b, 0x2f, 0x6c,
    0x0f, 0x54, 0x10, 0x4c, 0x30, 0x4c, 0x31, 0x4c, 0x10, 0x54, 0x2f, 0x5c,
    0x2e, 0x74, 0xeb, 0x8b, 0xca, 0x93, 0xcd, 0xbc, 0xed, 0xc4, 0x8d, 0xb4,
    0xb0, 0xdd, 0x4b, 0xac, 0xab, 0x8b, 0x2d, 0x8c, 0x2f, 0x74, 0x10, 0x5c,
    0xf0, 0x4b, 0x10, 0x4c, 0x10, 0x4c, 0x10, 0x4c, 0x2f, 0x54, 0x0e, 0x6c,
    0xcc, 0x83, 0xc8, 0x6a, 0x06, 0x4a, 0x84, 0x39, 0x44, 0x31, 0x03, 0x29,
    0xc2, 0x20, 0x81, 0x18, 0x61, 0x10, 0x41, 0x08, 0x20, 0x08, 0x21, 0x00,
    0x00, 0x00, 0x00, 0x00, 0x00, 0x00, 0x00, 0x00, 0x00, 0x00, 0x00, 0x00,
    0x00, 0x00, 0x00, 0x00, 0x00, 0x00, 0x00, 0x00, 0x00, 0x00, 0x00, 0x00,
    0x00, 0x00, 0x00, 0x00, 0x00, 0x00, 0x00, 0x00, 0x00, 0x00, 0x00, 0x00,
    0x00, 0x00, 0x00, 0x00, 0x00, 0x00, 0x00, 0x00, 0x00, 0x00, 0x00, 0x00,
    0x00, 0x00, 0x00, 0x00, 0x00, 0x00, 0x00, 0x00, 0x00, 0x00, 0x00, 0x00,
    0x00, 0x00, 0x00, 0x00, 0x00, 0x00, 0x00, 0x00, 0x00, 0x00, 0x00, 0x00,
    0x00, 0x00, 0x00, 0x00, 0x00, 0x00, 0x00, 0x00, 0x00, 0x00, 0x00, 0x00,
    0x00, 0x00, 0x00, 0x00, 0x00, 0x00, 0x00, 0x00, 0x00, 0x00, 0x00, 0x00,
    0x00, 0x00, 0x00, 0x00, 0x00, 0x00, 0x00, 0x00, 0x00, 0x00, 0x00, 0x00,
    0x00, 0x00, 0x00, 0x00, 0x00, 0x00, 0x00, 0x00, 0x00, 0x00, 0x00, 0x00,
    0x00, 0x00, 0x00, 0x00, 0x00, 0x00, 0x00, 0x00, 0x00, 0x00, 0x00, 0x00,
    0x00, 0x00, 0x00, 0x00, 0x00, 0x00, 0x00, 0x00, 0x00, 0x00, 0x00, 0x00,
    0x20, 0x08, 0x21, 0x08, 0x41, 0x08, 0x61, 0x10, 0x81, 0x10, 0xc2, 0x18,
    0x03, 0x29, 0x43, 0x31, 0x84, 0x39, 0xe5, 0x49, 0x87, 0x62, 0x8b, 0x7b,
    0xed, 0x73, 0x0e, 0x6c, 0x2f, 0x64, 0x2f, 0x6c, 0x6f, 0x6c, 0x90, 0x74,
    0x8f, 0x84, 0xec, 0x93, 0xeb, 0x93, 0xad, 0xbc, 0x4e, 0xd5, 0xad, 0xb4,
    0x2e, 0xcd, 0x0e, 0xcd, 0x0b, 0x9c, 0x4d, 0x94, 0xd0, 0x94, 0xb0, 0x7c,
    0x50, 0x6c, 0x0f, 0x6c, 0x0e, 0x64, 0x2e, 0x64, 0x0e, 0x74, 0x8b, 0x7b,
    0xa8, 0x6a, 0x26, 0x52, 0xc4, 0x41, 0x64, 0x39, 0x23, 0x31, 0xe2, 0x20,
    0xa2, 0x18, 0x81, 0x10, 0x61, 0x08, 0x41, 0x08, 0x20, 0x08, 0x20, 0x00,
    0x00, 0x00, 0x00, 0x00, 0x00, 0x00, 0x00, 0x00, 0x00, 0x00, 0x00, 0x00,
    0x00, 0x00, 0x00, 0x00, 0x00, 0x00, 0x00, 0x00, 0x00, 0x00, 0x00, 0x00,
    0x00, 0x00, 0x00, 0x00, 0x00, 0x00, 0x00, 0x00, 0x00, 0x00, 0x00, 0x00,
    0x00, 0x00, 0x00, 0x00, 0x00, 0x00, 0x00, 0x00, 0x00, 0x00, 0x00, 0x00,
    0x00, 0x00, 0x00, 0x00, 0x00, 0x00, 0x00, 0x00, 0x00, 0x00, 0x00, 0x00,
    0x00, 0x00, 0x00, 0x00, 0x00, 0x00, 0x00, 0x00, 0x00, 0x00, 0x00, 0x00,
    0x00, 0x00, 0x00, 0x00, 0x00, 0x00, 0x00, 0x00, 0x00, 0x00, 0x00, 0x00,
    0x00, 0x00, 0x00, 0x00, 0x00, 0x00, 0x00, 0x00, 0x00, 0x00, 0x00, 0x00,
    0x00, 0x00, 0x00, 0x00, 0x00, 0x00, 0x00, 0x00, 0x00, 0x00, 0x00, 0x00,
    0x00, 0x00, 0x00, 0x00, 0x00, 0x00, 0x00, 0x00, 0x00, 0x00, 0x00, 0x00,
    0x00, 0x00, 0x00, 0x00, 0x00, 0x00, 0x00, 0x00, 0x00, 0x00, 0x00, 0x00,
    0x00, 0x00, 0x00, 0x00, 0x00, 0x00, 0x00, 0x00, 0x00, 0x00, 0x20, 0x00,
    0x20, 0x08, 0x20, 0x08, 0x41, 0x08, 0x61, 0x10, 0x81, 0x10, 0xa2, 0x18,
    0xe3, 0x20, 0x43, 0x31, 0x84, 0x39, 0xc5, 0x49, 0x26, 0x52, 0x87, 0x62,
    0x09, 0x73, 0xaa, 0x83, 0x0c, 0x8c, 0x6d, 0x8c, 0xcf, 0x8c, 0xd0, 0x84,
    0x6f, 0x84, 0xec, 0x8b, 0x0b, 0x9c, 0x6f, 0xd5, 0x4e, 0xcd, 0x2e, 0xcd,
    0xcc, 0xbc, 0xaf, 0xe5, 0x8d, 0xa4, 0x6d, 0x84, 0x4f, 0x6c, 0xd0, 0x7c,
    0xd0, 0x8c, 0x6e, 0x8c, 0xec, 0x83, 0x8b, 0x7b, 0x29, 0x73, 0xa7, 0x6a,
    0x26, 0x52, 0xe5, 0x49, 0x84, 0x41, 0x63, 0x31, 0x23, 0x29, 0xe2, 0x20,
    0xa2, 0x18, 0x81, 0x10, 0x41, 0x08, 0x41, 0x08, 0x20, 0x08, 0x20, 0x00,
    0x20, 0x00, 0x00, 0x08, 0x00, 0x00, 0x00, 0x00, 0x00, 0x00, 0x00, 0x00,
    0x00, 0x00, 0x00, 0x00, 0x00, 0x00, 0x00, 0x00, 0x00, 0x00, 0x00, 0x00,
    0x00, 0x00, 0x00, 0x00, 0x00, 0x00, 0x00, 0x00, 0x00, 0x00, 0x00, 0x00,
    0x00, 0x00, 0x00, 0x00, 0x00, 0x00, 0x00, 0x00, 0x00, 0x00, 0x00, 0x00,
    0x00, 0x00, 0x00, 0x00, 0x00, 0x00, 0x00, 0x00, 0x00, 0x00, 0x00, 0x00,
    0x00, 0x00, 0x00, 0x00, 0x00, 0x00, 0x00, 0x00, 0x00, 0x00, 0x00, 0x00,
    0x00, 0x00, 0x00, 0x00, 0x00, 0x00, 0x00, 0x00, 0x00, 0x00, 0x00, 0x00,
    0x00, 0x00, 0x00, 0x00, 0x00, 0x00, 0x00, 0x00, 0x00, 0x00, 0x00, 0x00,
    0x00, 0x00, 0x00, 0x00, 0x00, 0x00, 0x00, 0x00, 0x00, 0x00, 0x00, 0x00,
    0x00, 0x00, 0x00, 0x00, 0x00, 0x00, 0x00, 0x00, 0x00, 0x00, 0x00, 0x00,
    0x00, 0x00, 0x00, 0x00, 0x00, 0x00, 0x00, 0x00, 0x00, 0x00, 0x00, 0x00,
    0x00, 0x00, 0x00, 0x00, 0x00, 0x00, 0x00, 0x00, 0x00, 0x00, 0x21, 0x08,
    0x21, 0x08, 0x20, 0x08, 0x41, 0x08, 0x61, 0x10, 0x81, 0x18, 0xa2, 0x18,
    0xe3, 0x20, 0x43, 0x31, 0x64, 0x39, 0xc5, 0x41, 0x05, 0x52, 0x46, 0x5a,
    0x87, 0x6a, 0x08, 0x7b, 0xeb, 0x83, 0x2e, 0x7c, 0x2f, 0x5c, 0x0f, 0x54,
    0x0e, 0x6c, 0xec, 0x83, 0x2b, 0xa4, 0xaf, 0xdd, 0x6f, 0xd5, 0x6e, 0xd5,
    0x0c, 0xbd, 0x8f, 0xdd, 0xee, 0xbc, 0x8e, 0x8c, 0x2e, 0x54, 0x30, 0x54,
    0x6f, 0x64, 0x4e, 0x84, 0xab, 0x8b, 0xe9, 0x72, 0x87, 0x62, 0x46, 0x5a,
    0x06, 0x52, 0xc5, 0x41, 0x84, 0x39, 0x44, 0x31, 0x23, 0x29, 0xe2, 0x20,
    0xa2, 0x18, 0x81, 0x10, 0x61, 0x10, 0x41, 0x08, 0x21, 0x08, 0x20, 0x08,
    0x00, 0x00, 0x21, 0x00, 0x00, 0x00, 0x00, 0x00, 0x00, 0x00, 0x00, 0x00,
    0x00, 0x00, 0x00, 0x00, 0x00, 0x00, 0x00, 0x00, 0x00, 0x00, 0x00, 0x00,
    0x00, 0x00, 0x00, 0x00, 0x00, 0x00, 0x00, 0x00, 0x00, 0x00, 0x00, 0x00,
    0x00, 0x00, 0x00, 0x00, 0x00, 0x00, 0x00, 0x00, 0x00, 0x00, 0x00, 0x00,
    0x00, 0x00, 0x00, 0x00, 0x00, 0x00, 0x00, 0x00, 0x00, 0x00, 0x00, 0x00,
    0x00, 0x00, 0x00, 0x00, 0x00, 0x00, 0x00, 0x00, 0x00, 0x00, 0x00, 0x00,
    0x00, 0x00, 0x00, 0x00, 0x00, 0x00, 0x00, 0x00, 0x00, 0x00, 0x00, 0x00,
    0x00, 0x00, 0x00, 0x00, 0x00, 0x00, 0x00, 0x00, 0x00, 0x00, 0x00, 0x00,
    0x00, 0x00, 0x00, 0x00, 0x00, 0x00, 0x00, 0x00, 0x00, 0x00, 0x00, 0x00,
    0x00, 0x00, 0x00, 0x00, 0x00, 0x00, 0x00, 0x00, 0x00, 0x00, 0x00, 0x00,
    0x00, 0x00, 0x00, 0x00, 0x00, 0x00, 0x00, 0x00, 0x00, 0x00, 0x00, 0x00,
    0x00, 0x00, 0x00, 0x00, 0x00, 0x00, 0x00, 0x00, 0x20, 0x08, 0x21, 0x08,
    0x21, 0x00, 0x41, 0x08, 0x61, 0x08, 0x81, 0x10, 0xa2, 0x18, 0xc2, 0x20,
    0x03, 0x29, 0x43, 0x31, 0x84, 0x39, 0xc5, 0x41, 0x05, 0x52, 0x46, 0x5a,
    0x87, 0x62, 0x49, 0x73, 0x0d, 0x7c, 0x2f, 0x5c, 0x30, 0x4c, 0x10, 0x54,
    0x4f, 0x74, 0xec, 0x8b, 0x4c, 0xac, 0x6e, 0xd5, 0xaf, 0xdd, 0x2e, 0xcd,
    0x4e, 0xd5, 0x4e, 0xd5, 0x2e, 0xcd, 0x6d, 0x9c, 0x2e, 0x64, 0x30, 0x4c,
    0x2f, 0x54, 0x2e, 0x6c, 0xec, 0x83, 0x09, 0x73, 0x67, 0x62, 0x26, 0x5a,
    0xe5, 0x49, 0xc5, 0x41, 0x84, 0x41, 0x43, 0x31, 0x23, 0x29, 0xe2, 0x28,
    0xc2, 0x20, 0x82, 0x18, 0x61, 0x10, 0x41, 0x08, 0x41, 0x08, 0x20, 0x08,
    0x20, 0x08, 0x21, 0x00, 0x00, 0x00, 0x00, 0x00, 0x20, 0x00, 0x00, 0x00,
    0x00, 0x00, 0x00, 0x00, 0x00, 0x00, 0x00, 0x00, 0x00, 0x00, 0x00, 0x00,
    0x00, 0x00, 0x00, 0x00, 0x00, 0x00, 0x00, 0x00, 0x00, 0x00, 0x00, 0x00,
    0x00, 0x00, 0x00, 0x00, 0x00, 0x00, 0x00, 0x00, 0x00, 0x00, 0x00, 0x00,
    0x00, 0x00, 0x00, 0x00, 0x00, 0x00, 0x00, 0x00, 0x00, 0x00, 0x00, 0x00,
    0x00, 0x00, 0x00, 0x00, 0x00, 0x00, 0x00, 0x00, 0x00, 0x00, 0x00, 0x00,
    0x00, 0x00, 0x00, 0x00, 0x00, 0x00, 0x00, 0x00, 0x00, 0x00, 0x00, 0x00,
    0x00, 0x00, 0x00, 0x00, 0x00, 0x00, 0x00, 0x00, 0x00, 0x00, 0x00, 0x00,
    0x00, 0x00, 0x00, 0x00, 0x00, 0x00, 0x00, 0x00, 0x00, 0x00, 0x00, 0x00,
    0x00, 0x00, 0x00, 0x00, 0x00, 0x00, 0x00, 0x00, 0x00, 0x00, 0x00, 0x00,
    0x00, 0x00, 0x00, 0x00, 0x00, 0x00, 0x00, 0x00, 0x00, 0x00, 0x00, 0x00,
    0x00, 0x00, 0x00, 0x00, 0x20, 0x00, 0x20, 0x08, 0x21, 0x08, 0x20, 0x08,
    0x40, 0x08, 0x61, 0x10, 0x81, 0x10, 0xa2, 0x18, 0xc2, 0x20, 0xe2, 0x20,
    0x23, 0x29, 0x64, 0x31, 0x84, 0x41, 0xc5, 0x41, 0x06, 0x52, 0x46, 0x5a,
    0xa7, 0x62, 0x8b, 0x7b, 0x0e, 0x6c, 0x2f, 0x54, 0x30, 0x4c, 0x50, 0x5c,
    0x6e, 0x84, 0xeb, 0x93, 0x6c, 0xac, 0x0e, 0xc5, 0x0e, 0xc5, 0x4e, 0xd5,
    0x8f, 0xd5, 0x2e, 0xcd, 0x6f, 0xd5, 0x6d, 0x9c, 0x2f, 0x6c, 0x10, 0x4c,
    0x10, 0x54, 0x0f, 0x5c, 0x0d, 0x7c, 0x6a, 0x7b, 0x87, 0x62, 0x26, 0x52,
    0x05, 0x52, 0xc5, 0x49, 0xa4, 0x41, 0x64, 0x39, 0x23, 0x31, 0x03, 0x29,
    0xe2, 0x20, 0xc2, 0x18, 0xa1, 0x18, 0x61, 0x10, 0x61, 0x10, 0x41, 0x08,
    0x21, 0x08, 0x20, 0x08, 0x20, 0x08, 0x00, 0x00, 0x00, 0x00, 0x00, 0x00,
    0x00, 0x00, 0x00, 0x00, 0x00, 0x00, 0x00, 0x00, 0x00, 0x00, 0x00, 0x00,
    0x00, 0x00, 0x00, 0x00, 0x00, 0x00, 0x00, 0x00, 0x00, 0x00, 0x00, 0x00,
    0x00, 0x00, 0x00, 0x00, 0x00, 0x00, 0x00, 0x00, 0x00, 0x00, 0x00, 0x00,
    0x00, 0x00, 0x00, 0x00, 0x00, 0x00, 0x00, 0x00, 0x00, 0x00, 0x00, 0x00,
    0x00, 0x00, 0x00, 0x00, 0x00, 0x00, 0x00, 0x00, 0x00, 0x00, 0x00, 0x00,
    0x00, 0x00, 0x00, 0x00, 0x00, 0x00, 0x00, 0x00, 0x00, 0x00, 0x00, 0x00,
    0x00, 0x00, 0x00, 0x00, 0x00, 0x00, 0x00, 0x00, 0x00, 0x00, 0x00, 0x00,
    0x00, 0x00, 0x00, 0x00, 0x00, 0x00, 0x00, 0x00, 0x00, 0x00, 0x00, 0x00,
    0x00, 0x00, 0x00, 0x00, 0x00, 0x00, 0x00, 0x00, 0x00, 0x00, 0x00, 0x00,
    0x00, 0x00, 0x00, 0x00, 0x00, 0x00, 0x00, 0x00, 0x00, 0x00, 0x00, 0x00,
    0x20, 0x00, 0x20, 0x00, 0x20, 0x08, 0x21, 0x08, 0x21, 0x08, 0x41, 0x08,
    0x61, 0x10, 0x81, 0x10, 0xa2, 0x18, 0xc2, 0x20, 0x02, 0x29, 0x23, 0x29,
    0x64, 0x31, 0x84, 0x39, 0xc4, 0x41, 0xe5, 0x49, 0x26, 0x52, 0x46, 0x5a,
    0xe8, 0x6a, 0xac, 0x7b, 0xef, 0x5b, 0x10, 0x4c, 0x30, 0x4c, 0x30, 0x5c,
    0x4e, 0x84, 0xeb, 0x93, 0x8c, 0xb4, 0xad, 0xb4, 0x4c, 0xa4, 0x6e, 0xd5,
    0x8f, 0xd5, 0x4e, 0xcd, 0xaf, 0xd5, 0x8d, 0xa4, 0x4f, 0x74, 0x30, 0x4c,
    0x10, 0x4c, 0xf0, 0x53, 0x0e, 0x6c, 0x8b, 0x7b, 0xa7, 0x6a, 0x46, 0x52,
    0x05, 0x52, 0xc5, 0x49, 0xc5, 0x41, 0x84, 0x39, 0x64, 0x31, 0x43, 0x31,
    0x03, 0x29, 0xe2, 0x20, 0xc2, 0x20, 0xa2, 0x18, 0x81, 0x10, 0x61, 0x10,
    0x41, 0x08, 0x21, 0x08, 0x20, 0x08, 0x20, 0x00, 0x00, 0x08, 0x00, 0x00,
    0x00, 0x00, 0x00, 0x00, 0x00, 0x00, 0x00, 0x00, 0x00, 0x00, 0x00, 0x00,
    0x00, 0x00, 0x00, 0x00, 0x00, 0x00, 0x00, 0x00, 0x00, 0x00, 0x00, 0x00,
    0x00, 0x00, 0x00, 0x00, 0x00, 0x00, 0x00, 0x00, 0x00, 0x00, 0x00, 0x00,
    0x00, 0x00, 0x00, 0x00, 0x00, 0x00, 0x00, 0x00, 0x00, 0x00, 0x00, 0x00,
    0x00, 0x00, 0x00, 0x00, 0x00, 0x00, 0x00, 0x00, 0x00, 0x00, 0x00, 0x00,
    0x00, 0x00, 0x00, 0x00, 0x00, 0x00, 0x00, 0x00, 0x00, 0x00, 0x00, 0x00,
    0x00, 0x00, 0x00, 0x00, 0x00, 0x00, 0x00, 0x00, 0x00, 0x00, 0x00, 0x00,
    0x00, 0x00, 0x00, 0x00, 0x00, 0x00, 0x00, 0x00, 0x00, 0x00, 0x00, 0x00,
    0x00, 0x00, 0x00, 0x00, 0x00, 0x00, 0x00, 0x00, 0x00, 0x00, 0x00, 0x00,
    0x00, 0x00, 0x00, 0x00, 0x00, 0x00, 0x00, 0x00, 0x00, 0x00, 0x20, 0x00,
    0x00, 0x00, 0x20, 0x08, 0x21, 0x08, 0x21, 0x08, 0x41, 0x08, 0x81, 0x10,
    0x81, 0x18, 0xa2, 0x18, 0xe2, 0x20, 0x03, 0x29, 0x23, 0x31, 0x64, 0x39,
    0x84, 0x41, 0xe5, 0x49, 0x46, 0x5a, 0x46, 0x5a, 0x46, 0x5a, 0x67, 0x5a,
    0xe8, 0x6a, 0xcd, 0x73, 0xf0, 0x53, 0x10, 0x4c, 0x30, 0x4c, 0x0f, 0x54,
    0x2d, 0x7c, 0xeb, 0x93, 0xcd, 0xbc, 0x6c, 0xac, 0xea, 0x9b, 0x0e, 0xc5,
    0x6e, 0xcd, 0x4e, 0xcd, 0xcf, 0xdd, 0xad, 0xa4, 0x6e, 0x7c, 0x10, 0x4c,
    0x31, 0x4c, 0x10, 0x4c, 0x0f, 0x5c, 0xab, 0x73, 0xa7, 0x6a, 0x26, 0x5a,
    0x05, 0x52, 0x05, 0x4a, 0x06, 0x52, 0xe5, 0x49, 0xc5, 0x41, 0x84, 0x39,
    0x43, 0x31, 0x23, 0x29, 0x03, 0x29, 0xc2, 0x20, 0xa2, 0x18, 0x81, 0x10,
    0x61, 0x10, 0x41, 0x08, 0x21, 0x08, 0x20, 0x00, 0x21, 0x08, 0x00, 0x00,
    0x00, 0x00, 0x00, 0x00, 0x00, 0x00, 0x00, 0x00, 0x00, 0x00, 0x00, 0x00,
    0x00, 0x00, 0x00, 0x00, 0x00, 0x00, 0x00, 0x00, 0x00, 0x00, 0x00, 0x00,
    0x00, 0x00, 0x00, 0x00, 0x00, 0x00, 0x00, 0x00, 0x00, 0x00, 0x00, 0x00,
    0x00, 0x00, 0x00, 0x00, 0x00, 0x00, 0x00, 0x00, 0x00, 0x00, 0x00, 0x00,
    0x00, 0x00, 0x00, 0x00, 0x00, 0x00, 0x00, 0x00, 0x00, 0x00, 0x00, 0x00,
    0x00, 0x00, 0x00, 0x00, 0x00, 0x00, 0x00, 0x00, 0x00, 0x00, 0x00, 0x00,
    0x00, 0x00, 0x00, 0x00, 0x00, 0x00, 0x00, 0x00, 0x00, 0x00, 0x00, 0x00,
    0x00, 0x00, 0x00, 0x00, 0x00, 0x00, 0x00, 0x00, 0x00, 0x00, 0x00, 0x00,
    0x00, 0x00, 0x00, 0x00, 0x00, 0x00, 0x00, 0x00, 0x00, 0x00, 0x00, 0x00,
    0x00, 0x00, 0x00, 0x00, 0x00, 0x00, 0x00, 0x00, 0x20, 0x00, 0x00, 0x00,
    0x20, 0x08, 0x21, 0x08, 0x41, 0x08, 0x61, 0x08, 0x61, 0x10, 0xa1, 0x18,
    0xc2, 0x18, 0xe2, 0x20, 0x03, 0x29, 0x43, 0x31, 0x64, 0x39, 0xc5, 0x41,
    0x05, 0x52, 0xa7, 0x6a, 0x89, 0x8b, 0xc7, 0x6a, 0x67, 0x5a, 0x67, 0x62,
    0xe8, 0x6a, 0xed, 0x6b, 0x10, 0x54, 0x30, 0x4c, 0x30, 0x4c, 0x0f, 0x54,
    0x2e, 0x84, 0xeb, 0x9b, 0xed, 0xbc, 0x4b, 0xa4, 0xaa, 0x93, 0x8c, 0xb4,
    0x4e, 0xcd, 0x6e, 0xd5, 0xaf, 0xdd, 0x8c, 0xa4, 0x4e, 0x84, 0x30, 0x54,
    0x31, 0x4c, 0x11, 0x4c, 0x0f, 0x5c, 0xab, 0x73, 0xa7, 0x62, 0x26, 0x52,
    0x06, 0x52, 0x26, 0x52, 0xe8, 0x72, 0x49, 0x7b, 0x87, 0x62, 0x05, 0x52,
    0x84, 0x41, 0x64, 0x39, 0x43, 0x31, 0x03, 0x29, 0xe2, 0x20, 0xa2, 0x18,
    0x81, 0x10, 0x61, 0x10, 0x41, 0x08, 0x21, 0x08, 0x20, 0x08, 0x20, 0x00,
    0x00, 0x00, 0x20, 0x00, 0x00, 0x00, 0x00, 0x00, 0x00, 0x00, 0x00, 0x00,
    0x00, 0x00, 0x00, 0x00, 0x00, 0x00, 0x00, 0x00, 0x00, 0x00, 0x00, 0x00,
    0x00, 0x00, 0x00, 0x00, 0x00, 0x00, 0x00, 0x00, 0x00, 0x00, 0x00, 0x00,
    0x00, 0x00, 0x00, 0x00, 0x00, 0x00, 0x00, 0x00, 0x00, 0x00, 0x00, 0x00,
    0x00, 0x00, 0x00, 0x00, 0x00, 0x00, 0x00, 0x00, 0x00, 0x00, 0x00, 0x00,
    0x00, 0x00, 0x00, 0x00, 0x00, 0x00, 0x00, 0x00, 0x00, 0x00, 0x00, 0x00,
    0x00, 0x00, 0x00, 0x00, 0x00, 0x00, 0x00, 0x00, 0x00, 0x00, 0x00, 0x00,
    0x00, 0x00, 0x00, 0x00, 0x00, 0x00, 0x00, 0x00, 0x00, 0x00, 0x00, 0x00,
    0x00, 0x00, 0x00, 0x00, 0x00, 0x00, 0x00, 0x00, 0x00, 0x00, 0x00, 0x00,
    0x00, 0x00, 0x00, 0x00, 0x00, 0x00, 0x00, 0x00, 0x20, 0x00, 0x20, 0x08,
    0x21, 0x08, 0x21, 0x08, 0x61, 0x08, 0x61, 0x10, 0xa1, 0x18, 0xc2, 0x20,
    0x03, 0x29, 0x23, 0x29, 0x64, 0x31, 0x84, 0x39, 0xe5, 0x49, 0x87, 0x62,
    0x89, 0x83, 0x2b, 0xa4, 0x89, 0x8b, 0xa7, 0x6a, 0x46, 0x5a, 0x66, 0x62,
    0xe8, 0x6a, 0xcc, 0x6b, 0x10, 0x54, 0x11, 0x4c, 0x10, 0x4c, 0x0f, 0x54,
    0x4e, 0x8c, 0x0b, 0x9c, 0xed, 0xc4, 0x0b, 0xa4, 0x69, 0x83, 0x2b, 0xa4,
    0x6e, 0xd5, 0x8f, 0xd5, 0xaf, 0xdd, 0x6c, 0xa4, 0x2e, 0x7c, 0x10, 0x54,
    0x31, 0x4c, 0x10, 0x4c, 0x0f, 0x5c, 0x8b, 0x73, 0x88, 0x62, 0x26, 0x52,
    0x05, 0x52, 0x26, 0x52, 0xa7, 0x6a, 0xca, 0x93, 0x2b, 0xa4, 0x08, 0x7b,
    0x46, 0x5a, 0xc5, 0x41, 0x84, 0x39, 0x44, 0x31, 0x23, 0x29, 0xe2, 0x20,
    0xc2, 0x20, 0xa1, 0x18, 0x61, 0x10, 0x41, 0x08, 0x41, 0x08, 0x20, 0x08,
    0x01, 0x08, 0x00, 0x00, 0x00, 0x00, 0x00, 0x00, 0x00, 0x00, 0x00, 0x00,
    0x00, 0x00, 0x00, 0x00, 0x00, 0x00, 0x00, 0x00, 0x00, 0x00, 0x00, 0x00,
    0x00, 0x00, 0x00, 0x00, 0x00, 0x00, 0x00, 0x00, 0x00, 0x00, 0x00, 0x00,
    0x00, 0x00, 0x00, 0x00, 0x00, 0x00, 0x00, 0x00, 0x00, 0x00, 0x00, 0x00,
    0x00, 0x00, 0x00, 0x00, 0x00, 0x00, 0x00, 0x00, 0x00, 0x00, 0x00, 0x00,
    0x00, 0x00, 0x00, 0x00, 0x00, 0x00, 0x00, 0x00, 0x00, 0x00, 0x00, 0x00,
    0x00, 0x00, 0x00, 0x00, 0x00, 0x00, 0x00, 0x00, 0x00, 0x00, 0x00, 0x00,
    0x00, 0x00, 0x00, 0x00, 0x00, 0x00, 0x00, 0x00, 0x00, 0x00, 0x00, 0x00,
    0x00, 0x00, 0x00, 0x00, 0x00, 0x00, 0x00, 0x00, 0x00, 0x00, 0x00, 0x00,
    0x00, 0x00, 0x00, 0x00, 0x00, 0x00, 0x00, 0x00, 0x20, 0x08, 0x21, 0x08,
    0x41, 0x08, 0x61, 0x08, 0x61, 0x10, 0xa1, 0x18, 0xc2, 0x20, 0x03, 0x21,
    0x23, 0x31, 0x64, 0x39, 0xa4, 0x41, 0x26, 0x52, 0xe8, 0x72, 0x4c, 0xac,
    0x8c, 0xb4, 0x69, 0x83, 0xa7, 0x6a, 0x46, 0x5a, 0x46, 0x5a, 0x66, 0x5a,
    0xe8, 0x6a, 0xac, 0x6b, 0x10, 0x4c, 0x31, 0x4c, 0x30, 0x4c, 0x10, 0x5c,
    0x2e, 0x8c, 0x0c, 0x9c, 0x0e, 0xc5, 0x0b, 0x9c, 0x49, 0x83, 0xeb, 0x9b,
    0xaf, 0xdd, 0x8e, 0xd5, 0xaf, 0xdd, 0x6c, 0xa4, 0x2e, 0x7c, 0x30, 0x54,
    0x31, 0x4c, 0x30, 0x4c, 0x0f, 0x5c, 0x8b, 0x73, 0x87, 0x62, 0x06, 0x52,
    0x05, 0x52, 0xe5, 0x49, 0x06, 0x52, 0x87, 0x62, 0x8a, 0x8b, 0xac, 0xb4,
    0xca, 0x93, 0xa7, 0x62, 0xe5, 0x49, 0x84, 0x41, 0x44, 0x31, 0x23, 0x29,
    0xe2, 0x20, 0xa2, 0x18, 0x81, 0x18, 0x61, 0x10, 0x41, 0x08, 0x21, 0x08,
    0x20, 0x08, 0x20, 0x00, 0x20, 0x00, 0x00, 0x00, 0x00, 0x00, 0x00, 0x00,
    0x00, 0x00, 0x00, 0x00, 0x00, 0x00, 0x00, 0x00, 0x00, 0x00, 0x00, 0x00,
    0x00, 0x00, 0x00, 0x00, 0x00, 0x00, 0x00, 0x00, 0x00, 0x00, 0x00, 0x00,
    0x00, 0x00, 0x00, 0x00, 0x00, 0x00, 0x00, 0x00, 0x00, 0x00, 0x00, 0x00,
    0x00, 0x00, 0x00, 0x00, 0x00, 0x00, 0x00, 0x00, 0x00, 0x00, 0x00, 0x00,
    0x00, 0x00, 0x00, 0x00, 0x00, 0x00, 0x00, 0x00, 0x00, 0x00, 0x00, 0x00,
    0x00, 0x00, 0x00, 0x00, 0x00, 0x00, 0x00, 0x00, 0x00, 0x00, 0x00, 0x00,
    0x00, 0x00, 0x00, 0x00, 0x00, 0x00, 0x00, 0x00, 0x00, 0x00, 0x00, 0x00,
    0x00, 0x00, 0x00, 0x00, 0x00, 0x00, 0x00, 0x00, 0x00, 0x00, 0x00, 0x00,
    0x00, 0x00, 0x00, 0x00, 0x00, 0x00, 0x20, 0x08, 0x21, 0x08, 0x41, 0x08,
    0x41, 0x08, 0x81, 0x10, 0xa1, 0x18, 0xc2, 0x20, 0x03, 0x29, 0x43, 0x31,
    0x64, 0x39, 0xc5, 0x41, 0x46, 0x5a, 0x69, 0x83, 0x0d, 0xc5, 0x8c, 0xb4,
    0x49, 0x83, 0x87, 0x62, 0x06, 0x52, 0x05, 0x4a, 0x06, 0x52, 0x26, 0x5a,
    0xc8, 0x62, 0xcd, 0x73, 0x10, 0x54, 0x31, 0x4c, 0x10, 0x4c, 0x0f, 0x5c,
    0x0d, 0x84, 0xeb, 0x93, 0xed, 0xc4, 0xeb, 0x9b, 0x49, 0x83, 0xeb, 0x9b,
    0xcf, 0xdd, 0x8e, 0xd5, 0xaf, 0xdd, 0x4c, 0xa4, 0x0d, 0x7c, 0x0f, 0x54,
    0x30, 0x54, 0x10, 0x4c, 0x2f, 0x64, 0x6b, 0x73, 0x67, 0x5a, 0xe5, 0x49,
    0xc5, 0x49, 0xa5, 0x41, 0xc4, 0x41, 0xe5, 0x49, 0x46, 0x5a, 0x49, 0x83,
    0xcd, 0xbc, 0x4c, 0xac, 0x08, 0x73, 0x26, 0x52, 0xa4, 0x41, 0x64, 0x39,
    0x23, 0x29, 0xe2, 0x20, 0xc2, 0x20, 0xa1, 0x18, 0x61, 0x08, 0x41, 0x08,
    0x41, 0x08, 0x20, 0x08, 0x21, 0x08, 0x20, 0x00, 0x00, 0x00, 0x00, 0x00,
    0x00, 0x00, 0x00, 0x00, 0x00, 0x00, 0x00, 0x00, 0x00, 0x00, 0x00, 0x00,
    0x00, 0x00, 0x00, 0x00, 0x00, 0x00, 0x00, 0x00, 0x00, 0x00, 0x00, 0x00,
    0x00, 0x00, 0x00, 0x00, 0x00, 0x00, 0x00, 0x00, 0x00, 0x00, 0x00, 0x00,
    0x00, 0x00, 0x00, 0x00, 0x00, 0x00, 0x00, 0x00, 0x00, 0x00, 0x00, 0x00,
    0x00, 0x00, 0x00, 0x00, 0x00, 0x00, 0x00, 0x00, 0x00, 0x00, 0x00, 0x00,
    0x00, 0x00, 0x00, 0x00, 0x00, 0x00, 0x00, 0x00, 0x00, 0x00, 0x00, 0x00,
    0x00, 0x00, 0x00, 0x00, 0x00, 0x00, 0x00, 0x00, 0x00, 0x00, 0x00, 0x00,
    0x00, 0x00, 0x00, 0x00, 0x00, 0x00, 0x00, 0x00, 0x00, 0x00, 0x00, 0x00,
    0x00, 0x00, 0x20, 0x00, 0x20, 0x08, 0x21, 0x08, 0x40, 0x08, 0x41, 0x08,
    0x61, 0x10, 0x81, 0x18, 0xc2, 0x20, 0x03, 0x21, 0x43, 0x31, 0x64, 0x39,
    0xc5, 0x41, 0x66, 0x5a, 0xaa, 0x8b, 0x4e, 0xcd, 0xac, 0xb4, 0x08, 0x7b,
    0x46, 0x5a, 0xe5, 0x49, 0xc5, 0x41, 0xc5, 0x49, 0xe5, 0x49, 0x05, 0x4a,
    0x87, 0x62, 0x8c, 0x6b, 0xee, 0x53, 0x2e, 0x54, 0x2e, 0x54, 0x2e, 0x6c,
    0x0b, 0x84, 0x0a, 0x9c, 0xcc, 0xbc, 0xaa, 0x93, 0x49, 0x7b, 0xea, 0x9b,
    0xf0, 0xe5, 0x6f, 0xd5, 0xaf, 0xdd, 0xea, 0x9b, 0x69, 0x83, 0xec, 0x83,
    0x0e, 0x7c, 0x0e, 0x74, 0xcc, 0x73, 0xe9, 0x62, 0x06, 0x52, 0xa4, 0x41,
    0xa4, 0x39, 0x84, 0x41, 0xa4, 0x41, 0xa4, 0x41, 0xc5, 0x49, 0x46, 0x5a,
    0x49, 0x83, 0x0e, 0xc5, 0xcd, 0xbc, 0x28, 0x7b, 0x26, 0x52, 0xa4, 0x41,
    0x64, 0x39, 0x23, 0x29, 0xe3, 0x20, 0xa2, 0x18, 0x81, 0x10, 0x61, 0x10,
    0x41, 0x08, 0x20, 0x08, 0x20, 0x08, 0x00, 0x00, 0x00, 0x00, 0x00, 0x00,
    0x00, 0x00, 0x00, 0x00, 0x00, 0x00, 0x00, 0x00, 0x00, 0x00, 0x00, 0x00,
    0x00, 0x00, 0x00, 0x00, 0x00, 0x00, 0x00, 0x00, 0x00, 0x00, 0x00, 0x00,
    0x00, 0x00, 0x00, 0x00, 0x00, 0x00, 0x00, 0x00, 0x00, 0x00, 0x00, 0x00,
    0x00, 0x00, 0x00, 0x00, 0x00, 0x00, 0x00, 0x00, 0x00, 0x00, 0x00, 0x00,
    0x00, 0x00, 0x00, 0x00, 0x00, 0x00, 0x00, 0x00, 0x00, 0x00, 0x00, 0x00,
    0x00, 0x00, 0x00, 0x00, 0x00, 0x00, 0x00, 0x00, 0x00, 0x00, 0x00, 0x00,
    0x00, 0x00, 0x00, 0x00, 0x00, 0x00, 0x00, 0x00, 0x00, 0x00, 0x00, 0x00,
    0x00, 0x00, 0x00, 0x00, 0x00, 0x00, 0x00, 0x00, 0x00, 0x00, 0x00, 0x00,
    0x20, 0x00, 0x20, 0x00, 0x21, 0x08, 0x21, 0x08, 0x41, 0x08, 0x61, 0x10,
    0xa1, 0x18, 0xc2, 0x20, 0x03, 0x29, 0x43, 0x31, 0x84, 0x39, 0xe5, 0x49,
    0xa7, 0x6a, 0x0b, 0xa4, 0x6f, 0xd5, 0xcd, 0xbc, 0x08, 0x7b, 0x26, 0x52,
    0xc5, 0x49, 0xa4, 0x41, 0xa4, 0x39, 0x84, 0x39, 0x84, 0x41, 0xc5, 0x41,
    0x26, 0x52, 0x29, 0x6b, 0xec, 0x73, 0xec, 0x7b, 0xec, 0x83, 0xaa, 0x7b,
    0x49, 0x7b, 0x2b, 0xa4, 0x8c, 0xb4, 0x8a, 0x8b, 0x28, 0x7b, 0xea, 0x9b,
    0xd0, 0xe5, 0x4e, 0xcd, 0x8f, 0xd5, 0xca, 0x93, 0xe8, 0x6a, 0x87, 0x62,
    0xa8, 0x62, 0xe8, 0x6a, 0xa7, 0x62, 0x06, 0x52, 0xa4, 0x41, 0x64, 0x39,
    0x63, 0x31, 0x43, 0x31, 0x44, 0x31, 0x64, 0x39, 0x84, 0x39, 0xa5, 0x41,
    0x46, 0x5a, 0x89, 0x8b, 0x2e, 0xcd, 0xed, 0xc4, 0x49, 0x83, 0x46, 0x5a,
    0xa5, 0x41, 0x64, 0x39, 0x23, 0x31, 0xe2, 0x20, 0xa2, 0x18, 0x81, 0x10,
    0x61, 0x10, 0x41, 0x08, 0x20, 0x00, 0x21, 0x08, 0x20, 0x00, 0x00, 0x00,
    0x00, 0x00, 0x00, 0x00, 0x00, 0x00, 0x00, 0x00, 0x00, 0x00, 0x00, 0x00,
    0x00, 0x00, 0x00, 0x00, 0x00, 0x00, 0x00, 0x00, 0x00, 0x00, 0x00, 0x00,
    0x00, 0x00, 0x00, 0x00, 0x00, 0x00, 0x00, 0x00, 0x00, 0x00, 0x00, 0x00,
    0x00, 0x00, 0x00, 0x00, 0x00, 0x00, 0x00, 0x00, 0x00, 0x00, 0x00, 0x00,
    0x00, 0x00, 0x00, 0x00, 0x00, 0x00, 0x00, 0x00, 0x00, 0x00, 0x00, 0x00,
    0x00, 0x00, 0x00, 0x00, 0x00, 0x00, 0x00, 0x00, 0x00, 0x00, 0x00, 0x00,
    0x00, 0x00, 0x00, 0x00, 0x00, 0x00, 0x00, 0x00, 0x00, 0x00, 0x00, 0x00,
    0x00, 0x00, 0x00, 0x00, 0x00, 0x00, 0x00, 0x00, 0x00, 0x00, 0x00, 0x00,
    0x00, 0x00, 0x20, 0x08, 0x20, 0x08, 0x41, 0x08, 0x61, 0x10, 0x81, 0x10,
    0xc2, 0x18, 0x03, 0x29, 0x23, 0x31, 0x64, 0x39, 0xc5, 0x41, 0xa7, 0x6a,
    0x2b, 0xa4, 0x8f, 0xdd, 0x2e, 0xcd, 0x69, 0x8b, 0x46, 0x5a, 0xc5, 0x41,
    0x84, 0x39, 0x64, 0x39, 0x64, 0x31, 0x44, 0x31, 0x64, 0x31, 0x64, 0x39,
    0xa4, 0x41, 0x26, 0x52, 0x87, 0x62, 0xa7, 0x62, 0xa7, 0x6a, 0xa7, 0x6a,
    0x08, 0x73, 0x4c, 0xa4, 0x4c, 0xa4, 0x69, 0x83, 0x08, 0x7b, 0xea, 0x9b,
    0xf0, 0xe5, 0x2e, 0xc5, 0x6e, 0xd5, 0x69, 0x83, 0x87, 0x62, 0x46, 0x5a,
    0x05, 0x52, 0xe5, 0x49, 0xc5, 0x41, 0x84, 0x39, 0x43, 0x31, 0x23, 0x31,
    0x03, 0x29, 0x03, 0x29, 0x23, 0x29, 0x23, 0x31, 0x43, 0x31, 0x84, 0x39,
    0xc5, 0x41, 0x46, 0x5a, 0xaa, 0x93, 0x4e, 0xcd, 0xed, 0xc4, 0x49, 0x83,
    0x26, 0x52, 0xc4, 0x41, 0x64, 0x39, 0x03, 0x29, 0xe2, 0x20, 0xa2, 0x18,
    0x61, 0x10, 0x41, 0x08, 0x21, 0x08, 0x20, 0x08, 0x20, 0x00, 0x20, 0x00,
    0x00, 0x00, 0x00, 0x00, 0x00, 0x00, 0x00, 0x00, 0x00, 0x00, 0x00, 0x00,
    0x00, 0x00, 0x00, 0x00, 0x00, 0x00, 0x00, 0x00, 0x00, 0x00, 0x00, 0x00,
    0x00, 0x00, 0x00, 0x00, 0x00, 0x00, 0x00, 0x00, 0x00, 0x00, 0x00, 0x00,
    0x00, 0x00, 0x00, 0x00, 0x00, 0x00, 0x00, 0x00, 0x00, 0x00, 0x00, 0x00,
    0x00, 0x00, 0x00, 0x00, 0x00, 0x00, 0x00, 0x00, 0x00, 0x00, 0x00, 0x00,
    0x00, 0x00, 0x00, 0x00, 0x00, 0x00, 0x00, 0x00, 0x00, 0x00, 0x00, 0x00,
    0x00, 0x00, 0x00, 0x00, 0x00, 0x00, 0x00, 0x00, 0x00, 0x00, 0x00, 0x00,
    0x00, 0x00, 0x00, 0x00, 0x00, 0x00, 0x00, 0x00, 0x00, 0x00, 0x20, 0x00,
    0x21, 0x08, 0x21, 0x08, 0x41, 0x08, 0x61, 0x08, 0x81, 0x10, 0xa2, 0x18,
    0xe2, 0x20, 0x23, 0x31, 0x64, 0x39, 0xc5, 0x41, 0x87, 0x62, 0x0b, 0x9c,
    0x6f, 0xd5, 0x6f, 0xd5, 0xea, 0x9b, 0x87, 0x62, 0xc5, 0x49, 0x84, 0x39,
    0x44, 0x31, 0x23, 0x31, 0x23, 0x29, 0x03, 0x29, 0x23, 0x29, 0x23, 0x31,
    0x64, 0x31, 0x84, 0x39, 0xc5, 0x49, 0x05, 0x52, 0x26, 0x5a, 0x66, 0x5a,
    0xe8, 0x72, 0x4c, 0xac, 0x0b, 0x9c, 0x29, 0x7b, 0x08, 0x7b, 0x0b, 0x9c,
    0xd0, 0xe5, 0x0e, 0xc5, 0x2e, 0xc5, 0x08, 0x7b, 0x46, 0x5a, 0x05, 0x52,
    0xc5, 0x41, 0xa4, 0x39, 0x64, 0x39, 0x23, 0x31, 0x03, 0x29, 0xe2, 0x20,
    0xe2, 0x20, 0xc2, 0x20, 0xe2, 0x20, 0x03, 0x29, 0x23, 0x29, 0x43, 0x31,
    0x84, 0x39, 0xc5, 0x49, 0xa7, 0x62, 0x4c, 0xa4, 0xaf, 0xdd, 0xed, 0xc4,
    0x49, 0x83, 0x46, 0x5a, 0xa4, 0x41, 0x44, 0x31, 0x03, 0x29, 0xc2, 0x20,
    0xa2, 0x18, 0x61, 0x10, 0x41, 0x08, 0x21, 0x08, 0x20, 0x08, 0x21, 0x00,
    0x00, 0x00, 0x00, 0x00, 0x00, 0x00, 0x00, 0x00, 0x00, 0x00, 0x00, 0x00,
    0x00, 0x00, 0x00, 0x00, 0x00, 0x00, 0x00, 0x00, 0x00, 0x00, 0x00, 0x00,
    0x00, 0x00, 0x00, 0x00, 0x00, 0x00, 0x00, 0x00, 0x00, 0x00, 0x00, 0x00,
    0x00, 0x00, 0x00, 0x00, 0x00, 0x00, 0x00, 0x00, 0x00, 0x00, 0x00, 0x00,
    0x00, 0x00, 0x00, 0x00, 0x00, 0x00, 0x00, 0x00, 0x00, 0x00, 0x00, 0x00,
    0x00, 0x00, 0x00, 0x00, 0x00, 0x00, 0x00, 0x00, 0x00, 0x00, 0x00, 0x00,
    0x00, 0x00, 0x00, 0x00, 0x00, 0x00, 0x00, 0x00, 0x00, 0x00, 0x00, 0x00,
    0x00, 0x00, 0x00, 0x00, 0x00, 0x00, 0x00, 0x00, 0x00, 0x00, 0x20, 0x00,
    0x20, 0x08, 0x21, 0x08, 0x41, 0x08, 0x61, 0x10, 0xa2, 0x18, 0xe2, 0x20,
    0x03, 0x29, 0x64, 0x39, 0xc5, 0x41, 0x66, 0x5a, 0xaa, 0x93, 0x4e, 0xcd,
    0xaf, 0xdd, 0x8c, 0xb4, 0xe8, 0x72, 0x05, 0x4a, 0x84, 0x39, 0x63, 0x31,
    0x23, 0x29, 0xe2, 0x28, 0xe2, 0x20, 0xc2, 0x20, 0xc2, 0x20, 0x02, 0x21,
    0x23, 0x29, 0x44, 0x31, 0x84, 0x39, 0xc5, 0x41, 0x05, 0x52, 0x46, 0x5a,
    0xe8, 0x72, 0x4c, 0xac, 0xea, 0x93, 0x28, 0x7b, 0x29, 0x7b, 0x2b, 0xa4,
    0xaf, 0xdd, 0x2e, 0xc5, 0xed, 0xbc, 0xe8, 0x72, 0x26, 0x52, 0xe5, 0x49,
    0x84, 0x41, 0x44, 0x31, 0x23, 0x29, 0x02, 0x29, 0xc2, 0x20, 0xc2, 0x18,
    0xa2, 0x18, 0xa2, 0x18, 0xa2, 0x18, 0xc2, 0x18, 0xe2, 0x20, 0x03, 0x29,
    0x64, 0x39, 0x84, 0x39, 0x05, 0x52, 0x08, 0x73, 0xad, 0xbc, 0xaf, 0xdd,
    0xcd, 0xbc, 0x29, 0x7b, 0x06, 0x52, 0xa4, 0x39, 0x43, 0x31, 0x02, 0x29,
    0xc2, 0x18, 0x81, 0x18, 0x61, 0x10, 0x41, 0x08, 0x20, 0x08, 0x20, 0x08,
    0x00, 0x00, 0x00, 0x00, 0x00, 0x00, 0x00, 0x00, 0x00, 0x00, 0x00, 0x00,
    0x00, 0x00, 0x00, 0x00, 0x00, 0x00, 0x00, 0x00, 0x00, 0x00, 0x00, 0x00,
    0x00, 0x00, 0x00, 0x00, 0x00, 0x00, 0x00, 0x00, 0x00, 0x00, 0x00, 0x00,
    0x00, 0x00, 0x00, 0x00, 0x00, 0x00, 0x00, 0x00, 0x00, 0x00, 0x00, 0x00,
    0x00, 0x00, 0x00, 0x00, 0x00, 0x00, 0x00, 0x00, 0x00, 0x00, 0x00, 0x00,
    0x00, 0x00, 0x00, 0x00, 0x00, 0x00, 0x00, 0x00, 0x00, 0x00, 0x00, 0x00,
    0x00, 0x00, 0x00, 0x00, 0x00, 0x00, 0x00, 0x00, 0x00, 0x00, 0x00, 0x00,
    0x00, 0x00, 0x00, 0x00, 0x00, 0x00, 0x00, 0x00, 0x20, 0x00, 0x20, 0x08,
    0x20, 0x08, 0x41, 0x08, 0x61, 0x10, 0xa1, 0x18, 0xc2, 0x20, 0x03, 0x29,
    0x43, 0x31, 0xa4, 0x41, 0x46, 0x52, 0x69, 0x83, 0x2e, 0xcd, 0xcf, 0xe5,
    0x0d, 0xc5, 0x49, 0x83, 0x26, 0x52, 0xa4, 0x41, 0x64, 0x39, 0x23, 0x29,
    0xe2, 0x20, 0xc2, 0x20, 0xa2, 0x18, 0xa2, 0x18, 0xa2, 0x18, 0xc2, 0x20,
    0xe2, 0x20, 0x03, 0x29, 0x43, 0x39, 0xa4, 0x41, 0xe5, 0x49, 0x26, 0x5a,
    0xe8, 0x72, 0x6c, 0xac, 0xca, 0x93, 0x08, 0x7b, 0x29, 0x7b, 0x6c, 0xac,
    0x8f, 0xd5, 0x4e, 0xcd, 0x8c, 0xb4, 0xc7, 0x6a, 0xe5, 0x51, 0xa5, 0x41,
    0x64, 0x39, 0x23, 0x29, 0xe2, 0x20, 0xc2, 0x18, 0xa2, 0x18, 0x81, 0x10,
    0x81, 0x10, 0x61, 0x10, 0x81, 0x10, 0x82, 0x18, 0xa2, 0x18, 0xe2, 0x28,
    0x23, 0x29, 0x64, 0x39, 0xa5, 0x41, 0x26, 0x52, 0x89, 0x8b, 0x4e, 0xcd,
    0xaf, 0xdd, 0x6c, 0xac, 0xe8, 0x72, 0xe5, 0x49, 0x64, 0x39, 0x23, 0x29,
    0xe2, 0x20, 0xa2, 0x18, 0x81, 0x10, 0x41, 0x08, 0x21, 0x08, 0x20, 0x08,
    0x21, 0x00, 0x00, 0x00, 0x00, 0x00, 0x00, 0x00, 0x00, 0x00, 0x00, 0x00,
    0x00, 0x00, 0x00, 0x00, 0x00, 0x00, 0x00, 0x00, 0x00, 0x00, 0x00, 0x00,
    0x00, 0x00, 0x00, 0x00, 0x00, 0x00, 0x00, 0x00, 0x00, 0x00, 0x00, 0x00,
    0x00, 0x00, 0x00, 0x00, 0x00, 0x00, 0x00, 0x00, 0x00, 0x00, 0x00, 0x00,
    0x00, 0x00, 0x00, 0x00, 0x00, 0x00, 0x00, 0x00, 0x00, 0x00, 0x00, 0x00,
    0x00, 0x00, 0x00, 0x00, 0x00, 0x00, 0x00, 0x00, 0x00, 0x00, 0x00, 0x00,
    0x00, 0x00, 0x00, 0x00, 0x00, 0x00, 0x00, 0x00, 0x00, 0x00, 0x00, 0x00,
    0x00, 0x00, 0x00, 0x00, 0x00, 0x00, 0x00, 0x00, 0x20, 0x00, 0x21, 0x08,
    0x21, 0x08, 0x61, 0x08, 0x81, 0x10, 0xa2, 0x18, 0xe2, 0x20, 0x43, 0x31,
    0x84, 0x39, 0xe5, 0x49, 0xe8, 0x72, 0xad, 0xbc, 0xd0, 0xe5, 0x6f, 0xd5,
    0x0b, 0xa4, 0x87, 0x62, 0xc5, 0x41, 0x64, 0x39, 0x23, 0x31, 0xe2, 0x20,
    0xa2, 0x18, 0x82, 0x18, 0x81, 0x10, 0x61, 0x10, 0x61, 0x10, 0x81, 0x18,
    0xc2, 0x18, 0xe3, 0x20, 0x23, 0x31, 0x84, 0x39, 0xc5, 0x41, 0x26, 0x52,
    0x08, 0x7b, 0x6c, 0xac, 0xaa, 0x93, 0x08, 0x73, 0x49, 0x83, 0xcd, 0xb4,
    0x2e, 0xcd, 0x4e, 0xcd, 0x2b, 0xa4, 0x87, 0x62, 0xe5, 0x49, 0x84, 0x39,
    0x43, 0x31, 0x03, 0x29, 0xc2, 0x20, 0xa2, 0x18, 0x81, 0x10, 0x61, 0x10,
    0x61, 0x10, 0x41, 0x10, 0x61, 0x10, 0x81, 0x10, 0xa2, 0x18, 0xc2, 0x20,
    0x03, 0x21, 0x43, 0x31, 0x84, 0x39, 0xc5, 0x49, 0xa7, 0x62, 0x6c, 0xac,
    0xaf, 0xdd, 0x6f, 0xd5, 0xea, 0x9b, 0x66, 0x62, 0xa5, 0x41, 0x64, 0x31,
    0x03, 0x29, 0xc2, 0x20, 0xa1, 0x18, 0x61, 0x10, 0x41, 0x08, 0x20, 0x08,
    0x20, 0x00, 0x20, 0x08, 0x00, 0x00, 0x00, 0x00, 0x00, 0x00, 0x00, 0x00,
    0x00, 0x00, 0x00, 0x00, 0x00, 0x00, 0x00, 0x00, 0x00, 0x00, 0x00, 0x00,
    0x00, 0x00, 0x00, 0x00, 0x00, 0x00, 0x00, 0x00, 0x00, 0x00, 0x00, 0x00,
    0x00, 0x00, 0x00, 0x00, 0x00, 0x00, 0x00, 0x00, 0x00, 0x00, 0x00, 0x00,
    0x00, 0x00, 0x00, 0x00, 0x00, 0x00, 0x00, 0x00, 0x00, 0x00, 0x00, 0x00,
    0x00, 0x00, 0x00, 0x00, 0x00, 0x00, 0x00, 0x00, 0x00, 0x00, 0x00, 0x00,
    0x00, 0x00, 0x00, 0x00, 0x00, 0x00, 0x00, 0x00, 0x00, 0x00, 0x00, 0x00,
    0x00, 0x00, 0x00, 0x00, 0x00, 0x00, 0x00, 0x00, 0x20, 0x00, 0x20, 0x08,
    0x41, 0x08, 0x61, 0x10, 0x81, 0x18, 0xe2, 0x20, 0x23, 0x29, 0x64, 0x39,
    0xc5, 0x41, 0x87, 0x62, 0x0b, 0xa4, 0x8f, 0xdd, 0x8f, 0xd5, 0xed, 0xbc,
    0x28, 0x7b, 0x05, 0x52, 0x84, 0x39, 0x43, 0x31, 0x03, 0x29, 0xc2, 0x20,
    0x82, 0x18, 0x61, 0x10, 0x61, 0x10, 0x41, 0x08, 0x61, 0x10, 0x61, 0x10,
    0xa1, 0x18, 0xc2, 0x20, 0x03, 0x29, 0x64, 0x31, 0xa5, 0x41, 0x26, 0x52,
    0x29, 0x7b, 0x2b, 0xa4, 0x69, 0x8b, 0xe8, 0x72, 0x49, 0x7b, 0xed, 0xc4,
    0xcd, 0xbc, 0x6f, 0xd5, 0xca, 0x93, 0x46, 0x5a, 0xc5, 0x41, 0x84, 0x39,
    0x23, 0x31, 0x02, 0x21, 0xc2, 0x20, 0xa2, 0x18, 0x81, 0x10, 0x61, 0x10,
    0x61, 0x10, 0x41, 0x08, 0x61, 0x08, 0x61, 0x10, 0x81, 0x10, 0xa2, 0x18,
    0xc2, 0x20, 0x03, 0x29, 0x43, 0x31, 0xa4, 0x41, 0x26, 0x52, 0x49, 0x83,
    0x0e, 0xc5, 0xcf, 0xe5, 0x0e, 0xc5, 0x49, 0x83, 0x26, 0x52, 0x84, 0x39,
    0x43, 0x31, 0x03, 0x29, 0xa2, 0x18, 0x81, 0x10, 0x61, 0x08, 0x21, 0x08,
    0x20, 0x08, 0x20, 0x00, 0x00, 0x00, 0x00, 0x00, 0x00, 0x00, 0x00, 0x00,
    0x00, 0x00, 0x00, 0x00, 0x00, 0x00, 0x00, 0x00, 0x00, 0x00, 0x00, 0x00,
    0x00, 0x00, 0x00, 0x00, 0x00, 0x00, 0x00, 0x00, 0x00, 0x00, 0x00, 0x00,
    0x00, 0x00, 0x00, 0x00, 0x00, 0x00, 0x00, 0x00, 0x00, 0x00, 0x00, 0x00,
    0x00, 0x00, 0x00, 0x00, 0x00, 0x00, 0x00, 0x00, 0x00, 0x00, 0x00, 0x00,
    0x00, 0x00, 0x00, 0x00, 0x00, 0x00, 0x00, 0x00, 0x00, 0x00, 0x00, 0x00,
    0x00, 0x00, 0x00, 0x00, 0x00, 0x00, 0x00, 0x00, 0x00, 0x00, 0x00, 0x00,
    0x00, 0x00, 0x00, 0x00, 0x00, 0x00, 0x20, 0x00, 0x21, 0x08, 0x21, 0x08,
    0x41, 0x08, 0x81, 0x10, 0xa2, 0x18, 0xe3, 0x20, 0x43, 0x31, 0x84, 0x39,
    0x26, 0x52, 0x69, 0x8b, 0x4e, 0xcd, 0x8f, 0xdd, 0x4e, 0xd5, 0x0b, 0x9c,
    0x87, 0x62, 0xc5, 0x41, 0x64, 0x39, 0x23, 0x29, 0xe2, 0x20, 0xa2, 0x18,
    0x81, 0x10, 0x41, 0x08, 0x40, 0x08, 0x40, 0x08, 0x41, 0x08, 0x61, 0x10,
    0x81, 0x10, 0xc2, 0x18, 0x03, 0x29, 0x43, 0x31, 0xa4, 0x41, 0x26, 0x5a,
    0x89, 0x8b, 0x0b, 0x9c, 0x49, 0x7b, 0xe8, 0x72, 0x49, 0x7b, 0xed, 0xc4,
    0xac, 0xb4, 0x6f, 0xd5, 0x69, 0x8b, 0x46, 0x5a, 0xc5, 0x41, 0x64, 0x39,
    0x23, 0x31, 0x03, 0x29, 0xc2, 0x20, 0xa2, 0x18, 0x82, 0x10, 0x61, 0x10,
    0x61, 0x10, 0x61, 0x10, 0x61, 0x10, 0x41, 0x08, 0x61, 0x10, 0x81, 0x10,
    0xa2, 0x18, 0xe2, 0x20, 0x23, 0x31, 0x64, 0x39, 0xc5, 0x41, 0x87, 0x62,
    0x4b, 0xac, 0x6f, 0xd5, 0xaf, 0xdd, 0x6c, 0xac, 0xa7, 0x6a, 0xc5, 0x41,
    0x64, 0x39, 0x23, 0x29, 0xc2, 0x20, 0xa2, 0x18, 0x61, 0x10, 0x41, 0x08,
    0x21, 0x08, 0x20, 0x08, 0x00, 0x00, 0x00, 0x00, 0x00, 0x00, 0x00, 0x00,
    0x00, 0x00, 0x00, 0x00, 0x00, 0x00, 0x00, 0x00, 0x00, 0x00, 0x00, 0x00,
    0x00, 0x00, 0x00, 0x00, 0x00, 0x00, 0x00, 0x00, 0x00, 0x00, 0x00, 0x00,
    0x00, 0x00, 0x00, 0x00, 0x00, 0x00, 0x00, 0x00, 0x00, 0x00, 0x00, 0x00,
    0x00, 0x00, 0x00, 0x00, 0x00, 0x00, 0x00, 0x00, 0x00, 0x00, 0x00, 0x00,
    0x00, 0x00, 0x00, 0x00, 0x00, 0x00, 0x00, 0x00, 0x00, 0x00, 0x00, 0x00,
    0x00, 0x00, 0x00, 0x00, 0x00, 0x00, 0x00, 0x00, 0x00, 0x00, 0x00, 0x00,
    0x00, 0x00, 0x00, 0x00, 0x00, 0x00, 0x20, 0x08, 0x20, 0x08, 0x41, 0x08,
    0x61, 0x10, 0xa1, 0x18, 0xe2, 0x20, 0x23, 0x29, 0x64, 0x39, 0xc5, 0x41,
    0xa7, 0x6a, 0xad, 0xbc, 0xcf, 0xdd, 0x6e, 0xd5, 0x0e, 0xc5, 0x28, 0x7b,
    0x06, 0x52, 0x84, 0x41, 0x43, 0x31, 0x03, 0x29, 0xa2, 0x18, 0x81, 0x10,
    0x61, 0x08, 0x41, 0x08, 0x20, 0x08, 0x20, 0x08, 0x21, 0x08, 0x41, 0x08,
    0x61, 0x10, 0xa2, 0x18, 0xe3, 0x28, 0x43, 0x31, 0xa4, 0x41, 0x26, 0x5a,
    0xca, 0x93, 0xeb, 0x9b, 0x08, 0x7b, 0xe8, 0x72, 0x69, 0x83, 0xed, 0xc4,
    0x6c, 0xac, 0x6e, 0xd5, 0x29, 0x7b, 0x46, 0x5a, 0xc5, 0x49, 0x84, 0x39,
    0x43, 0x31, 0x23, 0x29, 0xe2, 0x20, 0xc2, 0x20, 0xa2, 0x18, 0x81, 0x10,
    0x81, 0x10, 0x61, 0x10, 0x61, 0x10, 0x61, 0x10, 0x61, 0x10, 0x81, 0x10,
    0xa2, 0x18, 0xc2, 0x20, 0x03, 0x29, 0x43, 0x31, 0x84, 0x41, 0x06, 0x52,
    0x49, 0x83, 0x2e, 0xc5, 0x6f, 0xd5, 0x6e, 0xd5, 0x89, 0x8b, 0x46, 0x5a,
    0xa4, 0x41, 0x43, 0x31, 0x03, 0x29, 0xa2, 0x18, 0x81, 0x10, 0x61, 0x10,
    0x21, 0x08, 0x20, 0x00, 0x20, 0x00, 0x01, 0x00, 0x00, 0x00, 0x00, 0x00,
    0x00, 0x00, 0x00, 0x00, 0x00, 0x00, 0x00, 0x00, 0x00, 0x00, 0x00, 0x00,
    0x00, 0x00, 0x00, 0x00, 0x00, 0x00, 0x00, 0x00, 0x00, 0x00, 0x00, 0x00,
    0x00, 0x00, 0x00, 0x00, 0x00, 0x00, 0x00, 0x00, 0x00, 0x00, 0x00, 0x00,
    0x00, 0x00, 0x00, 0x00, 0x00, 0x00, 0x00, 0x00, 0x00, 0x00, 0x00, 0x00,
    0x00, 0x00, 0x00, 0x00, 0x00, 0x00, 0x00, 0x00, 0x00, 0x00, 0x00, 0x00,
    0x00, 0x00, 0x00, 0x00, 0x00, 0x00, 0x00, 0x00, 0x00, 0x00, 0x00, 0x00,
    0x00, 0x00, 0x00, 0x00, 0x20, 0x00, 0x20, 0x08, 0x21, 0x08, 0x41, 0x08,
    0x61, 0x10, 0xa2, 0x18, 0x03, 0x29, 0x43, 0x31, 0x84, 0x41, 0x26, 0x52,
    0xaa, 0x8b, 0xaf, 0xdd, 0x4e, 0xcd, 0x4e, 0xcd, 0x6c, 0xac, 0xa7, 0x6a,
    0xe5, 0x49, 0x64, 0x39, 0x23, 0x29, 0xc2, 0x20, 0x81, 0x18, 0x61, 0x10,
    0x41, 0x08, 0x20, 0x08, 0x20, 0x00, 0x21, 0x08, 0x41, 0x08, 0x41, 0x08,
    0x81, 0x10, 0xc2, 0x18, 0x03, 0x29, 0x43, 0x31, 0xa5, 0x41, 0x66, 0x5a,
    0xeb, 0x9b, 0xca, 0x93, 0x08, 0x73, 0xe8, 0x72, 0x89, 0x8b, 0xcd, 0xbc,
    0x8c, 0xb4, 0x2e, 0xcd, 0x08, 0x73, 0x46, 0x52, 0xe5, 0x49, 0xa4, 0x41,
    0x84, 0x39, 0x44, 0x31, 0x23, 0x29, 0xe2, 0x20, 0xe2, 0x20, 0xc2, 0x20,
    0xa2, 0x18, 0x82, 0x18, 0x81, 0x10, 0x61, 0x10, 0x61, 0x10, 0x81, 0x10,
    0x81, 0x18, 0xa2, 0x18, 0xe2, 0x20, 0x23, 0x29, 0x64, 0x39, 0xe5, 0x49,
    0xc7, 0x6a, 0xac, 0xbc, 0x2e, 0xcd, 0x8f, 0xdd, 0xcd, 0xbc, 0xe8, 0x72,
    0xe5, 0x49, 0x64, 0x39, 0x23, 0x29, 0xe2, 0x20, 0x81, 0x18, 0x61, 0x10,
    0x41, 0x08, 0x20, 0x08, 0x20, 0x08, 0x00, 0x00, 0x20, 0x00, 0x00, 0x00,
    0x00, 0x00, 0x00, 0x00, 0x00, 0x00, 0x00, 0x00, 0x00, 0x00, 0x00, 0x00,
    0x00, 0x00, 0x00, 0x00, 0x00, 0x00, 0x00, 0x00, 0x00, 0x00, 0x00, 0x00,
    0x00, 0x00, 0x00, 0x00, 0x00, 0x00, 0x00, 0x00, 0x00, 0x00, 0x00, 0x00,
    0x00, 0x00, 0x00, 0x00, 0x00, 0x00, 0x00, 0x00, 0x00, 0x00, 0x00, 0x00,
    0x00, 0x00, 0x00, 0x00, 0x00, 0x00, 0x00, 0x00, 0x00, 0x00, 0x00, 0x00,
    0x00, 0x00, 0x00, 0x00, 0x00, 0x00, 0x00, 0x00, 0x00, 0x00, 0x00, 0x00,
    0x00, 0x00, 0x00, 0x00, 0x20, 0x00, 0x21, 0x08, 0x41, 0x08, 0x61, 0x08,
    0x81, 0x10, 0xc2, 0x20, 0x03, 0x29, 0x64, 0x31, 0xc5, 0x41, 0xa7, 0x6a,
    0xcd, 0xbc, 0xaf, 0xdd, 0xcd, 0xbc, 0x4f, 0xd5, 0xaa, 0x8b, 0x46, 0x5a,
    0xa4, 0x41, 0x44, 0x31, 0x03, 0x29, 0xc2, 0x18, 0x81, 0x10, 0x41, 0x10,
    0x21, 0x08, 0x20, 0x08, 0x20, 0x00, 0x20, 0x00, 0x20, 0x08, 0x61, 0x10,
    0x81, 0x10, 0xa2, 0x18, 0x03, 0x29, 0x44, 0x31, 0xc5, 0x41, 0x87, 0x62,
    0x0b, 0x9c, 0xaa, 0x93, 0x08, 0x73, 0xe8, 0x72, 0x69, 0x83, 0x4b, 0xa4,
    0xed, 0xc4, 0xed, 0xbc, 0x08, 0x7b, 0x46, 0x5a, 0x06, 0x52, 0xe5, 0x49,
    0xa4, 0x41, 0x64, 0x39, 0x64, 0x31, 0x43, 0x31, 0x23, 0x29, 0x03, 0x29,
    0xe2, 0x20, 0xc2, 0x20, 0xa2, 0x18, 0x81, 0x10, 0x61, 0x10, 0x81, 0x10,
    0x81, 0x10, 0x82, 0x18, 0xc2, 0x20, 0x03, 0x29, 0x44, 0x31, 0xa4, 0x41,
    0x46, 0x5a, 0xeb, 0x9b, 0x2e, 0xcd, 0x0e, 0xc5, 0xaf, 0xdd, 0x8a, 0x8b,
    0x46, 0x5a, 0xa4, 0x41, 0x43, 0x31, 0xe3, 0x28, 0xc2, 0x18, 0x81, 0x10,
    0x41, 0x08, 0x21, 0x08, 0x20, 0x08, 0x20, 0x00, 0x00, 0x00, 0x00, 0x00,
    0x00, 0x00, 0x00, 0x00, 0x00, 0x00, 0x00, 0x00, 0x00, 0x00, 0x00, 0x00,
    0x00, 0x00, 0x00, 0x00, 0x00, 0x00, 0x00, 0x00, 0x00, 0x00, 0x00, 0x00,
    0x00, 0x00, 0x00, 0x00, 0x00, 0x00, 0x00, 0x00, 0x00, 0x00, 0x00, 0x00,
    0x00, 0x00, 0x00, 0x00, 0x00, 0x00, 0x00, 0x00, 0x00, 0x00, 0x00, 0x00,
    0x00, 0x00, 0x00, 0x00, 0x00, 0x00, 0x00, 0x00, 0x00, 0x00, 0x00, 0x00,
    0x00, 0x00, 0x00, 0x00, 0x00, 0x00, 0x00, 0x00, 0x00, 0x00, 0x00, 0x00,
    0x00, 0x00, 0x00, 0x00, 0x20, 0x08, 0x21, 0x08, 0x41, 0x08, 0x61, 0x10,
    0xa2, 0x18, 0xe2, 0x20, 0x23, 0x31, 0x84, 0x39, 0x05, 0x52, 0x89, 0x8b,
    0xd0, 0xe5, 0xed, 0xc4, 0xcd, 0xbc, 0x0e, 0xcd, 0x08, 0x7b, 0x05, 0x4a,
    0x84, 0x39, 0x23, 0x31, 0xe2, 0x20, 0xa2, 0x18, 0x61, 0x10, 0x41, 0x08,
    0x20, 0x08, 0x20, 0x00, 0x20, 0x08, 0x20, 0x00, 0x21, 0x08, 0x41, 0x08,
    0x81, 0x10, 0xc2, 0x20, 0x23, 0x29, 0x64, 0x39, 0xe5, 0x49, 0xa7, 0x6a,
    0x0b, 0x9c, 0xa9, 0x8b, 0xe8, 0x72, 0xe8, 0x72, 0x08, 0x7b, 0xaa, 0x8b,
    0x0e, 0xc5, 0x8c, 0xb4, 0x08, 0x7b, 0x87, 0x62, 0x46, 0x5a, 0x06, 0x52,
    0xe5, 0x49, 0xc5, 0x41, 0xa4, 0x41, 0x84, 0x39, 0x64, 0x39, 0x44, 0x31,
    0x23, 0x31, 0x03, 0x21, 0xc2, 0x20, 0xa2, 0x18, 0x81, 0x10, 0x61, 0x10,
    0x81, 0x10, 0x82, 0x10, 0xc2, 0x18, 0xe2, 0x20, 0x43, 0x31, 0x84, 0x39,
    0x05, 0x4a, 0x28, 0x7b, 0x2e, 0xcd, 0xac, 0xb4, 0x8f, 0xd5, 0xac, 0xb4,
    0xa7, 0x6a, 0xc5, 0x49, 0x64, 0x31, 0x03, 0x29, 0xc2, 0x20, 0x82, 0x18,
    0x61, 0x10, 0x41, 0x08, 0x20, 0x00, 0x00, 0x00, 0x00, 0x00, 0x00, 0x00,
    0x00, 0x00, 0x00, 0x00, 0x00, 0x00, 0x00, 0x00, 0x00, 0x00, 0x00, 0x00,
    0x00, 0x00, 0x00, 0x00, 0x00, 0x00, 0x00, 0x00, 0x00, 0x00, 0x00, 0x00,
    0x00, 0x00, 0x00, 0x00, 0x00, 0x00, 0x00, 0x00, 0x00, 0x00, 0x00, 0x00,
    0x00, 0x00, 0x00, 0x00, 0x00, 0x00, 0x00, 0x00, 0x00, 0x00, 0x00, 0x00,
    0x00, 0x00, 0x00, 0x00, 0x00, 0x00, 0x00, 0x00, 0x00, 0x00, 0x00, 0x00,
    0x00, 0x00, 0x00, 0x00, 0x00, 0x00, 0x00, 0x00, 0x00, 0x00, 0x00, 0x00,
    0x00, 0x00, 0x20, 0x00, 0x20, 0x08, 0x20, 0x08, 0x41, 0x08, 0x81, 0x10,
    0xc2, 0x18, 0x03, 0x29, 0x43, 0x31, 0xa5, 0x41, 0x66, 0x5a, 0x8c, 0xb4,
    0xd0, 0xe5, 0x6c, 0xac, 0x0d, 0xc5, 0x8c, 0xb4, 0xa7, 0x6a, 0xe5, 0x49,
    0x64, 0x39, 0x03, 0x29, 0xc2, 0x20, 0x81, 0x18, 0x61, 0x08, 0x41, 0x08,
    0x20, 0x00, 0x00, 0x00, 0x21, 0x08, 0x20, 0x08, 0x41, 0x08, 0x61, 0x10,
    0x81, 0x18, 0xe2, 0x20, 0x23, 0x29, 0x84, 0x39, 0xe5, 0x49, 0xe8, 0x72,
    0xea, 0x9b, 0x69, 0x83, 0xe8, 0x72, 0xe8, 0x72, 0x08, 0x7b, 0x89, 0x8b,
    0x6f, 0xd5, 0x2b, 0xa4, 0x08, 0x73, 0xa7, 0x6a, 0xa7, 0x6a, 0xc7, 0x6a,
    0x87, 0x62, 0x46, 0x5a, 0x06, 0x52, 0x26, 0x5a, 0x46, 0x5a, 0x25, 0x52,
    0xa5, 0x41, 0x43, 0x31, 0x03, 0x29, 0xc2, 0x20, 0xa2, 0x18, 0x81, 0x10,
    0x61, 0x10, 0x81, 0x10, 0xa2, 0x18, 0xc2, 0x20, 0x23, 0x29, 0x64, 0x39,
    0xc5, 0x49, 0xa7, 0x62, 0xed, 0xbc, 0xac, 0xb4, 0xed, 0xc4, 0xaf, 0xdd,
    0x49, 0x83, 0x26, 0x52, 0x84, 0x39, 0x43, 0x31, 0xe2, 0x20, 0xa2, 0x18,
    0x61, 0x10, 0x41, 0x08, 0x21, 0x08, 0x20, 0x08, 0x00, 0x00, 0x00, 0x00,
    0x00, 0x00, 0x00, 0x00, 0x00, 0x00, 0x00, 0x00, 0x00, 0x00, 0x00, 0x00,
    0x00, 0x00, 0x00, 0x00, 0x00, 0x00, 0x00, 0x00, 0x00, 0x00, 0x00, 0x00,
    0x00, 0x00, 0x00, 0x00, 0x00, 0x00, 0x00, 0x00, 0x00, 0x00, 0x00, 0x00,
    0x00, 0x00, 0x00, 0x00, 0x00, 0x00, 0x00, 0x00, 0x00, 0x00, 0x00, 0x00,
    0x00, 0x00, 0x00, 0x00, 0x00, 0x00, 0x00, 0x00, 0x00, 0x00, 0x00, 0x00,
    0x00, 0x00, 0x00, 0x00, 0x00, 0x00, 0x00, 0x00, 0x00, 0x00, 0x00, 0x00,
    0x00, 0x00, 0x20, 0x00, 0x21, 0x08, 0x21, 0x08, 0x61, 0x10, 0x81, 0x10,
    0xc2, 0x20, 0x03, 0x29, 0x64, 0x39, 0xe5, 0x49, 0x08, 0x73, 0x8f, 0xdd,
    0x4e, 0xcd, 0x2b, 0xa4, 0x4e, 0xcd, 0x0b, 0x9c, 0x67, 0x62, 0xa4, 0x41,
    0x64, 0x31, 0x03, 0x29, 0xc2, 0x18, 0x81, 0x10, 0x61, 0x08, 0x20, 0x08,
    0x20, 0x08, 0x20, 0x00, 0x21, 0x08, 0x21, 0x08, 0x41, 0x08, 0x81, 0x10,
    0xa2, 0x18, 0xe3, 0x20, 0x43, 0x31, 0x84, 0x41, 0x26, 0x52, 0x89, 0x8b,
    0x0b, 0x9c, 0x49, 0x83, 0xe8, 0x72, 0xe8, 0x72, 0x08, 0x7b, 0xca, 0x93,
    0x8f, 0xdd, 0x2b, 0xa4, 0x8a, 0x8b, 0xaa, 0x93, 0x2b, 0x9c, 0x8c, 0xb4,
    0x4c, 0xac, 0x69, 0x8b, 0x49, 0x83, 0xca, 0x93, 0x8c, 0xb4, 0xcd, 0xbc,
    0x08, 0x73, 0xa4, 0x41, 0x23, 0x29, 0xe2, 0x20, 0xa2, 0x18, 0x82, 0x10,
    0x61, 0x10, 0x81, 0x10, 0x82, 0x18, 0xc2, 0x20, 0x03, 0x29, 0x43, 0x31,
    0xa5, 0x41, 0x67, 0x62, 0x6c, 0xac, 0xcd, 0xbc, 0x4c, 0xac, 0xf0, 0xe5,
    0x0b, 0x9c, 0x67, 0x62, 0xa4, 0x41, 0x44, 0x31, 0x03, 0x29, 0xc2, 0x18,
    0x81, 0x10, 0x41, 0x08, 0x40, 0x08, 0x20, 0x08, 0x01, 0x00, 0x20, 0x00,
    0x00, 0x00, 0x00, 0x00, 0x00, 0x00, 0x00, 0x00, 0x00, 0x00, 0x00, 0x00,
    0x00, 0x00, 0x00, 0x00, 0x00, 0x00, 0x00, 0x00, 0x00, 0x00, 0x00, 0x00,
    0x00, 0x00, 0x00, 0x00, 0x00, 0x00, 0x00, 0x00, 0x00, 0x00, 0x00, 0x00,
    0x00, 0x00, 0x00, 0x00, 0x00, 0x00, 0x00, 0x00, 0x00, 0x00, 0x00, 0x00,
    0x00, 0x00, 0x00, 0x00, 0x00, 0x00, 0x00, 0x00, 0x00, 0x00, 0x00, 0x00,
    0x00, 0x00, 0x00, 0x00, 0x00, 0x00, 0x00, 0x00, 0x00, 0x00, 0x00, 0x00,
    0x00, 0x00, 0x20, 0x00, 0x20, 0x08, 0x41, 0x08, 0x61, 0x10, 0xa2, 0x18,
    0xe2, 0x20, 0x23, 0x31, 0x84, 0x39, 0x26, 0x52, 0xaa, 0x93, 0xf0, 0xed,
    0xad, 0xb4, 0x2b, 0xa4, 0x6f, 0xd5, 0xaa, 0x8b, 0x46, 0x5a, 0x84, 0x39,
    0x43, 0x31, 0xe2, 0x20, 0xa2, 0x18, 0x61, 0x10, 0x41, 0x08, 0x20, 0x08,
    0x20, 0x08, 0x00, 0x00, 0x20, 0x08, 0x41, 0x08, 0x41, 0x08, 0x81, 0x10,
    0xc2, 0x20, 0x03, 0x29, 0x64, 0x39, 0xa4, 0x41, 0x46, 0x5a, 0xaa, 0x93,
    0xea, 0x9b, 0x29, 0x7b, 0x08, 0x7b, 0x49, 0x83, 0xaa, 0x8b, 0x6c, 0xac,
    0xaf, 0xdd, 0x2e, 0xcd, 0x6e, 0xd5, 0xd0, 0xdd, 0xd0, 0xe5, 0xaf, 0xdd,
    0xaf, 0xdd, 0x6f, 0xd5, 0x8f, 0xd5, 0x6e, 0xd5, 0x2e, 0xcd, 0xd0, 0xe5,
    0x0b, 0x9c, 0x05, 0x52, 0x43, 0x31, 0xe3, 0x28, 0xc2, 0x18, 0x82, 0x18,
    0x81, 0x10, 0x61, 0x10, 0x81, 0x10, 0xa2, 0x18, 0xe2, 0x20, 0x43, 0x31,
    0x84, 0x39, 0x46, 0x5a, 0x0b, 0x9c, 0x0e, 0xcd, 0x2b, 0xa4, 0x6e, 0xd5,
    0x0e, 0xc5, 0xe8, 0x72, 0xe5, 0x49, 0x64, 0x39, 0x23, 0x29, 0xc2, 0x20,
    0x81, 0x10, 0x61, 0x10, 0x21, 0x08, 0x20, 0x00, 0x20, 0x00, 0x00, 0x00,
    0x00, 0x00, 0x00, 0x00, 0x00, 0x00, 0x00, 0x00, 0x00, 0x00, 0x00, 0x00,
    0x00, 0x00, 0x00, 0x00, 0x00, 0x00, 0x00, 0x00, 0x00, 0x00, 0x00, 0x00,
    0x00, 0x00, 0x00, 0x00, 0x00, 0x00, 0x00, 0x00, 0x00, 0x00, 0x00, 0x00,
    0x00, 0x00, 0x00, 0x00, 0x00, 0x00, 0x00, 0x00, 0x00, 0x00, 0x00, 0x00,
    0x00, 0x00, 0x00, 0x00, 0x00, 0x00, 0x00, 0x00, 0x00, 0x00, 0x00, 0x00,
    0x00, 0x00, 0x00, 0x00, 0x00, 0x00, 0x00, 0x00, 0x00, 0x00, 0x00, 0x00,
    0x00, 0x00, 0x20, 0x08, 0x20, 0x08, 0x41, 0x08, 0x61, 0x10, 0xa2, 0x18,
    0xe2, 0x20, 0x43, 0x31, 0xa4, 0x41, 0x66, 0x5a, 0xac, 0xb4, 0xd0, 0xe5,
    0x0b, 0x9c, 0x2b, 0xa4, 0x8f, 0xdd, 0x69, 0x83, 0x26, 0x52, 0x84, 0x39,
    0x23, 0x31, 0xe2, 0x20, 0xa2, 0x18, 0x61, 0x10, 0x41, 0x08, 0x21, 0x08,
    0x20, 0x00, 0x21, 0x00, 0x21, 0x08, 0x40, 0x08, 0x61, 0x10, 0xa2, 0x18,
    0xe2, 0x20, 0x23, 0x31, 0x84, 0x39, 0xe5, 0x49, 0x87, 0x62, 0xea, 0x9b,
    0x0b, 0x9c, 0x8a, 0x8b, 0xca, 0x93, 0x6b, 0xac, 0xed, 0xc4, 0x8f, 0xd5,
    0xaf, 0xdd, 0x2e, 0xcd, 0xad, 0xb4, 0x4b, 0xa4, 0xea, 0x9b, 0x0b, 0x9c,
    0xed, 0xc4, 0xaf, 0xdd, 0xad, 0xb4, 0xaa, 0x93, 0xca, 0x93, 0x6e, 0xd5,
    0x0b, 0x9c, 0x26, 0x52, 0x64, 0x39, 0x03, 0x29, 0xc2, 0x18, 0x81, 0x18,
    0x61, 0x10, 0x61, 0x10, 0x81, 0x10, 0xa2, 0x18, 0xe2, 0x20, 0x23, 0x31,
    0x84, 0x39, 0x05, 0x52, 0x89, 0x8b, 0x2e, 0xcd, 0xea, 0x93, 0xad, 0xb4,
    0xaf, 0xdd, 0x69, 0x83, 0x05, 0x52, 0x84, 0x39, 0x23, 0x29, 0xe2, 0x20,
    0x81, 0x18, 0x61, 0x10, 0x41, 0x08, 0x20, 0x08, 0x00, 0x08, 0x00, 0x00,
    0x00, 0x00, 0x00, 0x00, 0x00, 0x00, 0x00, 0x00, 0x00, 0x00, 0x00, 0x00,
    0x00, 0x00, 0x00, 0x00, 0x00, 0x00, 0x00, 0x00, 0x00, 0x00, 0x00, 0x00,
    0x00, 0x00, 0x00, 0x00, 0x00, 0x00, 0x00, 0x00, 0x00, 0x00, 0x00, 0x00,
    0x00, 0x00, 0x00, 0x00, 0x00, 0x00, 0x00, 0x00, 0x00, 0x00, 0x00, 0x00,
    0x00, 0x00, 0x00, 0x00, 0x00, 0x00, 0x00, 0x00, 0x00, 0x00, 0x00, 0x00,
    0x00, 0x00, 0x00, 0x00, 0x00, 0x00, 0x00, 0x00, 0x00, 0x00, 0x00, 0x00,
    0x00, 0x00, 0x20, 0x08, 0x21, 0x08, 0x41, 0x08, 0x81, 0x10, 0xc2, 0x18,
    0x03, 0x29, 0x44, 0x31, 0xc5, 0x49, 0xa7, 0x6a, 0x4e, 0xcd, 0x6f, 0xd5,
    0xaa, 0x93, 0x2b, 0xa4, 0x6e, 0xd5, 0x29, 0x7b, 0x05, 0x52, 0x84, 0x39,
    0x23, 0x31, 0xe2, 0x20, 0x82, 0x18, 0x61, 0x10, 0x41, 0x08, 0x20, 0x08,
    0x20, 0x00, 0x20, 0x08, 0x41, 0x08, 0x41, 0x10, 0x81, 0x10, 0xc2, 0x18,
    0x03, 0x29, 0x43, 0x31, 0xa4, 0x41, 0x26, 0x52, 0x08, 0x73, 0x6c, 0xac,
    0xcd, 0xbc, 0xcd, 0xbc, 0x2e, 0xcd, 0x4e, 0xcd, 0xcd, 0xbc, 0x4b, 0xa4,
    0x0b, 0x9c, 0xca, 0x9b, 0xaa, 0x93, 0xca, 0x93, 0xaa, 0x93, 0xea, 0x93,
    0x6c, 0xac, 0x6e, 0xd5, 0xed, 0xc4, 0xaa, 0x8b, 0xea, 0x9b, 0x2e, 0xcd,
    0x8a, 0x8b, 0x05, 0x52, 0x43, 0x31, 0x03, 0x29, 0xc2, 0x18, 0x81, 0x10,
    0x61, 0x10, 0x61, 0x10, 0x81, 0x10, 0xa2, 0x18, 0xc2, 0x20, 0x23, 0x29,
    0x84, 0x39, 0x05, 0x4a, 0x29, 0x7b, 0x4e, 0xcd, 0xeb, 0x9b, 0x2b, 0xa4,
    0xf0, 0xed, 0xeb, 0x9b, 0x46, 0x5a, 0xa4, 0x41, 0x43, 0x31, 0xe3, 0x20,
    0xa2, 0x18, 0x61, 0x10, 0x41, 0x08, 0x20, 0x08, 0x21, 0x00, 0x00, 0x00,
    0x00, 0x00, 0x00, 0x00, 0x00, 0x00, 0x00, 0x00, 0x00, 0x00, 0x00, 0x00,
    0x00, 0x00, 0x00, 0x00, 0x00, 0x00, 0x00, 0x00, 0x00, 0x00, 0x00, 0x00,
    0x00, 0x00, 0x00, 0x00, 0x00, 0x00, 0x00, 0x00, 0x00, 0x00, 0x00, 0x00,
    0x00, 0x00, 0x00, 0x00, 0x00, 0x00, 0x00, 0x00, 0x00, 0x00, 0x00, 0x00,
    0x00, 0x00, 0x00, 0x00, 0x00, 0x00, 0x00, 0x00, 0x00, 0x00, 0x00, 0x00,
    0x00, 0x00, 0x00, 0x00, 0x00, 0x00, 0x00, 0x00, 0x00, 0x00, 0x00, 0x00,
    0x20, 0x00, 0x20, 0x00, 0x41, 0x08, 0x41, 0x10, 0x81, 0x10, 0xc2, 0x20,
    0x23, 0x29, 0x64, 0x39, 0xe5, 0x49, 0x29, 0x7b, 0xaf, 0xe5, 0x2e, 0xc5,
    0x69, 0x8b, 0x2b, 0xa4, 0x2e, 0xcd, 0xc8, 0x72, 0xe5, 0x49, 0x84, 0x39,
    0x23, 0x29, 0xc2, 0x20, 0xa2, 0x18, 0x61, 0x10, 0x40, 0x08, 0x20, 0x00,
    0x21, 0x08, 0x20, 0x08, 0x41, 0x08, 0x61, 0x10, 0xa2, 0x18, 0xc2, 0x20,
    0x23, 0x31, 0x84, 0x39, 0xe5, 0x49, 0xc8, 0x6a, 0xeb, 0x9b, 0x0d, 0xc5,
    0x2e, 0xcd, 0xcd, 0xbc, 0x2b, 0xa4, 0xeb, 0x9b, 0xeb, 0x9b, 0x0b, 0x9c,
    0x4c, 0xac, 0x6c, 0xac, 0x8c, 0xb4, 0xed, 0xbc, 0x0e, 0xc5, 0x0e, 0xc5,
    0xcd, 0xbc, 0x0e, 0xc5, 0x6e, 0xd5, 0x8c, 0xb4, 0xcd, 0xbc, 0xac, 0xb4,
    0x08, 0x73, 0xe5, 0x49, 0x43, 0x31, 0x03, 0x29, 0xc2, 0x18, 0x81, 0x18,
    0x61, 0x10, 0x61, 0x10, 0x61, 0x10, 0x82, 0x18, 0xe2, 0x20, 0x23, 0x29,
    0x64, 0x39, 0xe5, 0x49, 0x08, 0x73, 0x6f, 0xd5, 0x2b, 0xa4, 0xca, 0x93,
    0xd0, 0xe5, 0xac, 0xb4, 0x87, 0x62, 0xc5, 0x41, 0x43, 0x31, 0x03, 0x29,
    0xc2, 0x18, 0x61, 0x10, 0x41, 0x08, 0x20, 0x08, 0x20, 0x08, 0x00, 0x00,
    0x00, 0x00, 0x00, 0x00, 0x00, 0x00, 0x00, 0x00, 0x00, 0x00, 0x00, 0x00,
    0x00, 0x00, 0x00, 0x00, 0x00, 0x00, 0x00, 0x00, 0x00, 0x00, 0x00, 0x00,
    0x00, 0x00, 0x00, 0x00, 0x00, 0x00, 0x00, 0x00, 0x00, 0x00, 0x00, 0x00,
    0x00, 0x00, 0x00, 0x00, 0x00, 0x00, 0x00, 0x00, 0x00, 0x00, 0x00, 0x00,
    0x00, 0x00, 0x00, 0x00, 0x00, 0x00, 0x00, 0x00, 0x00, 0x00, 0x00, 0x00,
    0x00, 0x00, 0x00, 0x00, 0x00, 0x00, 0x00, 0x00, 0x00, 0x00, 0x00, 0x00,
    0x00, 0x00, 0x21, 0x08, 0x41, 0x08, 0x41, 0x10, 0x81, 0x10, 0xc2, 0x20,
    0x23, 0x29, 0x84, 0x39, 0x06, 0x52, 0xea, 0x93, 0xf0, 0xe5, 0xad, 0xb4,
    0x49, 0x7b, 0x4b, 0xa4, 0x2e, 0xcd, 0xc7, 0x6a, 0xe5, 0x49, 0x64, 0x39,
    0x23, 0x29, 0xc2, 0x20, 0xa2, 0x10, 0x61, 0x10, 0x41, 0x08, 0x21, 0x08,
    0x20, 0x08, 0x41, 0x08, 0x41, 0x08, 0x81, 0x10, 0xc2, 0x18, 0x03, 0x29,
    0x43, 0x31, 0xa5, 0x41, 0x66, 0x5a, 0xca, 0x93, 0xcd, 0xbc, 0x6c, 0xb4,
    0x2b, 0xa4, 0x2b, 0xa4, 0x4b, 0xa4, 0x8c, 0xac, 0xcd, 0xbc, 0xed, 0xc4,
    0x2e, 0xcd, 0x4e, 0xcd, 0x4e, 0xcd, 0x0e, 0xcd, 0xed, 0xc4, 0x4e, 0xcd,
    0x8f, 0xd5, 0x0e, 0xcd, 0x8f, 0xd5, 0x6f, 0xd5, 0x0e, 0xc5, 0x89, 0x8b,
    0x66, 0x5a, 0xa5, 0x41, 0x44, 0x31, 0x02, 0x29, 0xa2, 0x18, 0x81, 0x10,
    0x61, 0x10, 0x41, 0x10, 0x61, 0x10, 0xa2, 0x10, 0xc2, 0x20, 0x03, 0x29,
    0x64, 0x39, 0x05, 0x4a, 0x08, 0x7b, 0x6f, 0xd5, 0x4b, 0xa4, 0x8a, 0x8b,
    0x8f, 0xdd, 0x0e, 0xc5, 0xc7, 0x6a, 0xc5, 0x41, 0x64, 0x39, 0x03, 0x29,
    0xc2, 0x18, 0x81, 0x10, 0x41, 0x08, 0x21, 0x08, 0x20, 0x08, 0x00, 0x00,
    0x20, 0x00, 0x00, 0x00, 0x00, 0x00, 0x00, 0x00, 0x00, 0x00, 0x00, 0x00,
    0x00, 0x00, 0x00, 0x00, 0x00, 0x00, 0x00, 0x00, 0x00, 0x00, 0x00, 0x00,
    0x00, 0x00, 0x00, 0x00, 0x00, 0x00, 0x00, 0x00, 0x00, 0x00, 0x00, 0x00,
    0x00, 0x00, 0x00, 0x00, 0x00, 0x00, 0x00, 0x00, 0x00, 0x00, 0x00, 0x00,
    0x00, 0x00, 0x00, 0x00, 0x00, 0x00, 0x00, 0x00, 0x00, 0x00, 0x00, 0x00,
    0x00, 0x00, 0x00, 0x00, 0x00, 0x00, 0x00, 0x00, 0x00, 0x00, 0x00, 0x00,
    0x20, 0x08, 0x20, 0x00, 0x41, 0x08, 0x61, 0x10, 0xa1, 0x18, 0xc2, 0x20,
    0x23, 0x29, 0x84, 0x39, 0x46, 0x5a, 0x4b, 0xac, 0xf0, 0xe5, 0x4c, 0xac,
    0x28, 0x7b, 0x4c, 0xa4, 0x2e, 0xcd, 0xc8, 0x6a, 0xe5, 0x49, 0x84, 0x39,
    0x23, 0x29, 0xc2, 0x20, 0x81, 0x18, 0x61, 0x10, 0x41, 0x08, 0x20, 0x08,
    0x20, 0x08, 0x41, 0x08, 0x61, 0x10, 0x81, 0x18, 0xe2, 0x20, 0x23, 0x29,
    0x64, 0x39, 0xe5, 0x49, 0xe8, 0x72, 0x6c, 0xac, 0xac, 0xb4, 0x8c, 0xb4,
    0xac, 0xb4, 0xcd, 0xbc, 0xed, 0xbc, 0xed, 0xbc, 0xad, 0xbc, 0x6c, 0xac,
    0x2b, 0xa4, 0xea, 0x9b, 0xaa, 0x93, 0xaa, 0x8b, 0xaa, 0x93, 0x0b, 0xa4,
    0x0d, 0xc5, 0x6f, 0xd5, 0x6e, 0xd5, 0xaf, 0xdd, 0x4c, 0xac, 0xc7, 0x6a,
    0x05, 0x52, 0x84, 0x41, 0x43, 0x31, 0xe2, 0x20, 0xa2, 0x18, 0x81, 0x10,
    0x61, 0x10, 0x41, 0x08, 0x61, 0x10, 0xa2, 0x18, 0xc2, 0x20, 0x23, 0x29,
    0x64, 0x39, 0xe5, 0x49, 0x08, 0x7b, 0x6f, 0xd5, 0x4b, 0xa4, 0x69, 0x8b,
    0x4e, 0xcd, 0x6f, 0xd5, 0x08, 0x7b, 0xc5, 0x49, 0x64, 0x39, 0x03, 0x29,
    0xc2, 0x20, 0x81, 0x10, 0x61, 0x10, 0x41, 0x08, 0x20, 0x00, 0x00, 0x00,
    0x01, 0x00, 0x00, 0x00, 0x00, 0x00, 0x00, 0x00, 0x00, 0x00, 0x00, 0x00,
    0x00, 0x00, 0x00, 0x00, 0x00, 0x00, 0x00, 0x00, 0x00, 0x00, 0x00, 0x00,
    0x00, 0x00, 0x00, 0x00, 0x00, 0x00, 0x00, 0x00, 0x00, 0x00, 0x00, 0x00,
    0x00, 0x00, 0x00, 0x00, 0x00, 0x00, 0x00, 0x00, 0x00, 0x00, 0x00, 0x00,
    0x00, 0x00, 0x00, 0x00, 0x00, 0x00, 0x00, 0x00, 0x00, 0x00, 0x00, 0x00,
    0x00, 0x00, 0x00, 0x00, 0x00, 0x00, 0x00, 0x00, 0x00, 0x00, 0x00, 0x00,
    0x20, 0x00, 0x20, 0x08, 0x41, 0x08, 0x61, 0x10, 0x82, 0x18, 0xe2, 0x20,
    0x23, 0x31, 0xa4, 0x41, 0x66, 0x5a, 0x8c, 0xb4, 0xf0, 0xe5, 0x2b, 0xa4,
    0x28, 0x7b, 0x4c, 0xac, 0x4e, 0xcd, 0x08, 0x7b, 0xe5, 0x49, 0x84, 0x39,
    0x23, 0x31, 0xe2, 0x20, 0x82, 0x10, 0x61, 0x10, 0x41, 0x08, 0x41, 0x08,
    0x41, 0x08, 0x41, 0x08, 0x81, 0x10, 0xa2, 0x18, 0xe3, 0x20, 0x43, 0x31,
    0xa4, 0x41, 0x46, 0x5a, 0xaa, 0x93, 0xed, 0xbc, 0xcd, 0xbc, 0xad, 0xb4,
    0x8c, 0xb4, 0x2b, 0xa4, 0xca, 0x93, 0x8a, 0x8b, 0x89, 0x8b, 0x8a, 0x8b,
    0xaa, 0x8b, 0xaa, 0x8b, 0xca, 0x93, 0xeb, 0x9b, 0x0b, 0x9c, 0xea, 0x9b,
    0x4c, 0xac, 0x4e, 0xd5, 0xaf, 0xdd, 0x8f, 0xdd, 0x4b, 0xa4, 0xa7, 0x6a,
    0xe5, 0x49, 0x84, 0x39, 0x23, 0x31, 0xe2, 0x20, 0xa2, 0x18, 0x61, 0x10,
    0x61, 0x10, 0x61, 0x08, 0x61, 0x10, 0xa1, 0x18, 0xc2, 0x20, 0x23, 0x29,
    0x84, 0x39, 0xe5, 0x49, 0x29, 0x7b, 0x6f, 0xd5, 0x2b, 0xa4, 0x69, 0x83,
    0x0d, 0xc5, 0xaf, 0xdd, 0x49, 0x83, 0x05, 0x4a, 0x64, 0x39, 0x23, 0x29,
    0xc2, 0x20, 0x81, 0x18, 0x41, 0x10, 0x21, 0x08, 0x20, 0x08, 0x00, 0x00,
    0x00, 0x00, 0x00, 0x00, 0x00, 0x00, 0x00, 0x00, 0x00, 0x00, 0x00, 0x00,
    0x00, 0x00, 0x00, 0x00, 0x00, 0x00, 0x00, 0x00, 0x00, 0x00, 0x00, 0x00,
    0x00, 0x00, 0x00, 0x00, 0x00, 0x00, 0x00, 0x00, 0x00, 0x00, 0x00, 0x00,
    0x00, 0x00, 0x00, 0x00, 0x00, 0x00, 0x00, 0x00, 0x00, 0x00, 0x00, 0x00,
    0x00, 0x00, 0x00, 0x00, 0x00, 0x00, 0x00, 0x00, 0x00, 0x00, 0x00, 0x00,
    0x00, 0x00, 0x00, 0x00, 0x00, 0x00, 0x00, 0x00, 0x00, 0x00, 0x00, 0x00,
    0x20, 0x08, 0x21, 0x08, 0x41, 0x08, 0x61, 0x10, 0xa2, 0x18, 0xe2, 0x20,
    0x23, 0x31, 0xa4, 0x41, 0x67, 0x5a, 0xcd, 0xbc, 0xd0, 0xe5, 0xeb, 0x9b,
    0x08, 0x7b, 0x4b, 0xa4, 0x6f, 0xd5, 0x49, 0x83, 0x06, 0x52, 0x84, 0x39,
    0x23, 0x31, 0xe2, 0x20, 0xa2, 0x18, 0x61, 0x10, 0x41, 0x08, 0x40, 0x08,
    0x41, 0x08, 0x61, 0x10, 0x81, 0x10, 0xc2, 0x20, 0x03, 0x29, 0x64, 0x39,
    0xc5, 0x49, 0xe8, 0x72, 0x2b, 0xa4, 0x6c, 0xac, 0xeb, 0x9b, 0x8a, 0x8b,
    0x69, 0x8b, 0x89, 0x8b, 0xaa, 0x8b, 0x0b, 0x9c, 0x2b, 0xac, 0x8c, 0xb4,
    0xac, 0xb4, 0xac, 0xb4, 0xad, 0xbc, 0xcd, 0xbc, 0xcd, 0xbc, 0xcd, 0xbc,
    0x6c, 0xac, 0xcd, 0xbc, 0x8f, 0xdd, 0xd0, 0xe5, 0x8c, 0xb4, 0xc8, 0x6a,
    0xe5, 0x49, 0x64, 0x39, 0x23, 0x29, 0xe2, 0x20, 0x82, 0x18, 0x61, 0x10,
    0x41, 0x08, 0x61, 0x10, 0x61, 0x10, 0xa2, 0x18, 0xe2, 0x20, 0x23, 0x29,
    0x84, 0x39, 0x06, 0x52, 0x89, 0x8b, 0x8f, 0xd5, 0x0b, 0x9c, 0x69, 0x83,
    0xed, 0xc4, 0xd0, 0xe5, 0xaa, 0x8b, 0x25, 0x52, 0x84, 0x39, 0x23, 0x29,
    0xc2, 0x20, 0x81, 0x10, 0x61, 0x10, 0x41, 0x08, 0x20, 0x00, 0x20, 0x00,
    0x00, 0x00, 0x00, 0x00, 0x00, 0x00, 0x00, 0x00, 0x00, 0x00, 0x00, 0x00,
    0x00, 0x00, 0x00, 0x00, 0x00, 0x00, 0x00, 0x00, 0x00, 0x00, 0x00, 0x00,
    0x00, 0x00, 0x00, 0x00, 0x00, 0x00, 0x00, 0x00, 0x00, 0x00, 0x00, 0x00,
    0x00, 0x00, 0x00, 0x00, 0x00, 0x00, 0x00, 0x00, 0x00, 0x00, 0x00, 0x00,
    0x00, 0x00, 0x00, 0x00, 0x00, 0x00, 0x00, 0x00, 0x00, 0x00, 0x00, 0x00,
    0x00, 0x00, 0x00, 0x00, 0x00, 0x00, 0x00, 0x00, 0x00, 0x00, 0x00, 0x00,
    0x20, 0x00, 0x20, 0x08, 0x41, 0x08, 0x61, 0x10, 0xa2, 0x18, 0xe2, 0x20,
    0x23, 0x31, 0xa5, 0x39, 0x67, 0x5a, 0xed, 0xc4, 0xcf, 0xe5, 0xaa, 0x93,
    0x08, 0x73, 0x2b, 0xa4, 0xaf, 0xdd, 0x89, 0x8b, 0x26, 0x5a, 0xa4, 0x41,
    0x44, 0x31, 0xe3, 0x20, 0xa2, 0x18, 0x81, 0x10, 0x41, 0x08, 0x41, 0x08,
    0x41, 0x10, 0x61, 0x10, 0xa2, 0x18, 0xe2, 0x20, 0x23, 0x31, 0x84, 0x39,
    0x26, 0x52, 0x69, 0x83, 0x6c, 0xac, 0xaa, 0x93, 0x89, 0x8b, 0xca, 0x93,
    0x4c, 0xa4, 0x8c, 0xb4, 0xac, 0xb4, 0xad, 0xbc, 0x8c, 0xb4, 0x8c, 0xb4,
    0x6c, 0xac, 0x4c, 0xac, 0x2b, 0xa4, 0x0b, 0x9c, 0x2b, 0xa4, 0xac, 0xb4,
    0x0d, 0xc5, 0xcd, 0xbc, 0x6e, 0xd5, 0xd0, 0xe5, 0xad, 0xb4, 0xc7, 0x6a,
    0xe5, 0x49, 0x64, 0x39, 0x03, 0x29, 0xe2, 0x20, 0x82, 0x10, 0x61, 0x10,
    0x61, 0x08, 0x41, 0x08, 0x61, 0x10, 0xa2, 0x18, 0xe3, 0x20, 0x43, 0x31,
    0xa4, 0x41, 0x26, 0x5a, 0xea, 0x9b, 0x6f, 0xd5, 0xca, 0x93, 0x49, 0x83,
    0xed, 0xc4, 0xd0, 0xe5, 0xca, 0x93, 0x26, 0x52, 0x84, 0x39, 0x23, 0x31,
    0xc2, 0x20, 0x82, 0x10, 0x61, 0x10, 0x41, 0x08, 0x20, 0x08, 0x00, 0x00,
    0x00, 0x00, 0x00, 0x00, 0x00, 0x00, 0x00, 0x00, 0x00, 0x00, 0x00, 0x00,
    0x00, 0x00, 0x00, 0x00, 0x00, 0x00, 0x00, 0x00, 0x00, 0x00, 0x00, 0x00,
    0x00, 0x00, 0x00, 0x00, 0x00, 0x00, 0x00, 0x00, 0x00, 0x00, 0x00, 0x00,
    0x00, 0x00, 0x00, 0x00, 0x00, 0x00, 0x00, 0x00, 0x00, 0x00, 0x00, 0x00,
    0x00, 0x00, 0x00, 0x00, 0x00, 0x00, 0x00, 0x00, 0x00, 0x00, 0x00, 0x00,
    0x00, 0x00, 0x00, 0x00, 0x00, 0x00, 0x00, 0x00, 0x00, 0x00, 0x00, 0x00,
    0x00, 0x00, 0x21, 0x08, 0x41, 0x08, 0x61, 0x10, 0xa2, 0x18, 0xe2, 0x20,
    0x23, 0x31, 0xa5, 0x41, 0x66, 0x5a, 0x0d, 0xc5, 0xaf, 0xe5, 0x8a, 0x8b,
    0xe8, 0x72, 0xeb, 0x9b, 0xaf, 0xe5, 0xeb, 0x9b, 0x66, 0x5a, 0xa5, 0x41,
    0x63, 0x31, 0x03, 0x29, 0xc2, 0x18, 0x81, 0x10, 0x61, 0x10, 0x61, 0x10,
    0x61, 0x10, 0x81, 0x10, 0xc2, 0x18, 0x02, 0x21, 0x43, 0x31, 0xa5, 0x41,
    0x66, 0x62, 0xea, 0x93, 0xcd, 0xbc, 0x8c, 0xb4, 0xad, 0xb4, 0xac, 0xb4,
    0x6c, 0xac, 0x2b, 0xa4, 0x0b, 0x9c, 0xca, 0x93, 0x69, 0x83, 0x49, 0x83,
    0x29, 0x7b, 0x29, 0x7b, 0x28, 0x7b, 0x28, 0x7b, 0x49, 0x83, 0xca, 0x93,
    0xcd, 0xbc, 0x2e, 0xcd, 0x4e, 0xcd, 0xd0, 0xe5, 0xac, 0xb4, 0xc7, 0x6a,
    0xc5, 0x49, 0x84, 0x39, 0x03, 0x29, 0xc2, 0x20, 0x82, 0x18, 0x61, 0x10,
    0x61, 0x10, 0x61, 0x10, 0x81, 0x10, 0xc2, 0x18, 0x03, 0x29, 0x43, 0x31,
    0xa5, 0x41, 0x66, 0x5a, 0x4c, 0xac, 0x4e, 0xd5, 0xaa, 0x8b, 0x49, 0x83,
    0xed, 0xbc, 0xd0, 0xe5, 0xca, 0x93, 0x26, 0x52, 0x84, 0x39, 0x23, 0x31,
    0xe2, 0x20, 0x81, 0x18, 0x61, 0x10, 0x21, 0x08, 0x20, 0x00, 0x00, 0x00,
    0x00, 0x00, 0x00, 0x00, 0x00, 0x00, 0x00, 0x00, 0x00, 0x00, 0x00, 0x00,
    0x00, 0x00, 0x00, 0x00, 0x00, 0x00, 0x00, 0x00, 0x00, 0x00, 0x00, 0x00,
    0x00, 0x00, 0x00, 0x00, 0x00, 0x00, 0x00, 0x00, 0x00, 0x00, 0x00, 0x00,
    0x00, 0x00, 0x00, 0x00, 0x00, 0x00, 0x00, 0x00, 0x00, 0x00, 0x00, 0x00,
    0x00, 0x00, 0x00, 0x00, 0x00, 0x00, 0x00, 0x00, 0x00, 0x00, 0x00, 0x00,
    0x00, 0x00, 0x00, 0x00, 0x00, 0x00, 0x00, 0x00, 0x00, 0x00, 0x00, 0x00,
    0x20, 0x08, 0x20, 0x08, 0x41, 0x08, 0x61, 0x10, 0xa2, 0x18, 0xe2, 0x20,
    0x23, 0x31, 0xa4, 0x41, 0x67, 0x5a, 0x0e, 0xc5, 0xd0, 0xe5, 0xca, 0x93,
    0x08, 0x73, 0xca, 0x93, 0x8f, 0xdd, 0x6c, 0xac, 0x87, 0x62, 0xc5, 0x49,
    0x64, 0x39, 0x03, 0x29, 0xc2, 0x20, 0xa1, 0x18, 0x61, 0x10, 0x61, 0x10,
    0x61, 0x10, 0x81, 0x10, 0xc2, 0x20, 0x03, 0x29, 0x44, 0x31, 0xe5, 0x49,
    0x08, 0x7b, 0xcd, 0xbc, 0x0d, 0xc5, 0x6c, 0xac, 0xeb, 0x9b, 0xaa, 0x8b,
    0x28, 0x7b, 0xe8, 0x72, 0xc8, 0x6a, 0xc7, 0x6a, 0xc7, 0x6a, 0xc8, 0x6a,
    0xe8, 0x72, 0xe8, 0x72, 0xe8, 0x72, 0x08, 0x73, 0x08, 0x73, 0x29, 0x7b,
    0xea, 0x9b, 0x0e, 0xc5, 0x6f, 0xd5, 0xaf, 0xdd, 0x8c, 0xac, 0xa7, 0x6a,
    0xe5, 0x49, 0x84, 0x39, 0x03, 0x29, 0xc2, 0x20, 0x81, 0x10, 0x61, 0x10,
    0x61, 0x10, 0x61, 0x10, 0x81, 0x10, 0xc2, 0x20, 0x03, 0x29, 0x64, 0x31,
    0xc5, 0x49, 0xa7, 0x6a, 0xcd, 0xbc, 0x4e, 0xcd, 0x8a, 0x8b, 0x49, 0x83,
    0xed, 0xc4, 0xd0, 0xe5, 0xca, 0x93, 0x26, 0x5a, 0x84, 0x39, 0x23, 0x29,
    0xe2, 0x20, 0x82, 0x18, 0x61, 0x10, 0x41, 0x08, 0x20, 0x08, 0x20, 0x00,
    0x00, 0x00, 0x00, 0x00, 0x00, 0x00, 0x00, 0x00, 0x00, 0x00, 0x00, 0x00,
    0x00, 0x00, 0x00, 0x00, 0x00, 0x00, 0x00, 0x00, 0x00, 0x00, 0x00, 0x00,
    0x00, 0x00, 0x00, 0x00, 0x00, 0x00, 0x00, 0x00, 0x00, 0x00, 0x00, 0x00,
    0x00, 0x00, 0x00, 0x00, 0x00, 0x00, 0x00, 0x00, 0x00, 0x00, 0x00, 0x00,
    0x00, 0x00, 0x00, 0x00, 0x00, 0x00, 0x00, 0x00, 0x00, 0x00, 0x00, 0x00,
    0x00, 0x00, 0x00, 0x00, 0x00, 0x00, 0x00, 0x00, 0x00, 0x00, 0x20, 0x00,
    0x21, 0x00, 0x20, 0x08, 0x21, 0x08, 0x61, 0x10, 0xa1, 0x18, 0xe2, 0x20,
    0x23, 0x31, 0xa4, 0x39, 0x67, 0x5a, 0x0e, 0xc5, 0xf0, 0xe5, 0x0b, 0xa4,
    0x08, 0x7b, 0x89, 0x8b, 0x6e, 0xd5, 0x0d, 0xc5, 0xe8, 0x72, 0xe5, 0x49,
    0x84, 0x39, 0x23, 0x31, 0xe2, 0x20, 0xa2, 0x18, 0x81, 0x10, 0x61, 0x10,
    0x81, 0x10, 0x82, 0x18, 0xc2, 0x20, 0x03, 0x29, 0x64, 0x39, 0x26, 0x52,
    0x8a, 0x8b, 0xac, 0xb4, 0xaa, 0x8b, 0x08, 0x7b, 0xa7, 0x6a, 0x87, 0x62,
    0x66, 0x5a, 0x46, 0x5a, 0x66, 0x62, 0x67, 0x62, 0x87, 0x62, 0xa7, 0x6a,
    0xc7, 0x6a, 0xe8, 0x72, 0x08, 0x7b, 0x28, 0x7b, 0x08, 0x7b, 0x08, 0x7b,
    0x49, 0x83, 0x2b, 0xa4, 0x6e, 0xd5, 0xcf, 0xe5, 0x8c, 0xb4, 0xc8, 0x6a,
    0xc5, 0x49, 0x64, 0x39, 0x23, 0x29, 0xc2, 0x20, 0xa2, 0x18, 0x81, 0x10,
    0x61, 0x10, 0x81, 0x10, 0xa2, 0x18, 0xe2, 0x20, 0x23, 0x31, 0x64, 0x39,
    0xe5, 0x49, 0x08, 0x73, 0x4e, 0xcd, 0x0d, 0xc5, 0x69, 0x8b, 0x49, 0x7b,
    0x0d, 0xc5, 0xd0, 0xe5, 0xca, 0x93, 0x26, 0x52, 0x84, 0x39, 0x23, 0x31,
    0xc2, 0x20, 0xa1, 0x10, 0x61, 0x10, 0x21, 0x08, 0x20, 0x00, 0x00, 0x00,
    0x01, 0x00, 0x00, 0x00, 0x00, 0x00, 0x00, 0x00, 0x00, 0x00, 0x00, 0x00,
    0x00, 0x00, 0x00, 0x00, 0x00, 0x00, 0x00, 0x00, 0x00, 0x00, 0x00, 0x00,
    0x00, 0x00, 0x00, 0x00, 0x00, 0x00, 0x00, 0x00, 0x00, 0x00, 0x00, 0x00,
    0x00, 0x00, 0x00, 0x00, 0x00, 0x00, 0x00, 0x00, 0x00, 0x00, 0x00, 0x00,
    0x00, 0x00, 0x00, 0x00, 0x00, 0x00, 0x00, 0x00, 0x00, 0x00, 0x00, 0x00,
    0x00, 0x00, 0x00, 0x00, 0x00, 0x00, 0x00, 0x00, 0x00, 0x00, 0x00, 0x00,
    0x00, 0x00, 0x21, 0x08, 0x41, 0x08, 0x61, 0x10, 0x81, 0x10, 0xe3, 0x20,
    0x23, 0x31, 0x84, 0x41, 0x66, 0x5a, 0x0d, 0xc5, 0xf0, 0xed, 0x2b, 0xa4,
    0x08, 0x7b, 0x69, 0x83, 0xee, 0xc4, 0x6f, 0xd5, 0x69, 0x83, 0x26, 0x52,
    0xa4, 0x41, 0x43, 0x31, 0x03, 0x29, 0xc2, 0x18, 0x82, 0x18, 0x81, 0x10,
    0x82, 0x10, 0xa2, 0x18, 0xe2, 0x20, 0x23, 0x29, 0x84, 0x39, 0x66, 0x5a,
    0xeb, 0x9b, 0xeb, 0x9b, 0xc7, 0x6a, 0x46, 0x5a, 0x26, 0x5a, 0x26, 0x52,
    0x06, 0x52, 0x26, 0x52, 0x26, 0x52, 0x46, 0x5a, 0x66, 0x62, 0xa7, 0x62,
    0xc8, 0x72, 0x28, 0x7b, 0xca, 0x93, 0x2b, 0xa4, 0x69, 0x83, 0x08, 0x7b,
    0x08, 0x73, 0x69, 0x83, 0xad, 0xb4, 0xaf, 0xe5, 0xad, 0xb4, 0xc8, 0x72,
    0xe5, 0x49, 0x84, 0x39, 0x23, 0x29, 0xc2, 0x20, 0xa2, 0x18, 0x81, 0x10,
    0x81, 0x10, 0x82, 0x18, 0xc2, 0x20, 0xe3, 0x28, 0x43, 0x31, 0xa4, 0x41,
    0x46, 0x5a, 0xca, 0x93, 0x8f, 0xdd, 0x8c, 0xb4, 0x29, 0x7b, 0x29, 0x7b,
    0x0e, 0xc5, 0xf0, 0xe5, 0xca, 0x93, 0x26, 0x5a, 0x84, 0x39, 0x23, 0x31,
    0xc2, 0x20, 0x82, 0x10, 0x61, 0x10, 0x21, 0x08, 0x20, 0x08, 0x00, 0x00,
    0x00, 0x00, 0x00, 0x00, 0x00, 0x00, 0x00, 0x00, 0x00, 0x00, 0x00, 0x00,
    0x00, 0x00, 0x00, 0x00, 0x00, 0x00, 0x00, 0x00, 0x00, 0x00, 0x00, 0x00,
    0x00, 0x00, 0x00, 0x00, 0x00, 0x00, 0x00, 0x00, 0x00, 0x00, 0x00, 0x00,
    0x00, 0x00, 0x00, 0x00, 0x00, 0x00, 0x00, 0x00, 0x00, 0x00, 0x00, 0x00,
    0x00, 0x00, 0x00, 0x00, 0x00, 0x00, 0x00, 0x00, 0x00, 0x00, 0x00, 0x00,
    0x00, 0x00, 0x00, 0x00, 0x00, 0x00, 0x00, 0x00, 0x00, 0x00, 0x00, 0x00,
    0x20, 0x00, 0x20, 0x00, 0x41, 0x08, 0x61, 0x10, 0x82, 0x10, 0xc2, 0x20,
    0x23, 0x29, 0x84, 0x39, 0x66, 0x5a, 0xcd, 0xbc, 0xf0, 0xed, 0x8c, 0xb4,
    0x29, 0x7b, 0x28, 0x7b, 0x4c, 0xac, 0xcf, 0xdd, 0x2b, 0xa4, 0x87, 0x62,
    0xc5, 0x41, 0x64, 0x39, 0x03, 0x29, 0xe2, 0x20, 0xa2, 0x18, 0x81, 0x18,
    0xa1, 0x18, 0xc2, 0x18, 0xe2, 0x20, 0x23, 0x31, 0x84, 0x39, 0x67, 0x62,
    0x2b, 0x9c, 0xaa, 0x93, 0x66, 0x62, 0x26, 0x52, 0x05, 0x52, 0xe5, 0x49,
    0xe5, 0x49, 0x05, 0x52, 0x05, 0x52, 0x26, 0x52, 0xa7, 0x6a, 0x08, 0x7b,
    0x89, 0x8b, 0x2b, 0xa4, 0x0e, 0xc5, 0xed, 0xbc, 0x2b, 0xa4, 0x69, 0x83,
    0x08, 0x7b, 0x28, 0x7b, 0xaa, 0x93, 0x2e, 0xcd, 0xed, 0xbc, 0x29, 0x7b,
    0x05, 0x52, 0x84, 0x39, 0x23, 0x29, 0xe2, 0x20, 0xa2, 0x18, 0xa2, 0x18,
    0x81, 0x10, 0xa2, 0x18, 0xe2, 0x20, 0x03, 0x29, 0x64, 0x31, 0xc5, 0x41,
    0xa7, 0x62, 0x6c, 0xb4, 0x8f, 0xdd, 0x2b, 0xa4, 0x28, 0x7b, 0x49, 0x83,
    0x6e, 0xd5, 0xd0, 0xe5, 0xaa, 0x8b, 0x26, 0x52, 0x64, 0x39, 0x23, 0x29,
    0xc2, 0x20, 0x81, 0x10, 0x61, 0x10, 0x41, 0x08, 0x20, 0x08, 0x00, 0x00,
    0x20, 0x00, 0x00, 0x00, 0x00, 0x00, 0x00, 0x00, 0x00, 0x00, 0x00, 0x00,
    0x00, 0x00, 0x00, 0x00, 0x00, 0x00, 0x00, 0x00, 0x00, 0x00, 0x00, 0x00,
    0x00, 0x00, 0x00, 0x00, 0x00, 0x00, 0x00, 0x00, 0x00, 0x00, 0x00, 0x00,
    0x00, 0x00, 0x00, 0x00, 0x00, 0x00, 0x00, 0x00, 0x00, 0x00, 0x00, 0x00,
    0x00, 0x00, 0x00, 0x00, 0x00, 0x00, 0x00, 0x00, 0x00, 0x00, 0x00, 0x00,
    0x00, 0x00, 0x00, 0x00, 0x00, 0x00, 0x00, 0x00, 0x00, 0x00, 0x00, 0x00,
    0x20, 0x00, 0x20, 0x08, 0x21, 0x08, 0x61, 0x10, 0x81, 0x18, 0xe2, 0x20,
    0x23, 0x29, 0x84, 0x39, 0x47, 0x5a, 0x8c, 0xac, 0xf0, 0xe5, 0xed, 0xbc,
    0x49, 0x83, 0x08, 0x73, 0xeb, 0x9b, 0x8f, 0xdd, 0xed, 0xbc, 0xe8, 0x72,
    0xe5, 0x49, 0x84, 0x39, 0x43, 0x31, 0xe3, 0x20, 0xc2, 0x20, 0xa2, 0x18,
    0xa2, 0x18, 0xc2, 0x20, 0xe3, 0x28, 0x23, 0x29, 0x84, 0x39, 0x66, 0x5a,
    0x0b, 0x9c, 0xea, 0x93, 0x67, 0x5a, 0x05, 0x52, 0xe5, 0x49, 0xc5, 0x49,
    0xc5, 0x41, 0xc5, 0x49, 0xe5, 0x49, 0x46, 0x5a, 0xca, 0x93, 0xcd, 0xbc,
    0x0e, 0xc5, 0x8c, 0xb4, 0xca, 0x93, 0x0b, 0xa4, 0xed, 0xbc, 0x0b, 0xa4,
    0x8a, 0x8b, 0x29, 0x7b, 0x29, 0x7b, 0x4b, 0xa4, 0x6e, 0xd5, 0xeb, 0x9b,
    0x46, 0x5a, 0x84, 0x39, 0x23, 0x31, 0xe3, 0x20, 0xc2, 0x20, 0xa2, 0x18,
    0xa2, 0x18, 0xc2, 0x20, 0x03, 0x29, 0x43, 0x31, 0x84, 0x39, 0xe5, 0x49,
    0x08, 0x73, 0x2e, 0xcd, 0x4e, 0xcd, 0xaa, 0x8b, 0x08, 0x7b, 0x89, 0x8b,
    0xcf, 0xe5, 0xcf, 0xe5, 0x89, 0x8b, 0x05, 0x52, 0x64, 0x39, 0x23, 0x29,
    0xc2, 0x20, 0x81, 0x10, 0x61, 0x08, 0x21, 0x08, 0x20, 0x08, 0x00, 0x00,
    0x00, 0x00, 0x00, 0x00, 0x00, 0x00, 0x00, 0x00, 0x00, 0x00, 0x00, 0x00,
    0x00, 0x00, 0x00, 0x00, 0x00, 0x00, 0x00, 0x00, 0x00, 0x00, 0x00, 0x00,
    0x00, 0x00, 0x00, 0x00, 0x00, 0x00, 0x00, 0x00, 0x00, 0x00, 0x00, 0x00,
    0x00, 0x00, 0x00, 0x00, 0x00, 0x00, 0x00, 0x00, 0x00, 0x00, 0x00, 0x00,
    0x00, 0x00, 0x00, 0x00, 0x00, 0x00, 0x00, 0x00, 0x00, 0x00, 0x00, 0x00,
    0x00, 0x00, 0x00, 0x00, 0x00, 0x00, 0x00, 0x00, 0x00, 0x00, 0x00, 0x00,
    0x00, 0x00, 0x21, 0x08, 0x21, 0x08, 0x61, 0x08, 0x81, 0x10, 0xc2, 0x20,
    0x23, 0x29, 0x84, 0x39, 0x26, 0x5a, 0x4c, 0xac, 0xf0, 0xe5, 0x4e, 0xd5,
    0x8a, 0x8b, 0xe8, 0x72, 0x89, 0x8b, 0x0e, 0xc5, 0x8f, 0xd5, 0xaa, 0x93,
    0x46, 0x5a, 0xc5, 0x41, 0x64, 0x39, 0x23, 0x29, 0xe2, 0x20, 0xc2, 0x20,
    0xa2, 0x18, 0xc2, 0x20, 0x03, 0x21, 0x23, 0x31, 0x84, 0x39, 0x26, 0x5a,
    0xca, 0x93, 0x2b, 0xa4, 0x87, 0x62, 0xe5, 0x49, 0xc5, 0x49, 0xc5, 0x41,
    0xa4, 0x41, 0xa5, 0x41, 0xc5, 0x41, 0x46, 0x52, 0x6c, 0xac, 0x6f, 0xd5,
    0x6c, 0xac, 0x8a, 0x8b, 0x08, 0x7b, 0x49, 0x83, 0x0b, 0x9c, 0x0e, 0xc5,
    0xcd, 0xbc, 0xca, 0x93, 0x28, 0x7b, 0xaa, 0x8b, 0x4e, 0xcd, 0x6c, 0xac,
    0x87, 0x62, 0x84, 0x41, 0x23, 0x31, 0x03, 0x29, 0xc2, 0x20, 0xc2, 0x18,
    0xc2, 0x20, 0xe2, 0x20, 0x23, 0x29, 0x64, 0x39, 0xc5, 0x41, 0x46, 0x5a,
    0xeb, 0x9b, 0xaf, 0xdd, 0xad, 0xb4, 0x49, 0x83, 0x08, 0x7b, 0xeb, 0x9b,
    0x10, 0xee, 0x8f, 0xd5, 0x08, 0x7b, 0xe5, 0x49, 0x64, 0x39, 0x03, 0x29,
    0xc2, 0x20, 0x81, 0x10, 0x41, 0x10, 0x21, 0x08, 0x20, 0x00, 0x00, 0x00,
    0x00, 0x00, 0x00, 0x00, 0x00, 0x00, 0x00, 0x00, 0x00, 0x00, 0x00, 0x00,
    0x00, 0x00, 0x00, 0x00, 0x00, 0x00, 0x00, 0x00, 0x00, 0x00, 0x00, 0x00,
    0x00, 0x00, 0x00, 0x00, 0x00, 0x00, 0x00, 0x00, 0x00, 0x00, 0x00, 0x00,
    0x00, 0x00, 0x00, 0x00, 0x00, 0x00, 0x00, 0x00, 0x00, 0x00, 0x00, 0x00,
    0x00, 0x00, 0x00, 0x00, 0x00, 0x00, 0x00, 0x00, 0x00, 0x00, 0x00, 0x00,
    0x00, 0x00, 0x00, 0x00, 0x00, 0x00, 0x00, 0x00, 0x00, 0x00, 0x00, 0x00,
    0x20, 0x00, 0x20, 0x08, 0x41, 0x08, 0x41, 0x08, 0x81, 0x18, 0xc2, 0x20,
    0x23, 0x29, 0x64, 0x39, 0x06, 0x52, 0xca, 0x93, 0xf0, 0xe5, 0xcf, 0xe5,
    0xca, 0x93, 0x08, 0x73, 0x29, 0x7b, 0x6c, 0xac, 0xcf, 0xdd, 0xac, 0xb4,
    0xe8, 0x72, 0xe5, 0x49, 0x84, 0x39, 0x43, 0x31, 0x03, 0x29, 0xe2, 0x20,
    0xc2, 0x20, 0xe2, 0x20, 0x03, 0x29, 0x23, 0x31, 0x84, 0x39, 0x05, 0x52,
    0x89, 0x8b, 0x6c, 0xb4, 0xa7, 0x62, 0x05, 0x4a, 0xc5, 0x41, 0xa4, 0x41,
    0x84, 0x39, 0x84, 0x39, 0xa4, 0x41, 0xe5, 0x49, 0xa7, 0x6a, 0x0b, 0x9c,
    0x4e, 0xcd, 0xeb, 0x9b, 0x28, 0x7b, 0x08, 0x73, 0x69, 0x83, 0x4c, 0xac,
    0xed, 0xbc, 0xea, 0x93, 0x29, 0x7b, 0xca, 0x93, 0x4e, 0xd5, 0xeb, 0x9b,
    0x46, 0x5a, 0xa4, 0x39, 0x43, 0x31, 0x03, 0x29, 0xe2, 0x20, 0xe2, 0x20,
    0xe3, 0x20, 0x03, 0x29, 0x43, 0x31, 0xa4, 0x41, 0x05, 0x52, 0xe8, 0x72,
    0xed, 0xc4, 0x8f, 0xdd, 0x2b, 0xa4, 0x28, 0x7b, 0x29, 0x7b, 0x8c, 0xac,
    0x10, 0xee, 0x2e, 0xcd, 0xe8, 0x6a, 0xc5, 0x41, 0x64, 0x31, 0x03, 0x29,
    0xa2, 0x18, 0x81, 0x10, 0x41, 0x08, 0x20, 0x08, 0x20, 0x08, 0x00, 0x00,
    0x20, 0x00, 0x00, 0x00, 0x00, 0x00, 0x00, 0x00, 0x00, 0x00, 0x00, 0x00,
    0x00, 0x00, 0x00, 0x00, 0x00, 0x00, 0x00, 0x00, 0x00, 0x00, 0x00, 0x00,
    0x00, 0x00, 0x00, 0x00, 0x00, 0x00, 0x00, 0x00, 0x00, 0x00, 0x00, 0x00,
    0x00, 0x00, 0x00, 0x00, 0x00, 0x00, 0x00, 0x00, 0x00, 0x00, 0x00, 0x00,
    0x00, 0x00, 0x00, 0x00, 0x00, 0x00, 0x00, 0x00, 0x00, 0x00, 0x00, 0x00,
    0x00, 0x00, 0x00, 0x00, 0x00, 0x00, 0x00, 0x00, 0x00, 0x00, 0x00, 0x00,
    0x20, 0x00, 0x20, 0x08, 0x21, 0x08, 0x41, 0x08, 0x81, 0x10, 0xc2, 0x20,
    0x03, 0x29, 0x64, 0x31, 0xe5, 0x49, 0x49, 0x83, 0xaf, 0xdd, 0x10, 0xee,
    0x4c, 0xa4, 0x28, 0x7b, 0x08, 0x7b, 0xca, 0x9b, 0x6e, 0xd5, 0x6f, 0xd5,
    0xca, 0x93, 0x66, 0x5a, 0xc5, 0x49, 0x64, 0x39, 0x23, 0x31, 0x03, 0x29,
    0xe3, 0x20, 0xe2, 0x20, 0x03, 0x29, 0x43, 0x31, 0x84, 0x39, 0xe5, 0x49,
    0x49, 0x83, 0xad, 0xb4, 0xe8, 0x72, 0x06, 0x52, 0xc5, 0x49, 0x84, 0x41,
    0x84, 0x39, 0x84, 0x39, 0x84, 0x39, 0xa4, 0x41, 0x05, 0x52, 0xa7, 0x62,
    0x0b, 0x9c, 0x2e, 0xcd, 0xca, 0x93, 0x49, 0x7b, 0x8a, 0x8b, 0x6c, 0xb4,
    0x6c, 0xac, 0x49, 0x83, 0x28, 0x7b, 0x4c, 0xac, 0xed, 0xc4, 0x69, 0x83,
    0x05, 0x52, 0x84, 0x39, 0x44, 0x31, 0x23, 0x29, 0xe2, 0x20, 0x03, 0x29,
    0x23, 0x29, 0x43, 0x31, 0x84, 0x39, 0xc5, 0x49, 0x67, 0x62, 0xeb, 0x9b,
    0x8f, 0xd5, 0x0d, 0xc5, 0x8a, 0x8b, 0x08, 0x73, 0x49, 0x83, 0x2e, 0xcd,
    0x10, 0xee, 0xad, 0xb4, 0x87, 0x62, 0xa5, 0x41, 0x43, 0x31, 0x03, 0x29,
    0xa2, 0x18, 0x81, 0x10, 0x41, 0x08, 0x20, 0x08, 0x20, 0x00, 0x01, 0x00,
    0x00, 0x00, 0x00, 0x00, 0x00, 0x00, 0x00, 0x00, 0x00, 0x00, 0x00, 0x00,
    0x00, 0x00, 0x00, 0x00, 0x00, 0x00, 0x00, 0x00, 0x00, 0x00, 0x00, 0x00,
    0x00, 0x00, 0x00, 0x00, 0x00, 0x00, 0x00, 0x00, 0x00, 0x00, 0x00, 0x00,
    0x00, 0x00, 0x00, 0x00, 0x00, 0x00, 0x00, 0x00, 0x00, 0x00, 0x00, 0x00,
    0x00, 0x00, 0x00, 0x00, 0x00, 0x00, 0x00, 0x00, 0x00, 0x00, 0x00, 0x00,
    0x00, 0x00, 0x00, 0x00, 0x00, 0x00, 0x00, 0x00, 0x00, 0x00, 0x00, 0x00,
    0x00, 0x00, 0x20, 0x08, 0x21, 0x08, 0x41, 0x08, 0x81, 0x10, 0xa2, 0x18,
    0xe3, 0x28, 0x43, 0x31, 0xc5, 0x41, 0xc7, 0x6a, 0x4e, 0xd5, 0x10, 0xee,
    0x0e, 0xc5, 0x69, 0x83, 0x08, 0x73, 0x69, 0x83, 0xac, 0xb4, 0xd0, 0xe5,
    0xcd, 0xbc, 0x08, 0x73, 0x06, 0x52, 0xa4, 0x41, 0x64, 0x39, 0x23, 0x31,
    0x03, 0x29, 0x03, 0x29, 0x23, 0x29, 0x43, 0x31, 0x84, 0x39, 0xc5, 0x41,
    0xe8, 0x72, 0x8c, 0xb4, 0x89, 0x8b, 0x46, 0x5a, 0xc5, 0x41, 0x84, 0x39,
    0x84, 0x39, 0x64, 0x39, 0x64, 0x39, 0x84, 0x39, 0xa5, 0x41, 0x05, 0x52,
    0xe8, 0x72, 0xac, 0xb4, 0xcd, 0xbc, 0xaa, 0x93, 0x0b, 0x9c, 0x8c, 0xb4,
    0xaa, 0x8b, 0x28, 0x7b, 0x8a, 0x8b, 0x0d, 0xc5, 0x4c, 0xac, 0xc7, 0x6a,
    0xe5, 0x49, 0x84, 0x39, 0x43, 0x31, 0x23, 0x29, 0x03, 0x29, 0x23, 0x29,
    0x43, 0x31, 0x64, 0x39, 0xc5, 0x41, 0x26, 0x52, 0x29, 0x7b, 0x0d, 0xc5,
    0x8f, 0xdd, 0x4c, 0xa4, 0x28, 0x7b, 0x08, 0x73, 0xaa, 0x93, 0xcf, 0xe5,
    0xf0, 0xe5, 0x0b, 0x9c, 0x46, 0x5a, 0xa4, 0x41, 0x43, 0x31, 0xe2, 0x20,
    0xa2, 0x18, 0x61, 0x10, 0x41, 0x08, 0x20, 0x08, 0x20, 0x00, 0x00, 0x00,
    0x00, 0x08, 0x00, 0x00, 0x00, 0x00, 0x00, 0x00, 0x00, 0x00, 0x00, 0x00,
    0x00, 0x00, 0x00, 0x00, 0x00, 0x00, 0x00, 0x00, 0x00, 0x00, 0x00, 0x00,
    0x00, 0x00, 0x00, 0x00, 0x00, 0x00, 0x00, 0x00, 0x00, 0x00, 0x00, 0x00,
    0x00, 0x00, 0x00, 0x00, 0x00, 0x00, 0x00, 0x00, 0x00, 0x00, 0x00, 0x00,
    0x00, 0x00, 0x00, 0x00, 0x00, 0x00, 0x00, 0x00, 0x00, 0x00, 0x00, 0x00,
    0x00, 0x00, 0x00, 0x00, 0x00, 0x00, 0x00, 0x00, 0x00, 0x00, 0x00, 0x00,
    0x00, 0x00, 0x20, 0x00, 0x20, 0x08, 0x41, 0x08, 0x61, 0x10, 0xa2, 0x18,
    0xe2, 0x20, 0x43, 0x31, 0xa4, 0x41, 0x67, 0x62, 0x8c, 0xb4, 0x10, 0xee,
    0x8f, 0xdd, 0xca, 0x93, 0x08, 0x73, 0x09, 0x7b, 0xeb, 0x9b, 0x4e, 0xd5,
    0x8f, 0xdd, 0x0b, 0xa4, 0xa7, 0x6a, 0xe5, 0x49, 0xa4, 0x39, 0x64, 0x31,
    0x43, 0x31, 0x23, 0x31, 0x23, 0x29, 0x44, 0x31, 0x84, 0x39, 0xc5, 0x41,
    0x87, 0x62, 0x2b, 0xa4, 0x2b, 0xa4, 0x87, 0x62, 0xe5, 0x49, 0xa4, 0x41,
    0x64, 0x39, 0x64, 0x31, 0x44, 0x31, 0x64, 0x39, 0x84, 0x41, 0xc5, 0x49,
    0x46, 0x5a, 0x89, 0x8b, 0x2e, 0xcd, 0x6c, 0xac, 0x6c, 0xac, 0x6c, 0xac,
    0x49, 0x83, 0x49, 0x83, 0x6c, 0xac, 0xed, 0xbc, 0x89, 0x8b, 0x46, 0x5a,
    0xc5, 0x41, 0x64, 0x39, 0x44, 0x31, 0x23, 0x31, 0x43, 0x31, 0x43, 0x31,
    0x64, 0x39, 0xa5, 0x41, 0x05, 0x52, 0xc7, 0x6a, 0x6c, 0xac, 0xaf, 0xdd,
    0x0d, 0xc5, 0xaa, 0x93, 0x08, 0x7b, 0x29, 0x7b, 0x6c, 0xac, 0xf0, 0xed,
    0xd0, 0xdd, 0x69, 0x83, 0x05, 0x52, 0x84, 0x39, 0x23, 0x31, 0xc2, 0x20,
    0xa1, 0x18, 0x61, 0x10, 0x41, 0x08, 0x21, 0x08, 0x20, 0x00, 0x00, 0x00,
    0x00, 0x00, 0x00, 0x00, 0x00, 0x00, 0x00, 0x00, 0x00, 0x00, 0x00, 0x00,
    0x00, 0x00, 0x00, 0x00, 0x00, 0x00, 0x00, 0x00, 0x00, 0x00, 0x00, 0x00,
    0x00, 0x00, 0x00, 0x00, 0x00, 0x00, 0x00, 0x00, 0x00, 0x00, 0x00, 0x00,
    0x00, 0x00, 0x00, 0x00, 0x00, 0x00, 0x00, 0x00, 0x00, 0x00, 0x00, 0x00,
    0x00, 0x00, 0x00, 0x00, 0x00, 0x00, 0x00, 0x00, 0x00, 0x00, 0x00, 0x00,
    0x00, 0x00, 0x00, 0x00, 0x00, 0x00, 0x00, 0x00, 0x00, 0x00, 0x00, 0x00,
    0x00, 0x00, 0x20, 0x08, 0x21, 0x08, 0x41, 0x08, 0x61, 0x10, 0x81, 0x18,
    0xe2, 0x20, 0x23, 0x29, 0x84, 0x39, 0x26, 0x52, 0xaa, 0x93, 0xf0, 0xe5,
    0xf0, 0xe5, 0x6c, 0xac, 0x29, 0x83, 0x08, 0x73, 0x49, 0x83, 0x8c, 0xac,
    0xaf, 0xdd, 0x4e, 0xcd, 0xaa, 0x93, 0x66, 0x62, 0xe5, 0x49, 0xa4, 0x39,
    0x64, 0x39, 0x64, 0x31, 0x64, 0x31, 0x64, 0x39, 0x84, 0x41, 0xc5, 0x41,
    0x46, 0x5a, 0xca, 0x93, 0xad, 0xb4, 0xe8, 0x72, 0x05, 0x52, 0xa5, 0x41,
    0x84, 0x39, 0x63, 0x31, 0x43, 0x31, 0x64, 0x39, 0x84, 0x39, 0xa5, 0x41,
    0x05, 0x52, 0xc8, 0x6a, 0x6c, 0xac, 0x2e, 0xcd, 0xac, 0xbc, 0x4b, 0xa4,
    0x49, 0x83, 0xca, 0x9b, 0xed, 0xc4, 0x2b, 0xa4, 0xa7, 0x6a, 0x06, 0x4a,
    0xa5, 0x41, 0x84, 0x39, 0x64, 0x39, 0x43, 0x31, 0x64, 0x39, 0x64, 0x39,
    0xa5, 0x41, 0xe5, 0x49, 0x87, 0x62, 0xca, 0x9b, 0x6f, 0xd5, 0x8f, 0xd5,
    0x2b, 0xa4, 0x49, 0x83, 0x08, 0x73, 0x89, 0x8b, 0x4e, 0xcd, 0x10, 0xee,
    0x2e, 0xcd, 0xe8, 0x72, 0xc5, 0x49, 0x64, 0x39, 0x03, 0x29, 0xc2, 0x20,
    0x81, 0x10, 0x41, 0x08, 0x21, 0x08, 0x20, 0x08, 0x20, 0x00, 0x00, 0x00,
    0x00, 0x00, 0x00, 0x00, 0x00, 0x00, 0x00, 0x00, 0x00, 0x00, 0x00, 0x00,
    0x00, 0x00, 0x00, 0x00, 0x00, 0x00, 0x00, 0x00, 0x00, 0x00, 0x00, 0x00,
    0x00, 0x00, 0x00, 0x00, 0x00, 0x00, 0x00, 0x00, 0x00, 0x00, 0x00, 0x00,
    0x00, 0x00, 0x00, 0x00, 0x00, 0x00, 0x00, 0x00, 0x00, 0x00, 0x00, 0x00,
    0x00, 0x00, 0x00, 0x00, 0x00, 0x00, 0x00, 0x00, 0x00, 0x00, 0x00, 0x00,
    0x00, 0x00, 0x00, 0x00, 0x00, 0x00, 0x00, 0x00, 0x00, 0x00, 0x00, 0x00,
    0x00, 0x00, 0x20, 0x00, 0x20, 0x08, 0x21, 0x08, 0x61, 0x08, 0x81, 0x10,
    0xc2, 0x20, 0x03, 0x29, 0x64, 0x39, 0xe5, 0x49, 0xc8, 0x6a, 0x6f, 0xd5,
    0x10, 0xee, 0x2e, 0xcd, 0xaa, 0x8b, 0x08, 0x7b, 0x08, 0x73, 0xaa, 0x8b,
    0x0d, 0xc5, 0xd0, 0xe5, 0xed, 0xbc, 0x49, 0x83, 0x46, 0x5a, 0xc5, 0x49,
    0xa4, 0x41, 0x84, 0x39, 0x84, 0x39, 0x84, 0x41, 0xa4, 0x41, 0xc5, 0x41,
    0x26, 0x52, 0x49, 0x83, 0xac, 0xbc, 0xaa, 0x8b, 0x46, 0x5a, 0xc5, 0x41,
    0x84, 0x39, 0x64, 0x39, 0x44, 0x31, 0x63, 0x31, 0x84, 0x39, 0xa4, 0x41,
    0xe5, 0x49, 0x66, 0x5a, 0xaa, 0x8b, 0x4e, 0xd5, 0x0d, 0xc5, 0xac, 0xb4,
    0xeb, 0x9b, 0xad, 0xb4, 0xad, 0xb4, 0x49, 0x83, 0x46, 0x5a, 0xe5, 0x49,
    0xa4, 0x41, 0x84, 0x39, 0x64, 0x39, 0x84, 0x39, 0x84, 0x39, 0xa5, 0x41,
    0xe5, 0x49, 0x66, 0x62, 0x89, 0x8b, 0x0e, 0xc5, 0xcf, 0xe5, 0xcd, 0xbc,
    0x8a, 0x8b, 0x08, 0x73, 0x28, 0x7b, 0x0b, 0x9c, 0xd0, 0xe5, 0x10, 0xee,
    0x6c, 0xac, 0x87, 0x62, 0xa4, 0x41, 0x44, 0x31, 0x03, 0x29, 0xc2, 0x18,
    0x81, 0x10, 0x41, 0x08, 0x40, 0x08, 0x20, 0x08, 0x00, 0x00, 0x00, 0x00,
    0x00, 0x00, 0x00, 0x00, 0x00, 0x00, 0x00, 0x00, 0x00, 0x00, 0x00, 0x00,
    0x00, 0x00, 0x00, 0x00, 0x00, 0x00, 0x00, 0x00, 0x00, 0x00, 0x00, 0x00,
    0x00, 0x00, 0x00, 0x00, 0x00, 0x00, 0x00, 0x00, 0x00, 0x00, 0x00, 0x00,
    0x00, 0x00, 0x00, 0x00, 0x00, 0x00, 0x00, 0x00, 0x00, 0x00, 0x00, 0x00,
    0x00, 0x00, 0x00, 0x00, 0x00, 0x00, 0x00, 0x00, 0x00, 0x00, 0x00, 0x00,
    0x00, 0x00, 0x00, 0x00, 0x00, 0x00, 0x00, 0x00, 0x00, 0x00, 0x00, 0x00,
    0x00, 0x00, 0x00, 0x00, 0x20, 0x00, 0x21, 0x08, 0x41, 0x08, 0x81, 0x10,
    0xa2, 0x18, 0xe3, 0x28, 0x43, 0x31, 0xa4, 0x41, 0x66, 0x62, 0x8c, 0xb4,
    0x10, 0xee, 0xd0, 0xe5, 0x4b, 0xac, 0x49, 0x7b, 0x08, 0x73, 0x28, 0x7b,
    0x0b, 0xa4, 0x6f, 0xd5, 0xcf, 0xdd, 0x8c, 0xb4, 0x29, 0x7b, 0x46, 0x5a,
    0xe5, 0x49, 0xc5, 0x41, 0xc5, 0x41, 0xc4, 0x41, 0xc5, 0x49, 0xe5, 0x49,
    0x25, 0x52, 0xe8, 0x72, 0x4c, 0xac, 0x4b, 0xac, 0xa7, 0x6a, 0xe5, 0x49,
    0xa4, 0x41, 0x84, 0x39, 0x64, 0x39, 0x64, 0x39, 0x64, 0x39, 0x84, 0x39,
    0xc5, 0x49, 0x26, 0x52, 0x28, 0x7b, 0xed, 0xc4, 0x4e, 0xcd, 0x2e, 0xcd,
    0xed, 0xc4, 0xcd, 0xbc, 0xaa, 0x93, 0xa7, 0x62, 0x06, 0x52, 0xe5, 0x49,
    0xa4, 0x41, 0x84, 0x41, 0x84, 0x39, 0xa4, 0x41, 0xc5, 0x41, 0xe5, 0x49,
    0x66, 0x62, 0x69, 0x8b, 0xed, 0xbc, 0xd0, 0xe5, 0x2e, 0xcd, 0xea, 0x93,
    0x28, 0x7b, 0x08, 0x73, 0x49, 0x83, 0xed, 0xc4, 0xf0, 0xe5, 0xaf, 0xdd,
    0x89, 0x8b, 0x26, 0x52, 0x84, 0x39, 0x43, 0x31, 0xe2, 0x20, 0xa2, 0x18,
    0x61, 0x10, 0x41, 0x08, 0x20, 0x08, 0x00, 0x00, 0x00, 0x00, 0x01, 0x00,
    0x00, 0x00, 0x00, 0x00, 0x00, 0x00, 0x00, 0x00, 0x00, 0x00, 0x00, 0x00,
    0x00, 0x00, 0x00, 0x00, 0x00, 0x00, 0x00, 0x00, 0x00, 0x00, 0x00, 0x00,
    0x00, 0x00, 0x00, 0x00, 0x00, 0x00, 0x00, 0x00, 0x00, 0x00, 0x00, 0x00,
    0x00, 0x00, 0x00, 0x00, 0x00, 0x00, 0x00, 0x00, 0x00, 0x00, 0x00, 0x00,
    0x00, 0x00, 0x00, 0x00, 0x00, 0x00, 0x00, 0x00, 0x00, 0x00, 0x00, 0x00,
    0x00, 0x00, 0x00, 0x00, 0x00, 0x00, 0x00, 0x00, 0x00, 0x00, 0x00, 0x00,
    0x00, 0x00, 0x00, 0x00, 0x20, 0x08, 0x20, 0x08, 0x41, 0x08, 0x61, 0x10,
    0xa2, 0x18, 0xe2, 0x20, 0x23, 0x29, 0x84, 0x39, 0x26, 0x52, 0x69, 0x8b,
    0xcf, 0xdd, 0xf0, 0xed, 0x2e, 0xcd, 0xaa, 0x8b, 0x08, 0x7b, 0x08, 0x7b,
    0x49, 0x83, 0x6c, 0xac, 0xaf, 0xdd, 0xaf, 0xdd, 0x8c, 0xb4, 0x29, 0x7b,
    0x46, 0x5a, 0x05, 0x52, 0xe5, 0x49, 0xe5, 0x49, 0xe5, 0x49, 0x05, 0x52,
    0x26, 0x52, 0x87, 0x62, 0xea, 0x9b, 0xcd, 0xbc, 0x49, 0x83, 0x26, 0x52,
    0xc5, 0x49, 0x84, 0x41, 0x84, 0x39, 0x64, 0x39, 0x84, 0x39, 0x84, 0x39,
    0xc5, 0x49, 0x06, 0x52, 0xc8, 0x6a, 0x6c, 0xac, 0x2e, 0xc5, 0xcd, 0xbc,
    0xcd, 0xbc, 0xca, 0x93, 0xc7, 0x6a, 0x46, 0x5a, 0x05, 0x4a, 0xc5, 0x49,
    0xc5, 0x41, 0xa5, 0x41, 0xc5, 0x41, 0xc5, 0x49, 0x05, 0x4a, 0x67, 0x62,
    0x69, 0x83, 0xed, 0xbc, 0xd0, 0xe5, 0x6f, 0xd5, 0x2b, 0xa4, 0x49, 0x7b,
    0xe8, 0x72, 0x28, 0x7b, 0x0b, 0xa4, 0x8f, 0xdd, 0x10, 0xee, 0xcd, 0xbc,
    0xc8, 0x72, 0xe5, 0x49, 0x64, 0x39, 0x23, 0x29, 0xc2, 0x20, 0x81, 0x18,
    0x61, 0x10, 0x41, 0x08, 0x21, 0x08, 0x20, 0x00, 0x00, 0x00, 0x00, 0x00,
    0x00, 0x00, 0x00, 0x00, 0x00, 0x00, 0x00, 0x00, 0x00, 0x00, 0x00, 0x00,
    0x00, 0x00, 0x00, 0x00, 0x00, 0x00, 0x00, 0x00, 0x00, 0x00, 0x00, 0x00,
    0x00, 0x00, 0x00, 0x00, 0x00, 0x00, 0x00, 0x00, 0x00, 0x00, 0x00, 0x00,
    0x00, 0x00, 0x00, 0x00, 0x00, 0x00, 0x00, 0x00, 0x00, 0x00, 0x00, 0x00,
    0x00, 0x00, 0x00, 0x00, 0x00, 0x00, 0x00, 0x00, 0x00, 0x00, 0x00, 0x00,
    0x00, 0x00, 0x00, 0x00, 0x00, 0x00, 0x00, 0x00, 0x00, 0x00, 0x00, 0x00,
    0x00, 0x00, 0x20, 0x00, 0x20, 0x00, 0x21, 0x08, 0x40, 0x08, 0x61, 0x10,
    0x81, 0x10, 0xc2, 0x20, 0x03, 0x29, 0x64, 0x31, 0xc5, 0x41, 0x87, 0x6a,
    0xcd, 0xbc, 0x10, 0xee, 0xd0, 0xe5, 0x6c, 0xac, 0x49, 0x83, 0x08, 0x73,
    0x08, 0x7b, 0x8a, 0x8b, 0xcd, 0xbc, 0xd0, 0xe5, 0xaf, 0xdd, 0x8c, 0xb4,
    0x49, 0x7b, 0x67, 0x62, 0x26, 0x5a, 0x06, 0x52, 0x06, 0x52, 0x26, 0x52,
    0x46, 0x5a, 0x67, 0x62, 0x69, 0x83, 0xcd, 0xbc, 0x4b, 0xa4, 0xc7, 0x6a,
    0x05, 0x52, 0xc5, 0x41, 0xa4, 0x41, 0x84, 0x39, 0xa4, 0x41, 0xa5, 0x41,
    0xc5, 0x49, 0x25, 0x52, 0xa7, 0x62, 0x0b, 0x9c, 0xed, 0xc4, 0x8a, 0x8b,
    0x49, 0x83, 0xc7, 0x6a, 0x66, 0x5a, 0x26, 0x52, 0x05, 0x52, 0xe5, 0x49,
    0xe5, 0x49, 0xe5, 0x49, 0xe5, 0x49, 0x05, 0x52, 0x87, 0x62, 0x89, 0x83,
    0xed, 0xbc, 0xd0, 0xe5, 0x8f, 0xdd, 0x6c, 0xac, 0x69, 0x83, 0x08, 0x7b,
    0x08, 0x7b, 0x6a, 0x8b, 0x0e, 0xc5, 0xf0, 0xe5, 0xd0, 0xe5, 0xca, 0x93,
    0x46, 0x5a, 0xa4, 0x41, 0x44, 0x31, 0x03, 0x29, 0xc2, 0x18, 0x81, 0x10,
    0x41, 0x08, 0x20, 0x08, 0x20, 0x00, 0x20, 0x00, 0x00, 0x00, 0x00, 0x00,
    0x00, 0x00, 0x00, 0x00, 0x00, 0x00, 0x00, 0x00, 0x00, 0x00, 0x00, 0x00,
    0x00, 0x00, 0x00, 0x00, 0x00, 0x00, 0x00, 0x00, 0x00, 0x00, 0x00, 0x00,
    0x00, 0x00, 0x00, 0x00, 0x00, 0x00, 0x00, 0x00, 0x00, 0x00, 0x00, 0x00,
    0x00, 0x00, 0x00, 0x00, 0x00, 0x00, 0x00, 0x00, 0x00, 0x00, 0x00, 0x00,
    0x00, 0x00, 0x00, 0x00, 0x00, 0x00, 0x00, 0x00, 0x00, 0x00, 0x00, 0x00,
    0x00, 0x00, 0x00, 0x00, 0x00, 0x00, 0x00, 0x00, 0x00, 0x00, 0x00, 0x00,
    0x00, 0x00, 0x00, 0x00, 0x20, 0x00, 0x20, 0x00, 0x21, 0x08, 0x41, 0x08,
    0x81, 0x10, 0xa2, 0x18, 0xe2, 0x20, 0x43, 0x31, 0x84, 0x41, 0x06, 0x52,
    0x89, 0x83, 0xcf, 0xdd, 0xf0, 0xed, 0x6e, 0xd5, 0x0b, 0x9c, 0x29, 0x7b,
    0x08, 0x73, 0x28, 0x7b, 0xaa, 0x93, 0xed, 0xbc, 0xd0, 0xe5, 0xd0, 0xe5,
    0xcd, 0xbc, 0x69, 0x83, 0xa7, 0x6a, 0x66, 0x5a, 0x46, 0x5a, 0x66, 0x5a,
    0x66, 0x5a, 0x67, 0x62, 0xe8, 0x72, 0x4c, 0xac, 0xed, 0xbc, 0x69, 0x83,
    0x67, 0x5a, 0x05, 0x4a, 0xc5, 0x49, 0xc5, 0x41, 0xc5, 0x41, 0xc5, 0x49,
    0xe5, 0x49, 0x25, 0x52, 0x87, 0x62, 0xea, 0x9b, 0xed, 0xc4, 0x08, 0x7b,
    0xa7, 0x62, 0x87, 0x62, 0x46, 0x5a, 0x26, 0x52, 0x06, 0x52, 0x05, 0x52,
    0x05, 0x4a, 0x06, 0x52, 0x46, 0x5a, 0x87, 0x62, 0x8a, 0x8b, 0x0e, 0xc5,
    0xd0, 0xe5, 0xaf, 0xdd, 0x8c, 0xb4, 0x89, 0x8b, 0x08, 0x7b, 0x08, 0x73,
    0x49, 0x83, 0x6c, 0xac, 0xaf, 0xdd, 0x10, 0xee, 0xed, 0xc4, 0x08, 0x73,
    0xe5, 0x49, 0x84, 0x39, 0x23, 0x29, 0xe2, 0x20, 0xa2, 0x18, 0x61, 0x10,
    0x41, 0x08, 0x20, 0x08, 0x20, 0x00, 0x00, 0x00, 0x00, 0x00, 0x00, 0x00,
    0x00, 0x00, 0x00, 0x00, 0x00, 0x00, 0x00, 0x00, 0x00, 0x00, 0x00, 0x00,
    0x00, 0x00, 0x00, 0x00, 0x00, 0x00, 0x00, 0x00, 0x00, 0x00, 0x00, 0x00,
    0x00, 0x00, 0x00, 0x00, 0x00, 0x00, 0x00, 0x00, 0x00, 0x00, 0x00, 0x00,
    0x00, 0x00, 0x00, 0x00, 0x00, 0x00, 0x00, 0x00, 0x00, 0x00, 0x00, 0x00,
    0x00, 0x00, 0x00, 0x00, 0x00, 0x00, 0x00, 0x00, 0x00, 0x00, 0x00, 0x00,
    0x00, 0x00, 0x00, 0x00, 0x00, 0x00, 0x00, 0x00, 0x00, 0x00, 0x00, 0x00,
    0x00, 0x00, 0x00, 0x00, 0x00, 0x00, 0x00, 0x00, 0x20, 0x08, 0x41, 0x08,
    0x61, 0x10, 0x81, 0x18, 0xc2, 0x20, 0x23, 0x29, 0x64, 0x39, 0xc5, 0x41,
    0xa7, 0x6a, 0xad, 0xb4, 0x10, 0xee, 0xf0, 0xe5, 0xed, 0xc4, 0xaa, 0x93,
    0x08, 0x7b, 0x08, 0x73, 0x28, 0x7b, 0xaa, 0x93, 0xed, 0xbc, 0xd0, 0xe5,
    0xf0, 0xe5, 0x0e, 0xcd, 0xea, 0x93, 0x28, 0x7b, 0xa7, 0x6a, 0x87, 0x62,
    0x87, 0x62, 0x87, 0x62, 0xc7, 0x6a, 0xaa, 0x8b, 0xed, 0xc4, 0x4c, 0xac,
    0xe8, 0x72, 0x46, 0x5a, 0x05, 0x52, 0xe5, 0x49, 0x05, 0x4a, 0x05, 0x4a,
    0x26, 0x52, 0x46, 0x5a, 0xa7, 0x6a, 0xeb, 0x9b, 0xed, 0xbc, 0x08, 0x73,
    0x87, 0x62, 0x67, 0x62, 0x66, 0x5a, 0x46, 0x5a, 0x26, 0x5a, 0x26, 0x52,
    0x26, 0x52, 0x66, 0x62, 0xe8, 0x72, 0xea, 0x9b, 0x4e, 0xcd, 0xf0, 0xe5,
    0xaf, 0xdd, 0x8c, 0xb4, 0x8a, 0x8b, 0x08, 0x7b, 0xe8, 0x72, 0x29, 0x7b,
    0xea, 0x9b, 0x4e, 0xcd, 0x10, 0xee, 0xaf, 0xdd, 0xca, 0x93, 0x66, 0x5a,
    0xa5, 0x41, 0x44, 0x31, 0x02, 0x29, 0xc2, 0x20, 0x81, 0x10, 0x41, 0x10,
    0x41, 0x08, 0x20, 0x08, 0x00, 0x00, 0x00, 0x00, 0x00, 0x00, 0x00, 0x00,
    0x00, 0x00, 0x00, 0x00, 0x00, 0x00, 0x00, 0x00, 0x00, 0x00, 0x00, 0x00,
    0x00, 0x00, 0x00, 0x00, 0x00, 0x00, 0x00, 0x00, 0x00, 0x00, 0x00, 0x00,
    0x00, 0x00, 0x00, 0x00, 0x00, 0x00, 0x00, 0x00, 0x00, 0x00, 0x00, 0x00,
    0x00, 0x00, 0x00, 0x00, 0x00, 0x00, 0x00, 0x00, 0x00, 0x00, 0x00, 0x00,
    0x00, 0x00, 0x00, 0x00, 0x00, 0x00, 0x00, 0x00, 0x00, 0x00, 0x00, 0x00,
    0x00, 0x00, 0x00, 0x00, 0x00, 0x00, 0x00, 0x00, 0x00, 0x00, 0x00, 0x00,
    0x00, 0x00, 0x00, 0x00, 0x01, 0x00, 0x20, 0x00, 0x20, 0x08, 0x21, 0x08,
    0x41, 0x08, 0x81, 0x10, 0xa2, 0x18, 0xe3, 0x20, 0x43, 0x31, 0x84, 0x39,
    0x26, 0x52, 0x89, 0x8b, 0x8f, 0xdd, 0x10, 0xee, 0xaf, 0xdd, 0x6c, 0xb4,
    0x69, 0x83, 0x08, 0x7b, 0x08, 0x73, 0x28, 0x7b, 0xaa, 0x93, 0xac, 0xb4,
    0xcf, 0xe5, 0xf0, 0xed, 0xaf, 0xdd, 0x8c, 0xb4, 0xaa, 0x8b, 0x08, 0x73,
    0xc8, 0x72, 0xc7, 0x6a, 0xc7, 0x6a, 0x28, 0x7b, 0x8c, 0xb4, 0xed, 0xc4,
    0x8a, 0x8b, 0xa7, 0x6a, 0x46, 0x5a, 0x46, 0x52, 0x26, 0x5a, 0x46, 0x5a,
    0x46, 0x5a, 0x66, 0x62, 0x08, 0x73, 0x6c, 0xac, 0xad, 0xbc, 0x08, 0x7b,
    0xa7, 0x62, 0x87, 0x62, 0x66, 0x62, 0x66, 0x5a, 0x66, 0x5a, 0x67, 0x62,
    0xc8, 0x6a, 0x89, 0x8b, 0xad, 0xb4, 0xcf, 0xdd, 0x10, 0xee, 0x8f, 0xdd,
    0x6c, 0xac, 0x89, 0x8b, 0x28, 0x7b, 0x08, 0x73, 0x08, 0x7b, 0x8a, 0x8b,
    0xed, 0xc4, 0xf0, 0xe5, 0x10, 0xee, 0x6c, 0xb4, 0xc8, 0x6a, 0xe5, 0x49,
    0x64, 0x39, 0x23, 0x29, 0xe2, 0x20, 0xa2, 0x18, 0x61, 0x10, 0x41, 0x08,
    0x20, 0x08, 0x20, 0x00, 0x20, 0x00, 0x01, 0x00, 0x00, 0x00, 0x00, 0x00,
    0x00, 0x00, 0x00, 0x00, 0x00, 0x00, 0x00, 0x00, 0x00, 0x00, 0x00, 0x00,
    0x00, 0x00, 0x00, 0x00, 0x00, 0x00, 0x00, 0x00, 0x00, 0x00, 0x00, 0x00,
    0x00, 0x00, 0x00, 0x00, 0x00, 0x00, 0x00, 0x00, 0x00, 0x00, 0x00, 0x00,
    0x00, 0x00, 0x00, 0x00, 0x00, 0x00, 0x00, 0x00, 0x00, 0x00, 0x00, 0x00,
    0x00, 0x00, 0x00, 0x00, 0x00, 0x00, 0x00, 0x00, 0x00, 0x00, 0x00, 0x00,
    0x00, 0x00, 0x00, 0x00, 0x00, 0x00, 0x00, 0x00, 0x00, 0x00, 0x00, 0x00,
    0x00, 0x00, 0x00, 0x00, 0x00, 0x00, 0x00, 0x00, 0x20, 0x08, 0x20, 0x08,
    0x41, 0x08, 0x61, 0x10, 0xa2, 0x18, 0xc2, 0x20, 0x23, 0x29, 0x64, 0x39,
    0xa4, 0x41, 0x87, 0x62, 0x4c, 0xa4, 0xf0, 0xed, 0x10, 0xee, 0x8f, 0xd5,
    0x2b, 0xa4, 0x49, 0x83, 0xe8, 0x72, 0x08, 0x73, 0x08, 0x7b, 0x69, 0x8b,
    0x4c, 0xa4, 0x8f, 0xdd, 0x10, 0xee, 0xf0, 0xe5, 0x4e, 0xd5, 0x6c, 0xac,
    0xaa, 0x8b, 0x28, 0x7b, 0xe8, 0x72, 0x08, 0x7b, 0xaa, 0x93, 0x0e, 0xc5,
    0xac, 0xb4, 0xaa, 0x8b, 0x08, 0x7b, 0xc8, 0x6a, 0xc8, 0x6a, 0xc7, 0x6a,
    0xc8, 0x72, 0x08, 0x73, 0xaa, 0x93, 0x0e, 0xc5, 0x6c, 0xac, 0x08, 0x7b,
    0xa7, 0x6a, 0x87, 0x62, 0x87, 0x62, 0xa7, 0x6a, 0xc8, 0x72, 0x49, 0x83,
    0x6c, 0xac, 0x8f, 0xd5, 0xf0, 0xe5, 0x10, 0xee, 0x4e, 0xd5, 0x0b, 0xa4,
    0x69, 0x83, 0x08, 0x7b, 0x08, 0x73, 0x08, 0x73, 0x89, 0x8b, 0xad, 0xb4,
    0xd0, 0xe5, 0x10, 0xee, 0x2e, 0xcd, 0x6a, 0x8b, 0x26, 0x52, 0xa4, 0x41,
    0x43, 0x31, 0x03, 0x29, 0xa2, 0x18, 0x81, 0x10, 0x61, 0x10, 0x21, 0x08,
    0x20, 0x08, 0x20, 0x00, 0x00, 0x00, 0x00, 0x08, 0x00, 0x00, 0x00, 0x00,
    0x00, 0x00, 0x00, 0x00, 0x00, 0x00, 0x00, 0x00, 0x00, 0x00, 0x00, 0x00,
    0x00, 0x00, 0x00, 0x00, 0x00, 0x00, 0x00, 0x00, 0x00, 0x00, 0x00, 0x00,
    0x00, 0x00, 0x00, 0x00, 0x00, 0x00, 0x00, 0x00, 0x00, 0x00, 0x00, 0x00,
    0x00, 0x00, 0x00, 0x00, 0x00, 0x00, 0x00, 0x00, 0x00, 0x00, 0x00, 0x00,
    0x00, 0x00, 0x00, 0x00, 0x00, 0x00, 0x00, 0x00, 0x00, 0x00, 0x00, 0x00,
    0x00, 0x00, 0x00, 0x00, 0x00, 0x00, 0x00, 0x00, 0x00, 0x00, 0x00, 0x00,
    0x00, 0x00, 0x00, 0x00, 0x00, 0x00, 0x00, 0x00, 0x20, 0x00, 0x21, 0x00,
    0x20, 0x08, 0x41, 0x08, 0x81, 0x10, 0xa2, 0x18, 0xe2, 0x20, 0x43, 0x31,
    0x84, 0x39, 0x05, 0x4a, 0x08, 0x7b, 0xed, 0xbc, 0x10, 0xee, 0xf0, 0xed,
    0x4f, 0xd5, 0x0b, 0x9c, 0x29, 0x7b, 0xe8, 0x72, 0xe8, 0x72, 0x08, 0x73,
    0x29, 0x7b, 0xca, 0x93, 0x2e, 0xc5, 0xf0, 0xed, 0x10, 0xee, 0xf0, 0xe5,
    0x4e, 0xd5, 0x6c, 0xb4, 0xca, 0x93, 0x6a, 0x83, 0x89, 0x8b, 0x6c, 0xac,
    0x8f, 0xd5, 0x8f, 0xdd, 0x0e, 0xc5, 0xac, 0xb4, 0xac, 0xb4, 0x8c, 0xb4,
    0xad, 0xb4, 0xad, 0xb4, 0x2e, 0xcd, 0x4e, 0xd5, 0xca, 0x93, 0x08, 0x73,
    0xc8, 0x72, 0x08, 0x73, 0x29, 0x7b, 0x8a, 0x8b, 0x6c, 0xac, 0x6e, 0xd5,
    0xf0, 0xed, 0x10, 0xee, 0xf0, 0xe5, 0xad, 0xbc, 0xca, 0x93, 0x29, 0x7b,
    0xe8, 0x72, 0xe8, 0x72, 0x08, 0x73, 0x49, 0x83, 0x6c, 0xac, 0xaf, 0xdd,
    0x10, 0xee, 0xd0, 0xe5, 0x0b, 0x9c, 0xa7, 0x62, 0xc5, 0x49, 0x64, 0x39,
    0x23, 0x29, 0xc2, 0x20, 0xa1, 0x18, 0x61, 0x10, 0x41, 0x08, 0x20, 0x08,
    0x20, 0x00, 0x00, 0x00, 0x00, 0x00, 0x00, 0x00, 0x00, 0x00, 0x00, 0x00,
    0x00, 0x00, 0x00, 0x00, 0x00, 0x00, 0x00, 0x00, 0x00, 0x00, 0x00, 0x00,
    0x00, 0x00, 0x00, 0x00, 0x00, 0x00, 0x00, 0x00, 0x00, 0x00, 0x00, 0x00,
    0x00, 0x00, 0x00, 0x00, 0x00, 0x00, 0x00, 0x00, 0x00, 0x00, 0x00, 0x00,
    0x00, 0x00, 0x00, 0x00, 0x00, 0x00, 0x00, 0x00, 0x00, 0x00, 0x00, 0x00,
    0x00, 0x00, 0x00, 0x00, 0x00, 0x00, 0x00, 0x00, 0x00, 0x00, 0x00, 0x00,
    0x00, 0x00, 0x00, 0x00, 0x00, 0x00, 0x00, 0x00, 0x00, 0x00, 0x00, 0x00,
    0x00, 0x00, 0x00, 0x00, 0x00, 0x00, 0x00, 0x00, 0x00, 0x00, 0x20, 0x08,
    0x20, 0x08, 0x41, 0x08, 0x61, 0x10, 0x81, 0x18, 0xc2, 0x20, 0x03, 0x29,
    0x44, 0x31, 0xa4, 0x41, 0x46, 0x5a, 0x8a, 0x8b, 0x4e, 0xcd, 0x10, 0xee,
    0xf0, 0xed, 0x2e, 0xcd, 0xea, 0x9b, 0x49, 0x83, 0x08, 0x73, 0xe8, 0x72,
    0x08, 0x73, 0x28, 0x7b, 0x89, 0x8b, 0x6c, 0xac, 0x6f, 0xd5, 0x10, 0xee,
    0x10, 0xee, 0x10, 0xee, 0xaf, 0xdd, 0x0e, 0xc5, 0x6c, 0xac, 0x2b, 0xa4,
    0x4c, 0xac, 0x8c, 0xb4, 0xad, 0xbc, 0xad, 0xbc, 0xad, 0xb4, 0xed, 0xc4,
    0xad, 0xbc, 0xac, 0xb4, 0x8c, 0xb4, 0x2b, 0xa4, 0xaa, 0x8b, 0x89, 0x8b,
    0xca, 0x93, 0x4b, 0xa4, 0x0d, 0xc5, 0xaf, 0xdd, 0x10, 0xee, 0x10, 0xee,
    0xf0, 0xe5, 0x2e, 0xcd, 0x2b, 0xa4, 0x69, 0x83, 0x08, 0x7b, 0x08, 0x73,
    0xe8, 0x72, 0x08, 0x73, 0x49, 0x83, 0x2b, 0xa4, 0x8f, 0xdd, 0x10, 0xee,
    0xf0, 0xe5, 0x8c, 0xb4, 0xe8, 0x72, 0x05, 0x4a, 0x84, 0x39, 0x23, 0x31,
    0xe2, 0x20, 0xa2, 0x18, 0x81, 0x10, 0x61, 0x10, 0x21, 0x08, 0x20, 0x00,
    0x20, 0x00, 0x01, 0x00, 0x00, 0x00, 0x00, 0x00, 0x00, 0x00, 0x00, 0x00,
    0x00, 0x00, 0x00, 0x00, 0x00, 0x00, 0x00, 0x00, 0x00, 0x00, 0x00, 0x00,
    0x00, 0x00, 0x00, 0x00, 0x00, 0x00, 0x00, 0x00, 0x00, 0x00, 0x00, 0x00,
    0x00, 0x00, 0x00, 0x00, 0x00, 0x00, 0x00, 0x00, 0x00, 0x00, 0x00, 0x00,
    0x00, 0x00, 0x00, 0x00, 0x00, 0x00, 0x00, 0x00, 0x00, 0x00, 0x00, 0x00,
    0x00, 0x00, 0x00, 0x00, 0x00, 0x00, 0x00, 0x00, 0x00, 0x00, 0x00, 0x00,
    0x00, 0x00, 0x00, 0x00, 0x00, 0x00, 0x00, 0x00, 0x00, 0x00, 0x00, 0x00,
    0x00, 0x00, 0x00, 0x00, 0x00, 0x00, 0x00, 0x00, 0x00, 0x00, 0x20, 0x00,
    0x21, 0x08, 0x21, 0x08, 0x41, 0x08, 0x61, 0x10, 0xa1, 0x18, 0xc2, 0x20,
    0x23, 0x29, 0x64, 0x31, 0xa5, 0x41, 0x46, 0x5a, 0xca, 0x93, 0x8f, 0xdd,
    0x10, 0xee, 0x10, 0xe6, 0x2e, 0xcd, 0x0b, 0x9c, 0x49, 0x83, 0x08, 0x7b,
    0xe8, 0x72, 0xe8, 0x72, 0x08, 0x7b, 0x49, 0x7b, 0xca, 0x93, 0xad, 0xb4,
    0x8f, 0xd5, 0xf0, 0xe5, 0xf0, 0xed, 0x10, 0xee, 0xf0, 0xed, 0xaf, 0xdd,
    0x6e, 0xd5, 0x2e, 0xc5, 0xcd, 0xbc, 0x6c, 0xac, 0x4b, 0xac, 0x4c, 0xa4,
    0x4b, 0xac, 0x4b, 0xa4, 0x6c, 0xac, 0xcd, 0xbc, 0x0e, 0xc5, 0x6e, 0xd5,
    0xd0, 0xe5, 0x10, 0xee, 0x10, 0xee, 0xf0, 0xed, 0xd0, 0xe5, 0x4e, 0xcd,
    0x4c, 0xac, 0x89, 0x8b, 0x29, 0x7b, 0x08, 0x73, 0xe8, 0x72, 0xe8, 0x72,
    0x08, 0x7b, 0x69, 0x83, 0x4c, 0xac, 0x8f, 0xdd, 0x10, 0xee, 0xf0, 0xe5,
    0xcd, 0xbc, 0x28, 0x7b, 0x26, 0x52, 0x84, 0x41, 0x43, 0x31, 0x03, 0x29,
    0xc2, 0x20, 0x81, 0x10, 0x61, 0x10, 0x41, 0x08, 0x20, 0x08, 0x20, 0x00,
    0x21, 0x00, 0x00, 0x00, 0x00, 0x00, 0x00, 0x00, 0x00, 0x00, 0x00, 0x00,
    0x00, 0x00, 0x00, 0x00, 0x00, 0x00, 0x00, 0x00, 0x00, 0x00, 0x00, 0x00,
    0x00, 0x00, 0x00, 0x00, 0x00, 0x00, 0x00, 0x00, 0x00, 0x00, 0x00, 0x00,
    0x00, 0x00, 0x00, 0x00, 0x00, 0x00, 0x00, 0x00, 0x00, 0x00, 0x00, 0x00,
    0x00, 0x00, 0x00, 0x00, 0x00, 0x00, 0x00, 0x00, 0x00, 0x00, 0x00, 0x00,
    0x00, 0x00, 0x00, 0x00, 0x00, 0x00, 0x00, 0x00, 0x00, 0x00, 0x00, 0x00,
    0x00, 0x00, 0x00, 0x00, 0x00, 0x00, 0x00, 0x00, 0x00, 0x00, 0x00, 0x00,
    0x00, 0x00, 0x00, 0x00, 0x00, 0x00, 0x00, 0x00, 0x00, 0x00, 0x00, 0x00,
    0x20, 0x00, 0x20, 0x08, 0x21, 0x08, 0x61, 0x08, 0x81, 0x10, 0xa2, 0x18,
    0xe2, 0x20, 0x23, 0x31, 0x64, 0x39, 0xc5, 0x49, 0xa7, 0x62, 0x2b, 0xa4,
    0xaf, 0xdd, 0x10, 0xee, 0x10, 0xee, 0x4e, 0xcd, 0x4b, 0xa4, 0x69, 0x8b,
    0x08, 0x7b, 0xe8, 0x72, 0xe8, 0x72, 0xe8, 0x72, 0x08, 0x7b, 0x49, 0x83,
    0xca, 0x93, 0x6c, 0xac, 0x0e, 0xc5, 0x8f, 0xdd, 0xd0, 0xe5, 0xf0, 0xe5,
    0xf0, 0xed, 0x10, 0xee, 0x10, 0xee, 0x10, 0xee, 0x10, 0xee, 0xf0, 0xe5,
    0x10, 0xee, 0x10, 0xee, 0x10, 0xee, 0x10, 0xee, 0x10, 0xee, 0xf0, 0xed,
    0xf0, 0xe5, 0xd0, 0xe5, 0x6f, 0xd5, 0xed, 0xbc, 0x0b, 0x9c, 0x89, 0x8b,
    0x28, 0x7b, 0x08, 0x73, 0xe8, 0x72, 0xe8, 0x72, 0xe8, 0x72, 0x28, 0x7b,
    0x8a, 0x8b, 0x8c, 0xac, 0x8f, 0xdd, 0x10, 0xee, 0xf0, 0xed, 0x0e, 0xc5,
    0x69, 0x83, 0x46, 0x5a, 0xa5, 0x41, 0x64, 0x31, 0x23, 0x29, 0xc2, 0x20,
    0xa2, 0x18, 0x61, 0x10, 0x41, 0x08, 0x20, 0x08, 0x20, 0x00, 0x00, 0x00,
    0x00, 0x00, 0x00, 0x00, 0x00, 0x00, 0x00, 0x00, 0x00, 0x00, 0x00, 0x00,
    0x00, 0x00, 0x00, 0x00, 0x00, 0x00, 0x00, 0x00, 0x00, 0x00, 0x00, 0x00,
    0x00, 0x00, 0x00, 0x00, 0x00, 0x00, 0x00, 0x00, 0x00, 0x00, 0x00, 0x00,
    0x00, 0x00, 0x00, 0x00, 0x00, 0x00, 0x00, 0x00, 0x00, 0x00, 0x00, 0x00,
    0x00, 0x00, 0x00, 0x00, 0x00, 0x00, 0x00, 0x00, 0x00, 0x00, 0x00, 0x00,
    0x00, 0x00, 0x00, 0x00, 0x00, 0x00, 0x00, 0x00, 0x00, 0x00, 0x00, 0x00,
    0x00, 0x00, 0x00, 0x00, 0x00, 0x00, 0x00, 0x00, 0x00, 0x00, 0x00, 0x00,
    0x00, 0x00, 0x00, 0x00, 0x00, 0x00, 0x00, 0x00, 0x00, 0x00, 0x00, 0x00,
    0x00, 0x00, 0x20, 0x00, 0x20, 0x08, 0x41, 0x08, 0x61, 0x10, 0x81, 0x10,
    0xa2, 0x18, 0x02, 0x29, 0x23, 0x31, 0x84, 0x39, 0xe5, 0x49, 0xc8, 0x72,
    0x6c, 0xac, 0xaf, 0xdd, 0x10, 0xee, 0x10, 0xee, 0x8f, 0xdd, 0x8c, 0xb4,
    0xaa, 0x8b, 0x29, 0x7b, 0x08, 0x73, 0xe8, 0x72, 0xe8, 0x72, 0xe8, 0x72,
    0x08, 0x7b, 0x28, 0x7b, 0x69, 0x83, 0xca, 0x93, 0x4b, 0xa4, 0xcd, 0xbc,
    0x2e, 0xcd, 0x6f, 0xd5, 0x8f, 0xdd, 0xaf, 0xdd, 0xaf, 0xdd, 0xaf, 0xdd,
    0xb0, 0xdd, 0xb0, 0xdd, 0xaf, 0xdd, 0x8f, 0xdd, 0x4e, 0xd5, 0x0e, 0xc5,
    0xad, 0xb4, 0x2b, 0xa4, 0xaa, 0x8b, 0x49, 0x83, 0x08, 0x7b, 0xe8, 0x72,
    0xe8, 0x72, 0xe8, 0x72, 0xe8, 0x72, 0xe8, 0x72, 0x28, 0x7b, 0xca, 0x93,
    0xcd, 0xbc, 0xcf, 0xe5, 0x10, 0xee, 0xf0, 0xe5, 0x2e, 0xcd, 0xca, 0x93,
    0x66, 0x5a, 0xc5, 0x41, 0x64, 0x39, 0x23, 0x31, 0xe2, 0x20, 0xa2, 0x18,
    0x81, 0x10, 0x61, 0x10, 0x21, 0x08, 0x20, 0x00, 0x20, 0x08, 0x00, 0x00,
    0x00, 0x00, 0x00, 0x00, 0x00, 0x00, 0x00, 0x00, 0x00, 0x00, 0x00, 0x00,
    0x00, 0x00, 0x00, 0x00, 0x00, 0x00, 0x00, 0x00, 0x00, 0x00, 0x00, 0x00,
    0x00, 0x00, 0x00, 0x00, 0x00, 0x00, 0x00, 0x00, 0x00, 0x00, 0x00, 0x00,
    0x00, 0x00, 0x00, 0x00, 0x00, 0x00, 0x00, 0x00, 0x00, 0x00, 0x00, 0x00,
    0x00, 0x00, 0x00, 0x00, 0x00, 0x00, 0x00, 0x00, 0x00, 0x00, 0x00, 0x00,
    0x00, 0x00, 0x00, 0x00, 0x00, 0x00, 0x00, 0x00, 0x00, 0x00, 0x00, 0x00,
    0x00, 0x00, 0x00, 0x00, 0x00, 0x00, 0x00, 0x00, 0x00, 0x00, 0x00, 0x00,
    0x00, 0x00, 0x00, 0x00, 0x00, 0x00, 0x00, 0x00, 0x00, 0x00, 0x00, 0x00,
    0x00, 0x00, 0x00, 0x00, 0x20, 0x00, 0x21, 0x08, 0x41, 0x08, 0x61, 0x10,
    0x81, 0x18, 0xc2, 0x18, 0xe3, 0x20, 0x43, 0x31, 0x84, 0x39, 0xe5, 0x49,
    0xc8, 0x72, 0x4c, 0xac, 0x8f, 0xdd, 0x10, 0xee, 0x10, 0xee, 0xd0, 0xdd,
    0xed, 0xbc, 0x0b, 0x9c, 0x69, 0x83, 0x28, 0x7b, 0x08, 0x73, 0xe8, 0x72,
    0xe8, 0x72, 0xe8, 0x72, 0xe8, 0x72, 0x08, 0x73, 0x08, 0x7b, 0x29, 0x7b,
    0x49, 0x83, 0x89, 0x8b, 0xca, 0x93, 0x0b, 0x9c, 0x0b, 0xa4, 0x0b, 0xa4,
    0x0b, 0xa4, 0x0b, 0x9c, 0xeb, 0x9b, 0xca, 0x93, 0x69, 0x83, 0x49, 0x83,
    0x29, 0x7b, 0x08, 0x7b, 0xe8, 0x72, 0xc7, 0x72, 0xc8, 0x6a, 0xe8, 0x6a,
    0xc7, 0x72, 0xe8, 0x72, 0x08, 0x7b, 0x69, 0x83, 0x2b, 0xa4, 0x0e, 0xc5,
    0xf0, 0xe5, 0x10, 0xee, 0xf0, 0xe5, 0x0e, 0xc5, 0xaa, 0x93, 0x87, 0x62,
    0xc5, 0x49, 0x64, 0x39, 0x43, 0x31, 0xe2, 0x20, 0xa2, 0x18, 0x81, 0x10,
    0x61, 0x10, 0x41, 0x08, 0x20, 0x08, 0x20, 0x00, 0x00, 0x00, 0x01, 0x00,
    0x00, 0x00, 0x00, 0x00, 0x00, 0x00, 0x00, 0x00, 0x00, 0x00, 0x00, 0x00,
    0x00, 0x00, 0x00, 0x00, 0x00, 0x00, 0x00, 0x00, 0x00, 0x00, 0x00, 0x00,
    0x00, 0x00, 0x00, 0x00, 0x00, 0x00, 0x00, 0x00, 0x00, 0x00, 0x00, 0x00,
    0x00, 0x00, 0x00, 0x00, 0x00, 0x00, 0x00, 0x00, 0x00, 0x00, 0x00, 0x00,
    0x00, 0x00, 0x00, 0x00, 0x00, 0x00, 0x00, 0x00, 0x00, 0x00, 0x00, 0x00,
    0x00, 0x00, 0x00, 0x00, 0x00, 0x00, 0x00, 0x00, 0x00, 0x00, 0x00, 0x00,
    0x00, 0x00, 0x00, 0x00, 0x00, 0x00, 0x00, 0x00, 0x00, 0x00, 0x00, 0x00,
    0x00, 0x00, 0x00, 0x00, 0x00, 0x00, 0x00, 0x00, 0x00, 0x00, 0x00, 0x00,
    0x01, 0x00, 0x00, 0x00, 0x20, 0x00, 0x20, 0x08, 0x21, 0x08, 0x41, 0x08,
    0x61, 0x10, 0xa2, 0x18, 0xc2, 0x18, 0xe3, 0x28, 0x43, 0x31, 0x84, 0x39,
    0xe5, 0x49, 0xc7, 0x6a, 0x2b, 0x9c, 0x6f, 0xd5, 0xf0, 0xe5, 0x10, 0xee,
    0xf0, 0xed, 0x4e, 0xd5, 0x8c, 0xb4, 0xea, 0x9b, 0x69, 0x83, 0x08, 0x7b,
    0xe8, 0x72, 0xc8, 0x72, 0xc8, 0x72, 0xc8, 0x6a, 0xc7, 0x72, 0xc8, 0x6a,
    0xc7, 0x6a, 0xc8, 0x72, 0xe8, 0x6a, 0xe8, 0x72, 0xc8, 0x6a, 0xe7, 0x6a,
    0xe8, 0x6a, 0xc7, 0x72, 0xe8, 0x6a, 0xc8, 0x6a, 0xc7, 0x6a, 0xc7, 0x6a,
    0xc7, 0x6a, 0xc7, 0x6a, 0xc7, 0x6a, 0xc7, 0x6a, 0xc8, 0x6a, 0xe8, 0x72,
    0x08, 0x73, 0x29, 0x7b, 0xea, 0x9b, 0xcd, 0xbc, 0x8f, 0xdd, 0x10, 0xee,
    0x10, 0xee, 0xd0, 0xe5, 0xcd, 0xbc, 0x69, 0x8b, 0x66, 0x62, 0xc5, 0x49,
    0x84, 0x39, 0x23, 0x31, 0x03, 0x29, 0xc2, 0x18, 0x81, 0x18, 0x61, 0x10,
    0x41, 0x08, 0x20, 0x08, 0x20, 0x00, 0x00, 0x00, 0x00, 0x00, 0x00, 0x00,
    0x00, 0x00, 0x00, 0x00, 0x00, 0x00, 0x00, 0x00, 0x00, 0x00, 0x00, 0x00,
    0x00, 0x00, 0x00, 0x00, 0x00, 0x00, 0x00, 0x00, 0x00, 0x00, 0x00, 0x00,
    0x00, 0x00, 0x00, 0x00, 0x00, 0x00, 0x00, 0x00, 0x00, 0x00, 0x00, 0x00,
    0x00, 0x00, 0x00, 0x00, 0x00, 0x00, 0x00, 0x00, 0x00, 0x00, 0x00, 0x00,
    0x00, 0x00, 0x00, 0x00, 0x00, 0x00, 0x00, 0x00, 0x00, 0x00, 0x00, 0x00,
    0x00, 0x00, 0x00, 0x00, 0x00, 0x00, 0x00, 0x00, 0x00, 0x00, 0x00, 0x00,
    0x00, 0x00, 0x00, 0x00, 0x00, 0x00, 0x00, 0x00, 0x00, 0x00, 0x00, 0x00,
    0x00, 0x00, 0x00, 0x00, 0x00, 0x00, 0x00, 0x00, 0x00, 0x00, 0x00, 0x00,
    0x00, 0x00, 0x00, 0x00, 0x00, 0x00, 0x20, 0x00, 0x20, 0x08, 0x20, 0x08,
    0x61, 0x08, 0x61, 0x10, 0x81, 0x18, 0xc2, 0x20, 0x03, 0x29, 0x43, 0x31,
    0x84, 0x39, 0xe5, 0x49, 0x87, 0x62, 0xca, 0x93, 0x0e, 0xcd, 0xf0, 0xe5,
    0x10, 0xee, 0x10, 0xee, 0xd0, 0xe5, 0x4e, 0xcd, 0x8c, 0xb4, 0xeb, 0x9b,
    0x69, 0x83, 0x08, 0x7b, 0xe8, 0x72, 0xe7, 0x72, 0xc8, 0x6a, 0xc7, 0x6a,
    0xc7, 0x6a, 0xa7, 0x6a, 0xa7, 0x6a, 0xa7, 0x6a, 0xa7, 0x62, 0xa7, 0x6a,
    0xa7, 0x62, 0x87, 0x62, 0xa7, 0x6a, 0xa7, 0x6a, 0xa7, 0x6a, 0xa7, 0x6a,
    0xc7, 0x6a, 0xc8, 0x6a, 0xc8, 0x6a, 0xe8, 0x72, 0x08, 0x7b, 0x49, 0x83,
    0xca, 0x93, 0x8c, 0xac, 0x4e, 0xd5, 0xf0, 0xe5, 0x10, 0xee, 0x10, 0xee,
    0x8f, 0xdd, 0xac, 0xb4, 0x49, 0x7b, 0x46, 0x5a, 0xc5, 0x41, 0x84, 0x39,
    0x23, 0x29, 0x02, 0x21, 0xc2, 0x20, 0x82, 0x18, 0x61, 0x10, 0x41, 0x08,
    0x21, 0x08, 0x20, 0x00, 0x00, 0x00, 0x00, 0x00, 0x20, 0x00, 0x00, 0x00,
    0x00, 0x00, 0x00, 0x00, 0x00, 0x00, 0x00, 0x00, 0x00, 0x00, 0x00, 0x00,
    0x00, 0x00, 0x00, 0x00, 0x00, 0x00, 0x00, 0x00, 0x00, 0x00, 0x00, 0x00,
    0x00, 0x00, 0x00, 0x00, 0x00, 0x00, 0x00, 0x00, 0x00, 0x00, 0x00, 0x00,
    0x00, 0x00, 0x00, 0x00, 0x00, 0x00, 0x00, 0x00, 0x00, 0x00, 0x00, 0x00,
    0x00, 0x00, 0x00, 0x00, 0x00, 0x00, 0x00, 0x00, 0x00, 0x00, 0x00, 0x00,
    0x00, 0x00, 0x00, 0x00, 0x00, 0x00, 0x00, 0x00, 0x00, 0x00, 0x00, 0x00,
    0x00, 0x00, 0x00, 0x00, 0x00, 0x00, 0x00, 0x00, 0x00, 0x00, 0x00, 0x00,
    0x00, 0x00, 0x00, 0x00, 0x00, 0x00, 0x00, 0x00, 0x00, 0x00, 0x00, 0x00,
    0x00, 0x00, 0x00, 0x00, 0x00, 0x00, 0x20, 0x00, 0x00, 0x00, 0x20, 0x08,
    0x41, 0x08, 0x41, 0x08, 0x61, 0x10, 0xa1, 0x18, 0xc2, 0x18, 0x03, 0x29,
    0x23, 0x31, 0x64, 0x39, 0xc5, 0x49, 0x66, 0x5a, 0x69, 0x83, 0x8c, 0xb4,
    0xaf, 0xdd, 0x10, 0xee, 0x10, 0xee, 0x10, 0xee, 0xd0, 0xe5, 0x4e, 0xcd,
    0xad, 0xb4, 0x0b, 0x9c, 0x89, 0x8b, 0x29, 0x7b, 0x08, 0x7b, 0xe8, 0x72,
    0xc8, 0x6a, 0xc7, 0x6a, 0xa7, 0x6a, 0xa7, 0x6a, 0xa7, 0x62, 0xa7, 0x6a,
    0x87, 0x62, 0x87, 0x6a, 0xa7, 0x6a, 0xa7, 0x6a, 0xa7, 0x6a, 0xc8, 0x6a,
    0xc8, 0x72, 0xe8, 0x72, 0x28, 0x7b, 0x89, 0x8b, 0x0b, 0xa4, 0xad, 0xbc,
    0x4e, 0xcd, 0xd0, 0xe5, 0x10, 0xee, 0x10, 0xee, 0xf0, 0xe5, 0x2e, 0xcd,
    0x0b, 0xa4, 0xe8, 0x72, 0x26, 0x52, 0xc5, 0x41, 0x64, 0x39, 0x43, 0x31,
    0xe2, 0x20, 0xc2, 0x18, 0x81, 0x18, 0x61, 0x10, 0x41, 0x08, 0x40, 0x08,
    0x20, 0x08, 0x20, 0x00, 0x00, 0x00, 0x00, 0x08, 0x00, 0x00, 0x00, 0x00,
    0x00, 0x00, 0x00, 0x00, 0x00, 0x00, 0x00, 0x00, 0x00, 0x00, 0x00, 0x00,
    0x00, 0x00, 0x00, 0x00, 0x00, 0x00, 0x00, 0x00, 0x00, 0x00, 0x00, 0x00,
    0x00, 0x00, 0x00, 0x00, 0x00, 0x00, 0x00, 0x00, 0x00, 0x00, 0x00, 0x00,
    0x00, 0x00, 0x00, 0x00, 0x00, 0x00, 0x00, 0x00, 0x00, 0x00, 0x00, 0x00,
    0x00, 0x00, 0x00, 0x00, 0x00, 0x00, 0x00, 0x00, 0x00, 0x00, 0x00, 0x00,
    0x00, 0x00, 0x00, 0x00, 0x00, 0x00, 0x00, 0x00, 0x00, 0x00, 0x00, 0x00,
    0x00, 0x00, 0x00, 0x00, 0x00, 0x00, 0x00, 0x00, 0x00, 0x00, 0x00, 0x00,
    0x00, 0x00, 0x00, 0x00, 0x00, 0x00, 0x00, 0x00, 0x00, 0x00, 0x00, 0x00,
    0x00, 0x00, 0x00, 0x00, 0x00, 0x00, 0x00, 0x00, 0x20, 0x00, 0x20, 0x00,
    0x20, 0x08, 0x41, 0x08, 0x61, 0x08, 0x61, 0x10, 0x82, 0x18, 0xc2, 0x18,
    0x03, 0x21, 0x23, 0x31, 0x64, 0x39, 0xc5, 0x41, 0x26, 0x52, 0xe8, 0x72,
    0x0b, 0xa4, 0x0e, 0xc5, 0xf0, 0xe5, 0x10, 0xee, 0x10, 0xee, 0x10, 0xee,
    0xd0, 0xe5, 0x6f, 0xd5, 0x0d, 0xc5, 0x8c, 0xb4, 0x2b, 0xa4, 0xaa, 0x93,
    0x69, 0x83, 0x29, 0x7b, 0x08, 0x73, 0xe8, 0x72, 0xe8, 0x72, 0xe8, 0x72,
    0xe8, 0x72, 0xe8, 0x72, 0xe8, 0x72, 0xe8, 0x72, 0x28, 0x7b, 0x49, 0x83,
    0xaa, 0x8b, 0x0b, 0xa4, 0x8c, 0xb4, 0x0e, 0xc5, 0x8f, 0xd5, 0xf0, 0xe5,
    0x10, 0xee, 0x10, 0xee, 0x10, 0xee, 0x8f, 0xd5, 0x8c, 0xb4, 0x69, 0x83,
    0x87, 0x62, 0x05, 0x52, 0xa4, 0x41, 0x64, 0x31, 0x23, 0x31, 0xe2, 0x20,
    0xc2, 0x20, 0x82, 0x18, 0x81, 0x10, 0x61, 0x08, 0x41, 0x08, 0x20, 0x08,
    0x00, 0x00, 0x20, 0x00, 0x00, 0x00, 0x00, 0x00, 0x00, 0x00, 0x00, 0x00,
    0x00, 0x00, 0x00, 0x00, 0x00, 0x00, 0x00, 0x00, 0x00, 0x00, 0x00, 0x00,
    0x00, 0x00, 0x00, 0x00, 0x00, 0x00, 0x00, 0x00, 0x00, 0x00, 0x00, 0x00,
    0x00, 0x00, 0x00, 0x00, 0x00, 0x00, 0x00, 0x00, 0x00, 0x00, 0x00, 0x00,
    0x00, 0x00, 0x00, 0x00, 0x00, 0x00, 0x00, 0x00, 0x00, 0x00, 0x00, 0x00,
    0x00, 0x00, 0x00, 0x00, 0x00, 0x00, 0x00, 0x00, 0x00, 0x00, 0x00, 0x00,
    0x00, 0x00, 0x00, 0x00, 0x00, 0x00, 0x00, 0x00, 0x00, 0x00, 0x00, 0x00,
    0x00, 0x00, 0x00, 0x00, 0x00, 0x00, 0x00, 0x00, 0x00, 0x00, 0x00, 0x00,
    0x00, 0x00, 0x00, 0x00, 0x00, 0x00, 0x00, 0x00, 0x00, 0x00, 0x00, 0x00,
    0x00, 0x00, 0x00, 0x00, 0x00, 0x00, 0x00, 0x08, 0x00, 0x00, 0x00, 0x00,
    0x00, 0x08, 0x20, 0x08, 0x41, 0x08, 0x41, 0x08, 0x61, 0x10, 0xa1, 0x18,
    0xc2, 0x18, 0x03, 0x29, 0x23, 0x31, 0x64, 0x39, 0xa4, 0x41, 0xe5, 0x49,
    0x67, 0x62, 0x29, 0x7b, 0x2b, 0xa4, 0x4e, 0xcd, 0xf0, 0xe5, 0x10, 0xee,
    0x10, 0xee, 0x10, 0xee, 0x10, 0xee, 0xd0, 0xe5, 0x8f, 0xdd, 0x6e, 0xcd,
    0x0d, 0xc5, 0xad, 0xbc, 0x8c, 0xac, 0x4b, 0xa4, 0x4b, 0xa4, 0x2b, 0xa4,
    0x2b, 0xa4, 0x4b, 0xa4, 0x4c, 0xa4, 0x6c, 0xac, 0xcd, 0xbc, 0x0e, 0xc5,
    0x4e, 0xcd, 0x8f, 0xdd, 0xd0, 0xe5, 0x10, 0xee, 0x10, 0xee, 0x10, 0xee,
    0xf0, 0xed, 0x8f, 0xdd, 0xad, 0xbc, 0xca, 0x93, 0xe8, 0x72, 0x26, 0x5a,
    0xc5, 0x41, 0x84, 0x39, 0x64, 0x31, 0x23, 0x29, 0xe2, 0x20, 0xc2, 0x18,
    0xa2, 0x18, 0x61, 0x10, 0x41, 0x08, 0x20, 0x08, 0x20, 0x08, 0x00, 0x00,
    0x20, 0x00, 0x00, 0x00, 0x01, 0x00, 0x00, 0x00, 0x00, 0x00, 0x00, 0x00,
    0x00, 0x00, 0x00, 0x00, 0x00, 0x00, 0x00, 0x00, 0x00, 0x00, 0x00, 0x00,
    0x00, 0x00, 0x00, 0x00, 0x00, 0x00, 0x00, 0x00, 0x00, 0x00, 0x00, 0x00,
    0x00, 0x00, 0x00, 0x00, 0x00, 0x00, 0x00, 0x00, 0x00, 0x00, 0x00, 0x00,
    0x00, 0x00, 0x00, 0x00, 0x00, 0x00, 0x00, 0x00, 0x00, 0x00, 0x00, 0x00,
    0x00, 0x00, 0x00, 0x00, 0x00, 0x00, 0x00, 0x00, 0x00, 0x00, 0x00, 0x00,
    0x00, 0x00, 0x00, 0x00, 0x00, 0x00, 0x00, 0x00, 0x00, 0x00, 0x00, 0x00,
    0x00, 0x00, 0x00, 0x00, 0x00, 0x00, 0x00, 0x00, 0x00, 0x00, 0x00, 0x00,
    0x00, 0x00, 0x00, 0x00, 0x00, 0x00, 0x00, 0x00, 0x00, 0x00, 0x00, 0x00,
    0x00, 0x00, 0x00, 0x00, 0x00, 0x00, 0x00, 0x00, 0x01, 0x00, 0x00, 0x00,
    0x20, 0x00, 0x00, 0x00, 0x20, 0x08, 0x41, 0x08, 0x41, 0x08, 0x61, 0x10,
    0xa1, 0x18, 0xc2, 0x18, 0xe2, 0x20, 0x23, 0x29, 0x43, 0x31, 0x84, 0x39,
    0xa4, 0x41, 0x05, 0x52, 0x87, 0x62, 0x49, 0x83, 0x2b, 0xa4, 0xee, 0xc4,
    0xaf, 0xdd, 0x10, 0xee, 0x10, 0xee, 0x10, 0xee, 0x10, 0xee, 0x10, 0xee,
    0xf0, 0xed, 0xf0, 0xe5, 0xd0, 0xe5, 0xaf, 0xe5, 0xaf, 0xdd, 0xaf, 0xdd,
    0xaf, 0xdd, 0xaf, 0xdd, 0xcf, 0xdd, 0xd0, 0xe5, 0xf0, 0xe5, 0x10, 0xee,
    0x10, 0xee, 0x10, 0xee, 0x10, 0xee, 0x10, 0xee, 0xf0, 0xe5, 0x6f, 0xd5,
    0x8c, 0xb4, 0xca, 0x93, 0xe8, 0x72, 0x46, 0x5a, 0xe5, 0x49, 0xa5, 0x41,
    0x64, 0x39, 0x43, 0x31, 0x03, 0x29, 0xe2, 0x20, 0xa2, 0x18, 0x82, 0x18,
    0x61, 0x10, 0x61, 0x08, 0x20, 0x08, 0x20, 0x08, 0x20, 0x00, 0x00, 0x00,
    0x00, 0x00, 0x00, 0x00, 0x00, 0x00, 0x00, 0x00, 0x00, 0x00, 0x00, 0x00,
    0x00, 0x00, 0x00, 0x00, 0x00, 0x00, 0x00, 0x00, 0x00, 0x00, 0x00, 0x00,
    0x00, 0x00, 0x00, 0x00, 0x00, 0x00, 0x00, 0x00, 0x00, 0x00, 0x00, 0x00,
    0x00, 0x00, 0x00, 0x00, 0x00, 0x00, 0x00, 0x00, 0x00, 0x00, 0x00, 0x00,
    0x00, 0x00, 0x00, 0x00, 0x00, 0x00, 0x00, 0x00, 0x00, 0x00, 0x00, 0x00,
    0x00, 0x00, 0x00, 0x00, 0x00, 0x00, 0x00, 0x00, 0x00, 0x00, 0x00, 0x00,
    0x00, 0x00, 0x00, 0x00, 0x00, 0x00, 0x00, 0x00, 0x00, 0x00, 0x00, 0x00,
    0x00, 0x00, 0x00, 0x00, 0x00, 0x00, 0x00, 0x00, 0x00, 0x00, 0x00, 0x00,
    0x00, 0x00, 0x00, 0x00, 0x00, 0x00, 0x00, 0x00, 0x00, 0x00, 0x00, 0x00,
    0x00, 0x00, 0x00, 0x00, 0x00, 0x00, 0x00, 0x00, 0x00, 0x00, 0x20, 0x00,
    0x00, 0x00, 0x20, 0x00, 0x00, 0x00, 0x20, 0x08, 0x41, 0x08, 0x41, 0x08,
    0x61, 0x10, 0x81, 0x18, 0xa2, 0x18, 0xc2, 0x20, 0x03, 0x29, 0x23, 0x31,
    0x64, 0x31, 0x84, 0x39, 0xc5, 0x41, 0x06, 0x52, 0x87, 0x62, 0x08, 0x7b,
    0xca, 0x93, 0x8c, 0xac, 0x2e, 0xcd, 0xaf, 0xdd, 0xf0, 0xe5, 0x10, 0xee,
    0x10, 0xee, 0x10, 0xee, 0x10, 0xee, 0x10, 0xee, 0x11, 0xee, 0x11, 0xee,
    0x10, 0xee, 0x10, 0xee, 0x10, 0xee, 0x10, 0xee, 0x10, 0xee, 0x10, 0xee,
    0x10, 0xee, 0xf0, 0xe5, 0x6f, 0xd5, 0xed, 0xbc, 0x0b, 0xa4, 0x89, 0x83,
    0xc8, 0x6a, 0x46, 0x5a, 0xe5, 0x49, 0xa5, 0x41, 0x84, 0x39, 0x43, 0x31,
    0x23, 0x29, 0x02, 0x29, 0xc2, 0x20, 0xa2, 0x18, 0x81, 0x18, 0x61, 0x10,
    0x41, 0x08, 0x40, 0x08, 0x21, 0x08, 0x20, 0x00, 0x20, 0x00, 0x01, 0x00,
    0x00, 0x00, 0x00, 0x00, 0x00, 0x00, 0x00, 0x00, 0x00, 0x00, 0x00, 0x00,
    0x00, 0x00, 0x00, 0x00, 0x00, 0x00, 0x00, 0x00, 0x00, 0x00, 0x00, 0x00,
    0x00, 0x00, 0x00, 0x00, 0x00, 0x00, 0x00, 0x00, 0x00, 0x00, 0x00, 0x00,
    0x00, 0x00, 0x00, 0x00, 0x00, 0x00, 0x00, 0x00, 0x00, 0x00, 0x00, 0x00,
    0x00, 0x00, 0x00, 0x00, 0x00, 0x00, 0x00, 0x00, 0x00, 0x00, 0x00, 0x00,
    0x00, 0x00, 0x00, 0x00, 0x00, 0x00, 0x00, 0x00, 0x00, 0x00, 0x00, 0x00,
    0x00, 0x00, 0x00, 0x00, 0x00, 0x00, 0x00, 0x00, 0x00, 0x00, 0x00, 0x00,
    0x00, 0x00, 0x00, 0x00, 0x00, 0x00, 0x00, 0x00, 0x00, 0x00, 0x00, 0x00,
    0x00, 0x00, 0x00, 0x00, 0x00, 0x00, 0x00, 0x00, 0x00, 0x00, 0x00, 0x00,
    0x00, 0x00, 0x00, 0x00, 0x00, 0x00, 0x00, 0x00, 0x00, 0x00, 0x00, 0x00,
    0x00, 0x00, 0x00, 0x00, 0x20, 0x00, 0x00, 0x08, 0x20, 0x08, 0x21, 0x08,
    0x41, 0x08, 0x61, 0x10, 0x81, 0x10, 0xa2, 0x18, 0xc2, 0x18, 0xe2, 0x20,
    0x03, 0x29, 0x23, 0x31, 0x64, 0x39, 0x84, 0x39, 0xa4, 0x41, 0xe5, 0x49,
    0x26, 0x52, 0x87, 0x62, 0x08, 0x7b, 0x8a, 0x8b, 0xeb, 0x9b, 0x8c, 0xb4,
    0x0e, 0xc5, 0x4f, 0xd5, 0x8f, 0xdd, 0xaf, 0xdd, 0xf0, 0xe5, 0xf0, 0xe5,
    0xd0, 0xe5, 0xd0, 0xe5, 0xaf, 0xdd, 0x6f, 0xdd, 0x2e, 0xcd, 0xcd, 0xbc,
    0x4c, 0xac, 0xca, 0x93, 0x69, 0x83, 0xe8, 0x72, 0x67, 0x62, 0x05, 0x52,
    0xe5, 0x49, 0xa4, 0x41, 0x84, 0x39, 0x44, 0x31, 0x23, 0x31, 0x03, 0x29,
    0xe2, 0x20, 0xa2, 0x18, 0x82, 0x18, 0x81, 0x10, 0x61, 0x10, 0x41, 0x08,
    0x20, 0x08, 0x20, 0x08, 0x00, 0x00, 0x00, 0x00, 0x00, 0x00, 0x00, 0x00,
    0x00, 0x00, 0x00, 0x00, 0x00, 0x00, 0x00, 0x00, 0x00, 0x00, 0x00, 0x00,
    0x00, 0x00, 0x00, 0x00, 0x00, 0x00, 0x00, 0x00, 0x00, 0x00, 0x00, 0x00,
    0x00, 0x00, 0x00, 0x00, 0x00, 0x00, 0x00, 0x00, 0x00, 0x00, 0x00, 0x00,
    0x00, 0x00, 0x00, 0x00, 0x00, 0x00, 0x00, 0x00, 0x00, 0x00, 0x00, 0x00,
    0x00, 0x00, 0x00, 0x00, 0x00, 0x00, 0x00, 0x00, 0x00, 0x00, 0x00, 0x00,
    0x00, 0x00, 0x00, 0x00, 0x00, 0x00, 0x00, 0x00, 0x00, 0x00, 0x00, 0x00,
    0x00, 0x00, 0x00, 0x00, 0x00, 0x00, 0x00, 0x00, 0x00, 0x00, 0x00, 0x00,
    0x00, 0x00, 0x00, 0x00, 0x00, 0x00, 0x00, 0x00, 0x00, 0x00, 0x00, 0x00,
    0x00, 0x00, 0x00, 0x00, 0x00, 0x00, 0x00, 0x00, 0x00, 0x00, 0x00, 0x00,
    0x00, 0x00, 0x00, 0x00, 0x00, 0x00, 0x00, 0x00, 0x00, 0x00, 0x00, 0x00,
    0x00, 0x00, 0x01, 0x00, 0x00, 0x00, 0x20, 0x00, 0x20, 0x00, 0x20, 0x08,
    0x20, 0x08, 0x41, 0x08, 0x41, 0x08, 0x61, 0x10, 0x81, 0x10, 0xa2, 0x18,
    0xc2, 0x20, 0xe2, 0x20, 0x03, 0x29, 0x23, 0x31, 0x43, 0x31, 0x64, 0x39,
    0x84, 0x41, 0xc5, 0x41, 0xe5, 0x49, 0x06, 0x52, 0x46, 0x5a, 0x87, 0x62,
    0xc7, 0x6a, 0x08, 0x73, 0x29, 0x7b, 0x49, 0x83, 0x49, 0x83, 0x49, 0x83,
    0x49, 0x83, 0x49, 0x83, 0x49, 0x83, 0x28, 0x7b, 0x08, 0x73, 0xc7, 0x6a,
    0x67, 0x62, 0x26, 0x52, 0x05, 0x52, 0xc5, 0x49, 0xa5, 0x41, 0x84, 0x39,
    0x64, 0x39, 0x43, 0x31, 0x23, 0x29, 0x03, 0x29, 0xe2, 0x20, 0xc2, 0x18,
    0xa2, 0x18, 0x81, 0x10, 0x61, 0x10, 0x41, 0x08, 0x41, 0x08, 0x20, 0x08,
    0x20, 0x00, 0x00, 0x00, 0x00, 0x00, 0x00, 0x00, 0x00, 0x00, 0x00, 0x00,
    0x00, 0x00, 0x00, 0x00, 0x00, 0x00, 0x00, 0x00, 0x00, 0x00, 0x00, 0x00,
    0x00, 0x00, 0x00, 0x00, 0x00, 0x00, 0x00, 0x00, 0x00, 0x00, 0x00, 0x00,
    0x00, 0x00, 0x00, 0x00, 0x00, 0x00, 0x00, 0x00, 0x00, 0x00, 0x00, 0x00,
    0x00, 0x00, 0x00, 0x00, 0x00, 0x00, 0x00, 0x00, 0x00, 0x00, 0x00, 0x00,
    0x00, 0x00, 0x00, 0x00, 0x00, 0x00, 0x00, 0x00, 0x00, 0x00, 0x00, 0x00,
    0x00, 0x00, 0x00, 0x00, 0x00, 0x00, 0x00, 0x00, 0x00, 0x00, 0x00, 0x00,
    0x00, 0x00, 0x00, 0x00, 0x00, 0x00, 0x00, 0x00, 0x00, 0x00, 0x00, 0x00,
    0x00, 0x00, 0x00, 0x00, 0x00, 0x00, 0x00, 0x00, 0x00, 0x00, 0x00, 0x00,
    0x00, 0x00, 0x00, 0x00, 0x00, 0x00, 0x00, 0x00, 0x00, 0x00, 0x00, 0x00,
    0x00, 0x00, 0x00, 0x00, 0x00, 0x00, 0x00, 0x00, 0x00, 0x00, 0x00, 0x00,
    0x00, 0x00, 0x00, 0x00, 0x00, 0x00, 0x00, 0x00, 0x00, 0x00, 0x20, 0x00,
    0x20, 0x00, 0x21, 0x08, 0x21, 0x08, 0x41, 0x08, 0x61, 0x10, 0x61, 0x10,
    0x82, 0x18, 0xa2, 0x18, 0xc2, 0x18, 0xe2, 0x20, 0x03, 0x29, 0x23, 0x29,
    0x43, 0x31, 0x44, 0x31, 0x64, 0x39, 0x84, 0x39, 0x84, 0x39, 0xa4, 0x41,
    0xa5, 0x41, 0xc5, 0x41, 0xe5, 0x49, 0xc5, 0x49, 0xc5, 0x49, 0xe5, 0x49,
    0xc5, 0x49, 0xc5, 0x49, 0xe5, 0x49, 0xc5, 0x49, 0xc5, 0x41, 0xa5, 0x41,
    0xa4, 0x41, 0xa4, 0x39, 0x84, 0x39, 0x64, 0x39, 0x43, 0x31, 0x23, 0x29,
    0x03, 0x29, 0x03, 0x21, 0xc2, 0x20, 0xc2, 0x20, 0xa2, 0x18, 0x81, 0x10,
    0x61, 0x10, 0x61, 0x10, 0x41, 0x08, 0x20, 0x08, 0x20, 0x08, 0x20, 0x00,
    0x00, 0x00, 0x00, 0x00, 0x21, 0x00, 0x20, 0x00, 0x00, 0x00, 0x00, 0x00,
    0x00, 0x00, 0x00, 0x00, 0x00, 0x00, 0x00, 0x00, 0x00, 0x00, 0x00, 0x00,
    0x00, 0x00, 0x00, 0x00, 0x00, 0x00, 0x00, 0x00, 0x00, 0x00, 0x00, 0x00,
    0x00, 0x00, 0x00, 0x00, 0x00, 0x00, 0x00, 0x00, 0x00, 0x00, 0x00, 0x00,
    0x00, 0x00, 0x00, 0x00, 0x00, 0x00, 0x00, 0x00, 0x00, 0x00, 0x00, 0x00,
    0x00, 0x00, 0x00, 0x00, 0x00, 0x00, 0x00, 0x00, 0x00, 0x00, 0x00, 0x00,
    0x00, 0x00, 0x00, 0x00, 0x00, 0x00, 0x00, 0x00, 0x00, 0x00, 0x00, 0x00,
    0x00, 0x00, 0x00, 0x00, 0x00, 0x00, 0x00, 0x00, 0x00, 0x00, 0x00, 0x00,
    0x00, 0x00, 0x00, 0x00, 0x00, 0x00, 0x00, 0x00, 0x00, 0x00, 0x00, 0x00,
    0x00, 0x00, 0x00, 0x00, 0x00, 0x00, 0x00, 0x00, 0x00, 0x00, 0x00, 0x00,
    0x00, 0x00, 0x00, 0x00, 0x00, 0x00, 0x00, 0x00, 0x00, 0x00, 0x00, 0x00,
    0x00, 0x00, 0x00, 0x00, 0x00, 0x00, 0x00, 0x00, 0x00, 0x00, 0x00, 0x00,
    0x00, 0x00, 0x20, 0x08, 0x20, 0x08, 0x20, 0x08, 0x41, 0x08, 0x41, 0x08,
    0x61, 0x10, 0x61, 0x10, 0x81, 0x10, 0xa2, 0x18, 0xc2, 0x20, 0xc2, 0x20,
    0xe2, 0x20, 0x03, 0x29, 0x03, 0x29, 0x23, 0x29, 0x43, 0x31, 0x43, 0x31,
    0x44, 0x31, 0x64, 0x39, 0x63, 0x39, 0x64, 0x39, 0x64, 0x39, 0x64, 0x39,
    0x64, 0x39, 0x64, 0x39, 0x64, 0x31, 0x64, 0x39, 0x64, 0x31, 0x43, 0x31,
    0x43, 0x31, 0x23, 0x31, 0x23, 0x29, 0x03, 0x29, 0x02, 0x29, 0xe2, 0x20,
    0xc2, 0x20, 0xa2, 0x18, 0xa1, 0x18, 0x81, 0x10, 0x61, 0x10, 0x61, 0x10,
    0x41, 0x08, 0x21, 0x08, 0x20, 0x08, 0x20, 0x00, 0x20, 0x00, 0x20, 0x00,
    0x00, 0x00, 0x00, 0x00, 0x00, 0x00, 0x00, 0x00, 0x00, 0x00, 0x00, 0x00,
    0x00, 0x00, 0x00, 0x00, 0x00, 0x00, 0x00, 0x00, 0x00, 0x00, 0x00, 0x00,
    0x00, 0x00, 0x00, 0x00, 0x00, 0x00, 0x00, 0x00, 0x00, 0x00, 0x00, 0x00,
    0x00, 0x00, 0x00, 0x00, 0x00, 0x00, 0x00, 0x00, 0x00, 0x00, 0x00, 0x00,
    0x00, 0x00, 0x00, 0x00, 0x00, 0x00, 0x00, 0x00, 0x00, 0x00, 0x00, 0x00,
    0x00, 0x00, 0x00, 0x00, 0x00, 0x00, 0x00, 0x00, 0x00, 0x00, 0x00, 0x00,
    0x00, 0x00, 0x00, 0x00, 0x00, 0x00, 0x00, 0x00, 0x00, 0x00, 0x00, 0x00,
    0x00, 0x00, 0x00, 0x00, 0x00, 0x00, 0x00, 0x00, 0x00, 0x00, 0x00, 0x00,
    0x00, 0x00, 0x00, 0x00, 0x00, 0x00, 0x00, 0x00, 0x00, 0x00, 0x00, 0x00,
    0x00, 0x00, 0x00, 0x00, 0x00, 0x00, 0x00, 0x00, 0x00, 0x00, 0x00, 0x00,
    0x00, 0x00, 0x00, 0x00, 0x00, 0x00, 0x00, 0x00, 0x00, 0x00, 0x00, 0x00,
    0x00, 0x00, 0x00, 0x00, 0x00, 0x00, 0x00, 0x00, 0x00, 0x00, 0x00, 0x00,
    0x00, 0x00, 0x00, 0x00, 0x20, 0x00, 0x20, 0x00, 0x20, 0x08, 0x20, 0x08,
    0x41, 0x08, 0x41, 0x08, 0x61, 0x10, 0x61, 0x10, 0x81, 0x10, 0x82, 0x18,
    0xa2, 0x18, 0xc2, 0x18, 0xc2, 0x20, 0xe2, 0x20, 0xe3, 0x20, 0x02, 0x29,
    0x03, 0x29, 0x02, 0x29, 0x03, 0x29, 0x03, 0x29, 0x03, 0x29, 0x22, 0x29,
    0x03, 0x29, 0x03, 0x29, 0x23, 0x29, 0x03, 0x29, 0x02, 0x29, 0x03, 0x29,
    0x03, 0x29, 0xe2, 0x20, 0xc2, 0x20, 0xc2, 0x20, 0xa2, 0x18, 0xa2, 0x18,
    0x81, 0x10, 0x81, 0x10, 0x61, 0x10, 0x61, 0x08, 0x41, 0x08, 0x41, 0x08,
    0x20, 0x08, 0x20, 0x00, 0x20, 0x00, 0x20, 0x00, 0x01, 0x08, 0x00, 0x00,
    0x00, 0x00, 0x00, 0x00, 0x00, 0x00, 0x00, 0x00, 0x00, 0x00, 0x00, 0x00,
    0x00, 0x00, 0x00, 0x00, 0x00, 0x00, 0x00, 0x00, 0x00, 0x00, 0x00, 0x00,
    0x00, 0x00, 0x00, 0x00, 0x00, 0x00, 0x00, 0x00, 0x00, 0x00, 0x00, 0x00,
    0x00, 0x00, 0x00, 0x00, 0x00, 0x00, 0x00, 0x00, 0x00, 0x00, 0x00, 0x00,
    0x00, 0x00, 0x00, 0x00, 0x00, 0x00, 0x00, 0x00, 0x00, 0x00, 0x00, 0x00,
    0x00, 0x00, 0x00, 0x00, 0x00, 0x00, 0x00, 0x00, 0x00, 0x00, 0x00, 0x00,
    0x00, 0x00, 0x00, 0x00, 0x00, 0x00, 0x00, 0x00, 0x00, 0x00, 0x00, 0x00,
    0x00, 0x00, 0x00, 0x00, 0x00, 0x00, 0x00, 0x00, 0x00, 0x00, 0x00, 0x00,
    0x00, 0x00, 0x00, 0x00, 0x00, 0x00, 0x00, 0x00, 0x00, 0x00, 0x00, 0x00,
    0x00, 0x00, 0x00, 0x00, 0x00, 0x00, 0x00, 0x00, 0x00, 0x00, 0x00, 0x00,
    0x00, 0x00, 0x00, 0x00, 0x00, 0x00, 0x00, 0x00, 0x00, 0x00, 0x00, 0x00,
    0x00, 0x00, 0x00, 0x00, 0x00, 0x00, 0x00, 0x00, 0x00, 0x00, 0x00, 0x00,
    0x01, 0x00, 0x00, 0x00, 0x00, 0x00, 0x21, 0x00, 0x00, 0x00, 0x20, 0x08,
    0x20, 0x00, 0x20, 0x08, 0x41, 0x08, 0x41, 0x08, 0x61, 0x08, 0x61, 0x10,
    0x61, 0x10, 0x81, 0x10, 0x81, 0x18, 0xa2, 0x18, 0xa2, 0x18, 0xa2, 0x18,
    0xa2, 0x18, 0xc2, 0x18, 0xc2, 0x18, 0xc2, 0x18, 0xc2, 0x20, 0xc2, 0x18,
    0xe2, 0x20, 0xc2, 0x18, 0xc2, 0x18, 0xc2, 0x20, 0xc2, 0x18, 0xa2, 0x18,
    0xa2, 0x18, 0xa2, 0x18, 0xa2, 0x18, 0x81, 0x10, 0x81, 0x10, 0x61, 0x10,
    0x61, 0x10, 0x41, 0x08, 0x41, 0x08, 0x21, 0x08, 0x20, 0x08, 0x20, 0x00,
    0x20, 0x00, 0x20, 0x00, 0x01, 0x00, 0x00, 0x00, 0x00, 0x00, 0x00, 0x00,
    0x00, 0x00, 0x00, 0x00, 0x00, 0x00, 0x00, 0x00, 0x00, 0x00, 0x00, 0x00,
    0x00, 0x00, 0x00, 0x00, 0x00, 0x00, 0x00, 0x00, 0x00, 0x00, 0x00, 0x00,
    0x00, 0x00, 0x00, 0x00, 0x00, 0x00, 0x00, 0x00, 0x00, 0x00, 0x00, 0x00,
    0x00, 0x00, 0x00, 0x00, 0x00, 0x00, 0x00, 0x00, 0x00, 0x00, 0x00, 0x00,
    0x00, 0x00, 0x00, 0x00, 0x00, 0x00, 0x00, 0x00, 0x00, 0x00, 0x00, 0x00,
    0x00, 0x00, 0x00, 0x00, 0x00, 0x00, 0x00, 0x00, 0x00, 0x00, 0x00, 0x00,
    0x00, 0x00, 0x00, 0x00, 0x00, 0x00, 0x00, 0x00, 0x00, 0x00, 0x00, 0x00,
    0x00, 0x00, 0x00, 0x00, 0x00, 0x00, 0x00, 0x00, 0x00, 0x00, 0x00, 0x00,
    0x00, 0x00, 0x00, 0x00, 0x00, 0x00, 0x00, 0x00, 0x00, 0x00, 0x00, 0x00,
    0x00, 0x00, 0x00, 0x00, 0x00, 0x00, 0x00, 0x00, 0x00, 0x00, 0x00, 0x00,
    0x00, 0x00, 0x00, 0x00, 0x00, 0x00, 0x00, 0x00, 0x00, 0x00, 0x00, 0x00,
    0x00, 0x00, 0x00, 0x00, 0x00, 0x00, 0x00, 0x00, 0x00, 0x00, 0x00, 0x00,
    0x00, 0x00, 0x00, 0x00, 0x00, 0x00, 0x00, 0x00, 0x00, 0x00, 0x20, 0x00,
    0x20, 0x00, 0x20, 0x08, 0x20, 0x08, 0x21, 0x08, 0x20, 0x08, 0x41, 0x08,
    0x41, 0x08, 0x41, 0x08, 0x61, 0x10, 0x61, 0x10, 0x61, 0x10, 0x81, 0x10,
    0x61, 0x10, 0x81, 0x10, 0x81, 0x10, 0x81, 0x10, 0x81, 0x10, 0x81, 0x10,
    0x81, 0x10, 0x81, 0x18, 0x81, 0x10, 0x81, 0x10, 0x81, 0x10, 0x61, 0x10,
    0x81, 0x10, 0x61, 0x10, 0x61, 0x10, 0x61, 0x08, 0x41, 0x08, 0x41, 0x08,
    0x41, 0x08, 0x20, 0x08, 0x20, 0x08, 0x20, 0x08, 0x20, 0x00, 0x00, 0x08,
    0x20, 0x00, 0x00, 0x00, 0x00, 0x08, 0x00, 0x00, 0x00, 0x00, 0x00, 0x00,
    0x00, 0x00, 0x00, 0x00, 0x00, 0x00, 0x00, 0x00, 0x00, 0x00, 0x00, 0x00,
    0x00, 0x00, 0x00, 0x00, 0x00, 0x00, 0x00, 0x00, 0x00, 0x00, 0x00, 0x00,
    0x00, 0x00, 0x00, 0x00, 0x00, 0x00, 0x00, 0x00, 0x00, 0x00, 0x00, 0x00,
    0x00, 0x00, 0x00, 0x00, 0x00, 0x00, 0x00, 0x00, 0x00, 0x00, 0x00, 0x00,
    0x00, 0x00, 0x00, 0x00, 0x00, 0x00, 0x00, 0x00, 0x00, 0x00, 0x00, 0x00,
    0x00, 0x00, 0x00, 0x00, 0x00, 0x00, 0x00, 0x00, 0x00, 0x00, 0x00, 0x00,
    0x00, 0x00, 0x00, 0x00, 0x00, 0x00, 0x00, 0x00, 0x00, 0x00, 0x00, 0x00,
    0x00, 0x00, 0x00, 0x00, 0x00, 0x00, 0x00, 0x00, 0x00, 0x00, 0x00, 0x00,
    0x00, 0x00, 0x00, 0x00, 0x00, 0x00, 0x00, 0x00, 0x00, 0x00, 0x00, 0x00,
    0x00, 0x00, 0x00, 0x00, 0x00, 0x00, 0x00, 0x00, 0x00, 0x00, 0x00, 0x00,
    0x00, 0x00, 0x00, 0x00, 0x00, 0x00, 0x00, 0x00, 0x00, 0x00, 0x00, 0x00,
    0x00, 0x00, 0x00, 0x00, 0x00, 0x00, 0x00, 0x00, 0x00, 0x00, 0x00, 0x00,
    0x00, 0x00, 0x00, 0x00, 0x00, 0x00, 0x00, 0x00, 0x00, 0x00, 0x00, 0x00,
    0x01, 0x00, 0x00, 0x00, 0x20, 0x00, 0x20, 0x00, 0x20, 0x00, 0x20, 0x08,
    0x20, 0x08, 0x21, 0x08, 0x40, 0x08, 0x41, 0x08, 0x41, 0x08, 0x40, 0x08,
    0x41, 0x08, 0x41, 0x10, 0x41, 0x10, 0x41, 0x10, 0x61, 0x10, 0x61, 0x10,
    0x61, 0x10, 0x61, 0x10, 0x41, 0x10, 0x41, 0x10, 0x41, 0x08, 0x41, 0x08,
    0x40, 0x08, 0x41, 0x08, 0x41, 0x08, 0x40, 0x08, 0x21, 0x08, 0x20, 0x08,
    0x20, 0x00, 0x21, 0x00, 0x20, 0x00, 0x20, 0x00, 0x00, 0x00, 0x21, 0x00,
    0x00, 0x00, 0x00, 0x00, 0x00, 0x00, 0x00, 0x00, 0x00, 0x00, 0x00, 0x00,
    0x00, 0x00, 0x00, 0x00, 0x00, 0x00, 0x00, 0x00, 0x00, 0x00, 0x00, 0x00,
    0x00, 0x00, 0x00, 0x00, 0x00, 0x00, 0x00, 0x00, 0x00, 0x00, 0x00, 0x00,
    0x00, 0x00, 0x00, 0x00, 0x00, 0x00, 0x00, 0x00, 0x00, 0x00, 0x00, 0x00,
    0x00, 0x00, 0x00, 0x00, 0x00, 0x00, 0x00, 0x00, 0x00, 0x00, 0x00, 0x00,
    0x00, 0x00, 0x00, 0x00, 0x00, 0x00, 0x00, 0x00, 0x00, 0x00, 0x00, 0x00,
    0x00, 0x00, 0x00, 0x00, 0x00, 0x00, 0x00, 0x00, 0x00, 0x00, 0x00, 0x00,
    0x00, 0x00, 0x00, 0x00, 0x00, 0x00, 0x00, 0x00, 0x00, 0x00, 0x00, 0x00,
    0x00, 0x00, 0x00, 0x00, 0x00, 0x00, 0x00, 0x00, 0x00, 0x00, 0x00, 0x00,
    0x00, 0x00, 0x00, 0x00, 0x00, 0x00, 0x00, 0x00, 0x00, 0x00, 0x00, 0x00,
    0x00, 0x00, 0x00, 0x00, 0x00, 0x00, 0x00, 0x00, 0x00, 0x00, 0x00, 0x00,
    0x00, 0x00, 0x00, 0x00, 0x00, 0x00, 0x00, 0x00, 0x00, 0x00, 0x00, 0x00,
    0x00, 0x00, 0x00, 0x00, 0x00, 0x00, 0x00, 0x00, 0x00, 0x00, 0x00, 0x00,
    0x00, 0x00, 0x00, 0x00, 0x00, 0x00, 0x00, 0x00, 0x00, 0x00, 0x00, 0x00,
    0x00, 0x00, 0x00, 0x00, 0x00, 0x00, 0x00, 0x00, 0x20, 0x00, 0x00, 0x00,
    0x20, 0x00, 0x20, 0x00, 0x20, 0x00, 0x20, 0x08, 0x20, 0x08, 0x20, 0x00,
    0x21, 0x08, 0x20, 0x08, 0x20, 0x08, 0x21, 0x08, 0x40, 0x08, 0x21, 0x08,
    0x20, 0x08, 0x41, 0x08, 0x20, 0x08, 0x20, 0x08, 0x21, 0x08, 0x20, 0x08,
    0x20, 0x08, 0x20, 0x08, 0x20, 0x08, 0x20, 0x00, 0x20, 0x08, 0x00, 0x00,
    0x00, 0x00, 0x20, 0x00, 0x00, 0x00, 0x00, 0x00, 0x00, 0x00, 0x00, 0x00,
    0x00, 0x00, 0x00, 0x00, 0x00, 0x00, 0x00, 0x00, 0x00, 0x00, 0x00, 0x00,
    0x00, 0x00, 0x00, 0x00, 0x00, 0x00, 0x00, 0x00, 0x00, 0x00, 0x00, 0x00,
    0x00, 0x00, 0x00, 0x00, 0x00, 0x00, 0x00, 0x00, 0x00, 0x00, 0x00, 0x00,
    0x00, 0x00, 0x00, 0x00, 0x00, 0x00, 0x00, 0x00, 0x00, 0x00, 0x00, 0x00,
    0x00, 0x00, 0x00, 0x00, 0x00, 0x00, 0x00, 0x00, 0x00, 0x00, 0x00, 0x00,
    0x00, 0x00, 0x00, 0x00, 0x00, 0x00, 0x00, 0x00, 0x00, 0x00, 0x00, 0x00,
    0x00, 0x00, 0x00, 0x00, 0x00, 0x00, 0x00, 0x00, 0x00, 0x00, 0x00, 0x00,
    0x00, 0x00, 0x00, 0x00, 0x00, 0x00, 0x00, 0x00, 0x00, 0x00, 0x00, 0x00,
    0x00, 0x00, 0x00, 0x00, 0x00, 0x00, 0x00, 0x00, 0x00, 0x00, 0x00, 0x00,
    0x00, 0x00, 0x00, 0x00, 0x00, 0x00, 0x00, 0x00, 0x00, 0x00, 0x00, 0x00,
    0x00, 0x00, 0x00, 0x00, 0x00, 0x00, 0x00, 0x00, 0x00, 0x00, 0x00, 0x00,
    0x00, 0x00, 0x00, 0x00, 0x00, 0x00, 0x00, 0x00, 0x00, 0x00, 0x00, 0x00,
    0x00, 0x00, 0x00, 0x00, 0x00, 0x00, 0x00, 0x00, 0x00, 0x00, 0x00, 0x00,
    0x00, 0x00, 0x00, 0x00, 0x00, 0x00, 0x00, 0x00, 0x00, 0x00, 0x00, 0x00,
    0x00, 0x00, 0x20, 0x00, 0x00, 0x00, 0x01, 0x00, 0x00, 0x00, 0x20, 0x00,
    0x00, 0x00, 0x01, 0x00, 0x20, 0x00, 0x00, 0x00, 0x20, 0x00, 0x20, 0x00,
    0x20, 0x08, 0x20, 0x00, 0x20, 0x00, 0x20, 0x00, 0x20, 0x00, 0x20, 0x00,
    0x20, 0x00, 0x20, 0x00, 0x20, 0x00, 0x20, 0x00, 0x20, 0x00, 0x20, 0x08,
    0x20, 0x00, 0x21, 0x00, 0x00, 0x00, 0x00, 0x00, 0x20, 0x00, 0x20, 0x00,
    0x00, 0x08, 0x00, 0x00, 0x00, 0x00, 0x01, 0x08, 0x00, 0x00, 0x00, 0x00,
    0x00, 0x00, 0x00, 0x00, 0x00, 0x00, 0x00, 0x00, 0x00, 0x00, 0x00, 0x00,
    0x00, 0x00, 0x00, 0x00, 0x00, 0x00, 0x00, 0x00, 0x00, 0x00, 0x00, 0x00,
    0x00, 0x00, 0x00, 0x00, 0x00, 0x00, 0x00, 0x00, 0x00, 0x00, 0x00, 0x00,
    0x00, 0x00, 0x00, 0x00, 0x00, 0x00, 0x00, 0x00, 0x00, 0x00, 0x00, 0x00,
    0x00, 0x00, 0x00, 0x00, 0x00, 0x00, 0x00, 0x00, 0x00, 0x00, 0x00, 0x00,
    0x00, 0x00, 0x00, 0x00, 0x00, 0x00, 0x00, 0x00, 0x00, 0x00, 0x00, 0x00,
    0x00, 0x00, 0x00, 0x00, 0x00, 0x00, 0x00, 0x00, 0x00, 0x00, 0x00, 0x00,
    0x00, 0x00, 0x00, 0x00, 0x00, 0x00, 0x00, 0x00, 0x00, 0x00, 0x00, 0x00,
    0x00, 0x00, 0x00, 0x00, 0x00, 0x00, 0x00, 0x00, 0x00, 0x00, 0x00, 0x00,
    0x00, 0x00, 0x00, 0x00, 0x00, 0x00, 0x00, 0x00, 0x00, 0x00, 0x00, 0x00,
    0x00, 0x00, 0x00, 0x00, 0x00, 0x00, 0x00, 0x00, 0x00, 0x00, 0x00, 0x00,
    0x00, 0x00, 0x00, 0x00, 0x00, 0x00, 0x00, 0x00, 0x00, 0x00, 0x00, 0x00,
    0x00, 0x00, 0x00, 0x00, 0x00, 0x00, 0x00, 0x00, 0x00, 0x00, 0x00, 0x00,
    0x00, 0x00, 0x00, 0x00, 0x00, 0x00, 0x00, 0x00, 0x00, 0x00, 0x00, 0x00,
    0x00, 0x00, 0x00, 0x00, 0x00, 0x00, 0x00, 0x00, 0x00, 0x00, 0x00, 0x08,
    0x00, 0x00, 0x00, 0x00, 0x00, 0x00, 0x00, 0x00, 0x01, 0x00, 0x00, 0x00,
    0x00, 0x00, 0x00, 0x00, 0x00, 0x00, 0x00, 0x00, 0x00, 0x00, 0x00, 0x00,
    0x00, 0x00, 0x00, 0x00, 0x00, 0x00, 0x00, 0x00, 0x00, 0x00, 0x00, 0x00,
    0x00, 0x00, 0x00, 0x00, 0x00, 0x00, 0x00, 0x00, 0x01, 0x00, 0x00, 0x00,
    0x00, 0x00, 0x00, 0x00, 0x00, 0x00, 0x00, 0x00, 0x00, 0x00, 0x00, 0x00,
    0x00, 0x00, 0x00, 0x00, 0x00, 0x00, 0x00, 0x00, 0x00, 0x00, 0x00, 0x00,
    0x00, 0x00, 0x00, 0x00, 0x00, 0x00, 0x00, 0x00, 0x00, 0x00, 0x00, 0x00,
    0x00, 0x00, 0x00, 0x00, 0x00, 0x00, 0x00, 0x00, 0x00, 0x00, 0x00, 0x00,
    0x00, 0x00, 0x00, 0x00, 0x00, 0x00, 0x00, 0x00, 0x00, 0x00, 0x00, 0x00,
    0x00, 0x00, 0x00, 0x00, 0x00, 0x00, 0x00, 0x00, 0x00, 0x00, 0x00, 0x00,
    0x00, 0x00, 0x00, 0x00, 0x00, 0x00, 0x00, 0x00, 0x00, 0x00, 0x00, 0x00,
    0x00, 0x00, 0x00, 0x00, 0x00, 0x00, 0x00, 0x00, 0x00, 0x00, 0x00, 0x00,
    0x00, 0x00, 0x00, 0x00, 0x00, 0x00, 0x00, 0x00, 0x00, 0x00, 0x00, 0x00,
    0x00, 0x00, 0x00, 0x00, 0x00, 0x00, 0x00, 0x00, 0x00, 0x00, 0x00, 0x00,
    0x00, 0x00, 0x00, 0x00, 0x00, 0x00, 0x00, 0x00, 0x00, 0x00, 0x00, 0x00,
    0x00, 0x00, 0x00, 0x00, 0x00, 0x00, 0x00, 0x00, 0x00, 0x00, 0x00, 0x00,
    0x00, 0x00, 0x00, 0x00, 0x00, 0x00, 0x00, 0x00, 0x00, 0x00, 0x00, 0x00,
    0x00, 0x00, 0x00, 0x00, 0x00, 0x00, 0x00, 0x00, 0x00, 0x00, 0x00, 0x00,
    0x00, 0x00, 0x00, 0x00, 0x00, 0x00, 0x00, 0x00, 0x00, 0x00, 0x00, 0x00,
    0x00, 0x00, 0x00, 0x00, 0x00, 0x00, 0x00, 0x00, 0x00, 0x00, 0x00, 0x00,
    0x00, 0x00, 0x00, 0x00, 0x00, 0x00, 0x00, 0x00, 0x00, 0x00, 0x00, 0x00,
    0x20, 0x00, 0x01, 0x00, 0x00, 0x00, 0x20, 0x08, 0x01, 0x00, 0x00, 0x00,
    0x00, 0x00, 0x01, 0x08, 0x00, 0x00, 0x00, 0x00, 0x01, 0x00, 0x20, 0x00,
    0x00, 0x00, 0x00, 0x00, 0x00, 0x00, 0x00, 0x00, 0x00, 0x00, 0x00, 0x00,
    0x00, 0x00, 0x00, 0x00, 0x00, 0x00, 0x00, 0x00, 0x00, 0x00, 0x00, 0x00,
    0x00, 0x00, 0x00, 0x00, 0x00, 0x00, 0x00, 0x00, 0x00, 0x00, 0x00, 0x00,
    0x00, 0x00, 0x00, 0x00, 0x00, 0x00, 0x00, 0x00, 0x00, 0x00, 0x00, 0x00,
    0x00, 0x00, 0x00, 0x00, 0x00, 0x00, 0x00, 0x00, 0x00, 0x00, 0x00, 0x00,
    0x00, 0x00, 0x00, 0x00, 0x00, 0x00, 0x00, 0x00, 0x00, 0x00, 0x00, 0x00,
    0x00, 0x00, 0x00, 0x00, 0x00, 0x00, 0x00, 0x00, 0x00, 0x00, 0x00, 0x00,
    0x00, 0x00, 0x00, 0x00, 0x00, 0x00, 0x00, 0x00, 0x00, 0x00, 0x00, 0x00,
    0x00, 0x00, 0x00, 0x00, 0x00, 0x00, 0x00, 0x00, 0x00, 0x00, 0x00, 0x00,
    0x00, 0x00, 0x00, 0x00, 0x00, 0x00, 0x00, 0x00, 0x00, 0x00, 0x00, 0x00,
    0x00, 0x00, 0x00, 0x00, 0x00, 0x00, 0x00, 0x00, 0x00, 0x00, 0x00, 0x00,
    0x00, 0x00, 0x00, 0x00, 0x00, 0x00, 0x00, 0x00, 0x00, 0x00, 0x00, 0x00,
    0x00, 0x00, 0x00, 0x00, 0x00, 0x00, 0x00, 0x00, 0x00, 0x00, 0x00, 0x00,
    0x00, 0x00, 0x00, 0x00, 0x00, 0x00, 0x00, 0x00, 0x00, 0x00, 0x00, 0x00,
    0x00, 0x00, 0x00, 0x00, 0x00, 0x00, 0x00, 0x00, 0x00, 0x00, 0x00, 0x00,
    0x00, 0x00, 0x00, 0x00, 0x00, 0x00, 0x00, 0x00, 0x00, 0x00, 0x00, 0x00,
    0x00, 0x00, 0x00, 0x00, 0x00, 0x00, 0x00, 0x00, 0x00, 0x00, 0x00, 0x00,
    0x00, 0x00, 0x00, 0x00, 0x00, 0x00, 0x00, 0x00, 0x00, 0x00, 0x00, 0x00,
    0x00, 0x00, 0x00, 0x00, 0x00, 0x00, 0x00, 0x00, 0x00, 0x00, 0x00, 0x00,
    0x00, 0x00, 0x00, 0x00, 0x00, 0x00, 0x00, 0x00, 0x00, 0x00, 0x00, 0x00,
    0x00, 0x00, 0x00, 0x00, 0x00, 0x00, 0x00, 0x00, 0x00, 0x00, 0x00, 0x00,
    0x00, 0x00, 0x00, 0x00, 0x00, 0x00, 0x00, 0x00, 0x00, 0x00, 0x00, 0x00,
    0x00, 0x00, 0x00, 0x00, 0x00, 0x00, 0x00, 0x00, 0x00, 0x00, 0x00, 0x00,
    0x00, 0x00, 0x00, 0x00, 0x00, 0x00, 0x00, 0x00, 0x00, 0x00, 0x00, 0x00,
    0x00, 0x00, 0x00, 0x00, 0x00, 0x00, 0x00, 0x00, 0x00, 0x00, 0x00, 0x00,
    0x00, 0x00, 0x00, 0x00, 0x00, 0x00, 0x00, 0x00, 0x00, 0x00, 0x00, 0x00,
    0x00, 0x00, 0x00, 0x00, 0x00, 0x00, 0x00, 0x00, 0x00, 0x00, 0x00, 0x00,
    0x00, 0x00, 0x00, 0x00, 0x00, 0x00, 0x00, 0x00, 0x00, 0x00, 0x00, 0x00,
    0x00, 0x00, 0x00, 0x00, 0x00, 0x00, 0x00, 0x00, 0x00, 0x00, 0x00, 0x00,
    0x00, 0x00, 0x00, 0x00, 0x00, 0x00, 0x00, 0x00, 0x00, 0x00, 0x00, 0x00,
    0x00, 0x00, 0x00, 0x00, 0x00, 0x00, 0x00, 0x00, 0x00, 0x00, 0x00, 0x00,
    0x00, 0x00, 0x00, 0x00, 0x00, 0x00, 0x00, 0x00, 0x00, 0x00, 0x00, 0x00,
    0x00, 0x00, 0x00, 0x00, 0x00, 0x00, 0x00, 0x00, 0x00, 0x00, 0x00, 0x00,
    0x00, 0x00, 0x00, 0x00, 0x00, 0x00, 0x00, 0x00, 0x00, 0x00, 0x00, 0x00,
    0x00, 0x00, 0x00, 0x00, 0x00, 0x00, 0x00, 0x00, 0x00, 0x00, 0x00, 0x00,
    0x00, 0x00, 0x00, 0x00, 0x00, 0x00, 0x00, 0x00, 0x00, 0x00, 0x00, 0x00,
    0x00, 0x00, 0x00, 0x00, 0x00, 0x00, 0x00, 0x00, 0x00, 0x00, 0x00, 0x00,
    0x00, 0x00, 0x00, 0x00, 0x00, 0x00, 0x00, 0x00, 0x00, 0x00, 0x00, 0x00,
    0x00, 0x00, 0x00, 0x00, 0x00, 0x00, 0x00, 0x00, 0x00, 0x00, 0x00, 0x00,
    0x00, 0x00, 0x00, 0x00, 0x00, 0x00, 0x00, 0x00, 0x00, 0x00, 0x00, 0x00,
    0x00, 0x00, 0x00, 0x00, 0x00, 0x00, 0x00, 0x00, 0x00, 0x00, 0x00, 0x00,
    0x00, 0x00, 0x00, 0x00, 0x00, 0x00, 0x00, 0x00, 0x00, 0x00, 0x00, 0x00,
    0x00, 0x00, 0x00, 0x00, 0x00, 0x00, 0x00, 0x00, 0x00, 0x00, 0x00, 0x00,
    0x00, 0x00, 0x00, 0x00, 0x00, 0x00, 0x00, 0x00, 0x00, 0x00, 0x00, 0x00,
    0x00, 0x00, 0x00, 0x00, 0x00, 0x00, 0x00, 0x00, 0x00, 0x00, 0x00, 0x00,
    0x00, 0x00, 0x00, 0x00, 0x00, 0x00, 0x00, 0x00, 0x00, 0x00, 0x00, 0x00,
    0x00, 0x00, 0x00, 0x00, 0x00, 0x00, 0x00, 0x00, 0x00, 0x00, 0x00, 0x00,
    0x00, 0x00, 0x00, 0x00, 0x00, 0x00, 0x00, 0x00, 0x00, 0x00, 0x00, 0x00,
    0x00, 0x00, 0x00, 0x00, 0x00, 0x00, 0x00, 0x00, 0x00, 0x00, 0x00, 0x00,
    0x00, 0x00, 0x00, 0x00, 0x00, 0x00, 0x00, 0x00, 0x00, 0x00, 0x00, 0x00,
    0x00, 0x00, 0x00, 0x00, 0x00, 0x00, 0x00, 0x00, 0x00, 0x00, 0x00, 0x00,
    0x00, 0x00, 0x00, 0x00, 0x00, 0x00, 0x00, 0x00, 0x00, 0x00, 0x00, 0x00,
    0x00, 0x00, 0x00, 0x00, 0x00, 0x00, 0x00, 0x00, 0x00, 0x00, 0x00, 0x00,
    0x00, 0x00, 0x00, 0x00, 0x00, 0x00, 0x00, 0x00, 0x00, 0x00, 0x00, 0x00,
    0x00, 0x00, 0x00, 0x00, 0x00, 0x00, 0x00, 0x00, 0x00, 0x00, 0x00, 0x00,
    0x00, 0x00, 0x00, 0x00, 0x00, 0x00, 0x00, 0x00, 0x00, 0x00, 0x00, 0x00,
    0x00, 0x00, 0x00, 0x00, 0x00, 0x00, 0x00, 0x00, 0x00, 0x00, 0x00, 0x00,
    0x00, 0x00, 0x00, 0x00, 0x00, 0x00, 0x00, 0x00, 0x00, 0x00, 0x00, 0x00,
    0x00, 0x00, 0x00, 0x00, 0x00, 0x00, 0x00, 0x00, 0x00, 0x00, 0x00, 0x00,
    0x00, 0x00, 0x00, 0x00, 0x00, 0x00, 0x00, 0x00, 0x00, 0x00, 0x00, 0x00,
    0x00, 0x00, 0x00, 0x00, 0x00, 0x00, 0x00, 0x00, 0x00, 0x00, 0x00, 0x00,
    0x00, 0x00, 0x00, 0x00, 0x00, 0x00, 0x00, 0x00, 0x00, 0x00, 0x00, 0x00,
    0x00, 0x00, 0x00, 0x00, 0x00, 0x00, 0x00, 0x00, 0x00, 0x00, 0x00, 0x00,
    0x00, 0x00, 0x00, 0x00, 0x00, 0x00, 0x00, 0x00, 0x00, 0x00, 0x00, 0x00,
    0x00, 0x00, 0x00, 0x00, 0x00, 0x00, 0x00, 0x00, 0x00, 0x00, 0x00, 0x00,
    0x00, 0x00, 0x00, 0x00, 0x00, 0x00, 0x00, 0x00, 0x00, 0x00, 0x00, 0x00,
    0x00, 0x00, 0x00, 0x00, 0x00, 0x00, 0x00, 0x00, 0x00, 0x00, 0x00, 0x00,
    0x00, 0x00, 0x00, 0x00, 0x00, 0x00, 0x00, 0x00, 0x00, 0x00, 0x00, 0x00,
    0x00, 0x00, 0x00, 0x00, 0x00, 0x00, 0x00, 0x00, 0x00, 0x00, 0x00, 0x00,
    0x00, 0x00, 0x00, 0x00, 0x00, 0x00, 0x00, 0x00, 0x00, 0x00, 0x00, 0x00,
    0x00, 0x00, 0x00, 0x00, 0x00, 0x00, 0x00, 0x00, 0x00, 0x00, 0x00, 0x00,
    0x00, 0x00, 0x00, 0x00, 0x00, 0x00, 0x00, 0x00, 0x00, 0x00, 0x00, 0x00,
    0x00, 0x00, 0x00, 0x00, 0x00, 0x00, 0x00, 0x00, 0x00, 0x00, 0x00, 0x00,
    0x00, 0x00, 0x00, 0x00, 0x00, 0x00, 0x00, 0x00, 0x00, 0x00, 0x00, 0x00,
    0x00, 0x00, 0x00, 0x00, 0x00, 0x00, 0x00, 0x00, 0x00, 0x00, 0x00, 0x00,
    0x00, 0x00, 0x00, 0x00, 0x00, 0x00, 0x00, 0x00, 0x00, 0x00, 0x00, 0x00,
    0x00, 0x00, 0x00, 0x00, 0x00, 0x00, 0x00, 0x00, 0x00, 0x00, 0x00, 0x00,
    0x00, 0x00, 0x00, 0x00, 0x00, 0x00, 0x00, 0x00, 0x00, 0x00, 0x00, 0x00,
    0x00, 0x00, 0x00, 0x00, 0x00, 0x00, 0x00, 0x00, 0x00, 0x00, 0x00, 0x00,
    0x00, 0x00, 0x00, 0x00, 0x00, 0x00, 0x00, 0x00, 0x00, 0x00, 0x00, 0x00,
    0x00, 0x00, 0x00, 0x00, 0x00, 0x00, 0x00, 0x00, 0x00, 0x00, 0x00, 0x00,
    0x00, 0x00, 0x00, 0x00, 0x00, 0x00, 0x00, 0x00, 0x00, 0x00, 0x00, 0x00,
    0x00, 0x00, 0x00, 0x00, 0x00, 0x00, 0x00, 0x00, 0x00, 0x00, 0x00, 0x00,
    0x00, 0x00, 0x00, 0x00, 0x00, 0x00, 0x00, 0x00, 0x00, 0x00, 0x00, 0x00,
    0x00, 0x00, 0x00, 0x00, 0x00, 0x00, 0x00, 0x00, 0x00, 0x00, 0x00, 0x00,
    0x00, 0x00, 0x00, 0x00, 0x00, 0x00, 0x00, 0x00, 0x00, 0x00, 0x00, 0x00,
    0x00, 0x00, 0x00, 0x00, 0x00, 0x00, 0x00, 0x00, 0x00, 0x00, 0x00, 0x00,
    0x00, 0x00, 0x00, 0x00, 0x00, 0x00, 0x00, 0x00, 0x00, 0x00, 0x00, 0x00,
    0x00, 0x00, 0x00, 0x00, 0x00, 0x00, 0x00, 0x00, 0x00, 0x00, 0x00, 0x00,
    0x00, 0x00, 0x00, 0x00, 0x00, 0x00, 0x00, 0x00, 0x00, 0x00, 0x00, 0x00,
    0x00, 0x00, 0x00, 0x00, 0x00, 0x00, 0x00, 0x00, 0x00, 0x00, 0x00, 0x00,
    0x00, 0x00, 0x00, 0x00, 0x00, 0x00, 0x00, 0x00, 0x00, 0x00, 0x00, 0x00,
    0x00, 0x00, 0x00, 0x00, 0x00, 0x00, 0x00, 0x00, 0x00, 0x00, 0x00, 0x00,
    0x00, 0x00, 0x00, 0x00, 0x00, 0x00, 0x00, 0x00, 0x00, 0x00, 0x00, 0x00,
    0x00, 0x00, 0x00, 0x00, 0x00, 0x00, 0x00, 0x00, 0x00, 0x00, 0x00, 0x00,
    0x00, 0x00, 0x00, 0x00, 0x00, 0x00, 0x00, 0x00, 0x00, 0x00, 0x00, 0x00,
    0x00, 0x00, 0x00, 0x00, 0x00, 0x00, 0x00, 0x00, 0x00, 0x00, 0x00, 0x00,
    0x00, 0x00, 0x00, 0x00, 0x00, 0x00, 0x00, 0x00, 0x00, 0x00, 0x00, 0x00,
    0x00, 0x00, 0x00, 0x00, 0x00, 0x00, 0x00, 0x00, 0x00, 0x00, 0x00, 0x00,
    0x00, 0x00, 0x00, 0x00, 0x00, 0x00, 0x00, 0x00, 0x00, 0x00, 0x00, 0x00,
    0x00, 0x00, 0x00, 0x00, 0x00, 0x00, 0x00, 0x00, 0x00, 0x00, 0x00, 0x00,
    0x00, 0x00, 0x00, 0x00, 0x00, 0x00, 0x00, 0x00, 0x00, 0x00, 0x00, 0x00,
    0x00, 0x00, 0x00, 0x00, 0x00, 0x00, 0x00, 0x00, 0x00, 0x00, 0x00, 0x00,
    0x00, 0x00, 0x00, 0x00, 0x00, 0x00, 0x00, 0x00, 0x00, 0x00, 0x00, 0x00,
    0x00, 0x00, 0x00, 0x00, 0x00, 0x00, 0x00, 0x00, 0x00, 0x00, 0x00, 0x00,
    0x00, 0x00, 0x00, 0x00, 0x00, 0x00, 0x00, 0x00, 0x00, 0x00, 0x00, 0x00,
    0x00, 0x00, 0x00, 0x00, 0x00, 0x00, 0x00, 0x00, 0x00, 0x00, 0x00, 0x00,
    0x00, 0x00, 0x00, 0x00, 0x00, 0x00, 0x00, 0x00, 0x00, 0x00, 0x00, 0x00,
    0x00, 0x00, 0x00, 0x00, 0x00, 0x00, 0x00, 0x00, 0x00, 0x00, 0x00, 0x00,
    0x00, 0x00, 0x00, 0x00, 0x00, 0x00, 0x00, 0x00, 0x00, 0x00, 0x00, 0x00,
    0x00, 0x00, 0x00, 0x00, 0x00, 0x00, 0x00, 0x00, 0x00, 0x00, 0x00, 0x00,
    0x00, 0x00, 0x00, 0x00, 0x00, 0x00, 0x00, 0x00, 0x00, 0x00, 0x00, 0x00,
    0x00, 0x00, 0x00, 0x00, 0x00, 0x00, 0x00, 0x00, 0x00, 0x00, 0x00, 0x00,
    0x00, 0x00, 0x00, 0x00, 0x00, 0x00, 0x00, 0x00, 0x00, 0x00, 0x00, 0x00,
    0x00, 0x00, 0x00, 0x00, 0x00, 0x00, 0x00, 0x00, 0x00, 0x00, 0x00, 0x00,
    0x00, 0x00, 0x00, 0x00, 0x00, 0x00, 0x00, 0x00, 0x00, 0x00, 0x00, 0x00,
    0x00, 0x00, 0x00, 0x00, 0x00, 0x00, 0x00, 0x00, 0x00, 0x00, 0x00, 0x00,
    0x00, 0x00, 0x00, 0x00, 0x00, 0x00, 0x00, 0x00, 0x00, 0x00, 0x00, 0x00,
    0x00, 0x00, 0x00, 0x00, 0x00, 0x00, 0x00, 0x00, 0x00, 0x00, 0x00, 0x00,
    0x00, 0x00, 0x00, 0x00, 0x00, 0x00, 0x00, 0x00, 0x00, 0x00, 0x00, 0x00,
    0x00, 0x00, 0x00, 0x00, 0x00, 0x00, 0x00, 0x00, 0x00, 0x00, 0x00, 0x00,
    0x00, 0x00, 0x00, 0x00, 0x00, 0x00, 0x00, 0x00, 0x00, 0x00, 0x00, 0x00,
    0x00, 0x00, 0x00, 0x00, 0x00, 0x00, 0x00, 0x00, 0x00, 0x00, 0x00, 0x00,
    0x00, 0x00, 0x00, 0x00, 0x00, 0x00, 0x00, 0x00, 0x00, 0x00, 0x00, 0x00,
    0x00, 0x00, 0x00, 0x00, 0x00, 0x00, 0x00, 0x00, 0x00, 0x00, 0x00, 0x00,
    0x00, 0x00, 0x00, 0x00, 0x00, 0x00, 0x00, 0x00, 0x00, 0x00, 0x00, 0x00,
    0x00, 0x00, 0x00, 0x00, 0x00, 0x00, 0x00, 0x00, 0x00, 0x00, 0x00, 0x00,
    0x00, 0x00, 0x00, 0x00, 0x00, 0x00, 0x00, 0x00, 0x00, 0x00, 0x00, 0x00,
    0x00, 0x00, 0x00, 0x00, 0x00, 0x00, 0x00, 0x00, 0x00, 0x00, 0x00, 0x00
};
