// 4.26.1 0x324566a8 D2 R0 FRGB565 U565 N0 SExtFlashSection
// Generated by imageconverter. Please, do not edit!

#include <touchgfx/hal/Config.hpp>

LOCATION_PRAGMA("ExtFlashSection")
KEEP extern const unsigned char image_miuyindelicateface_square_resized[] LOCATION_ATTRIBUTE("ExtFlashSection") = { // 240x240 RGB565 pixels.
    0xb1, 0xa4, 0xb1, 0xa4, 0xb1, 0xa4, 0x91, 0xa4, 0x91, 0xa4, 0xad, 0x8b,
    0x6b, 0x83, 0x4e, 0xa4, 0x8f, 0xac, 0x11, 0xc5, 0x10, 0xbd, 0x11, 0xc5,
    0x11, 0xc5, 0x11, 0xbd, 0x11, 0xc5, 0x11, 0xc5, 0x31, 0xc5, 0x11, 0xc5,
    0x11, 0xc5, 0x11, 0xc5, 0x11, 0xc5, 0x10, 0xc5, 0x11, 0xc5, 0x11, 0xc5,
    0x10, 0xc5, 0x11, 0xc5, 0x11, 0xc5, 0x10, 0xc5, 0x10, 0xc5, 0x11, 0xc5,
    0x10, 0xc5, 0x11, 0xc5, 0x11, 0xc5, 0x31, 0xc5, 0xaf, 0xb4, 0xcc, 0x93,
    0xee, 0x93, 0x70, 0xa4, 0x2f, 0x9c, 0x0e, 0x94, 0x70, 0xa4, 0x90, 0xac,
    0x90, 0xa4, 0xb1, 0xac, 0x90, 0xac, 0x90, 0xac, 0x90, 0xa4, 0x90, 0xac,
    0xb1, 0xac, 0xb1, 0xac, 0x90, 0xac, 0x70, 0xa4, 0x70, 0xa4, 0xb1, 0xac,
    0xd1, 0xac, 0x95, 0xcd, 0x16, 0xd6, 0x17, 0xd6, 0x37, 0xde, 0x37, 0xde,
    0x37, 0xd6, 0x17, 0xd6, 0xb4, 0xcd, 0xf2, 0xbc, 0x37, 0xe6, 0x57, 0xde,
    0x57, 0xe6, 0x57, 0xe6, 0x36, 0xde, 0x16, 0xde, 0x36, 0xde, 0x36, 0xde,
    0x36, 0xde, 0x36, 0xde, 0x16, 0xde, 0x16, 0xde, 0x16, 0xde, 0x36, 0xde,
    0x16, 0xd6, 0x16, 0xde, 0x16, 0xde, 0x16, 0xde, 0x16, 0xde, 0x36, 0xde,
    0x36, 0xde, 0x37, 0xde, 0x37, 0xde, 0x36, 0xde, 0x16, 0xde, 0x37, 0xde,
    0x78, 0xe6, 0xb9, 0xe6, 0xb9, 0xe6, 0xb9, 0xe6, 0xb9, 0xe6, 0xb9, 0xe6,
    0xb9, 0xee, 0xb9, 0xe6, 0x78, 0xe6, 0x37, 0xde, 0xb4, 0xcd, 0x16, 0xd6,
    0x57, 0xe6, 0x57, 0xde, 0x98, 0xe6, 0x57, 0xe6, 0x57, 0xde, 0x57, 0xe6,
    0x57, 0xde, 0x77, 0xe6, 0x98, 0xee, 0x57, 0xe6, 0x57, 0xde, 0x57, 0xe6,
    0x57, 0xde, 0x57, 0xde, 0x57, 0xe6, 0x57, 0xe6, 0x57, 0xde, 0x57, 0xde,
    0x57, 0xde, 0x57, 0xde, 0x57, 0xe6, 0xb4, 0xcd, 0x0e, 0x94, 0x4f, 0xa4,
    0x53, 0xc5, 0x53, 0xc5, 0x53, 0xc5, 0xf5, 0xd5, 0xb5, 0xd5, 0xb0, 0xac,
    0xf6, 0xd5, 0x57, 0xe6, 0x57, 0xe6, 0x57, 0xde, 0x57, 0xde, 0x57, 0xde,
    0x57, 0xde, 0xd5, 0xcd, 0xf1, 0xb4, 0x12, 0xbd, 0x74, 0xc5, 0x57, 0xde,
    0x57, 0xe6, 0x57, 0xde, 0x57, 0xde, 0x57, 0xde, 0x57, 0xde, 0x37, 0xde,
    0x37, 0xde, 0x57, 0xde, 0x57, 0xde, 0x57, 0xe6, 0x57, 0xe6, 0x57, 0xe6,
    0x78, 0xe6, 0x57, 0xde, 0x57, 0xe6, 0x57, 0xe6, 0x57, 0xde, 0x57, 0xde,
    0x57, 0xe6, 0x57, 0xde, 0x57, 0xde, 0x57, 0xe6, 0x37, 0xde, 0x37, 0xde,
    0x37, 0xde, 0x57, 0xde, 0x16, 0xd6, 0x53, 0xc5, 0x12, 0xb5, 0x94, 0xcd,
    0x33, 0xbd, 0xd1, 0xb4, 0xf2, 0xb4, 0xf2, 0xb4, 0xd1, 0xb4, 0xd1, 0xac,
    0xd1, 0xac, 0xd1, 0xac, 0xb1, 0xac, 0xce, 0x8b, 0x6f, 0xa4, 0xb4, 0xcd,
    0x57, 0xde, 0x57, 0xde, 0x37, 0xde, 0x36, 0xde, 0x16, 0xde, 0x16, 0xde,
    0x16, 0xd6, 0x37, 0xde, 0x36, 0xde, 0x36, 0xde, 0x16, 0xd6, 0xb5, 0xcd,
    0x36, 0xde, 0x36, 0xde, 0x17, 0xde, 0x37, 0xde, 0x78, 0xe6, 0x77, 0xe6,
    0x77, 0xe6, 0x53, 0xbd, 0x12, 0xb5, 0x12, 0xbd, 0x33, 0xbd, 0xf2, 0xb4,
    0xb0, 0xac, 0xad, 0x8b, 0xce, 0x93, 0xee, 0x8b, 0xee, 0x93, 0xb1, 0xb4,
    0x17, 0xde, 0x98, 0xe6, 0x98, 0xe6, 0x99, 0xe6, 0x99, 0xe6, 0x16, 0xd6,
    0xf1, 0xb4, 0x37, 0xde, 0x57, 0xde, 0x57, 0xde, 0x57, 0xde, 0x94, 0xc5,
    0xb1, 0xac, 0xb1, 0xac, 0xd1, 0xb4, 0xd1, 0xac, 0xd1, 0xac, 0xb1, 0xac,
    0xce, 0x8b, 0xeb, 0x6a, 0x4c, 0x73, 0xeb, 0x6a, 0xca, 0x62, 0xaa, 0x62,
    0xb1, 0xa4, 0xb2, 0xa4, 0xb2, 0xa4, 0xb1, 0xa4, 0x0f, 0x94, 0x4b, 0x83,
    0x8f, 0xac, 0xf0, 0xbc, 0x10, 0xc5, 0xf1, 0xc4, 0x11, 0xc5, 0x11, 0xc5,
    0x10, 0xbd, 0x11, 0xc5, 0x10, 0xc5, 0x11, 0xc5, 0x11, 0xc5, 0x10, 0xc5,
    0x11, 0xc5, 0x10, 0xc5, 0x11, 0xc5, 0x11, 0xc5, 0x10, 0xc5, 0x11, 0xc5,
    0x11, 0xc5, 0x10, 0xc5, 0x11, 0xc5, 0x31, 0xc5, 0x11, 0xc5, 0x10, 0xc5,
    0x11, 0xc5, 0x11, 0xc5, 0x11, 0xc5, 0x10, 0xc5, 0x2e, 0xa4, 0x6c, 0x7b,
    0x4f, 0x9c, 0x4f, 0x9c, 0x0e, 0x94, 0x4f, 0x9c, 0x90, 0xac, 0x90, 0xa4,
    0xb1, 0xac, 0xb1, 0xac, 0x90, 0xac, 0x91, 0xa4, 0xb0, 0xac, 0xb0, 0xa4,
    0x90, 0xa4, 0x90, 0xa4, 0x90, 0xac, 0xd1, 0xb4, 0xf2, 0xb4, 0xb1, 0xac,
    0x53, 0xc5, 0xf6, 0xd5, 0x17, 0xd6, 0x37, 0xd6, 0x37, 0xde, 0x37, 0xde,
    0x17, 0xde, 0xb5, 0xd5, 0x90, 0xac, 0x37, 0xde, 0x57, 0xde, 0x57, 0xde,
    0x57, 0xde, 0x57, 0xe6, 0x37, 0xde, 0x36, 0xde, 0x36, 0xde, 0x36, 0xde,
    0x16, 0xde, 0x16, 0xde, 0x36, 0xde, 0x36, 0xde, 0x16, 0xde, 0x16, 0xde,
    0x36, 0xde, 0x36, 0xde, 0x16, 0xde, 0x36, 0xde, 0x16, 0xd6, 0x36, 0xde,
    0x36, 0xde, 0x37, 0xde, 0x37, 0xd6, 0x37, 0xde, 0x36, 0xd6, 0x99, 0xe6,
    0x99, 0xe6, 0xb9, 0xe6, 0xb9, 0xe6, 0xb9, 0xe6, 0xb9, 0xe6, 0xb9, 0xee,
    0xb9, 0xe6, 0x98, 0xe6, 0x57, 0xde, 0x36, 0xde, 0x70, 0xa4, 0xd5, 0xcd,
    0x77, 0xe6, 0xb9, 0xee, 0x57, 0xde, 0x57, 0xe6, 0x77, 0xe6, 0x78, 0xe6,
    0x78, 0xde, 0x98, 0xe6, 0x36, 0xde, 0x57, 0xde, 0x57, 0xe6, 0x57, 0xe6,
    0x57, 0xde, 0x57, 0xe6, 0x57, 0xde, 0x57, 0xde, 0x57, 0xe6, 0x57, 0xe6,
    0x57, 0xe6, 0x57, 0xe6, 0xd5, 0xd5, 0xad, 0x8b, 0x4f, 0xa4, 0x33, 0xc5,
    0x53, 0xbd, 0x33, 0xbd, 0xd5, 0xd5, 0xd5, 0xd5, 0x94, 0xcd, 0x36, 0xde,
    0x57, 0xde, 0x57, 0xe6, 0x57, 0xde, 0x57, 0xe6, 0x57, 0xe6, 0x57, 0xe6,
    0x57, 0xde, 0x16, 0xde, 0x94, 0xcd, 0xd5, 0xd5, 0x57, 0xde, 0x57, 0xde,
    0x57, 0xe6, 0x57, 0xde, 0x57, 0xde, 0x57, 0xe6, 0x57, 0xe6, 0x37, 0xde,
    0x57, 0xde, 0x57, 0xde, 0x57, 0xe6, 0x57, 0xe6, 0x77, 0xde, 0x77, 0xe6,
    0x57, 0xe6, 0x58, 0xde, 0x77, 0xe6, 0x57, 0xde, 0x57, 0xe6, 0x57, 0xde,
    0x57, 0xe6, 0x57, 0xde, 0x57, 0xde, 0x57, 0xde, 0x57, 0xde, 0xf5, 0xd5,
    0x37, 0xde, 0x57, 0xde, 0x57, 0xe6, 0x74, 0xc5, 0xb1, 0xb4, 0x33, 0xbd,
    0x2f, 0x9c, 0x70, 0xa4, 0xd1, 0xb4, 0xf1, 0xb4, 0xf2, 0xb4, 0xd2, 0xb4,
    0xd1, 0xb4, 0xd1, 0xac, 0x90, 0xa4, 0x4b, 0x7b, 0xce, 0x93, 0x90, 0xa4,
    0x57, 0xe6, 0x57, 0xde, 0x37, 0xde, 0x36, 0xde, 0x37, 0xde, 0x16, 0xde,
    0x16, 0xde, 0x17, 0xde, 0x37, 0xde, 0x36, 0xde, 0x37, 0xde, 0x36, 0xde,
    0x36, 0xde, 0x37, 0xde, 0x36, 0xde, 0x16, 0xd6, 0xb5, 0xcd, 0x16, 0xd6,
    0x98, 0xe6, 0x78, 0xe6, 0x94, 0xcd, 0x12, 0xbd, 0x12, 0xbd, 0x12, 0xbd,
    0x90, 0xac, 0xd1, 0xb4, 0xee, 0x93, 0xee, 0x8b, 0xed, 0x8b, 0xad, 0x8b,
    0xb1, 0xac, 0x98, 0xe6, 0x98, 0xe6, 0xb9, 0xe6, 0x98, 0xe6, 0x98, 0xe6,
    0x53, 0xc5, 0x16, 0xde, 0x57, 0xde, 0x57, 0xde, 0x57, 0xe6, 0x37, 0xde,
    0xb1, 0xac, 0xb1, 0xac, 0xd1, 0xb4, 0xd1, 0xb4, 0xd2, 0xb4, 0xf2, 0xb4,
    0x4c, 0x7b, 0xca, 0x6a, 0xca, 0x62, 0xca, 0x62, 0xca, 0x62, 0xaa, 0x62,
    0xb1, 0xa4, 0xd2, 0xac, 0xd2, 0xac, 0xb1, 0xa4, 0x0e, 0x94, 0x0d, 0x9c,
    0x11, 0xc5, 0x11, 0xc5, 0xf1, 0xbc, 0x10, 0xbd, 0x11, 0xc5, 0x10, 0xbd,
    0x11, 0xc5, 0xf1, 0xc4, 0x11, 0xc5, 0x10, 0xc5, 0x10, 0xc5, 0x11, 0xbd,
    0x10, 0xc5, 0x11, 0xc5, 0x10, 0xc5, 0x11, 0xc5, 0x30, 0xc5, 0x31, 0xc5,
    0x11, 0xc5, 0x10, 0xc5, 0x31, 0xc5, 0x31, 0xc5, 0x11, 0xc5, 0x11, 0xc5,
    0x10, 0xc5, 0x10, 0xc5, 0x10, 0xbd, 0x6f, 0xac, 0x8c, 0x83, 0x4f, 0x9c,
    0x2f, 0x9c, 0x0e, 0x94, 0x4f, 0x9c, 0x91, 0xac, 0x90, 0xac, 0x90, 0xa4,
    0x91, 0xa4, 0xb0, 0xac, 0x90, 0xa4, 0xb1, 0xac, 0xb1, 0xac, 0x90, 0xa4,
    0x90, 0xac, 0xd1, 0xb4, 0xb5, 0xcd, 0x94, 0xc5, 0xf1, 0xb4, 0xf2, 0xb4,
    0xd5, 0xcd, 0x17, 0xd6, 0x17, 0xd6, 0x37, 0xde, 0x17, 0xd6, 0x37, 0xde,
    0xf6, 0xd5, 0xd0, 0xb4, 0x36, 0xde, 0x57, 0xe6, 0x37, 0xde, 0x37, 0xe6,
    0x37, 0xde, 0xf5, 0xdd, 0x16, 0xde, 0x37, 0xde, 0x36, 0xde, 0x37, 0xde,
    0x37, 0xde, 0x16, 0xde, 0x36, 0xde, 0x36, 0xd6, 0x16, 0xd6, 0x36, 0xde,
    0x36, 0xde, 0x16, 0xd6, 0x36, 0xde, 0x16, 0xde, 0x16, 0xd6, 0x17, 0xd6,
    0x37, 0xde, 0x36, 0xde, 0x37, 0xde, 0x37, 0xde, 0xb9, 0xe6, 0x99, 0xe6,
    0xb9, 0xe6, 0xb9, 0xe6, 0xb9, 0xe6, 0xb9, 0xee, 0xb9, 0xee, 0xb9, 0xe6,
    0xb9, 0xe6, 0x78, 0xe6, 0x57, 0xde, 0x12, 0xbd, 0xd5, 0xd5, 0x77, 0xe6,
    0xb9, 0xee, 0x98, 0xe6, 0x78, 0xe6, 0x78, 0xe6, 0x78, 0xe6, 0xb9, 0xe6,
    0xb9, 0xe6, 0x37, 0xde, 0x57, 0xe6, 0x57, 0xde, 0x57, 0xe6, 0x57, 0xe6,
    0x57, 0xe6, 0x57, 0xde, 0x57, 0xe6, 0x57, 0xe6, 0x57, 0xde, 0x57, 0xe6,
    0x57, 0xde, 0x57, 0xde, 0xb4, 0xcd, 0xf2, 0xb4, 0x33, 0xc5, 0x32, 0xbd,
    0x32, 0xbd, 0xb4, 0xcd, 0x73, 0xcd, 0xd5, 0xd5, 0x57, 0xe6, 0x57, 0xe6,
    0x57, 0xde, 0x57, 0xde, 0x57, 0xe6, 0x57, 0xe6, 0x57, 0xde, 0x57, 0xde,
    0x37, 0xde, 0x74, 0xc5, 0x94, 0xcd, 0xf6, 0xd5, 0x57, 0xde, 0x57, 0xe6,
    0x57, 0xde, 0x57, 0xe6, 0x37, 0xe6, 0x57, 0xde, 0x57, 0xde, 0x57, 0xde,
    0x57, 0xde, 0x57, 0xe6, 0x57, 0xde, 0x58, 0xe6, 0x77, 0xe6, 0x78, 0xe6,
    0x57, 0xe6, 0x58, 0xde, 0x57, 0xe6, 0x57, 0xde, 0x58, 0xe6, 0x57, 0xe6,
    0x57, 0xde, 0x57, 0xe6, 0x57, 0xe6, 0x57, 0xde, 0x16, 0xde, 0xd1, 0xac,
    0x37, 0xde, 0x57, 0xe6, 0x57, 0xde, 0x37, 0xde, 0x94, 0xcd, 0xf1, 0xb4,
    0xf1, 0xb4, 0xd1, 0xac, 0xd1, 0xac, 0xf2, 0xb4, 0xd1, 0xb4, 0xf2, 0xac,
    0xf2, 0xb4, 0xd1, 0xb4, 0xd2, 0xb4, 0x91, 0xa4, 0xad, 0x8b, 0x2f, 0x9c,
    0x57, 0xde, 0x57, 0xe6, 0x37, 0xde, 0x37, 0xde, 0x36, 0xde, 0x36, 0xde,
    0x36, 0xd6, 0x17, 0xd6, 0x16, 0xde, 0x16, 0xd6, 0x17, 0xde, 0x16, 0xd6,
    0xd5, 0xcd, 0x37, 0xde, 0x36, 0xde, 0x37, 0xd6, 0xd5, 0xcd, 0x37, 0xde,
    0x98, 0xe6, 0x78, 0xe6, 0x37, 0xde, 0x33, 0xbd, 0xf2, 0xb4, 0x12, 0xb5,
    0x12, 0xbd, 0x70, 0xa4, 0xee, 0x93, 0xee, 0x8b, 0xce, 0x93, 0x6c, 0x83,
    0x6f, 0xa4, 0x78, 0xe6, 0x98, 0xe6, 0x99, 0xe6, 0x99, 0xe6, 0x98, 0xe6,
    0x12, 0xbd, 0xd1, 0xac, 0x57, 0xde, 0x57, 0xde, 0x58, 0xe6, 0x16, 0xd6,
    0x70, 0xa4, 0xb1, 0xac, 0xf2, 0xb4, 0xd1, 0xb4, 0xd1, 0xb4, 0xf2, 0xac,
    0xc9, 0x6a, 0x4c, 0x7b, 0x0b, 0x73, 0xaa, 0x62, 0xaa, 0x62, 0xaa, 0x62,
    0xb1, 0xa4, 0xb2, 0xac, 0xb1, 0xa4, 0x0f, 0x94, 0xed, 0x93, 0x11, 0xc5,
    0x11, 0xc5, 0x11, 0xc5, 0x10, 0xbd, 0xf1, 0xbc, 0x11, 0xc5, 0x10, 0xc5,
    0x10, 0xbd, 0xf0, 0xbc, 0xf1, 0xbc, 0x11, 0xc5, 0x11, 0xc5, 0x10, 0xc5,
    0x11, 0xc5, 0x10, 0xc5, 0x11, 0xc5, 0x11, 0xc5, 0x31, 0xc5, 0x31, 0xc5,
    0x31, 0xc5, 0x31, 0xc5, 0x11, 0xc5, 0x31, 0xc5, 0x31, 0xc5, 0x31, 0xc5,
    0x31, 0xc5, 0x10, 0xc5, 0x4e, 0xac, 0xac, 0x8b, 0x50, 0x9c, 0x2f, 0x9c,
    0xee, 0x93, 0x2f, 0x9c, 0x90, 0xac, 0xb1, 0xac, 0xb1, 0xac, 0x91, 0xac,
    0xb1, 0xac, 0xb1, 0xac, 0x90, 0xac, 0x70, 0xa4, 0xd1, 0xb4, 0xd1, 0xac,
    0xb5, 0xcd, 0xb5, 0xcd, 0xd5, 0xcd, 0x73, 0xc5, 0x53, 0xc5, 0xf5, 0xd5,
    0x17, 0xd6, 0x17, 0xd6, 0x37, 0xde, 0x17, 0xde, 0x37, 0xde, 0xf5, 0xd5,
    0x12, 0xbd, 0x36, 0xde, 0x37, 0xde, 0x37, 0xde, 0x57, 0xde, 0x36, 0xde,
    0xb4, 0xcd, 0xd5, 0xd5, 0x36, 0xde, 0x36, 0xde, 0x37, 0xde, 0x37, 0xde,
    0x37, 0xde, 0x36, 0xde, 0x37, 0xde, 0x36, 0xde, 0x37, 0xde, 0x16, 0xde,
    0x16, 0xde, 0x16, 0xd6, 0x36, 0xde, 0x36, 0xde, 0x16, 0xde, 0x36, 0xde,
    0x16, 0xd6, 0x16, 0xd6, 0x37, 0xde, 0xb9, 0xe6, 0x98, 0xe6, 0xb9, 0xe6,
    0xb9, 0xe6, 0xb9, 0xe6, 0xb9, 0xe6, 0xb9, 0xe6, 0xb9, 0xe6, 0xb9, 0xe6,
    0x99, 0xe6, 0x78, 0xe6, 0xf6, 0xd5, 0x53, 0xc5, 0xf6, 0xd5, 0x98, 0xe6,
    0xb9, 0xe6, 0x57, 0xe6, 0x57, 0xe6, 0x78, 0xe6, 0xd9, 0xee, 0xb9, 0xe6,
    0x78, 0xe6, 0x57, 0xe6, 0x57, 0xe6, 0x57, 0xe6, 0x57, 0xe6, 0x58, 0xde,
    0x57, 0xe6, 0x57, 0xe6, 0x57, 0xe6, 0x58, 0xe6, 0x78, 0xde, 0x77, 0xe6,
    0x77, 0xe6, 0xb4, 0xcd, 0x70, 0xa4, 0x73, 0xc5, 0x33, 0xbd, 0x12, 0xbd,
    0x94, 0xcd, 0xb4, 0xcd, 0xb5, 0xd5, 0x57, 0xe6, 0x57, 0xde, 0x57, 0xe6,
    0x57, 0xde, 0x57, 0xde, 0x57, 0xde, 0x57, 0xe6, 0x57, 0xde, 0x57, 0xe6,
    0x16, 0xd6, 0x32, 0xbd, 0xb4, 0xcd, 0x57, 0xe6, 0x57, 0xe6, 0x57, 0xde,
    0x57, 0xe6, 0x57, 0xde, 0x57, 0xe6, 0x57, 0xde, 0x37, 0xe6, 0x57, 0xde,
    0x57, 0xe6, 0x57, 0xde, 0x57, 0xde, 0x37, 0xde, 0x57, 0xde, 0x57, 0xde,
    0x78, 0xe6, 0x77, 0xe6, 0x78, 0xe6, 0x77, 0xde, 0x57, 0xde, 0x57, 0xde,
    0x57, 0xde, 0x58, 0xde, 0x57, 0xde, 0x57, 0xe6, 0x16, 0xd6, 0x70, 0xa4,
    0x57, 0xde, 0x57, 0xde, 0x57, 0xde, 0x37, 0xde, 0x94, 0xc5, 0xf1, 0xb4,
    0x94, 0xcd, 0xf2, 0xb4, 0xd1, 0xac, 0xf2, 0xb4, 0xd1, 0xb4, 0xf1, 0xb4,
    0xd2, 0xac, 0xd1, 0xb4, 0xf1, 0xb4, 0x91, 0xa4, 0x8c, 0x83, 0x90, 0xa4,
    0x57, 0xde, 0x57, 0xde, 0x57, 0xde, 0x36, 0xde, 0x37, 0xde, 0x37, 0xde,
    0x16, 0xde, 0x36, 0xde, 0x37, 0xd6, 0x36, 0xde, 0x16, 0xde, 0x16, 0xde,
    0x16, 0xd6, 0x16, 0xd6, 0x36, 0xde, 0x37, 0xde, 0x57, 0xe6, 0x78, 0xe6,
    0x98, 0xe6, 0x78, 0xe6, 0x57, 0xde, 0x94, 0xcd, 0xf2, 0xb4, 0x33, 0xbd,
    0xf2, 0xb4, 0xd1, 0xb4, 0xd1, 0xac, 0xee, 0x93, 0xee, 0x93, 0xcd, 0x8b,
    0xb1, 0xac, 0x57, 0xde, 0x98, 0xe6, 0x98, 0xe6, 0x98, 0xe6, 0x99, 0xe6,
    0x98, 0xe6, 0xb1, 0xac, 0x57, 0xde, 0x57, 0xde, 0x78, 0xe6, 0x16, 0xd6,
    0x4f, 0xa4, 0xb1, 0xb4, 0xf2, 0xb4, 0xf1, 0xb4, 0xf2, 0xb4, 0xd1, 0xac,
    0xcd, 0x8b, 0x8d, 0x83, 0xeb, 0x6a, 0xca, 0x62, 0xaa, 0x62, 0xca, 0x62,
    0xb1, 0xa4, 0xb1, 0xa4, 0x2f, 0x94, 0x0a, 0x73, 0xed, 0x9b, 0x11, 0xc5,
    0x11, 0xc5, 0x11, 0xc5, 0x10, 0xc5, 0x10, 0xbd, 0xf1, 0xc4, 0xf1, 0xbc,
    0x10, 0xc5, 0x10, 0xc5, 0x10, 0xc5, 0x10, 0xc5, 0x11, 0xbd, 0x11, 0xc5,
    0x10, 0xc5, 0x31, 0xc5, 0x10, 0xbd, 0x10, 0xc5, 0x11, 0xc5, 0x10, 0xc5,
    0x11, 0xc5, 0x31, 0xc5, 0x31, 0xc5, 0x31, 0xc5, 0x11, 0xc5, 0x30, 0xc5,
    0x11, 0xc5, 0x8f, 0xac, 0x4b, 0x83, 0x4f, 0x9c, 0x4f, 0x9c, 0xee, 0x93,
    0x0e, 0x94, 0x90, 0xa4, 0x91, 0xac, 0xb0, 0xa4, 0xb0, 0xa4, 0xb1, 0xac,
    0xb1, 0xac, 0x90, 0xa4, 0xf2, 0xb4, 0x70, 0xa4, 0xd5, 0xd5, 0xd5, 0xd5,
    0xd5, 0xd5, 0xb5, 0xd5, 0xd5, 0xd5, 0xd5, 0xd5, 0xf5, 0xd5, 0x16, 0xd6,
    0x17, 0xde, 0x17, 0xd6, 0x36, 0xd6, 0x37, 0xd6, 0x16, 0xd6, 0x12, 0xbd,
    0xf5, 0xd5, 0x57, 0xe6, 0x57, 0xde, 0x57, 0xde, 0x16, 0xde, 0xb4, 0xcd,
    0x94, 0xcd, 0x37, 0xde, 0x36, 0xde, 0x37, 0xde, 0x36, 0xde, 0x36, 0xde,
    0x36, 0xde, 0x37, 0xde, 0x36, 0xde, 0x37, 0xde, 0x16, 0xde, 0x36, 0xde,
    0x37, 0xde, 0x16, 0xde, 0x37, 0xde, 0x16, 0xde, 0x36, 0xde, 0x36, 0xde,
    0x16, 0xde, 0x16, 0xd6, 0x77, 0xde, 0x99, 0xe6, 0xb9, 0xe6, 0xb9, 0xe6,
    0xb9, 0xe6, 0xb9, 0xee, 0xb9, 0xe6, 0xb9, 0xee, 0xb9, 0xe6, 0xd9, 0xee,
    0x98, 0xe6, 0x37, 0xde, 0x12, 0xbd, 0x74, 0xc5, 0x57, 0xde, 0xb9, 0xe6,
    0x78, 0xe6, 0x57, 0xe6, 0x78, 0xde, 0xd9, 0xe6, 0xb9, 0xee, 0x98, 0xe6,
    0x77, 0xe6, 0x57, 0xe6, 0x78, 0xe6, 0x57, 0xe6, 0x77, 0xe6, 0x78, 0xde,
    0x58, 0xde, 0x57, 0xe6, 0x57, 0xe6, 0x57, 0xde, 0x78, 0xe6, 0x58, 0xe6,
    0x57, 0xe6, 0x2f, 0x9c, 0xd1, 0xb4, 0x53, 0xc5, 0x12, 0xbd, 0x94, 0xcd,
    0xf6, 0xdd, 0xf5, 0xd5, 0x57, 0xe6, 0x57, 0xe6, 0x57, 0xde, 0x57, 0xe6,
    0x77, 0xe6, 0x57, 0xe6, 0x57, 0xde, 0x57, 0xde, 0x57, 0xde, 0x57, 0xe6,
    0x16, 0xde, 0xb5, 0xcd, 0x37, 0xde, 0x57, 0xe6, 0x77, 0xe6, 0x57, 0xde,
    0x57, 0xde, 0x57, 0xe6, 0x57, 0xde, 0x57, 0xde, 0x57, 0xe6, 0x57, 0xde,
    0x57, 0xde, 0x57, 0xe6, 0x36, 0xde, 0x94, 0xcd, 0x77, 0xe6, 0x57, 0xe6,
    0x78, 0xe6, 0x57, 0xde, 0x57, 0xe6, 0x57, 0xe6, 0x57, 0xde, 0x57, 0xe6,
    0x57, 0xe6, 0x57, 0xde, 0x57, 0xde, 0x57, 0xde, 0x37, 0xde, 0x33, 0xbd,
    0x37, 0xe6, 0x57, 0xde, 0x37, 0xe6, 0x37, 0xde, 0x37, 0xde, 0x73, 0xc5,
    0x74, 0xcd, 0x4f, 0xa4, 0x91, 0xac, 0xf2, 0xb4, 0xf2, 0xb4, 0xf1, 0xb4,
    0xd2, 0xb4, 0xf2, 0xac, 0xd2, 0xb4, 0x90, 0xac, 0xcd, 0x8b, 0xf2, 0xb4,
    0x57, 0xe6, 0x57, 0xde, 0x37, 0xde, 0x16, 0xde, 0x36, 0xde, 0x37, 0xde,
    0x36, 0xde, 0x16, 0xde, 0x37, 0xde, 0x36, 0xd6, 0x17, 0xde, 0x36, 0xde,
    0x16, 0xd6, 0x16, 0xd6, 0x16, 0xde, 0x37, 0xde, 0x57, 0xde, 0x94, 0xcd,
    0x16, 0xd6, 0xb9, 0xe6, 0x78, 0xe6, 0x57, 0xde, 0x33, 0xbd, 0x53, 0xc5,
    0x12, 0xbd, 0x12, 0xbd, 0xd1, 0xac, 0x70, 0xa4, 0xce, 0x8b, 0xee, 0x8b,
    0x0f, 0x94, 0x74, 0xc5, 0x98, 0xe6, 0x98, 0xe6, 0x99, 0xe6, 0x98, 0xe6,
    0x98, 0xe6, 0xf2, 0xb4, 0xf6, 0xd5, 0x77, 0xe6, 0x78, 0xe6, 0x37, 0xde,
    0x53, 0xbd, 0xd1, 0xac, 0x12, 0xbd, 0xf2, 0xb4, 0xf2, 0xb4, 0xd2, 0xb4,
    0x70, 0xa4, 0x4c, 0x73, 0xca, 0x6a, 0xca, 0x62, 0xca, 0x6a, 0xcb, 0x6a,
    0xb1, 0xa4, 0x91, 0xa4, 0x6c, 0x83, 0xac, 0x8b, 0x11, 0xc5, 0x11, 0xc5,
    0x11, 0xbd, 0x11, 0xc5, 0x11, 0xc5, 0x10, 0xc5, 0x11, 0xc5, 0x11, 0xc5,
    0x11, 0xc5, 0x11, 0xc5, 0x10, 0xc5, 0x10, 0xc5, 0x11, 0xc5, 0x11, 0xc5,
    0x10, 0xc5, 0x11, 0xc5, 0x11, 0xc5, 0x10, 0xc5, 0x11, 0xc5, 0x11, 0xc5,
    0x30, 0xc5, 0x31, 0xc5, 0x31, 0xc5, 0x31, 0xc5, 0x31, 0xc5, 0x31, 0xc5,
    0x10, 0xc5, 0x8b, 0x8b, 0xee, 0x93, 0x2f, 0x9c, 0xcd, 0x8b, 0x0e, 0x94,
    0x90, 0xa4, 0x90, 0xac, 0xb1, 0xac, 0x91, 0xa4, 0xb0, 0xac, 0x90, 0xac,
    0xb1, 0xac, 0xd1, 0xac, 0xb4, 0xcd, 0xd5, 0xd5, 0xd5, 0xcd, 0xd5, 0xcd,
    0xd5, 0xd5, 0xd5, 0xd5, 0xd5, 0xcd, 0xf5, 0xd5, 0x17, 0xd6, 0x17, 0xde,
    0x37, 0xde, 0x17, 0xde, 0x37, 0xd6, 0x37, 0xde, 0x94, 0xcd, 0x32, 0xc5,
    0x57, 0xde, 0x37, 0xde, 0x57, 0xe6, 0x36, 0xde, 0xd5, 0xd5, 0xb5, 0xd5,
    0x36, 0xde, 0x36, 0xde, 0x37, 0xde, 0x37, 0xde, 0x36, 0xe6, 0x37, 0xde,
    0x37, 0xde, 0x36, 0xde, 0x36, 0xde, 0x36, 0xde, 0x36, 0xde, 0x37, 0xde,
    0x36, 0xde, 0x36, 0xde, 0x36, 0xde, 0x37, 0xde, 0x36, 0xde, 0x37, 0xd6,
    0x17, 0xde, 0x37, 0xde, 0x98, 0xe6, 0xb9, 0xe6, 0xb9, 0xe6, 0xb9, 0xe6,
    0xb9, 0xee, 0xb9, 0xe6, 0xb9, 0xee, 0xda, 0xee, 0xb9, 0xe6, 0xb9, 0xe6,
    0x78, 0xe6, 0xd5, 0xcd, 0xb4, 0xcd, 0x57, 0xde, 0xb9, 0xee, 0xb9, 0xe6,
    0x57, 0xe6, 0x57, 0xe6, 0xb9, 0xe6, 0xb9, 0xe6, 0x98, 0xe6, 0x57, 0xde,
    0x57, 0xe6, 0x57, 0xe6, 0x58, 0xe6, 0x57, 0xde, 0x57, 0xe6, 0x77, 0xe6,
    0x78, 0xde, 0x77, 0xe6, 0x57, 0xde, 0x77, 0xe6, 0x77, 0xe6, 0x57, 0xde,
    0x32, 0xbd, 0x6f, 0xa4, 0x53, 0xc5, 0x12, 0xbd, 0x94, 0xcd, 0x37, 0xde,
    0x36, 0xde, 0x57, 0xde, 0x57, 0xde, 0x57, 0xe6, 0x57, 0xe6, 0x58, 0xde,
    0x77, 0xe6, 0x57, 0xde, 0x57, 0xe6, 0x57, 0xde, 0x57, 0xe6, 0x37, 0xde,
    0xb5, 0xcd, 0xd5, 0xd5, 0x57, 0xde, 0x57, 0xe6, 0x57, 0xe6, 0x77, 0xe6,
    0x57, 0xe6, 0x57, 0xe6, 0x57, 0xde, 0x57, 0xe6, 0x57, 0xde, 0x57, 0xe6,
    0x57, 0xe6, 0x57, 0xde, 0x37, 0xde, 0xd5, 0xd5, 0x78, 0xe6, 0x78, 0xe6,
    0x57, 0xe6, 0x77, 0xde, 0x78, 0xe6, 0x57, 0xe6, 0x57, 0xde, 0x57, 0xde,
    0x57, 0xe6, 0x57, 0xe6, 0x57, 0xde, 0x57, 0xde, 0x37, 0xde, 0x16, 0xde,
    0x57, 0xde, 0x57, 0xde, 0x57, 0xde, 0x57, 0xde, 0x57, 0xde, 0x74, 0xc5,
    0x32, 0xbd, 0x33, 0xbd, 0xf2, 0xb4, 0xf1, 0xb4, 0xf2, 0xb4, 0xf1, 0xb4,
    0xf1, 0xb4, 0xf2, 0xb4, 0xf2, 0xb4, 0xf2, 0xb4, 0x90, 0xa4, 0xd1, 0xac,
    0x17, 0xde, 0x57, 0xde, 0x37, 0xde, 0x37, 0xde, 0x36, 0xde, 0x36, 0xde,
    0x37, 0xde, 0x37, 0xde, 0x16, 0xd6, 0x37, 0xde, 0x16, 0xde, 0x37, 0xd6,
    0x16, 0xde, 0x16, 0xde, 0x16, 0xd6, 0x37, 0xde, 0x57, 0xde, 0xb5, 0xcd,
    0x16, 0xd6, 0xb9, 0xe6, 0xb9, 0xe6, 0x98, 0xe6, 0x57, 0xde, 0x94, 0xcd,
    0x12, 0xbd, 0x33, 0xbd, 0x33, 0xbd, 0xb1, 0xac, 0xce, 0x8b, 0xee, 0x93,
    0x4b, 0x7b, 0x70, 0xa4, 0x78, 0xe6, 0x99, 0xe6, 0x98, 0xe6, 0x98, 0xe6,
    0x98, 0xe6, 0xf6, 0xd5, 0xd1, 0xac, 0x78, 0xe6, 0x78, 0xde, 0x78, 0xe6,
    0xf6, 0xd5, 0xd1, 0xac, 0x12, 0xbd, 0x12, 0xb5, 0xf2, 0xb4, 0xd1, 0xb4,
    0xd1, 0xb4, 0x4c, 0x7b, 0x2b, 0x73, 0xca, 0x62, 0xca, 0x62, 0xcb, 0x6a,
    0x91, 0xa4, 0x8c, 0x83, 0x4b, 0x7b, 0x0d, 0x9c, 0x11, 0xc5, 0x10, 0xc5,
    0x10, 0xc5, 0x10, 0xbd, 0xf0, 0xbc, 0x11, 0xc5, 0x11, 0xc5, 0x11, 0xc5,
    0x10, 0xbd, 0x11, 0xc5, 0x11, 0xc5, 0x11, 0xc5, 0x11, 0xc5, 0x30, 0xc5,
    0x31, 0xc5, 0x31, 0xc5, 0x11, 0xc5, 0x31, 0xc5, 0x10, 0xc5, 0x31, 0xc5,
    0x31, 0xc5, 0x11, 0xc5, 0x31, 0xc5, 0x31, 0xc5, 0x31, 0xc5, 0x31, 0xc5,
    0xcd, 0x93, 0x8c, 0x83, 0x2f, 0x9c, 0xad, 0x8b, 0x0e, 0x94, 0x90, 0xac,
    0x91, 0xac, 0xb1, 0xac, 0x90, 0xac, 0x91, 0xac, 0x70, 0xa4, 0xd1, 0xac,
    0x32, 0xbd, 0xb4, 0xcd, 0xd5, 0xcd, 0xd5, 0xd5, 0xd5, 0xd5, 0xd5, 0xcd,
    0xd4, 0xd5, 0xd5, 0xcd, 0xb5, 0xcd, 0xf6, 0xd5, 0x17, 0xde, 0x37, 0xd6,
    0x17, 0xd6, 0x36, 0xde, 0x37, 0xde, 0x94, 0xcd, 0x94, 0xcd, 0x57, 0xde,
    0x37, 0xde, 0x57, 0xe6, 0x57, 0xde, 0x37, 0xde, 0x16, 0xde, 0x37, 0xde,
    0x37, 0xde, 0x36, 0xde, 0x36, 0xde, 0x36, 0xde, 0x37, 0xde, 0x36, 0xde,
    0x37, 0xde, 0x37, 0xe6, 0x36, 0xde, 0x37, 0xde, 0x36, 0xde, 0x36, 0xde,
    0x37, 0xde, 0x36, 0xde, 0x37, 0xde, 0x36, 0xde, 0x16, 0xd6, 0x37, 0xde,
    0x57, 0xde, 0xb9, 0xe6, 0xb9, 0xe6, 0xb9, 0xee, 0xb9, 0xe6, 0xb9, 0xe6,
    0xb9, 0xee, 0xb9, 0xe6, 0xda, 0xe6, 0xd9, 0xee, 0xd9, 0xe6, 0x98, 0xe6,
    0x37, 0xde, 0x73, 0xc5, 0x94, 0xcd, 0x99, 0xe6, 0xd9, 0xee, 0x77, 0xe6,
    0x78, 0xe6, 0xb9, 0xe6, 0xb9, 0xe6, 0xb9, 0xee, 0x78, 0xe6, 0x77, 0xe6,
    0x57, 0xe6, 0x58, 0xde, 0x77, 0xe6, 0x77, 0xe6, 0x58, 0xe6, 0x78, 0xe6,
    0x57, 0xe6, 0x77, 0xe6, 0x78, 0xe6, 0x58, 0xde, 0x57, 0xe6, 0xd5, 0xd5,
    0x2e, 0x9c, 0x53, 0xc5, 0x13, 0xbd, 0x94, 0xcd, 0x57, 0xde, 0x57, 0xde,
    0x57, 0xe6, 0x57, 0xe6, 0x57, 0xe6, 0x58, 0xde, 0x78, 0xe6, 0x77, 0xe6,
    0x57, 0xde, 0x58, 0xe6, 0x57, 0xde, 0x57, 0xde, 0x58, 0xe6, 0x36, 0xde,
    0x33, 0xbd, 0x57, 0xe6, 0x77, 0xe6, 0x57, 0xe6, 0x77, 0xde, 0x78, 0xde,
    0x57, 0xe6, 0x57, 0xe6, 0x57, 0xe6, 0x57, 0xe6, 0x57, 0xde, 0x57, 0xe6,
    0x57, 0xde, 0x57, 0xde, 0x57, 0xe6, 0x37, 0xde, 0x78, 0xde, 0x77, 0xe6,
    0x78, 0xde, 0x57, 0xe6, 0x78, 0xde, 0x57, 0xde, 0x58, 0xde, 0x57, 0xde,
    0x57, 0xde, 0x57, 0xe6, 0x58, 0xe6, 0x57, 0xde, 0x57, 0xe6, 0x78, 0xe6,
    0x57, 0xde, 0x57, 0xde, 0x57, 0xe6, 0x57, 0xde, 0x57, 0xde, 0x57, 0xde,
    0x53, 0xc5, 0xb5, 0xcd, 0xd1, 0xac, 0xd1, 0xac, 0xf2, 0xb4, 0xf2, 0xac,
    0xd1, 0xb4, 0xf2, 0xb4, 0xf2, 0xb4, 0xf2, 0xb4, 0x90, 0xa4, 0x0e, 0x94,
    0x74, 0xc5, 0x57, 0xde, 0x37, 0xde, 0x37, 0xde, 0x37, 0xde, 0x36, 0xde,
    0x37, 0xde, 0x36, 0xde, 0x36, 0xde, 0x37, 0xde, 0x17, 0xde, 0x36, 0xde,
    0x37, 0xde, 0x37, 0xde, 0x37, 0xde, 0x36, 0xde, 0x37, 0xde, 0x57, 0xde,
    0x57, 0xde, 0x99, 0xe6, 0xb9, 0xe6, 0xb9, 0xee, 0x78, 0xe6, 0xf6, 0xd5,
    0x12, 0xb5, 0x33, 0xbd, 0x12, 0xbd, 0xb1, 0xac, 0x70, 0xa4, 0xac, 0x8b,
    0x8c, 0x83, 0xb1, 0xac, 0x78, 0xe6, 0x98, 0xe6, 0x99, 0xe6, 0x99, 0xe6,
    0x98, 0xe6, 0x98, 0xe6, 0x90, 0xa4, 0x78, 0xe6, 0x77, 0xe6, 0x78, 0xde,
    0xf6, 0xd5, 0xb1, 0xac, 0x12, 0xbd, 0x12, 0xbd, 0xf2, 0xb4, 0xf1, 0xb4,
    0xd1, 0xb4, 0xea, 0x6a, 0x2c, 0x73, 0xeb, 0x6a, 0xca, 0x62, 0xaa, 0x62,
    0x2f, 0x94, 0xe9, 0x72, 0x8c, 0x8b, 0xd0, 0xbc, 0x11, 0xc5, 0x11, 0xc5,
    0xf0, 0xbc, 0xf1, 0xc4, 0x10, 0xc5, 0x11, 0xbd, 0x11, 0xc5, 0x11, 0xc5,
    0x10, 0xc5, 0x31, 0xc5, 0x11, 0xc5, 0x31, 0xc5, 0x31, 0xc5, 0x10, 0xc5,
    0x31, 0xc5, 0x31, 0xc5, 0x31, 0xc5, 0x11, 0xc5, 0x31, 0xc5, 0x10, 0xc5,
    0x11, 0xc5, 0x11, 0xc5, 0x30, 0xc5, 0x31, 0xc5, 0x31, 0xcd, 0xac, 0x93,
    0x6b, 0x83, 0x2f, 0x9c, 0x8d, 0x83, 0x0e, 0x94, 0x91, 0xa4, 0xb1, 0xac,
    0xb1, 0xac, 0xb1, 0xa4, 0x90, 0xa4, 0x90, 0xac, 0xd1, 0xac, 0x94, 0xc5,
    0xb5, 0xcd, 0xd5, 0xd5, 0xd5, 0xd5, 0xd5, 0xd5, 0xd5, 0xd5, 0xd5, 0xd5,
    0xd5, 0xcd, 0xd5, 0xd5, 0xd5, 0xd5, 0x16, 0xd6, 0x37, 0xde, 0x37, 0xde,
    0x37, 0xd6, 0x37, 0xde, 0xb4, 0xcd, 0x73, 0xc5, 0x37, 0xde, 0x57, 0xde,
    0x57, 0xe6, 0x57, 0xde, 0x37, 0xde, 0x16, 0xde, 0x36, 0xe6, 0x37, 0xde,
    0x37, 0xde, 0x36, 0xde, 0x36, 0xde, 0x37, 0xde, 0x36, 0xde, 0x36, 0xde,
    0x36, 0xde, 0x37, 0xde, 0x36, 0xde, 0x36, 0xde, 0x37, 0xde, 0x36, 0xde,
    0x37, 0xde, 0x36, 0xde, 0x37, 0xde, 0x37, 0xde, 0x36, 0xde, 0x16, 0xd6,
    0x78, 0xe6, 0xb9, 0xe6, 0xb9, 0xe6, 0xb9, 0xee, 0xb9, 0xe6, 0xb9, 0xe6,
    0xb9, 0xee, 0xd9, 0xe6, 0xba, 0xe6, 0xb9, 0xee, 0xb9, 0xe6, 0x98, 0xe6,
    0xb5, 0xcd, 0x94, 0xcd, 0x78, 0xe6, 0xb9, 0xe6, 0xb9, 0xe6, 0x78, 0xe6,
    0xb9, 0xe6, 0xd9, 0xee, 0xb9, 0xe6, 0x78, 0xe6, 0x77, 0xe6, 0x77, 0xe6,
    0x78, 0xde, 0x57, 0xe6, 0x77, 0xe6, 0x77, 0xe6, 0x58, 0xe6, 0x77, 0xe6,
    0x57, 0xe6, 0x78, 0xe6, 0x78, 0xe6, 0x78, 0xde, 0x78, 0xe6, 0xf2, 0xb4,
    0x73, 0xc5, 0x12, 0xbd, 0xb5, 0xcd, 0x57, 0xe6, 0x57, 0xde, 0x57, 0xe6,
    0x57, 0xe6, 0x57, 0xde, 0x57, 0xe6, 0x57, 0xe6, 0x77, 0xde, 0x57, 0xe6,
    0x57, 0xde, 0x57, 0xe6, 0x78, 0xe6, 0x57, 0xde, 0x57, 0xe6, 0x37, 0xde,
    0xb5, 0xcd, 0x57, 0xe6, 0x57, 0xe6, 0x57, 0xe6, 0x77, 0xe6, 0x57, 0xde,
    0x57, 0xe6, 0x77, 0xde, 0x57, 0xe6, 0x57, 0xe6, 0x57, 0xde, 0x77, 0xe6,
    0x57, 0xe6, 0x57, 0xde, 0x78, 0xe6, 0x78, 0xe6, 0x57, 0xe6, 0x77, 0xe6,
    0x78, 0xe6, 0x57, 0xe6, 0x57, 0xe6, 0x57, 0xe6, 0x57, 0xe6, 0x57, 0xde,
    0x57, 0xde, 0x57, 0xe6, 0x57, 0xde, 0x57, 0xde, 0x57, 0xe6, 0x37, 0xde,
    0xf5, 0xd5, 0x37, 0xde, 0x57, 0xde, 0x37, 0xe6, 0x57, 0xde, 0x57, 0xe6,
    0x94, 0xcd, 0xd5, 0xd5, 0x2f, 0x9c, 0xb1, 0xac, 0xf2, 0xb4, 0xf2, 0xb4,
    0xf1, 0xb4, 0xf1, 0xb4, 0xf2, 0xac, 0xf2, 0xb4, 0x70, 0xa4, 0x6c, 0x83,
    0xb0, 0xac, 0x57, 0xe6, 0x37, 0xde, 0x37, 0xde, 0x37, 0xde, 0x37, 0xde,
    0x36, 0xde, 0x17, 0xde, 0x36, 0xde, 0x36, 0xd6, 0x16, 0xde, 0x16, 0xde,
    0x16, 0xd6, 0x57, 0xde, 0x58, 0xde, 0xf6, 0xd5, 0x37, 0xde, 0x57, 0xe6,
    0xb4, 0xcd, 0x37, 0xde, 0xb9, 0xe6, 0xda, 0xee, 0xb9, 0xe6, 0x57, 0xde,
    0xb5, 0xcd, 0x12, 0xbd, 0x12, 0xbd, 0xf2, 0xb4, 0x90, 0xac, 0xee, 0x93,
    0xee, 0x8b, 0xd2, 0xac, 0x37, 0xde, 0x98, 0xe6, 0x98, 0xe6, 0x99, 0xe6,
    0x98, 0xe6, 0x98, 0xe6, 0xd2, 0xac, 0xd5, 0xcd, 0x78, 0xe6, 0x78, 0xe6,
    0xf5, 0xd5, 0x90, 0xa4, 0x12, 0xbd, 0x13, 0xbd, 0x12, 0xbd, 0xf2, 0xb4,
    0xd2, 0xb4, 0xca, 0x62, 0xca, 0x62, 0xca, 0x6a, 0xca, 0x6a, 0xca, 0x62,
    0x8c, 0x83, 0x8c, 0x8b, 0xcc, 0x93, 0xf1, 0xbc, 0x11, 0xc5, 0x11, 0xc5,
    0x11, 0xbd, 0x11, 0xc5, 0x11, 0xc5, 0x10, 0xbd, 0x10, 0xc5, 0x11, 0xc5,
    0x11, 0xc5, 0x31, 0xc5, 0x11, 0xc5, 0x11, 0xc5, 0x11, 0xbd, 0x11, 0xc5,
    0x11, 0xc5, 0x31, 0xc5, 0x30, 0xc5, 0x31, 0xc5, 0x31, 0xc5, 0x31, 0xc5,
    0x31, 0xc5, 0x30, 0xc5, 0x31, 0xc5, 0x31, 0xc5, 0x0d, 0xa4, 0x4b, 0x83,
    0x2e, 0x9c, 0x6c, 0x7b, 0xee, 0x93, 0x90, 0xa4, 0xb0, 0xac, 0xb1, 0xac,
    0xb0, 0xac, 0x6f, 0x9c, 0xb1, 0xac, 0x53, 0xbd, 0xb4, 0xcd, 0xd5, 0xd5,
    0xd5, 0xd5, 0xd5, 0xcd, 0xd5, 0xd5, 0xd5, 0xcd, 0xd5, 0xcd, 0xd5, 0xd5,
    0xd5, 0xd5, 0xf5, 0xd5, 0x16, 0xd6, 0x37, 0xde, 0x37, 0xde, 0x37, 0xde,
    0x37, 0xd6, 0xf6, 0xd5, 0x11, 0xbd, 0x15, 0xde, 0x57, 0xe6, 0x57, 0xe6,
    0x57, 0xe6, 0x36, 0xde, 0x94, 0xcd, 0x16, 0xde, 0x36, 0xde, 0x37, 0xde,
    0x37, 0xde, 0x36, 0xde, 0x37, 0xde, 0x36, 0xe6, 0x36, 0xde, 0x37, 0xde,
    0x36, 0xde, 0x36, 0xde, 0x36, 0xde, 0x37, 0xde, 0x36, 0xde, 0x37, 0xde,
    0x36, 0xde, 0x37, 0xde, 0x36, 0xde, 0x37, 0xde, 0x37, 0xde, 0x57, 0xde,
    0x99, 0xe6, 0xb9, 0xe6, 0xb9, 0xe6, 0xb9, 0xe6, 0xd9, 0xee, 0xb9, 0xe6,
    0xb9, 0xe6, 0xd9, 0xee, 0xda, 0xe6, 0xb9, 0xe6, 0xb9, 0xe6, 0x57, 0xde,
    0xb5, 0xcd, 0xd5, 0xcd, 0xb9, 0xe6, 0xd9, 0xee, 0x98, 0xe6, 0xb9, 0xee,
    0xb9, 0xe6, 0xd9, 0xee, 0x99, 0xe6, 0x57, 0xe6, 0x77, 0xe6, 0x58, 0xe6,
    0x57, 0xe6, 0x58, 0xe6, 0x57, 0xde, 0x77, 0xe6, 0x57, 0xde, 0x58, 0xe6,
    0x78, 0xe6, 0x77, 0xe6, 0x77, 0xde, 0x78, 0xe6, 0x32, 0xbd, 0x12, 0xbd,
    0x33, 0xc5, 0xb4, 0xcd, 0x77, 0xe6, 0x77, 0xe6, 0x57, 0xe6, 0x57, 0xe6,
    0x57, 0xde, 0x57, 0xde, 0x57, 0xe6, 0x77, 0xe6, 0x78, 0xde, 0x78, 0xe6,
    0x57, 0xe6, 0x58, 0xde, 0x57, 0xde, 0x57, 0xe6, 0x57, 0xde, 0x57, 0xde,
    0x57, 0xe6, 0x57, 0xe6, 0x57, 0xde, 0x57, 0xe6, 0x77, 0xe6, 0x57, 0xe6,
    0x78, 0xe6, 0x77, 0xe6, 0x57, 0xde, 0x78, 0xe6, 0x58, 0xe6, 0x57, 0xde,
    0x57, 0xe6, 0x57, 0xde, 0x57, 0xde, 0x77, 0xe6, 0x57, 0xe6, 0x58, 0xde,
    0x77, 0xde, 0x77, 0xe6, 0x78, 0xe6, 0x78, 0xde, 0x57, 0xe6, 0x58, 0xe6,
    0x57, 0xe6, 0x57, 0xde, 0x57, 0xe6, 0x58, 0xe6, 0x57, 0xde, 0x16, 0xd6,
    0x12, 0xb5, 0x57, 0xde, 0x57, 0xde, 0x57, 0xde, 0x37, 0xde, 0x57, 0xde,
    0x37, 0xde, 0x94, 0xcd, 0xd1, 0xac, 0xf1, 0xb4, 0xf2, 0xb4, 0xf2, 0xb4,
    0xf2, 0xb4, 0xf2, 0xb4, 0xf2, 0xb4, 0xf2, 0xb4, 0xd1, 0xac, 0xed, 0x93,
    0x4f, 0xa4, 0x57, 0xde, 0x57, 0xde, 0x37, 0xde, 0x57, 0xde, 0x37, 0xde,
    0x36, 0xde, 0x37, 0xde, 0x17, 0xde, 0x37, 0xde, 0x36, 0xde, 0x37, 0xde,
    0x16, 0xd6, 0x37, 0xde, 0x98, 0xe6, 0x57, 0xde, 0x57, 0xde, 0x58, 0xe6,
    0x94, 0xc5, 0x37, 0xde, 0xb9, 0xe6, 0xda, 0xe6, 0xd9, 0xee, 0x98, 0xe6,
    0x78, 0xe6, 0x74, 0xc5, 0x33, 0xbd, 0xf1, 0xb4, 0x90, 0xac, 0x70, 0xa4,
    0xad, 0x8b, 0x0e, 0x94, 0x94, 0xc5, 0x98, 0xe6, 0x98, 0xe6, 0x99, 0xe6,
    0x98, 0xe6, 0x98, 0xe6, 0xd6, 0xd5, 0xb1, 0xac, 0x78, 0xe6, 0x78, 0xe6,
    0xf6, 0xd5, 0xb1, 0xac, 0x12, 0xbd, 0x12, 0xbd, 0x13, 0xbd, 0xf2, 0xb4,
    0xd1, 0xb4, 0x6c, 0x7b, 0xca, 0x6a, 0xca, 0x6a, 0xeb, 0x6a, 0xca, 0x62,
    0x6c, 0x83, 0xcc, 0x8b, 0xb0, 0xb4, 0x11, 0xc5, 0x10, 0xc5, 0x11, 0xc5,
    0x11, 0xc5, 0x10, 0xbd, 0x11, 0xc5, 0x11, 0xc5, 0x10, 0xbd, 0x11, 0xc5,
    0x11, 0xc5, 0x11, 0xc5, 0x11, 0xc5, 0x31, 0xc5, 0x10, 0xc5, 0x31, 0xc5,
    0x11, 0xc5, 0x31, 0xc5, 0x31, 0xc5, 0x11, 0xc5, 0x31, 0xc5, 0x31, 0xc5,
    0x31, 0xc5, 0x31, 0xc5, 0x31, 0xc5, 0xcf, 0xbc, 0x4b, 0x83, 0x0e, 0x94,
    0x2b, 0x7b, 0xee, 0x93, 0x90, 0xa4, 0xb0, 0xac, 0x90, 0xa4, 0x4f, 0xa4,
    0x4f, 0xa4, 0xf1, 0xb4, 0x74, 0xc5, 0xd5, 0xd5, 0xd5, 0xd5, 0xd5, 0xd5,
    0xd5, 0xd5, 0xd5, 0xcd, 0xd5, 0xd5, 0xd5, 0xd5, 0xd5, 0xcd, 0xd5, 0xcd,
    0xb4, 0xcd, 0x16, 0xd6, 0x37, 0xde, 0x37, 0xd6, 0x17, 0xde, 0x37, 0xd6,
    0xf6, 0xd5, 0xd1, 0xb4, 0x73, 0xc5, 0x37, 0xde, 0x57, 0xe6, 0x57, 0xe6,
    0x57, 0xde, 0x94, 0xcd, 0xd5, 0xd5, 0x36, 0xde, 0x37, 0xde, 0x56, 0xde,
    0x36, 0xde, 0x36, 0xde, 0x37, 0xde, 0x36, 0xde, 0x36, 0xde, 0x37, 0xde,
    0x37, 0xde, 0x36, 0xde, 0x37, 0xde, 0x36, 0xde, 0x36, 0xde, 0x36, 0xde,
    0x37, 0xde, 0x36, 0xde, 0x36, 0xde, 0x36, 0xde, 0x57, 0xde, 0xb9, 0xe6,
    0xb9, 0xe6, 0xb9, 0xe6, 0xb9, 0xe6, 0xb9, 0xe6, 0xb9, 0xe6, 0xba, 0xee,
    0xd9, 0xee, 0xba, 0xe6, 0xd9, 0xee, 0xb9, 0xe6, 0x99, 0xe6, 0xb5, 0xcd,
    0x53, 0xc5, 0x98, 0xe6, 0xb9, 0xee, 0xb9, 0xee, 0xb9, 0xe6, 0xb9, 0xe6,
    0xd9, 0xee, 0xb9, 0xee, 0x78, 0xe6, 0x78, 0xe6, 0x58, 0xe6, 0x77, 0xe6,
    0x78, 0xe6, 0x77, 0xe6, 0x78, 0xe6, 0x57, 0xe6, 0x77, 0xe6, 0x78, 0xde,
    0x78, 0xe6, 0x78, 0xe6, 0x57, 0xe6, 0x78, 0xe6, 0x32, 0xbd, 0x12, 0xbd,
    0xf5, 0xd5, 0x57, 0xe6, 0x57, 0xde, 0x78, 0xde, 0x77, 0xe6, 0x57, 0xe6,
    0x57, 0xe6, 0x77, 0xe6, 0x78, 0xde, 0x57, 0xe6, 0x57, 0xe6, 0x57, 0xde,
    0x78, 0xe6, 0x57, 0xde, 0x57, 0xe6, 0x57, 0xe6, 0x57, 0xde, 0x57, 0xde,
    0x57, 0xe6, 0x57, 0xde, 0x57, 0xde, 0x58, 0xe6, 0x77, 0xde, 0x57, 0xde,
    0x58, 0xe6, 0x57, 0xe6, 0x77, 0xde, 0x57, 0xe6, 0x57, 0xde, 0x58, 0xde,
    0x77, 0xe6, 0x37, 0xde, 0x94, 0xcd, 0x57, 0xde, 0x58, 0xe6, 0x77, 0xe6,
    0x78, 0xe6, 0x57, 0xde, 0x57, 0xde, 0x78, 0xe6, 0x77, 0xe6, 0x57, 0xe6,
    0x78, 0xde, 0x57, 0xe6, 0x57, 0xe6, 0x58, 0xe6, 0x57, 0xe6, 0xf6, 0xd5,
    0x70, 0xa4, 0x37, 0xde, 0x57, 0xde, 0x57, 0xe6, 0x57, 0xde, 0x57, 0xde,
    0x57, 0xde, 0x94, 0xcd, 0x94, 0xcd, 0xf2, 0xb4, 0xf2, 0xb4, 0x12, 0xb5,
    0xf2, 0xb4, 0x12, 0xb5, 0x12, 0xb5, 0x12, 0xb5, 0xf2, 0xb4, 0x4f, 0x9c,
    0x90, 0xa4, 0x57, 0xde, 0x57, 0xde, 0x36, 0xde, 0x57, 0xe6, 0x37, 0xde,
    0x36, 0xde, 0x37, 0xde, 0x36, 0xde, 0x37, 0xde, 0x16, 0xd6, 0x16, 0xd6,
    0x17, 0xde, 0x37, 0xde, 0xb9, 0xe6, 0x37, 0xd6, 0xf6, 0xd5, 0x57, 0xde,
    0x37, 0xde, 0x99, 0xe6, 0xb9, 0xe6, 0xda, 0xee, 0xb9, 0xe6, 0xba, 0xe6,
    0x98, 0xe6, 0x16, 0xd6, 0xd1, 0xac, 0xf2, 0xb4, 0xd1, 0xac, 0xb1, 0xac,
    0x0e, 0x94, 0x6c, 0x83, 0xf2, 0xb4, 0x98, 0xe6, 0x99, 0xe6, 0x98, 0xe6,
    0x98, 0xe6, 0x98, 0xe6, 0x98, 0xe6, 0x12, 0xb5, 0x98, 0xe6, 0x78, 0xe6,
    0x37, 0xde, 0x74, 0xc5, 0x12, 0xbd, 0x12, 0xb5, 0x12, 0xbd, 0x12, 0xb5,
    0xf1, 0xb4, 0x2f, 0x9c, 0x0b, 0x73, 0x2c, 0x73, 0xca, 0x6a, 0xca, 0x62,
    0x8c, 0x8b, 0x4b, 0x83, 0x11, 0xc5, 0x11, 0xc5, 0x11, 0xc5, 0x11, 0xc5,
    0x11, 0xc5, 0x10, 0xc5, 0x11, 0xc5, 0x11, 0xc5, 0x11, 0xc5, 0x11, 0xc5,
    0x11, 0xbd, 0x11, 0xc5, 0x10, 0xc5, 0x31, 0xc5, 0x31, 0xc5, 0x31, 0xc5,
    0x31, 0xc5, 0x10, 0xc5, 0x11, 0xc5, 0x31, 0xc5, 0x31, 0xc5, 0x10, 0xc5,
    0x31, 0xc5, 0x11, 0xc5, 0x31, 0xc5, 0x8b, 0x8b, 0xad, 0x8b, 0x0a, 0x73,
    0x0e, 0x94, 0x90, 0xac, 0xb1, 0xac, 0x90, 0xac, 0x4f, 0xa4, 0x4f, 0xa4,
    0x53, 0xc5, 0xb4, 0xcd, 0xd5, 0xd5, 0xd5, 0xd5, 0xd5, 0xd5, 0xd5, 0xd5,
    0xd5, 0xcd, 0xd5, 0xd5, 0xd4, 0xd5, 0xd5, 0xcd, 0xd5, 0xd5, 0xb5, 0xcd,
    0xf6, 0xd5, 0x37, 0xde, 0x37, 0xde, 0x37, 0xde, 0x37, 0xde, 0x36, 0xde,
    0xf5, 0xd5, 0x94, 0xd5, 0x36, 0xde, 0x58, 0xe6, 0x57, 0xde, 0x77, 0xde,
    0x37, 0xe6, 0xf6, 0xdd, 0x36, 0xde, 0x37, 0xde, 0x57, 0xe6, 0x36, 0xde,
    0x37, 0xde, 0x36, 0xde, 0x37, 0xde, 0x36, 0xde, 0x36, 0xde, 0x37, 0xde,
    0x36, 0xde, 0x36, 0xde, 0x37, 0xde, 0x36, 0xde, 0x37, 0xde, 0x37, 0xde,
    0x37, 0xde, 0x16, 0xde, 0x37, 0xd6, 0x36, 0xde, 0x78, 0xde, 0xb9, 0xe6,
    0xb9, 0xee, 0xb9, 0xee, 0xb9, 0xee, 0xb9, 0xe6, 0xb9, 0xe6, 0xb9, 0xe6,
    0xba, 0xe6, 0xd9, 0xee, 0xb9, 0xe6, 0xb9, 0xe6, 0x37, 0xde, 0x94, 0xcd,
    0x16, 0xd6, 0xb9, 0xe6, 0xb9, 0xe6, 0xb9, 0xe6, 0xb9, 0xee, 0xb9, 0xe6,
    0xd9, 0xe6, 0x58, 0xde, 0x77, 0xe6, 0x77, 0xe6, 0x78, 0xe6, 0x77, 0xde,
    0x77, 0xe6, 0x78, 0xde, 0x78, 0xe6, 0x78, 0xe6, 0x77, 0xe6, 0x77, 0xe6,
    0x78, 0xde, 0x78, 0xe6, 0x77, 0xe6, 0x12, 0xbd, 0x53, 0xc5, 0xf5, 0xd5,
    0x58, 0xe6, 0x57, 0xe6, 0x78, 0xe6, 0x57, 0xde, 0x57, 0xe6, 0x58, 0xde,
    0x57, 0xe6, 0x77, 0xe6, 0x78, 0xde, 0x57, 0xe6, 0x57, 0xe6, 0x77, 0xde,
    0x77, 0xe6, 0x57, 0xde, 0x57, 0xde, 0x77, 0xe6, 0x57, 0xde, 0x57, 0xe6,
    0x57, 0xe6, 0x57, 0xe6, 0x57, 0xe6, 0x57, 0xe6, 0x57, 0xde, 0x57, 0xe6,
    0x78, 0xe6, 0x58, 0xde, 0x77, 0xe6, 0x77, 0xe6, 0x58, 0xe6, 0x57, 0xde,
    0x57, 0xe6, 0x37, 0xde, 0xf1, 0xb4, 0x57, 0xde, 0x78, 0xde, 0x57, 0xe6,
    0x57, 0xe6, 0x58, 0xde, 0x77, 0xe6, 0x57, 0xe6, 0x78, 0xde, 0x77, 0xde,
    0x57, 0xe6, 0x58, 0xde, 0x77, 0xde, 0x77, 0xde, 0x57, 0xe6, 0xf6, 0xd5,
    0x4f, 0x9c, 0x37, 0xde, 0x57, 0xe6, 0x57, 0xde, 0x37, 0xde, 0x57, 0xe6,
    0x57, 0xde, 0x16, 0xde, 0xb5, 0xcd, 0xcd, 0x8b, 0xd1, 0xb4, 0xf2, 0xbc,
    0x12, 0xbd, 0xf2, 0xb4, 0x12, 0xbd, 0x12, 0xb5, 0xf2, 0xb4, 0x70, 0xa4,
    0xb1, 0xac, 0x57, 0xe6, 0x57, 0xe6, 0x37, 0xde, 0x57, 0xde, 0x57, 0xde,
    0x37, 0xde, 0x37, 0xde, 0x37, 0xde, 0x36, 0xde, 0x16, 0xd6, 0xf5, 0xd5,
    0x37, 0xde, 0x78, 0xde, 0xb9, 0xe6, 0x98, 0xe6, 0x37, 0xde, 0x37, 0xde,
    0x57, 0xde, 0x58, 0xde, 0xb9, 0xe6, 0xd9, 0xee, 0xb9, 0xe6, 0xb9, 0xe6,
    0xb9, 0xe6, 0x98, 0xe6, 0xf6, 0xd5, 0x33, 0xbd, 0xb1, 0xac, 0x90, 0xa4,
    0x4f, 0x9c, 0x4b, 0x7b, 0x12, 0xb5, 0x78, 0xe6, 0x98, 0xe6, 0x98, 0xe6,
    0x99, 0xe6, 0x99, 0xe6, 0x98, 0xe6, 0x94, 0xc5, 0x57, 0xde, 0x78, 0xe6,
    0x77, 0xde, 0xf6, 0xd5, 0x12, 0xbd, 0x12, 0xbd, 0x13, 0xbd, 0x12, 0xbd,
    0xf2, 0xb4, 0xd1, 0xac, 0x2c, 0x73, 0x4c, 0x73, 0xca, 0x6a, 0xaa, 0x62,
    0x6b, 0x83, 0xed, 0x9b, 0x11, 0xc5, 0x31, 0xc5, 0x11, 0xc5, 0x31, 0xc5,
    0x11, 0xc5, 0x11, 0xbd, 0x11, 0xc5, 0x11, 0xc5, 0x10, 0xc5, 0x10, 0xc5,
    0x11, 0xbd, 0x11, 0xc5, 0x11, 0xc5, 0x10, 0xc5, 0x10, 0xc5, 0x11, 0xc5,
    0x31, 0xc5, 0x11, 0xc5, 0x30, 0xc5, 0x31, 0xc5, 0x11, 0xc5, 0x10, 0xc5,
    0x11, 0xc5, 0x11, 0xc5, 0x8b, 0x8b, 0xac, 0x8b, 0x0b, 0x73, 0x0f, 0x94,
    0x90, 0xac, 0x90, 0xa4, 0x90, 0xa4, 0x0e, 0x9c, 0x12, 0xbd, 0x74, 0xc5,
    0xd5, 0xd5, 0xd5, 0xd5, 0xd5, 0xcd, 0xf5, 0xd5, 0xd5, 0xd5, 0xd5, 0xcd,
    0xd5, 0xd5, 0xd5, 0xd5, 0xd5, 0xcd, 0xd5, 0xd5, 0xd5, 0xd5, 0xf6, 0xd5,
    0x16, 0xd6, 0x37, 0xde, 0x37, 0xde, 0x37, 0xd6, 0x37, 0xde, 0x36, 0xde,
    0xd5, 0xd5, 0x36, 0xde, 0x57, 0xe6, 0x57, 0xde, 0x57, 0xe6, 0x57, 0xe6,
    0x16, 0xde, 0x36, 0xde, 0x36, 0xde, 0x57, 0xe6, 0x57, 0xde, 0x36, 0xde,
    0x37, 0xe6, 0x37, 0xde, 0x36, 0xde, 0x36, 0xde, 0x37, 0xde, 0x36, 0xde,
    0x37, 0xe6, 0x36, 0xde, 0x36, 0xde, 0x37, 0xde, 0x36, 0xde, 0x36, 0xde,
    0x36, 0xde, 0x36, 0xde, 0x16, 0xd6, 0x57, 0xde, 0x99, 0xe6, 0xb9, 0xe6,
    0xb9, 0xe6, 0xd9, 0xe6, 0xba, 0xee, 0xb9, 0xe6, 0xd9, 0xee, 0xda, 0xee,
    0xb9, 0xe6, 0xd9, 0xe6, 0xb9, 0xee, 0xb9, 0xe6, 0x16, 0xd6, 0x73, 0xc5,
    0x99, 0xe6, 0xb9, 0xee, 0xb9, 0xe6, 0xb9, 0xe6, 0xb9, 0xee, 0xd9, 0xee,
    0xb9, 0xe6, 0x58, 0xe6, 0x78, 0xe6, 0x78, 0xde, 0x77, 0xe6, 0x58, 0xe6,
    0x77, 0xe6, 0x77, 0xe6, 0x58, 0xde, 0x77, 0xe6, 0x78, 0xe6, 0x57, 0xe6,
    0x77, 0xe6, 0x77, 0xe6, 0xd5, 0xcd, 0x32, 0xbd, 0xf6, 0xdd, 0x57, 0xe6,
    0x57, 0xe6, 0x77, 0xe6, 0x78, 0xe6, 0x57, 0xe6, 0x77, 0xde, 0x78, 0xe6,
    0x57, 0xde, 0x57, 0xe6, 0x57, 0xe6, 0x58, 0xe6, 0x78, 0xe6, 0x57, 0xe6,
    0x57, 0xde, 0x78, 0xe6, 0x77, 0xe6, 0x58, 0xe6, 0x58, 0xe6, 0x57, 0xe6,
    0x78, 0xde, 0x57, 0xe6, 0x77, 0xde, 0x57, 0xde, 0x58, 0xe6, 0x57, 0xde,
    0x57, 0xe6, 0x78, 0xde, 0x57, 0xde, 0x78, 0xe6, 0x57, 0xde, 0x57, 0xde,
    0x57, 0xde, 0x36, 0xde, 0xd1, 0xb4, 0x57, 0xde, 0x57, 0xe6, 0x58, 0xe6,
    0x77, 0xe6, 0x78, 0xe6, 0x57, 0xde, 0x57, 0xe6, 0x78, 0xe6, 0x57, 0xe6,
    0x57, 0xde, 0x57, 0xe6, 0x58, 0xde, 0x57, 0xde, 0x57, 0xe6, 0xf6, 0xd5,
    0xb0, 0xac, 0x57, 0xde, 0x57, 0xe6, 0x57, 0xe6, 0x57, 0xde, 0x57, 0xde,
    0x57, 0xe6, 0x57, 0xde, 0x53, 0xc5, 0x8c, 0x83, 0xb1, 0xac, 0x12, 0xbd,
    0x12, 0xbd, 0x12, 0xbd, 0xf2, 0xb4, 0xf2, 0xbc, 0x12, 0xbd, 0x70, 0xa4,
    0xd1, 0xb4, 0x57, 0xe6, 0x57, 0xde, 0x57, 0xde, 0x37, 0xde, 0x57, 0xde,
    0x37, 0xde, 0x36, 0xde, 0x37, 0xde, 0x37, 0xde, 0x36, 0xde, 0x57, 0xe6,
    0x57, 0xde, 0xb9, 0xe6, 0xb9, 0xee, 0xb9, 0xe6, 0x37, 0xde, 0xf6, 0xd5,
    0x78, 0xe6, 0xb4, 0xc5, 0x58, 0xde, 0xd9, 0xee, 0xb9, 0xe6, 0xb9, 0xe6,
    0xb9, 0xee, 0x78, 0xe6, 0x78, 0xde, 0x12, 0xbd, 0xd1, 0xb4, 0xb1, 0xac,
    0xb1, 0xac, 0xee, 0x93, 0xf2, 0xb4, 0x58, 0xde, 0x98, 0xe6, 0x98, 0xe6,
    0x99, 0xe6, 0x98, 0xe6, 0x98, 0xe6, 0xf6, 0xd5, 0xd5, 0xd5, 0x77, 0xe6,
    0x77, 0xe6, 0xf6, 0xd5, 0x12, 0xb5, 0x12, 0xbd, 0x33, 0xbd, 0x13, 0xbd,
    0xf2, 0xb4, 0xf2, 0xb4, 0x2c, 0x73, 0xca, 0x6a, 0xca, 0x62, 0xaa, 0x62,
    0x8c, 0x8b, 0x11, 0xbd, 0x11, 0xc5, 0x11, 0xc5, 0x31, 0xc5, 0x10, 0xc5,
    0x11, 0xc5, 0x10, 0xbd, 0x11, 0xc5, 0x11, 0xc5, 0x10, 0xc5, 0x10, 0xbd,
    0x11, 0xc5, 0x31, 0xc5, 0x11, 0xc5, 0x10, 0xbd, 0x10, 0xc5, 0x11, 0xc5,
    0x11, 0xc5, 0x30, 0xc5, 0x11, 0xc5, 0x11, 0xc5, 0x31, 0xc5, 0x10, 0xc5,
    0x31, 0xc5, 0x0d, 0x9c, 0xac, 0x8b, 0xca, 0x72, 0x0e, 0x94, 0xb0, 0xac,
    0x91, 0xac, 0x90, 0xa4, 0x8c, 0x83, 0x74, 0xc5, 0xb5, 0xcd, 0xd5, 0xcd,
    0xd5, 0xd5, 0xf5, 0xd5, 0xd5, 0xd5, 0xd5, 0xd5, 0xd5, 0xcd, 0xd5, 0xd5,
    0xf5, 0xd5, 0xd5, 0xd5, 0xd5, 0xcd, 0xd5, 0xd5, 0xb4, 0xcd, 0xf6, 0xd5,
    0x17, 0xd6, 0x37, 0xde, 0x37, 0xde, 0x37, 0xde, 0xf6, 0xd5, 0x52, 0xc5,
    0xb4, 0xcd, 0x57, 0xde, 0x57, 0xde, 0x57, 0xe6, 0x57, 0xde, 0x53, 0xc5,
    0x36, 0xde, 0x37, 0xde, 0x36, 0xde, 0x57, 0xe6, 0x37, 0xde, 0x36, 0xde,
    0x36, 0xe6, 0x37, 0xde, 0x36, 0xde, 0x36, 0xde, 0x37, 0xde, 0x36, 0xde,
    0x37, 0xde, 0x37, 0xe6, 0x36, 0xde, 0x37, 0xe6, 0x37, 0xde, 0x36, 0xde,
    0x37, 0xde, 0x37, 0xde, 0x57, 0xde, 0x99, 0xe6, 0xb9, 0xe6, 0xb9, 0xee,
    0xba, 0xe6, 0xb9, 0xe6, 0xda, 0xe6, 0xb9, 0xe6, 0xda, 0xee, 0xda, 0xee,
    0xb9, 0xe6, 0xda, 0xe6, 0xb9, 0xee, 0x37, 0xde, 0x53, 0xbd, 0x37, 0xde,
    0xb9, 0xe6, 0xb9, 0xee, 0xd9, 0xee, 0xb9, 0xe6, 0xd9, 0xe6, 0xd9, 0xee,
    0x78, 0xe6, 0x57, 0xde, 0x77, 0xe6, 0x77, 0xe6, 0x78, 0xe6, 0x78, 0xe6,
    0x78, 0xe6, 0x78, 0xe6, 0x77, 0xe6, 0x57, 0xde, 0x78, 0xe6, 0x78, 0xde,
    0x57, 0xe6, 0x58, 0xe6, 0x73, 0xc5, 0x16, 0xd6, 0x57, 0xe6, 0x57, 0xe6,
    0x78, 0xe6, 0x57, 0xde, 0x78, 0xe6, 0x78, 0xe6, 0x78, 0xe6, 0x77, 0xde,
    0x58, 0xe6, 0x77, 0xe6, 0x77, 0xde, 0x57, 0xe6, 0x78, 0xde, 0x57, 0xe6,
    0x58, 0xe6, 0x57, 0xde, 0x57, 0xe6, 0x58, 0xde, 0x57, 0xde, 0x77, 0xe6,
    0x57, 0xde, 0x58, 0xde, 0x57, 0xe6, 0x57, 0xde, 0x57, 0xde, 0x57, 0xde,
    0x57, 0xe6, 0x77, 0xe6, 0x58, 0xe6, 0x57, 0xde, 0x77, 0xe6, 0x57, 0xe6,
    0x58, 0xde, 0x37, 0xde, 0x94, 0xcd, 0x57, 0xde, 0x78, 0xe6, 0x77, 0xde,
    0x77, 0xe6, 0x58, 0xe6, 0x77, 0xe6, 0x78, 0xe6, 0x78, 0xe6, 0x77, 0xde,
    0x78, 0xe6, 0x57, 0xe6, 0x57, 0xe6, 0x78, 0xe6, 0x57, 0xde, 0x17, 0xde,
    0x53, 0xbd, 0x57, 0xde, 0x58, 0xe6, 0x57, 0xde, 0x57, 0xde, 0x57, 0xe6,
    0x57, 0xde, 0x57, 0xde, 0xb5, 0xcd, 0xb1, 0xac, 0x73, 0xc5, 0x12, 0xbd,
    0x12, 0xbd, 0x12, 0xbd, 0x12, 0xb5, 0x12, 0xbd, 0x12, 0xb5, 0xd1, 0xb4,
    0x33, 0xbd, 0x57, 0xde, 0x57, 0xde, 0x57, 0xe6, 0x57, 0xe6, 0x57, 0xde,
    0x37, 0xde, 0x36, 0xde, 0x37, 0xde, 0x37, 0xde, 0x16, 0xd6, 0x78, 0xe6,
    0x57, 0xde, 0xb9, 0xee, 0xb9, 0xe6, 0xb9, 0xe6, 0x57, 0xde, 0x16, 0xd6,
    0x78, 0xe6, 0x94, 0xc5, 0x58, 0xde, 0xb9, 0xe6, 0xb9, 0xee, 0xb9, 0xe6,
    0xb9, 0xe6, 0xb9, 0xee, 0x99, 0xe6, 0x16, 0xd6, 0xd1, 0xac, 0xd1, 0xac,
    0xb1, 0xac, 0x2f, 0x9c, 0xee, 0x93, 0xb5, 0xcd, 0x98, 0xe6, 0x99, 0xe6,
    0x98, 0xe6, 0x98, 0xe6, 0x98, 0xe6, 0x37, 0xde, 0xf1, 0xb4, 0x57, 0xde,
    0x37, 0xde, 0xd5, 0xcd, 0xb1, 0xac, 0x12, 0xbd, 0x33, 0xbd, 0x32, 0xbd,
    0x12, 0xbd, 0xf2, 0xb4, 0xca, 0x6a, 0x89, 0x62, 0xa9, 0x62, 0xca, 0x62,
    0x4b, 0x83, 0x11, 0xc5, 0x31, 0xc5, 0x31, 0xc5, 0x11, 0xc5, 0x11, 0xc5,
    0x11, 0xc5, 0x10, 0xc5, 0x10, 0xc5, 0x11, 0xc5, 0x31, 0xc5, 0x11, 0xc5,
    0x10, 0xc5, 0x10, 0xc5, 0x11, 0xc5, 0x11, 0xc5, 0x11, 0xc5, 0x11, 0xc5,
    0x31, 0xc5, 0x31, 0xc5, 0x10, 0xc5, 0x31, 0xc5, 0x31, 0xc5, 0x11, 0xc5,
    0xf0, 0xc4, 0xed, 0x9b, 0x0a, 0x73, 0x0e, 0x94, 0x90, 0xa4, 0x70, 0xac,
    0x2f, 0x9c, 0x90, 0xa4, 0x94, 0xcd, 0xd5, 0xd5, 0xd5, 0xd5, 0xd5, 0xd5,
    0xd5, 0xd5, 0xf5, 0xd5, 0xf5, 0xd5, 0xf5, 0xd5, 0xf5, 0xd5, 0xd5, 0xd5,
    0xd5, 0xd5, 0xd5, 0xcd, 0xd5, 0xd5, 0xd4, 0xd5, 0x16, 0xd6, 0x37, 0xde,
    0x37, 0xde, 0x37, 0xd6, 0x37, 0xd6, 0x73, 0xc5, 0x11, 0xbd, 0xf5, 0xdd,
    0x37, 0xde, 0x57, 0xe6, 0x57, 0xe6, 0x57, 0xde, 0xb5, 0xd5, 0x16, 0xde,
    0x36, 0xde, 0x37, 0xde, 0x37, 0xde, 0x56, 0xde, 0x36, 0xde, 0x37, 0xde,
    0x36, 0xde, 0x36, 0xde, 0x37, 0xde, 0x36, 0xde, 0x36, 0xde, 0x36, 0xde,
    0x36, 0xde, 0x37, 0xde, 0x36, 0xde, 0x36, 0xde, 0x36, 0xde, 0x37, 0xde,
    0x37, 0xde, 0x16, 0xde, 0x37, 0xde, 0xb9, 0xe6, 0xb9, 0xe6, 0xb9, 0xee,
    0xd9, 0xee, 0xb9, 0xe6, 0xd9, 0xee, 0xba, 0xee, 0xd9, 0xe6, 0xd9, 0xee,
    0xda, 0xee, 0xd9, 0xe6, 0xb9, 0xee, 0x57, 0xde, 0x53, 0xc5, 0xb9, 0xe6,
    0xb9, 0xe6, 0xd9, 0xe6, 0xb9, 0xee, 0xb9, 0xe6, 0xb9, 0xe6, 0x78, 0xe6,
    0x77, 0xde, 0x98, 0xe6, 0x78, 0xe6, 0x78, 0xe6, 0x78, 0xe6, 0x77, 0xde,
    0x78, 0xe6, 0x78, 0xe6, 0x78, 0xe6, 0x77, 0xe6, 0x78, 0xe6, 0x78, 0xe6,
    0x77, 0xde, 0x12, 0xbd, 0xb5, 0xd5, 0x57, 0xe6, 0x77, 0xe6, 0x78, 0xe6,
    0x78, 0xe6, 0x57, 0xde, 0x77, 0xe6, 0x78, 0xe6, 0x57, 0xe6, 0x77, 0xe6,
    0x58, 0xe6, 0x78, 0xe6, 0x57, 0xe6, 0x77, 0xde, 0x57, 0xe6, 0x57, 0xde,
    0x77, 0xe6, 0x58, 0xe6, 0x57, 0xde, 0x77, 0xe6, 0x57, 0xe6, 0x57, 0xe6,
    0x57, 0xe6, 0x57, 0xe6, 0x57, 0xe6, 0x57, 0xe6, 0x57, 0xe6, 0x78, 0xde,
    0x57, 0xe6, 0x57, 0xe6, 0x57, 0xde, 0x78, 0xe6, 0x57, 0xe6, 0x57, 0xde,
    0x57, 0xe6, 0x78, 0xe6, 0x57, 0xde, 0x77, 0xe6, 0x78, 0xe6, 0x78, 0xe6,
    0x57, 0xde, 0x78, 0xe6, 0x57, 0xde, 0x77, 0xde, 0x57, 0xe6, 0x58, 0xde,
    0x57, 0xde, 0x57, 0xde, 0x78, 0xe6, 0x77, 0xe6, 0x77, 0xde, 0x57, 0xde,
    0xf6, 0xd5, 0x78, 0xe6, 0x77, 0xe6, 0x57, 0xe6, 0x58, 0xe6, 0x57, 0xe6,
    0x57, 0xde, 0x57, 0xde, 0x37, 0xde, 0xb4, 0xcd, 0xb5, 0xcd, 0x32, 0xbd,
    0x13, 0xbd, 0x12, 0xbd, 0x12, 0xbd, 0x12, 0xb5, 0xf2, 0xb4, 0x12, 0xb5,
    0x53, 0xc5, 0x17, 0xde, 0x57, 0xde, 0x57, 0xde, 0x57, 0xde, 0x57, 0xe6,
    0x57, 0xde, 0x37, 0xde, 0x37, 0xde, 0x36, 0xde, 0x36, 0xde, 0x78, 0xe6,
    0x57, 0xde, 0xb9, 0xe6, 0xba, 0xee, 0xda, 0xe6, 0xb9, 0xe6, 0x77, 0xe6,
    0x78, 0xe6, 0x57, 0xde, 0x99, 0xe6, 0xda, 0xe6, 0xb9, 0xe6, 0xb9, 0xe6,
    0xb9, 0xee, 0xb9, 0xe6, 0x98, 0xe6, 0x78, 0xde, 0x74, 0xc5, 0x90, 0xa4,
    0x2f, 0x9c, 0x90, 0xa4, 0x4b, 0x83, 0x33, 0xbd, 0x98, 0xe6, 0x98, 0xe6,
    0xb9, 0xe6, 0x98, 0xe6, 0x99, 0xe6, 0x98, 0xe6, 0x74, 0xc5, 0x57, 0xde,
    0x58, 0xde, 0xd5, 0xcd, 0xb1, 0xac, 0x33, 0xbd, 0x33, 0xbd, 0x33, 0xbd,
    0x33, 0xbd, 0xf2, 0xb4, 0x88, 0x62, 0x89, 0x5a, 0xaa, 0x62, 0xca, 0x62,
    0x28, 0x3a, 0x31, 0xc5, 0x31, 0xc5, 0x31, 0xc5, 0x11, 0xc5, 0x11, 0xc5,
    0x11, 0xc5, 0x11, 0xc5, 0x11, 0xc5, 0x11, 0xc5, 0x10, 0xc5, 0x11, 0xc5,
    0x31, 0xc5, 0x10, 0xc5, 0x11, 0xc5, 0x31, 0xc5, 0x11, 0xc5, 0x10, 0xc5,
    0x31, 0xc5, 0x11, 0xc5, 0x10, 0xc5, 0x31, 0xc5, 0x11, 0xc5, 0x10, 0xc5,
    0x8b, 0x8b, 0xa8, 0x6a, 0x0e, 0x94, 0x90, 0xa4, 0x90, 0xa4, 0x0a, 0x7b,
    0xb5, 0xcd, 0xd5, 0xcd, 0xd5, 0xd5, 0xd5, 0xd5, 0xd5, 0xd5, 0xd5, 0xcd,
    0xd5, 0xd5, 0xf5, 0xd5, 0xd5, 0xd5, 0xd5, 0xcd, 0xd5, 0xd5, 0xf5, 0xd5,
    0xd5, 0xcd, 0xf5, 0xd5, 0xd5, 0xd5, 0x16, 0xd6, 0x16, 0xd6, 0x37, 0xde,
    0x37, 0xde, 0x37, 0xde, 0x94, 0xcd, 0x52, 0xc5, 0x36, 0xe6, 0x37, 0xe6,
    0x57, 0xde, 0x57, 0xe6, 0x57, 0xe6, 0x57, 0xe6, 0x57, 0xde, 0x37, 0xde,
    0x56, 0xde, 0x36, 0xde, 0x37, 0xe6, 0x57, 0xde, 0x57, 0xde, 0x37, 0xde,
    0x36, 0xde, 0x36, 0xde, 0x36, 0xde, 0x37, 0xde, 0x37, 0xde, 0x36, 0xde,
    0x37, 0xe6, 0x57, 0xde, 0x36, 0xde, 0x37, 0xe6, 0x37, 0xde, 0x36, 0xde,
    0x36, 0xde, 0x57, 0xde, 0xb9, 0xee, 0xb9, 0xe6, 0xb9, 0xe6, 0xb9, 0xe6,
    0xda, 0xee, 0xda, 0xee, 0xda, 0xee, 0xb9, 0xe6, 0xda, 0xe6, 0xd9, 0xee,
    0xba, 0xee, 0xb9, 0xe6, 0x57, 0xde, 0x12, 0xbd, 0x98, 0xe6, 0xd9, 0xee,
    0xd9, 0xe6, 0xb9, 0xe6, 0xb9, 0xee, 0xda, 0xee, 0xd9, 0xee, 0x98, 0xe6,
    0xb9, 0xee, 0x98, 0xe6, 0x58, 0xde, 0x77, 0xe6, 0x57, 0xe6, 0x78, 0xe6,
    0x77, 0xe6, 0x78, 0xe6, 0x78, 0xe6, 0x77, 0xe6, 0x57, 0xde, 0x78, 0xe6,
    0x77, 0xe6, 0x36, 0xe6, 0x57, 0xe6, 0x78, 0xe6, 0x77, 0xe6, 0x78, 0xe6,
    0x77, 0xe6, 0x78, 0xe6, 0x77, 0xe6, 0x78, 0xe6, 0x77, 0xde, 0x57, 0xde,
    0x77, 0xe6, 0x57, 0xe6, 0x58, 0xe6, 0x78, 0xe6, 0x57, 0xe6, 0x57, 0xe6,
    0x57, 0xde, 0x77, 0xe6, 0x78, 0xde, 0x77, 0xe6, 0x57, 0xde, 0x57, 0xe6,
    0x57, 0xde, 0x77, 0xde, 0x57, 0xde, 0x57, 0xe6, 0x57, 0xde, 0x57, 0xde,
    0x78, 0xe6, 0x57, 0xde, 0x77, 0xe6, 0x58, 0xe6, 0x77, 0xde, 0x57, 0xde,
    0x78, 0xe6, 0x57, 0xde, 0x78, 0xe6, 0x57, 0xde, 0x57, 0xe6, 0x78, 0xe6,
    0x77, 0xe6, 0x78, 0xe6, 0x77, 0xde, 0x77, 0xe6, 0x58, 0xe6, 0x77, 0xe6,
    0x57, 0xde, 0x78, 0xe6, 0x77, 0xe6, 0x78, 0xe6, 0x78, 0xe6, 0x57, 0xe6,
    0x57, 0xde, 0x78, 0xe6, 0x78, 0xe6, 0x78, 0xde, 0x77, 0xe6, 0x57, 0xde,
    0x57, 0xe6, 0x58, 0xe6, 0x57, 0xe6, 0x74, 0xc5, 0xf1, 0xb4, 0xd1, 0xb4,
    0x33, 0xbd, 0x13, 0xbd, 0x32, 0xbd, 0x12, 0xbd, 0x12, 0xbd, 0x12, 0xbd,
    0x13, 0xbd, 0xd5, 0xcd, 0x77, 0xe6, 0x57, 0xde, 0x57, 0xde, 0x57, 0xe6,
    0x57, 0xde, 0x57, 0xde, 0x37, 0xde, 0x57, 0xde, 0x37, 0xde, 0x98, 0xe6,
    0x37, 0xde, 0xb9, 0xe6, 0xb9, 0xee, 0xb9, 0xe6, 0xb9, 0xe6, 0xd6, 0xcd,
    0x37, 0xde, 0x98, 0xe6, 0xb9, 0xee, 0xb9, 0xee, 0xb9, 0xe6, 0xb9, 0xe6,
    0xba, 0xee, 0xb9, 0xe6, 0xb9, 0xe6, 0xb9, 0xe6, 0xf6, 0xd5, 0x90, 0xac,
    0xd1, 0xb4, 0xf2, 0xb4, 0xcd, 0x8b, 0x33, 0xbd, 0x98, 0xe6, 0x98, 0xe6,
    0x99, 0xe6, 0x98, 0xe6, 0xb9, 0xe6, 0x98, 0xe6, 0x37, 0xde, 0x78, 0xe6,
    0x57, 0xde, 0x94, 0xcd, 0xf2, 0xb4, 0x33, 0xbd, 0x33, 0xc5, 0x33, 0xc5,
    0x53, 0xc5, 0x12, 0xbd, 0x0b, 0x73, 0xaa, 0x62, 0x0b, 0x6b, 0xcb, 0x6a,
    0x74, 0x4c, 0x4e, 0x4b, 0x12, 0xb5, 0x11, 0xc5, 0x31, 0xc5, 0x31, 0xc5,
    0x31, 0xc5, 0x11, 0xbd, 0x10, 0xbd, 0x10, 0xc5, 0x11, 0xc5, 0x31, 0xc5,
    0x31, 0xc5, 0x11, 0xc5, 0x11, 0xc5, 0x30, 0xc5, 0x31, 0xc5, 0x10, 0xc5,
    0x11, 0xc5, 0x30, 0xc5, 0x11, 0xc5, 0x11, 0xc5, 0x30, 0xc5, 0xcc, 0x93,
    0xe9, 0x72, 0x0e, 0x9c, 0x70, 0xa4, 0x70, 0xa4, 0x0a, 0x7b, 0xd5, 0xd5,
    0xd5, 0xd5, 0xd5, 0xd5, 0xf5, 0xd5, 0xd5, 0xd5, 0xf5, 0xcd, 0xd5, 0xd5,
    0xf5, 0xd5, 0xd5, 0xcd, 0xf5, 0xd5, 0xd5, 0xd5, 0xd5, 0xcd, 0xd5, 0xd5,
    0xd5, 0xcd, 0xd5, 0xd5, 0x94, 0xcd, 0x16, 0xd6, 0x37, 0xde, 0x37, 0xd6,
    0x37, 0xde, 0xb5, 0xcd, 0xb0, 0xb4, 0xb0, 0xb4, 0xb4, 0xd5, 0x57, 0xde,
    0x57, 0xde, 0x57, 0xde, 0x37, 0xde, 0x94, 0xcd, 0x36, 0xde, 0x37, 0xde,
    0x36, 0xde, 0x56, 0xde, 0x37, 0xe6, 0x36, 0xde, 0x36, 0xde, 0x37, 0xde,
    0x37, 0xde, 0x37, 0xde, 0x36, 0xde, 0x36, 0xde, 0x36, 0xde, 0x36, 0xde,
    0x36, 0xde, 0x36, 0xde, 0x37, 0xde, 0x36, 0xde, 0x37, 0xde, 0x37, 0xde,
    0x36, 0xde, 0x78, 0xde, 0xb9, 0xe6, 0xb9, 0xee, 0xda, 0xee, 0xd9, 0xe6,
    0xb9, 0xe6, 0xb9, 0xe6, 0xda, 0xee, 0xda, 0xee, 0xd9, 0xee, 0xda, 0xe6,
    0xda, 0xee, 0xd9, 0xe6, 0x78, 0xe6, 0x74, 0xbd, 0xd9, 0xee, 0xb9, 0xee,
    0xda, 0xee, 0xb9, 0xe6, 0xd9, 0xe6, 0xda, 0xee, 0x78, 0xe6, 0x98, 0xe6,
    0xb9, 0xe6, 0x98, 0xe6, 0x78, 0xe6, 0x77, 0xe6, 0x78, 0xe6, 0x78, 0xe6,
    0x77, 0xe6, 0x77, 0xde, 0x78, 0xe6, 0x78, 0xe6, 0x78, 0xe6, 0x77, 0xe6,
    0x32, 0xbd, 0xd5, 0xd5, 0x58, 0xe6, 0x77, 0xde, 0x78, 0xde, 0x78, 0xe6,
    0x78, 0xe6, 0x77, 0xde, 0x78, 0xe6, 0x58, 0xe6, 0x58, 0xe6, 0x77, 0xe6,
    0x58, 0xde, 0x77, 0xe6, 0x57, 0xde, 0x77, 0xe6, 0x78, 0xe6, 0x57, 0xde,
    0x57, 0xe6, 0x57, 0xde, 0x57, 0xe6, 0x57, 0xe6, 0x57, 0xde, 0x57, 0xde,
    0x57, 0xe6, 0x58, 0xe6, 0x57, 0xde, 0x57, 0xde, 0x58, 0xe6, 0x58, 0xe6,
    0x57, 0xe6, 0x77, 0xde, 0x58, 0xe6, 0x77, 0xe6, 0x78, 0xde, 0x57, 0xe6,
    0x57, 0xde, 0x33, 0xbd, 0x57, 0xe6, 0x77, 0xde, 0x58, 0xde, 0x57, 0xe6,
    0x57, 0xde, 0x58, 0xe6, 0x78, 0xe6, 0x77, 0xe6, 0x57, 0xde, 0x77, 0xe6,
    0x78, 0xe6, 0x57, 0xe6, 0x57, 0xde, 0x57, 0xde, 0x78, 0xe6, 0x77, 0xe6,
    0x78, 0xde, 0x98, 0xe6, 0x77, 0xe6, 0x77, 0xde, 0x78, 0xe6, 0x78, 0xe6,
    0x77, 0xde, 0x57, 0xe6, 0x57, 0xde, 0x94, 0xc5, 0xad, 0x8b, 0x36, 0xde,
    0x32, 0xbd, 0x32, 0xbd, 0x12, 0xbd, 0x12, 0xbd, 0x12, 0xbd, 0x12, 0xbd,
    0xd1, 0xac, 0x73, 0xbd, 0x57, 0xde, 0x57, 0xe6, 0x57, 0xde, 0x57, 0xde,
    0x57, 0xe6, 0x37, 0xde, 0x57, 0xde, 0x36, 0xde, 0x57, 0xde, 0xb9, 0xe6,
    0x98, 0xe6, 0xb9, 0xe6, 0xb9, 0xe6, 0xb9, 0xee, 0xb9, 0xee, 0xb9, 0xe6,
    0xb9, 0xe6, 0xb9, 0xe6, 0x37, 0xd6, 0x99, 0xe6, 0xb9, 0xe6, 0xd9, 0xee,
    0xb9, 0xe6, 0xb9, 0xe6, 0xb9, 0xe6, 0xb9, 0xe6, 0x99, 0xe6, 0xd5, 0xcd,
    0xb1, 0xac, 0xb1, 0xac, 0xee, 0x93, 0x74, 0xbd, 0x98, 0xe6, 0xb9, 0xe6,
    0x98, 0xe6, 0x99, 0xe6, 0x98, 0xe6, 0x98, 0xe6, 0xf6, 0xd5, 0x37, 0xde,
    0x57, 0xde, 0x36, 0xde, 0x94, 0xcd, 0x53, 0xc5, 0x53, 0xc5, 0x53, 0xc5,
    0x53, 0xc5, 0xd1, 0xb4, 0x0e, 0x94, 0xeb, 0x6a, 0x4c, 0x73, 0xea, 0x62,
    0x94, 0x54, 0x53, 0x4c, 0x31, 0x5c, 0x70, 0x94, 0x11, 0xbd, 0x31, 0xc5,
    0x31, 0xc5, 0x11, 0xc5, 0x10, 0xc5, 0x11, 0xc5, 0x11, 0xc5, 0x10, 0xc5,
    0x31, 0xc5, 0x31, 0xc5, 0x10, 0xc5, 0x31, 0xc5, 0x11, 0xc5, 0x11, 0xc5,
    0x10, 0xc5, 0x11, 0xc5, 0x31, 0xc5, 0x31, 0xc5, 0x8f, 0xb4, 0xac, 0x8b,
    0x0e, 0x9c, 0x50, 0xa4, 0x0e, 0x94, 0xd1, 0xb4, 0xb4, 0xcd, 0xd5, 0xd5,
    0xf5, 0xd5, 0xd5, 0xd5, 0xd5, 0xd5, 0xf5, 0xd5, 0xd5, 0xd5, 0xf5, 0xd5,
    0xd5, 0xd5, 0xf5, 0xd5, 0xd5, 0xd5, 0xf5, 0xd5, 0xf5, 0xd5, 0xd5, 0xd5,
    0xd5, 0xd5, 0xd5, 0xd5, 0x16, 0xd6, 0x17, 0xd6, 0x37, 0xde, 0x37, 0xde,
    0xf6, 0xd5, 0x32, 0xbd, 0xd1, 0xb4, 0xb4, 0xd5, 0x57, 0xe6, 0x57, 0xde,
    0x57, 0xe6, 0x57, 0xe6, 0xb5, 0xcd, 0x16, 0xde, 0x37, 0xde, 0x57, 0xe6,
    0x36, 0xde, 0x37, 0xde, 0x36, 0xde, 0x36, 0xde, 0x36, 0xde, 0x36, 0xe6,
    0x37, 0xe6, 0x36, 0xde, 0x36, 0xde, 0x37, 0xde, 0x36, 0xde, 0x37, 0xde,
    0x36, 0xde, 0x36, 0xde, 0x36, 0xde, 0x37, 0xde, 0x36, 0xde, 0x36, 0xde,
    0x37, 0xde, 0xb9, 0xe6, 0xb9, 0xe6, 0xda, 0xee, 0xd9, 0xee, 0xba, 0xe6,
    0xb9, 0xee, 0xd9, 0xee, 0xda, 0xe6, 0xda, 0xee, 0xb9, 0xe6, 0xda, 0xee,
    0xd9, 0xee, 0x78, 0xe6, 0x12, 0xb5, 0xb9, 0xe6, 0xba, 0xe6, 0xda, 0xe6,
    0xb9, 0xee, 0xba, 0xee, 0xb9, 0xe6, 0xb9, 0xe6, 0x78, 0xe6, 0xb9, 0xe6,
    0xda, 0xee, 0xb9, 0xe6, 0x78, 0xe6, 0x78, 0xe6, 0x77, 0xe6, 0x78, 0xde,
    0x78, 0xe6, 0x78, 0xe6, 0x77, 0xe6, 0x78, 0xe6, 0x78, 0xe6, 0x37, 0xde,
    0x56, 0xe6, 0x57, 0xe6, 0x57, 0xe6, 0x78, 0xe6, 0x77, 0xe6, 0x78, 0xe6,
    0x78, 0xe6, 0x77, 0xe6, 0x77, 0xe6, 0x58, 0xe6, 0x57, 0xe6, 0x78, 0xe6,
    0x77, 0xe6, 0x58, 0xde, 0x57, 0xe6, 0x77, 0xe6, 0x57, 0xde, 0x58, 0xde,
    0x58, 0xe6, 0x78, 0xe6, 0x57, 0xde, 0x78, 0xe6, 0x57, 0xe6, 0x78, 0xe6,
    0x57, 0xe6, 0x57, 0xe6, 0x57, 0xe6, 0x57, 0xe6, 0x57, 0xe6, 0x57, 0xe6,
    0x57, 0xde, 0x78, 0xe6, 0x78, 0xe6, 0x57, 0xde, 0x57, 0xe6, 0x78, 0xe6,
    0x57, 0xde, 0x2f, 0x9c, 0x57, 0xe6, 0x77, 0xe6, 0x78, 0xe6, 0x78, 0xe6,
    0x77, 0xe6, 0x77, 0xde, 0x78, 0xe6, 0x57, 0xde, 0x78, 0xe6, 0x77, 0xde,
    0x57, 0xe6, 0x57, 0xde, 0x78, 0xe6, 0x78, 0xe6, 0x77, 0xde, 0x78, 0xe6,
    0x98, 0xe6, 0x98, 0xe6, 0x77, 0xe6, 0x78, 0xe6, 0x57, 0xde, 0x58, 0xe6,
    0x77, 0xe6, 0x58, 0xde, 0x57, 0xe6, 0x77, 0xe6, 0x0e, 0x9c, 0xd5, 0xd5,
    0xf1, 0xb4, 0x12, 0xbd, 0x12, 0xbd, 0x12, 0xbd, 0x12, 0xbd, 0x12, 0xbd,
    0x90, 0xac, 0x33, 0xbd, 0x57, 0xde, 0x57, 0xde, 0x57, 0xde, 0x57, 0xde,
    0x57, 0xe6, 0x57, 0xde, 0x57, 0xde, 0xb9, 0xee, 0x57, 0xe6, 0x99, 0xe6,
    0x99, 0xe6, 0xb9, 0xe6, 0xb9, 0xe6, 0xba, 0xe6, 0xb9, 0xe6, 0xb9, 0xee,
    0x57, 0xde, 0x78, 0xe6, 0x74, 0xc5, 0x78, 0xde, 0xb9, 0xe6, 0xb9, 0xee,
    0xb9, 0xe6, 0xda, 0xee, 0xb9, 0xe6, 0xb9, 0xee, 0xb9, 0xe6, 0xf6, 0xcd,
    0x4f, 0xa4, 0x70, 0xa4, 0xd1, 0xac, 0xb5, 0xcd, 0x98, 0xe6, 0x99, 0xe6,
    0x98, 0xe6, 0xb8, 0xe6, 0xb9, 0xe6, 0x99, 0xe6, 0x16, 0xde, 0xd5, 0xd5,
    0x78, 0xde, 0x57, 0xde, 0xd6, 0xd5, 0x53, 0xc5, 0x53, 0xbd, 0x53, 0xc5,
    0x54, 0xc5, 0xf2, 0xb4, 0xd1, 0xac, 0x2b, 0x73, 0x8d, 0x83, 0x0b, 0x6b,
    0xb5, 0x54, 0xb4, 0x54, 0x53, 0x44, 0x52, 0x5c, 0x0e, 0x8c, 0xf0, 0xbc,
    0x31, 0xc5, 0x31, 0xc5, 0x11, 0xc5, 0x31, 0xc5, 0x31, 0xc5, 0x11, 0xc5,
    0x11, 0xc5, 0x31, 0xc5, 0x11, 0xc5, 0x31, 0xc5, 0x31, 0xc5, 0x31, 0xc5,
    0x31, 0xc5, 0x31, 0xc5, 0x10, 0xc5, 0xf0, 0xbc, 0x2d, 0x9c, 0x0e, 0x94,
    0x4f, 0x9c, 0x6c, 0x83, 0x13, 0xbd, 0xb4, 0xcd, 0xd5, 0xd5, 0xf5, 0xd5,
    0xf5, 0xd5, 0xd5, 0xd5, 0xf5, 0xd5, 0xd5, 0xcd, 0xd5, 0xd5, 0xd5, 0xd5,
    0xd5, 0xd5, 0xf5, 0xd5, 0xd5, 0xcd, 0xd5, 0xd5, 0xd5, 0xd5, 0xd5, 0xd5,
    0xf5, 0xcd, 0x16, 0xd6, 0xf6, 0xd5, 0x37, 0xd6, 0x37, 0xde, 0x16, 0xd6,
    0x94, 0xc5, 0xd1, 0xb4, 0x94, 0xcd, 0x36, 0xde, 0x57, 0xde, 0x37, 0xde,
    0x57, 0xe6, 0x37, 0xde, 0x37, 0xde, 0x36, 0xde, 0x57, 0xde, 0x36, 0xde,
    0x37, 0xde, 0x37, 0xde, 0x36, 0xde, 0x37, 0xde, 0x37, 0xde, 0x36, 0xde,
    0x36, 0xde, 0x37, 0xde, 0x36, 0xde, 0x36, 0xde, 0x36, 0xde, 0x37, 0xde,
    0x37, 0xde, 0x36, 0xde, 0x37, 0xde, 0x36, 0xde, 0x37, 0xde, 0x37, 0xde,
    0xb9, 0xe6, 0xb9, 0xe6, 0xb9, 0xe6, 0xb9, 0xee, 0xd9, 0xe6, 0xba, 0xe6,
    0xd9, 0xee, 0xd9, 0xe6, 0xda, 0xee, 0xba, 0xe6, 0xda, 0xee, 0xda, 0xee,
    0xd9, 0xe6, 0x78, 0xde, 0x33, 0xbd, 0xd9, 0xee, 0xd9, 0xe6, 0xb9, 0xee,
    0xd9, 0xe6, 0xda, 0xee, 0xb9, 0xe6, 0x98, 0xe6, 0xb9, 0xe6, 0xb9, 0xe6,
    0xb9, 0xee, 0xb9, 0xee, 0x98, 0xe6, 0x77, 0xe6, 0x78, 0xe6, 0x78, 0xe6,
    0x78, 0xe6, 0x78, 0xe6, 0x77, 0xe6, 0x78, 0xe6, 0x57, 0xe6, 0xd4, 0xcd,
    0xf6, 0xd5, 0x57, 0xe6, 0x78, 0xe6, 0x77, 0xde, 0x78, 0xe6, 0x77, 0xe6,
    0x78, 0xe6, 0x78, 0xe6, 0x77, 0xde, 0x77, 0xde, 0x78, 0xe6, 0x57, 0xde,
    0x77, 0xe6, 0x57, 0xe6, 0x77, 0xde, 0x57, 0xe6, 0x58, 0xe6, 0x57, 0xe6,
    0x77, 0xde, 0x57, 0xe6, 0x78, 0xe6, 0x57, 0xde, 0x77, 0xe6, 0x57, 0xde,
    0x57, 0xde, 0x78, 0xe6, 0x57, 0xde, 0x57, 0xde, 0x77, 0xe6, 0x57, 0xe6,
    0x57, 0xde, 0x78, 0xe6, 0x57, 0xe6, 0x57, 0xde, 0x77, 0xe6, 0x57, 0xe6,
    0x57, 0xde, 0xd1, 0xb4, 0x58, 0xe6, 0x77, 0xde, 0x78, 0xe6, 0x77, 0xe6,
    0x77, 0xe6, 0x78, 0xe6, 0x57, 0xe6, 0x57, 0xe6, 0x78, 0xde, 0x78, 0xe6,
    0x77, 0xe6, 0x78, 0xe6, 0x78, 0xde, 0x77, 0xe6, 0x77, 0xe6, 0x78, 0xe6,
    0x98, 0xe6, 0x98, 0xe6, 0x77, 0xe6, 0x78, 0xe6, 0x77, 0xe6, 0x57, 0xde,
    0x78, 0xe6, 0x77, 0xe6, 0x57, 0xde, 0x57, 0xe6, 0xd1, 0xb4, 0x53, 0xc5,
    0xb5, 0xcd, 0x33, 0xbd, 0x12, 0xbd, 0x33, 0xbd, 0x33, 0xbd, 0x32, 0xbd,
    0x70, 0xa4, 0xf2, 0xb4, 0x37, 0xde, 0x57, 0xde, 0x57, 0xe6, 0x37, 0xde,
    0x57, 0xde, 0x57, 0xe6, 0x37, 0xde, 0x78, 0xe6, 0x57, 0xe6, 0x98, 0xe6,
    0xb9, 0xe6, 0xb9, 0xee, 0xb9, 0xee, 0xb9, 0xe6, 0xb9, 0xe6, 0xb9, 0xe6,
    0x16, 0xd6, 0x78, 0xe6, 0x94, 0xc5, 0x78, 0xde, 0xb9, 0xee, 0xb9, 0xe6,
    0xba, 0xe6, 0xb9, 0xee, 0xd9, 0xe6, 0xb9, 0xe6, 0xb9, 0xe6, 0xb9, 0xe6,
    0x94, 0xcd, 0xb1, 0xac, 0xf1, 0xb4, 0xf2, 0xb4, 0x36, 0xd6, 0x99, 0xe6,
    0x99, 0xe6, 0x98, 0xe6, 0xb9, 0xe6, 0x99, 0xe6, 0x36, 0xde, 0x16, 0xd6,
    0x57, 0xe6, 0xf6, 0xd5, 0x53, 0xbd, 0x53, 0xc5, 0x53, 0xc5, 0x54, 0xc5,
    0x74, 0xc5, 0xf2, 0xb4, 0xf2, 0xb4, 0x0b, 0x6b, 0x6d, 0x7b, 0x0b, 0x6b,
    0xd4, 0x54, 0xb5, 0x54, 0xb4, 0x54, 0x73, 0x4c, 0x32, 0x5c, 0x0f, 0x84,
    0x11, 0xbd, 0x31, 0xc5, 0x11, 0xc5, 0x31, 0xc5, 0x11, 0xc5, 0x11, 0xc5,
    0x11, 0xc5, 0x31, 0xc5, 0x11, 0xc5, 0x31, 0xc5, 0x31, 0xc5, 0x31, 0xc5,
    0x31, 0xc5, 0x11, 0xc5, 0xf0, 0xbc, 0xed, 0x9b, 0xcd, 0x93, 0x70, 0xa4,
    0xcd, 0x8b, 0x12, 0xbd, 0xb4, 0xcd, 0xd5, 0xcd, 0xd5, 0xd5, 0xf5, 0xd5,
    0xf5, 0xd5, 0xf5, 0xd5, 0xd5, 0xd5, 0xf5, 0xd5, 0xd5, 0xcd, 0xd5, 0xcd,
    0xd5, 0xd5, 0xd5, 0xd5, 0xd5, 0xcd, 0xd5, 0xcd, 0xd5, 0xd5, 0xf5, 0xd5,
    0xd5, 0xcd, 0x36, 0xd6, 0x37, 0xde, 0x37, 0xde, 0x16, 0xd6, 0x94, 0xc5,
    0xb0, 0xac, 0x90, 0xb4, 0x94, 0xcd, 0x57, 0xde, 0x57, 0xe6, 0x57, 0xe6,
    0x36, 0xde, 0x16, 0xde, 0x36, 0xde, 0x37, 0xde, 0x36, 0xde, 0x36, 0xde,
    0x37, 0xe6, 0x36, 0xde, 0x36, 0xde, 0x37, 0xde, 0x36, 0xde, 0x37, 0xde,
    0x37, 0xde, 0x37, 0xe6, 0x36, 0xde, 0x36, 0xde, 0x16, 0xde, 0x36, 0xde,
    0x36, 0xde, 0x37, 0xde, 0x36, 0xde, 0x36, 0xde, 0x36, 0xde, 0x36, 0xde,
    0xb9, 0xe6, 0xb9, 0xee, 0xb9, 0xee, 0xd9, 0xe6, 0xba, 0xee, 0xd9, 0xee,
    0xb9, 0xe6, 0xba, 0xe6, 0xb9, 0xee, 0xb9, 0xe6, 0xda, 0xee, 0xda, 0xe6,
    0xb9, 0xe6, 0xf2, 0xb4, 0xd9, 0xee, 0xba, 0xe6, 0xda, 0xee, 0xd9, 0xee,
    0xda, 0xee, 0xda, 0xe6, 0xb9, 0xee, 0xd9, 0xee, 0xba, 0xee, 0xd9, 0xe6,
    0xda, 0xee, 0xb9, 0xee, 0x98, 0xe6, 0x78, 0xe6, 0x78, 0xe6, 0x77, 0xe6,
    0x98, 0xe6, 0x78, 0xe6, 0x78, 0xe6, 0x78, 0xe6, 0x16, 0xde, 0x36, 0xde,
    0x57, 0xe6, 0x57, 0xe6, 0x78, 0xde, 0x78, 0xe6, 0x78, 0xe6, 0x77, 0xe6,
    0x78, 0xe6, 0x78, 0xe6, 0x78, 0xe6, 0x77, 0xe6, 0x58, 0xe6, 0x77, 0xe6,
    0x58, 0xe6, 0x77, 0xe6, 0x57, 0xe6, 0x57, 0xde, 0x57, 0xde, 0x57, 0xe6,
    0x57, 0xde, 0x57, 0xe6, 0x57, 0xde, 0x57, 0xde, 0x58, 0xe6, 0x77, 0xe6,
    0x57, 0xde, 0x78, 0xe6, 0x57, 0xe6, 0x57, 0xde, 0x77, 0xe6, 0x57, 0xe6,
    0x78, 0xe6, 0x78, 0xe6, 0x57, 0xde, 0x57, 0xe6, 0x57, 0xde, 0x78, 0xe6,
    0x78, 0xe6, 0x16, 0xd6, 0x77, 0xe6, 0x58, 0xde, 0x77, 0xe6, 0x78, 0xe6,
    0x58, 0xde, 0x78, 0xe6, 0x57, 0xe6, 0x78, 0xe6, 0x78, 0xe6, 0x77, 0xe6,
    0x77, 0xe6, 0x57, 0xde, 0x58, 0xe6, 0x57, 0xe6, 0x77, 0xe6, 0x78, 0xe6,
    0x78, 0xe6, 0x78, 0xe6, 0x58, 0xe6, 0x77, 0xde, 0x77, 0xe6, 0x78, 0xe6,
    0x57, 0xde, 0x77, 0xe6, 0x78, 0xe6, 0x78, 0xe6, 0x12, 0xbd, 0xf1, 0xb4,
    0x57, 0xe6, 0x12, 0xbd, 0x32, 0xbd, 0x32, 0xbd, 0x33, 0xbd, 0x12, 0xbd,
    0xb0, 0xac, 0x32, 0xbd, 0x37, 0xde, 0x57, 0xde, 0x57, 0xe6, 0x57, 0xde,
    0x37, 0xde, 0x57, 0xde, 0x78, 0xe6, 0x57, 0xde, 0x57, 0xde, 0xb9, 0xe6,
    0xb9, 0xe6, 0xb9, 0xe6, 0xb9, 0xee, 0xb9, 0xe6, 0xd9, 0xe6, 0xb9, 0xee,
    0x98, 0xe6, 0xb9, 0xee, 0x57, 0xde, 0x99, 0xe6, 0xb9, 0xe6, 0xb9, 0xe6,
    0xd9, 0xee, 0xb9, 0xe6, 0xb9, 0xee, 0xb9, 0xe6, 0xb9, 0xe6, 0xb9, 0xe6,
    0xb5, 0xcd, 0xb1, 0xac, 0xd1, 0xb4, 0x0e, 0x94, 0xb5, 0xcd, 0x98, 0xe6,
    0x99, 0xe6, 0xb9, 0xe6, 0xb8, 0xe6, 0x98, 0xe6, 0x37, 0xde, 0x57, 0xde,
    0x57, 0xde, 0x16, 0xd6, 0x33, 0xbd, 0x53, 0xc5, 0x53, 0xc5, 0x74, 0xc5,
    0x73, 0xc5, 0xf2, 0xb4, 0xb1, 0xac, 0xaa, 0x62, 0x2c, 0x73, 0x0c, 0x73,
    0xb4, 0x54, 0xb5, 0x54, 0xb5, 0x54, 0xb4, 0x54, 0x73, 0x4c, 0x52, 0x64,
    0xb1, 0x9c, 0x11, 0xc5, 0x11, 0xc5, 0x31, 0xc5, 0x11, 0xc5, 0x10, 0xc5,
    0x11, 0xc5, 0x11, 0xc5, 0x31, 0xc5, 0x31, 0xc5, 0x31, 0xc5, 0x31, 0xc5,
    0x31, 0xc5, 0x10, 0xc5, 0x2d, 0xa4, 0x8c, 0x8b, 0x70, 0xa4, 0x90, 0xa4,
    0x33, 0xbd, 0xb4, 0xcd, 0xd5, 0xd5, 0xd5, 0xd5, 0xd5, 0xd5, 0xd5, 0xd5,
    0xf5, 0xd5, 0xd5, 0xd5, 0xf5, 0xd5, 0xd5, 0xd5, 0xd5, 0xcd, 0xf5, 0xd5,
    0xd5, 0xd5, 0xd5, 0xd5, 0xf5, 0xd5, 0xd5, 0xd5, 0xd5, 0xcd, 0xd5, 0xcd,
    0x16, 0xde, 0x16, 0xd6, 0x37, 0xde, 0x16, 0xde, 0x53, 0xc5, 0x90, 0xac,
    0xb0, 0xb4, 0xd4, 0xd5, 0x37, 0xe6, 0x57, 0xde, 0x57, 0xde, 0x37, 0xe6,
    0xd5, 0xd5, 0x16, 0xd6, 0x37, 0xde, 0x37, 0xde, 0x36, 0xde, 0x37, 0xde,
    0x37, 0xde, 0x56, 0xde, 0x36, 0xde, 0x36, 0xde, 0x36, 0xde, 0x36, 0xde,
    0x36, 0xde, 0x36, 0xde, 0x37, 0xde, 0x37, 0xde, 0x37, 0xde, 0x36, 0xde,
    0x36, 0xde, 0x37, 0xde, 0x37, 0xde, 0x37, 0xde, 0x16, 0xde, 0xb9, 0xe6,
    0xb9, 0xe6, 0xba, 0xe6, 0xda, 0xee, 0xd9, 0xe6, 0xba, 0xe6, 0xb9, 0xee,
    0xda, 0xe6, 0xd9, 0xee, 0xb9, 0xee, 0xd9, 0xee, 0xd9, 0xe6, 0xd9, 0xee,
    0x78, 0xde, 0x12, 0xb5, 0xb9, 0xe6, 0xb9, 0xe6, 0xba, 0xee, 0xb9, 0xe6,
    0xda, 0xee, 0xd9, 0xee, 0xb9, 0xe6, 0xb9, 0xe6, 0xd9, 0xee, 0xb9, 0xe6,
    0xda, 0xe6, 0xd9, 0xee, 0xb9, 0xee, 0x78, 0xe6, 0x78, 0xe6, 0x98, 0xe6,
    0x98, 0xe6, 0x98, 0xe6, 0x98, 0xe6, 0x57, 0xde, 0x16, 0xde, 0x57, 0xe6,
    0x77, 0xe6, 0x57, 0xde, 0x78, 0xe6, 0xb9, 0xe6, 0xb8, 0xe6, 0x57, 0xe6,
    0x77, 0xde, 0x57, 0xe6, 0x78, 0xe6, 0x58, 0xde, 0x57, 0xe6, 0x77, 0xe6,
    0x57, 0xde, 0x78, 0xde, 0x77, 0xe6, 0x58, 0xe6, 0x77, 0xe6, 0x77, 0xde,
    0x58, 0xe6, 0x57, 0xde, 0x57, 0xe6, 0x16, 0xde, 0x78, 0xe6, 0x57, 0xde,
    0x78, 0xe6, 0x57, 0xe6, 0x78, 0xe6, 0x78, 0xde, 0x57, 0xde, 0x57, 0xe6,
    0x77, 0xde, 0x77, 0xe6, 0x57, 0xde, 0x57, 0xde, 0x58, 0xe6, 0x57, 0xde,
    0x37, 0xde, 0x77, 0xe6, 0x78, 0xe6, 0x77, 0xe6, 0x77, 0xe6, 0x58, 0xde,
    0x77, 0xe6, 0x77, 0xde, 0x78, 0xe6, 0x77, 0xde, 0x78, 0xe6, 0x58, 0xe6,
    0x77, 0xde, 0x78, 0xe6, 0x78, 0xde, 0x57, 0xde, 0x57, 0xe6, 0x78, 0xde,
    0x78, 0xe6, 0x77, 0xe6, 0x78, 0xe6, 0x57, 0xde, 0x57, 0xe6, 0x58, 0xe6,
    0x57, 0xde, 0x57, 0xde, 0x78, 0xe6, 0x77, 0xde, 0xd5, 0xd5, 0xb0, 0xac,
    0x57, 0xde, 0x33, 0xbd, 0x33, 0xbd, 0x32, 0xbd, 0x33, 0xbd, 0x33, 0xbd,
    0x90, 0xac, 0x33, 0xbd, 0x57, 0xe6, 0x57, 0xde, 0x57, 0xde, 0x57, 0xe6,
    0x57, 0xde, 0x57, 0xde, 0xb9, 0xee, 0x57, 0xde, 0x58, 0xde, 0xb9, 0xe6,
    0xb9, 0xe6, 0xb9, 0xee, 0xba, 0xe6, 0xba, 0xe6, 0xb9, 0xe6, 0xb9, 0xe6,
    0xb9, 0xe6, 0x98, 0xe6, 0xb9, 0xe6, 0xd9, 0xee, 0xb9, 0xe6, 0xba, 0xee,
    0xb9, 0xe6, 0xba, 0xe6, 0xb9, 0xee, 0xb9, 0xee, 0xb9, 0xe6, 0xb9, 0xe6,
    0x78, 0xe6, 0xf2, 0xb4, 0x70, 0xa4, 0x0e, 0x9c, 0xb5, 0xcd, 0x98, 0xe6,
    0xb9, 0xe6, 0xb9, 0xe6, 0x99, 0xe6, 0xb9, 0xe6, 0x57, 0xde, 0x57, 0xde,
    0x57, 0xe6, 0x57, 0xde, 0xd5, 0xd5, 0x33, 0xbd, 0x53, 0xc5, 0x54, 0xc5,
    0x53, 0xc5, 0xf2, 0xb4, 0x90, 0xa4, 0x48, 0x52, 0xea, 0x6a, 0x50, 0x94,
    0xb4, 0x54, 0xb5, 0x54, 0xd5, 0x54, 0xb4, 0x54, 0x74, 0x4c, 0x53, 0x4c,
    0x51, 0x6c, 0xb0, 0xa4, 0x31, 0xc5, 0x31, 0xc5, 0x31, 0xc5, 0x31, 0xc5,
    0x31, 0xc5, 0x11, 0xc5, 0x11, 0xc5, 0x31, 0xc5, 0x31, 0xc5, 0x11, 0xc5,
    0x31, 0xc5, 0xcf, 0xbc, 0xac, 0x93, 0x0e, 0x94, 0x12, 0xbd, 0x73, 0xcd,
    0x94, 0xcd, 0x94, 0xcd, 0xd5, 0xd5, 0xf5, 0xd5, 0xd5, 0xd5, 0xf5, 0xd5,
    0xd6, 0xcd, 0xf5, 0xd5, 0xf5, 0xd5, 0xd5, 0xcd, 0xd5, 0xd5, 0xd5, 0xd5,
    0xd5, 0xd5, 0xf5, 0xcd, 0xd5, 0xd5, 0xd5, 0xd5, 0xf5, 0xd5, 0xd5, 0xcd,
    0x16, 0xd6, 0x17, 0xde, 0x37, 0xde, 0x94, 0xc5, 0x6f, 0xa4, 0x90, 0xac,
    0x8f, 0xac, 0x16, 0xde, 0x57, 0xde, 0x57, 0xde, 0x57, 0xde, 0x36, 0xde,
    0x36, 0xde, 0x36, 0xde, 0x36, 0xde, 0x37, 0xde, 0x36, 0xde, 0x37, 0xde,
    0x37, 0xde, 0x36, 0xde, 0x37, 0xde, 0x37, 0xde, 0x36, 0xde, 0x37, 0xde,
    0x36, 0xde, 0x37, 0xde, 0x36, 0xde, 0x36, 0xde, 0x37, 0xde, 0x36, 0xde,
    0x36, 0xde, 0x36, 0xde, 0x37, 0xde, 0x37, 0xde, 0x37, 0xde, 0xb9, 0xe6,
    0xb9, 0xe6, 0xda, 0xee, 0xb9, 0xe6, 0xb9, 0xe6, 0xd9, 0xee, 0xba, 0xe6,
    0xda, 0xee, 0xd9, 0xee, 0xda, 0xe6, 0xda, 0xee, 0xda, 0xee, 0xd9, 0xe6,
    0x12, 0xb5, 0xb9, 0xee, 0xb9, 0xe6, 0xd9, 0xee, 0xd9, 0xe6, 0xb9, 0xe6,
    0xda, 0xee, 0xb9, 0xe6, 0xb9, 0xe6, 0xda, 0xee, 0xd9, 0xe6, 0xda, 0xee,
    0xda, 0xe6, 0xd9, 0xee, 0xd9, 0xee, 0x78, 0xe6, 0x78, 0xe6, 0x98, 0xe6,
    0xb8, 0xe6, 0xb9, 0xe6, 0x98, 0xe6, 0x16, 0xde, 0x15, 0xde, 0x77, 0xe6,
    0x78, 0xe6, 0x77, 0xe6, 0xb9, 0xe6, 0xb9, 0xee, 0xb9, 0xee, 0x57, 0xde,
    0x78, 0xe6, 0x77, 0xe6, 0x57, 0xe6, 0x77, 0xde, 0x78, 0xe6, 0x57, 0xe6,
    0x57, 0xe6, 0x77, 0xe6, 0x57, 0xde, 0x57, 0xe6, 0x58, 0xe6, 0x78, 0xe6,
    0x57, 0xe6, 0x58, 0xde, 0x77, 0xde, 0x16, 0xde, 0x57, 0xde, 0x77, 0xde,
    0x58, 0xe6, 0x57, 0xde, 0x77, 0xe6, 0x78, 0xe6, 0x57, 0xe6, 0x77, 0xde,
    0x58, 0xe6, 0x57, 0xe6, 0x78, 0xe6, 0x77, 0xde, 0x57, 0xe6, 0x57, 0xde,
    0xf1, 0xb4, 0x57, 0xde, 0x78, 0xe6, 0x78, 0xe6, 0x78, 0xe6, 0x77, 0xe6,
    0x77, 0xe6, 0x78, 0xe6, 0x57, 0xe6, 0x77, 0xde, 0x58, 0xe6, 0x77, 0xe6,
    0x78, 0xde, 0x77, 0xe6, 0x57, 0xe6, 0x78, 0xe6, 0x78, 0xe6, 0x77, 0xde,
    0x57, 0xde, 0x57, 0xe6, 0x78, 0xe6, 0x78, 0xe6, 0x77, 0xe6, 0x78, 0xe6,
    0x78, 0xe6, 0x77, 0xe6, 0x77, 0xde, 0x78, 0xe6, 0x78, 0xe6, 0xb0, 0xac,
    0x57, 0xde, 0x37, 0xde, 0x12, 0xbd, 0x33, 0xbd, 0x33, 0xc5, 0x33, 0xbd,
    0xb0, 0xac, 0x53, 0xbd, 0x78, 0xe6, 0x57, 0xde, 0x57, 0xde, 0x57, 0xe6,
    0x57, 0xde, 0x57, 0xde, 0xb9, 0xee, 0x57, 0xe6, 0x99, 0xe6, 0xb9, 0xe6,
    0xb9, 0xe6, 0xb9, 0xee, 0xb9, 0xe6, 0xb9, 0xee, 0xb9, 0xe6, 0xb9, 0xe6,
    0xb9, 0xe6, 0x16, 0xd6, 0x99, 0xe6, 0x98, 0xe6, 0xb9, 0xe6, 0xb9, 0xee,
    0xb9, 0xe6, 0xd9, 0xe6, 0xba, 0xe6, 0xb9, 0xe6, 0xb9, 0xee, 0xb9, 0xe6,
    0xb9, 0xe6, 0x53, 0xbd, 0x70, 0xa4, 0xb0, 0xa4, 0xf6, 0xd5, 0x99, 0xe6,
    0xb8, 0xe6, 0xb9, 0xee, 0x98, 0xe6, 0xb9, 0xe6, 0x57, 0xe6, 0x57, 0xde,
    0x57, 0xde, 0x58, 0xe6, 0xb5, 0xcd, 0xd1, 0xac, 0x53, 0xc5, 0x53, 0xc5,
    0x74, 0xc5, 0xf2, 0xb4, 0x90, 0xac, 0xe7, 0x49, 0xca, 0x62, 0xb6, 0xc5,
    0xb4, 0x54, 0xb4, 0x54, 0xd5, 0x54, 0xb5, 0x54, 0xb4, 0x54, 0x94, 0x4c,
    0x12, 0x4c, 0xae, 0x63, 0x8f, 0xa4, 0x31, 0xc5, 0x31, 0xc5, 0x31, 0xc5,
    0x11, 0xc5, 0x31, 0xc5, 0x30, 0xc5, 0x31, 0xc5, 0x31, 0xc5, 0x31, 0xc5,
    0xf0, 0xbc, 0xec, 0x9b, 0xad, 0x8b, 0xf2, 0xb4, 0x94, 0xcd, 0x94, 0xcd,
    0x94, 0xcd, 0xd5, 0xcd, 0xd5, 0xd5, 0xf5, 0xd5, 0xf5, 0xd5, 0xd5, 0xd5,
    0xf5, 0xd5, 0xd5, 0xd5, 0xd5, 0xcd, 0xd5, 0xd5, 0xd5, 0xd5, 0xf5, 0xd5,
    0xd5, 0xcd, 0xd5, 0xd5, 0xd5, 0xcd, 0xd5, 0xd5, 0xd5, 0xd5, 0x17, 0xd6,
    0x37, 0xde, 0x16, 0xde, 0xf6, 0xd5, 0xd1, 0xb4, 0xb1, 0xac, 0xb0, 0xb4,
    0x94, 0xcd, 0x57, 0xde, 0x57, 0xe6, 0x57, 0xe6, 0x16, 0xde, 0x16, 0xde,
    0x36, 0xde, 0x36, 0xde, 0x37, 0xde, 0x36, 0xde, 0x36, 0xde, 0x36, 0xde,
    0x37, 0xde, 0x36, 0xde, 0x36, 0xde, 0x37, 0xde, 0x36, 0xde, 0x36, 0xde,
    0x37, 0xde, 0x36, 0xde, 0x36, 0xde, 0x36, 0xde, 0x36, 0xde, 0x37, 0xde,
    0x36, 0xde, 0x37, 0xde, 0x36, 0xde, 0x16, 0xde, 0xd9, 0xe6, 0xb9, 0xe6,
    0xb9, 0xee, 0xd9, 0xee, 0xba, 0xe6, 0xd9, 0xee, 0xda, 0xee, 0xd9, 0xee,
    0xd9, 0xe6, 0xb9, 0xe6, 0xda, 0xee, 0xda, 0xe6, 0xb9, 0xee, 0x98, 0xe6,
    0x33, 0xbd, 0xb9, 0xe6, 0xba, 0xee, 0xb9, 0xe6, 0xda, 0xee, 0xd9, 0xee,
    0xb9, 0xe6, 0xda, 0xee, 0xd9, 0xee, 0xb9, 0xe6, 0xba, 0xee, 0xb9, 0xee,
    0xd9, 0xee, 0xda, 0xe6, 0xd9, 0xe6, 0x77, 0xe6, 0x78, 0xe6, 0x98, 0xe6,
    0xb9, 0xee, 0xb9, 0xe6, 0x36, 0xde, 0x16, 0xde, 0x57, 0xe6, 0x57, 0xe6,
    0x78, 0xe6, 0x99, 0xe6, 0xb9, 0xe6, 0xb9, 0xe6, 0xd9, 0xee, 0x57, 0xde,
    0x78, 0xe6, 0x58, 0xe6, 0x57, 0xde, 0x77, 0xe6, 0x58, 0xe6, 0x78, 0xe6,
    0x57, 0xe6, 0x78, 0xe6, 0x57, 0xe6, 0x57, 0xde, 0x58, 0xe6, 0x77, 0xe6,
    0x77, 0xe6, 0x77, 0xe6, 0x78, 0xe6, 0x37, 0xde, 0x57, 0xe6, 0x58, 0xe6,
    0x77, 0xde, 0x57, 0xe6, 0x57, 0xde, 0x78, 0xe6, 0x57, 0xe6, 0x78, 0xe6,
    0x78, 0xe6, 0x78, 0xe6, 0x78, 0xde, 0x57, 0xde, 0x57, 0xde, 0x57, 0xe6,
    0x90, 0xac, 0x78, 0xe6, 0x78, 0xe6, 0x78, 0xe6, 0x78, 0xe6, 0x78, 0xe6,
    0x58, 0xe6, 0x78, 0xe6, 0x78, 0xe6, 0x77, 0xe6, 0x78, 0xe6, 0x78, 0xe6,
    0x77, 0xde, 0x78, 0xe6, 0x57, 0xe6, 0x77, 0xde, 0x77, 0xe6, 0x57, 0xe6,
    0x57, 0xde, 0x57, 0xde, 0x77, 0xe6, 0x78, 0xde, 0x77, 0xde, 0x77, 0xe6,
    0x78, 0xe6, 0x78, 0xe6, 0x77, 0xde, 0x78, 0xe6, 0x78, 0xe6, 0x90, 0xac,
    0x57, 0xe6, 0x37, 0xde, 0x12, 0xbd, 0x32, 0xbd, 0x33, 0xc5, 0x33, 0xc5,
    0xb0, 0xac, 0x53, 0xc5, 0x78, 0xe6, 0x57, 0xde, 0x57, 0xde, 0x37, 0xde,
    0x57, 0xde, 0x99, 0xe6, 0x78, 0xe6, 0x78, 0xe6, 0xb9, 0xe6, 0xb9, 0xe6,
    0xb9, 0xee, 0xda, 0xe6, 0xd9, 0xee, 0xba, 0xe6, 0xb9, 0xee, 0xba, 0xe6,
    0xb9, 0xee, 0x57, 0xde, 0x99, 0xe6, 0xf6, 0xd5, 0xb9, 0xe6, 0xb9, 0xee,
    0xb9, 0xe6, 0xb9, 0xe6, 0xb9, 0xee, 0xda, 0xe6, 0xda, 0xee, 0xb9, 0xe6,
    0xb9, 0xe6, 0x37, 0xde, 0x53, 0xbd, 0xf2, 0xb4, 0x37, 0xd6, 0x99, 0xe6,
    0x98, 0xe6, 0x99, 0xe6, 0xb9, 0xe6, 0xb8, 0xee, 0x57, 0xe6, 0x57, 0xde,
    0x57, 0xde, 0x57, 0xde, 0x54, 0xc5, 0x70, 0xa4, 0x53, 0xc5, 0x53, 0xc5,
    0x74, 0xc5, 0xf2, 0xb4, 0xd1, 0xac, 0x07, 0x4a, 0x2b, 0x73, 0xd6, 0xc5,
    0xb5, 0x54, 0xd5, 0x54, 0xb5, 0x54, 0xb5, 0x54, 0xd5, 0x54, 0xb4, 0x54,
    0x74, 0x4c, 0xd1, 0x4b, 0xee, 0x7b, 0xf1, 0xbc, 0x31, 0xc5, 0x31, 0xc5,
    0x11, 0xc5, 0x31, 0xc5, 0x31, 0xc5, 0x31, 0xc5, 0x31, 0xc5, 0xf0, 0xc4,
    0x0d, 0xa4, 0x8c, 0x8b, 0xf1, 0xb4, 0x94, 0xcd, 0x94, 0xcd, 0xb4, 0xcd,
    0xd5, 0xcd, 0xd5, 0xd5, 0xd5, 0xd5, 0xf5, 0xd5, 0xd5, 0xd5, 0xd5, 0xcd,
    0xf5, 0xd5, 0xd5, 0xd5, 0xd5, 0xd5, 0xd5, 0xd5, 0xf5, 0xcd, 0xf5, 0xd5,
    0xf5, 0xd5, 0xf5, 0xd5, 0xd5, 0xcd, 0xd5, 0xd5, 0xf6, 0xd5, 0x37, 0xde,
    0x36, 0xd6, 0x16, 0xd6, 0x12, 0xbd, 0x90, 0xac, 0x4f, 0xa4, 0xf1, 0xbc,
    0x57, 0xe6, 0x57, 0xde, 0x57, 0xde, 0x57, 0xe6, 0x16, 0xde, 0x16, 0xde,
    0x37, 0xde, 0x37, 0xde, 0x36, 0xde, 0x37, 0xe6, 0x36, 0xde, 0x36, 0xde,
    0x37, 0xde, 0x36, 0xde, 0x36, 0xde, 0x36, 0xde, 0x36, 0xde, 0x37, 0xde,
    0x36, 0xde, 0x37, 0xde, 0x37, 0xde, 0x36, 0xde, 0x37, 0xde, 0x37, 0xde,
    0x36, 0xde, 0x36, 0xde, 0x36, 0xde, 0x58, 0xe6, 0xb9, 0xe6, 0xb9, 0xe6,
    0xb9, 0xe6, 0xb9, 0xe6, 0xda, 0xee, 0xb9, 0xe6, 0xb9, 0xe6, 0xda, 0xee,
    0xda, 0xee, 0xd9, 0xee, 0xd9, 0xee, 0xba, 0xe6, 0xb9, 0xe6, 0x12, 0xb5,
    0xb9, 0xee, 0xb9, 0xe6, 0xb9, 0xe6, 0xb9, 0xee, 0xd9, 0xe6, 0xba, 0xe6,
    0xb9, 0xee, 0xd9, 0xee, 0xda, 0xe6, 0xb9, 0xe6, 0xd9, 0xee, 0xb9, 0xee,
    0xb9, 0xe6, 0xba, 0xe6, 0xb9, 0xee, 0x57, 0xde, 0x78, 0xe6, 0xb9, 0xe6,
    0xb9, 0xee, 0x98, 0xe6, 0x36, 0xde, 0x16, 0xde, 0x78, 0xe6, 0x57, 0xde,
    0x98, 0xe6, 0xb9, 0xe6, 0xb9, 0xee, 0xb9, 0xe6, 0xb9, 0xee, 0x57, 0xde,
    0x78, 0xe6, 0x57, 0xde, 0x57, 0xe6, 0x78, 0xde, 0x57, 0xe6, 0x57, 0xde,
    0x78, 0xe6, 0x77, 0xe6, 0x58, 0xde, 0x77, 0xe6, 0x77, 0xde, 0x78, 0xe6,
    0x57, 0xde, 0x57, 0xe6, 0x78, 0xe6, 0x57, 0xe6, 0x57, 0xe6, 0x78, 0xe6,
    0x77, 0xe6, 0x78, 0xde, 0x78, 0xe6, 0x77, 0xe6, 0x78, 0xde, 0x78, 0xe6,
    0x98, 0xe6, 0xb9, 0xe6, 0x78, 0xe6, 0x57, 0xe6, 0x57, 0xde, 0x57, 0xe6,
    0xd5, 0xd5, 0x98, 0xe6, 0x78, 0xe6, 0x77, 0xde, 0x77, 0xe6, 0x78, 0xe6,
    0x77, 0xde, 0x77, 0xde, 0x58, 0xe6, 0x77, 0xe6, 0x77, 0xde, 0x58, 0xe6,
    0x77, 0xe6, 0x78, 0xde, 0x78, 0xe6, 0x77, 0xde, 0x78, 0xde, 0x77, 0xe6,
    0x57, 0xde, 0x57, 0xde, 0x78, 0xe6, 0x57, 0xe6, 0x78, 0xe6, 0x57, 0xde,
    0x78, 0xe6, 0x77, 0xe6, 0x78, 0xde, 0x77, 0xe6, 0x78, 0xe6, 0x2f, 0x9c,
    0x57, 0xde, 0x57, 0xde, 0xb5, 0xcd, 0x32, 0xbd, 0x32, 0xbd, 0x53, 0xc5,
    0xd1, 0xb4, 0x53, 0xbd, 0x78, 0xe6, 0x57, 0xde, 0x57, 0xe6, 0x57, 0xde,
    0x58, 0xe6, 0xb9, 0xe6, 0x57, 0xe6, 0xb9, 0xe6, 0xb9, 0xe6, 0xb9, 0xe6,
    0xb9, 0xee, 0xba, 0xe6, 0xd9, 0xee, 0xda, 0xee, 0xba, 0xe6, 0xb9, 0xee,
    0xba, 0xe6, 0xb9, 0xee, 0x98, 0xe6, 0x74, 0xc5, 0x99, 0xe6, 0xb9, 0xe6,
    0xd9, 0xee, 0xba, 0xe6, 0xb9, 0xee, 0xb9, 0xe6, 0xb9, 0xe6, 0xb9, 0xee,
    0xd9, 0xe6, 0xda, 0xee, 0x53, 0xbd, 0xb1, 0xac, 0xd5, 0xd5, 0x98, 0xe6,
    0xb9, 0xe6, 0x99, 0xe6, 0x99, 0xe6, 0x98, 0xe6, 0x57, 0xde, 0x57, 0xe6,
    0x57, 0xde, 0x57, 0xe6, 0x94, 0xc5, 0xb1, 0xac, 0x53, 0xc5, 0x73, 0xc5,
    0x53, 0xc5, 0xf2, 0xb4, 0xb1, 0xac, 0x68, 0x5a, 0x71, 0x94, 0xf6, 0xc5,
    0xb5, 0x54, 0xd5, 0x54, 0xd5, 0x54, 0xb5, 0x54, 0xd5, 0x54, 0xb4, 0x54,
    0x74, 0x4c, 0x94, 0x54, 0x10, 0x5c, 0x90, 0x9c, 0x11, 0xc5, 0x11, 0xc5,
    0x31, 0xc5, 0x31, 0xc5, 0x31, 0xc5, 0x31, 0xc5, 0x31, 0xc5, 0xd0, 0xbc,
    0x8b, 0x93, 0xf1, 0xb4, 0x94, 0xcd, 0x94, 0xcd, 0x94, 0xcd, 0xb4, 0xcd,
    0xd5, 0xd5, 0xf5, 0xd5, 0xd5, 0xd5, 0xd5, 0xd5, 0xf5, 0xd5, 0xd5, 0xcd,
    0xd5, 0xd5, 0xf5, 0xd5, 0xf6, 0xd5, 0xf5, 0xd5, 0xd5, 0xd5, 0xd6, 0xd5,
    0xf6, 0xd5, 0xf5, 0xd5, 0xf5, 0xd5, 0xf5, 0xd5, 0x36, 0xd6, 0x17, 0xd6,
    0x16, 0xd6, 0x94, 0xc5, 0x4f, 0xa4, 0x90, 0xac, 0x0d, 0xa4, 0xd5, 0xd5,
    0x57, 0xde, 0x57, 0xde, 0x57, 0xe6, 0x37, 0xde, 0x16, 0xde, 0x36, 0xde,
    0x37, 0xde, 0x36, 0xde, 0x37, 0xde, 0x36, 0xde, 0x36, 0xde, 0x37, 0xde,
    0x37, 0xde, 0x36, 0xde, 0x37, 0xde, 0x37, 0xde, 0x36, 0xde, 0x36, 0xde,
    0x36, 0xde, 0x37, 0xe6, 0x37, 0xde, 0x36, 0xde, 0x36, 0xe6, 0x37, 0xde,
    0x37, 0xde, 0x36, 0xde, 0xf6, 0xd5, 0xd9, 0xee, 0xb9, 0xe6, 0xda, 0xe6,
    0xd9, 0xee, 0xb9, 0xe6, 0xda, 0xee, 0xb9, 0xe6, 0xb9, 0xe6, 0xda, 0xee,
    0xda, 0xee, 0xda, 0xe6, 0xda, 0xee, 0xb9, 0xee, 0xb9, 0xe6, 0x74, 0xc5,
    0xb9, 0xee, 0xb9, 0xe6, 0xd9, 0xe6, 0xda, 0xee, 0xb9, 0xee, 0xd9, 0xe6,
    0xb9, 0xe6, 0xda, 0xee, 0xb9, 0xe6, 0xda, 0xee, 0xda, 0xee, 0xda, 0xe6,
    0xda, 0xee, 0xd9, 0xee, 0xd9, 0xe6, 0x98, 0xe6, 0x99, 0xe6, 0xd9, 0xee,
    0xb9, 0xe6, 0x36, 0xde, 0xf5, 0xdd, 0x77, 0xe6, 0x78, 0xe6, 0x78, 0xe6,
    0xb9, 0xe6, 0xb9, 0xe6, 0xb9, 0xee, 0xb9, 0xe6, 0xba, 0xee, 0x78, 0xe6,
    0x77, 0xe6, 0x57, 0xde, 0x58, 0xe6, 0x57, 0xe6, 0x77, 0xe6, 0x57, 0xe6,
    0x77, 0xde, 0x57, 0xe6, 0x58, 0xe6, 0x77, 0xde, 0x57, 0xe6, 0x78, 0xe6,
    0x78, 0xe6, 0x57, 0xde, 0x78, 0xe6, 0x77, 0xe6, 0x57, 0xde, 0x78, 0xde,
    0x57, 0xe6, 0x57, 0xe6, 0x78, 0xe6, 0x77, 0xe6, 0x78, 0xe6, 0x98, 0xe6,
    0x98, 0xe6, 0xb9, 0xe6, 0x78, 0xe6, 0x57, 0xe6, 0x58, 0xe6, 0x37, 0xde,
    0x98, 0xe6, 0x98, 0xe6, 0xb9, 0xee, 0x78, 0xe6, 0x78, 0xe6, 0x77, 0xe6,
    0x77, 0xe6, 0x78, 0xe6, 0x57, 0xe6, 0x78, 0xde, 0x77, 0xe6, 0x57, 0xe6,
    0x78, 0xe6, 0x57, 0xe6, 0x77, 0xe6, 0x58, 0xe6, 0x77, 0xe6, 0x78, 0xe6,
    0x57, 0xde, 0x57, 0xde, 0x78, 0xe6, 0x77, 0xe6, 0x78, 0xe6, 0x78, 0xe6,
    0x57, 0xe6, 0x77, 0xde, 0x78, 0xe6, 0x77, 0xde, 0x77, 0xe6, 0x70, 0xa4,
    0x57, 0xe6, 0x77, 0xe6, 0x37, 0xde, 0x12, 0xbd, 0x32, 0xbd, 0x53, 0xc5,
    0xd1, 0xb4, 0x53, 0xc5, 0x78, 0xe6, 0x57, 0xde, 0x57, 0xde, 0x57, 0xe6,
    0x99, 0xe6, 0xb9, 0xee, 0x98, 0xe6, 0xb9, 0xe6, 0xb9, 0xe6, 0xb9, 0xee,
    0xb9, 0xe6, 0xba, 0xe6, 0xd9, 0xee, 0xd9, 0xe6, 0xb9, 0xe6, 0xb9, 0xe6,
    0xb9, 0xe6, 0xb9, 0xee, 0x58, 0xde, 0x74, 0xc5, 0x99, 0xe6, 0xd9, 0xe6,
    0xba, 0xe6, 0xd9, 0xee, 0xda, 0xee, 0xd9, 0xe6, 0xd9, 0xe6, 0xd9, 0xee,
    0xb9, 0xe6, 0xb9, 0xe6, 0xb5, 0xcd, 0xf2, 0xb4, 0x12, 0xbd, 0x57, 0xde,
    0x98, 0xe6, 0xb9, 0xe6, 0xb8, 0xe6, 0x98, 0xe6, 0x57, 0xe6, 0x58, 0xde,
    0x57, 0xde, 0x57, 0xde, 0xd5, 0xcd, 0xb1, 0xac, 0x12, 0xbd, 0x73, 0xc5,
    0x53, 0xbd, 0xf2, 0xb4, 0xd1, 0xb4, 0x2b, 0x73, 0x14, 0xa5, 0x17, 0xce,
    0xb0, 0x3b, 0xb4, 0x54, 0xd5, 0x54, 0xd4, 0x54, 0xd5, 0x54, 0xd5, 0x5c,
    0xb4, 0x54, 0x94, 0x54, 0x53, 0x4c, 0xae, 0x63, 0xb0, 0xac, 0x31, 0xc5,
    0x31, 0xc5, 0x31, 0xc5, 0x31, 0xcd, 0x11, 0xc5, 0xf0, 0xbc, 0x6b, 0x8b,
    0xf1, 0xb4, 0x94, 0xcd, 0x94, 0xcd, 0x94, 0xc5, 0x94, 0xcd, 0xd5, 0xd5,
    0xd5, 0xd5, 0xf5, 0xd5, 0xf5, 0xd5, 0xd5, 0xd5, 0xf5, 0xd5, 0xf5, 0xd5,
    0xd5, 0xd5, 0xf5, 0xd5, 0xf5, 0xd5, 0xd5, 0xd5, 0xf5, 0xd5, 0xd5, 0xd5,
    0xd5, 0xd5, 0xd5, 0xd5, 0xd5, 0xd5, 0xf6, 0xd5, 0x37, 0xde, 0x16, 0xd6,
    0xd5, 0xd5, 0x90, 0xac, 0x70, 0xac, 0x0e, 0xa4, 0x73, 0xcd, 0x57, 0xde,
    0x57, 0xe6, 0x57, 0xe6, 0x37, 0xde, 0x16, 0xde, 0x36, 0xde, 0x37, 0xde,
    0x36, 0xde, 0x36, 0xe6, 0x37, 0xde, 0x36, 0xde, 0x36, 0xde, 0x37, 0xde,
    0x36, 0xde, 0x36, 0xde, 0x36, 0xe6, 0x37, 0xde, 0x36, 0xde, 0x36, 0xde,
    0x37, 0xde, 0x36, 0xde, 0x37, 0xde, 0x37, 0xe6, 0x36, 0xde, 0x37, 0xde,
    0x37, 0xde, 0x36, 0xde, 0x78, 0xde, 0xb9, 0xe6, 0xb9, 0xee, 0xb9, 0xe6,
    0xba, 0xee, 0xb9, 0xe6, 0xd9, 0xe6, 0xda, 0xee, 0xb9, 0xee, 0xd9, 0xee,
    0xda, 0xe6, 0xd9, 0xe6, 0xd9, 0xee, 0xb9, 0xe6, 0xf2, 0xb4, 0x77, 0xe6,
    0xb9, 0xe6, 0xb9, 0xe6, 0xb9, 0xee, 0xb9, 0xe6, 0xba, 0xee, 0xb9, 0xe6,
    0xd9, 0xee, 0xba, 0xe6, 0xd9, 0xee, 0xb9, 0xe6, 0xda, 0xee, 0xd9, 0xe6,
    0xb9, 0xe6, 0xda, 0xee, 0xb9, 0xee, 0xb9, 0xe6, 0xda, 0xee, 0xb9, 0xee,
    0xb9, 0xe6, 0x37, 0xde, 0x36, 0xde, 0x77, 0xe6, 0x98, 0xe6, 0xb9, 0xe6,
    0xb9, 0xe6, 0xd9, 0xee, 0xb9, 0xe6, 0xd9, 0xe6, 0xb9, 0xe6, 0x98, 0xe6,
    0x57, 0xe6, 0x98, 0xe6, 0x57, 0xde, 0x57, 0xe6, 0x78, 0xe6, 0x78, 0xde,
    0x57, 0xe6, 0x78, 0xde, 0x57, 0xe6, 0x58, 0xe6, 0x77, 0xe6, 0x78, 0xe6,
    0x57, 0xde, 0x77, 0xde, 0x57, 0xde, 0x57, 0xe6, 0x78, 0xe6, 0x77, 0xde,
    0x78, 0xe6, 0x77, 0xe6, 0x77, 0xde, 0x78, 0xe6, 0x98, 0xe6, 0x98, 0xe6,
    0x99, 0xe6, 0xd9, 0xee, 0x78, 0xe6, 0x77, 0xde, 0x77, 0xde, 0xf2, 0xb4,
    0x98, 0xe6, 0x98, 0xe6, 0xb9, 0xee, 0x77, 0xe6, 0x78, 0xe6, 0x78, 0xe6,
    0x78, 0xe6, 0x57, 0xe6, 0x78, 0xde, 0x78, 0xe6, 0x78, 0xe6, 0x77, 0xe6,
    0x78, 0xde, 0x77, 0xe6, 0x58, 0xe6, 0x77, 0xde, 0x77, 0xe6, 0x57, 0xde,
    0x57, 0xde, 0x57, 0xde, 0x57, 0xe6, 0x78, 0xe6, 0x77, 0xde, 0x77, 0xe6,
    0x57, 0xde, 0x78, 0xe6, 0x77, 0xe6, 0x77, 0xde, 0x78, 0xe6, 0x53, 0xc5,
    0x78, 0xe6, 0x78, 0xe6, 0x57, 0xde, 0x33, 0xc5, 0x33, 0xbd, 0x33, 0xc5,
    0xd1, 0xb4, 0x54, 0xc5, 0x99, 0xe6, 0x57, 0xde, 0x37, 0xde, 0x57, 0xde,
    0xb9, 0xe6, 0x98, 0xe6, 0xb9, 0xe6, 0xda, 0xee, 0xda, 0xee, 0xd9, 0xe6,
    0xda, 0xe6, 0xb9, 0xee, 0xb9, 0xe6, 0xd9, 0xe6, 0xb9, 0xee, 0xda, 0xe6,
    0xd9, 0xee, 0xd9, 0xe6, 0x16, 0xd6, 0xd5, 0xcd, 0x99, 0xe6, 0xd9, 0xee,
    0xba, 0xee, 0xb9, 0xe6, 0xd9, 0xee, 0xba, 0xee, 0xba, 0xee, 0xda, 0xe6,
    0xb9, 0xe6, 0xb9, 0xee, 0x99, 0xe6, 0x54, 0xbd, 0x70, 0xa4, 0x16, 0xd6,
    0x98, 0xe6, 0x99, 0xe6, 0x99, 0xe6, 0x78, 0xe6, 0x57, 0xde, 0x57, 0xe6,
    0x57, 0xe6, 0x57, 0xde, 0xd5, 0xcd, 0xb1, 0xac, 0xd1, 0xb4, 0x53, 0xc5,
    0x33, 0xbd, 0xf2, 0xb4, 0xd1, 0xb4, 0xee, 0x8b, 0xd6, 0xbd, 0xf7, 0xc5,
    0xcd, 0x2a, 0xb5, 0x54, 0xb5, 0x54, 0xd5, 0x54, 0xd5, 0x54, 0xd5, 0x54,
    0xd5, 0x54, 0x73, 0x54, 0x73, 0x4c, 0x11, 0x54, 0xb1, 0xa4, 0x11, 0xc5,
    0x11, 0xc5, 0x31, 0xc5, 0x31, 0xc5, 0x11, 0xc5, 0xac, 0x93, 0xb0, 0xac,
    0x94, 0xcd, 0x94, 0xcd, 0x74, 0xc5, 0x94, 0xcd, 0xb5, 0xcd, 0xd5, 0xd5,
    0xd5, 0xcd, 0xd5, 0xd5, 0xf5, 0xd5, 0xd5, 0xcd, 0xd5, 0xd5, 0xf5, 0xd5,
    0xd5, 0xd5, 0xd5, 0xd5, 0xd5, 0xcd, 0xf5, 0xd5, 0xf5, 0xd5, 0xf6, 0xcd,
    0xd5, 0xd5, 0xf5, 0xd5, 0xd5, 0xd5, 0xf6, 0xd5, 0x16, 0xd6, 0xf6, 0xd5,
    0x33, 0xbd, 0xb1, 0xac, 0xb1, 0xac, 0x4f, 0xac, 0x57, 0xde, 0x57, 0xde,
    0x57, 0xe6, 0x57, 0xde, 0x57, 0xde, 0x36, 0xde, 0x37, 0xde, 0x36, 0xde,
    0x57, 0xde, 0x37, 0xde, 0x36, 0xde, 0x37, 0xde, 0x36, 0xde, 0x36, 0xde,
    0x37, 0xde, 0x36, 0xde, 0x36, 0xde, 0x37, 0xde, 0x37, 0xde, 0x37, 0xde,
    0x36, 0xde, 0x36, 0xde, 0x37, 0xde, 0x37, 0xde, 0x36, 0xde, 0x57, 0xde,
    0x37, 0xde, 0xf5, 0xd5, 0xb9, 0xee, 0xb9, 0xe6, 0xb9, 0xe6, 0xb9, 0xee,
    0xb9, 0xe6, 0xb9, 0xe6, 0xb9, 0xee, 0xda, 0xe6, 0xda, 0xee, 0xd9, 0xee,
    0xda, 0xe6, 0xba, 0xee, 0xd9, 0xe6, 0xda, 0xee, 0xb5, 0xcd, 0x57, 0xe6,
    0xb9, 0xe6, 0xb9, 0xe6, 0xd9, 0xe6, 0xb9, 0xe6, 0xb9, 0xee, 0xb9, 0xee,
    0xda, 0xe6, 0xd9, 0xee, 0xb9, 0xe6, 0xda, 0xee, 0xd9, 0xee, 0xda, 0xee,
    0xda, 0xe6, 0xb9, 0xe6, 0xd9, 0xee, 0xda, 0xe6, 0xda, 0xee, 0xb9, 0xe6,
    0x37, 0xde, 0xd5, 0xd5, 0x77, 0xe6, 0x78, 0xe6, 0x99, 0xe6, 0xb9, 0xee,
    0xb9, 0xe6, 0xb9, 0xe6, 0xb9, 0xee, 0xb9, 0xe6, 0xb9, 0xe6, 0xb9, 0xe6,
    0xb9, 0xee, 0xb9, 0xe6, 0x57, 0xde, 0x57, 0xe6, 0x58, 0xe6, 0x77, 0xde,
    0x57, 0xe6, 0x78, 0xe6, 0x78, 0xe6, 0x77, 0xde, 0x78, 0xe6, 0x77, 0xe6,
    0x78, 0xe6, 0x78, 0xe6, 0xf5, 0xd5, 0x57, 0xe6, 0x57, 0xe6, 0x78, 0xe6,
    0x78, 0xe6, 0x57, 0xde, 0x78, 0xe6, 0x78, 0xe6, 0x99, 0xe6, 0x98, 0xe6,
    0xb9, 0xe6, 0xda, 0xee, 0x78, 0xde, 0x57, 0xde, 0x57, 0xe6, 0xf2, 0xb4,
    0x77, 0xe6, 0x78, 0xe6, 0xb9, 0xe6, 0x57, 0xde, 0x78, 0xe6, 0x78, 0xe6,
    0x77, 0xde, 0x77, 0xe6, 0x77, 0xe6, 0x58, 0xe6, 0x77, 0xe6, 0x78, 0xde,
    0x77, 0xe6, 0x78, 0xe6, 0x78, 0xde, 0x78, 0xe6, 0x78, 0xe6, 0x77, 0xe6,
    0x58, 0xde, 0x57, 0xde, 0x78, 0xe6, 0x58, 0xe6, 0x77, 0xe6, 0x57, 0xe6,
    0x58, 0xde, 0x58, 0xe6, 0x77, 0xe6, 0x78, 0xde, 0x78, 0xde, 0x36, 0xde,
    0x78, 0xe6, 0x78, 0xe6, 0x98, 0xe6, 0x16, 0xd6, 0x33, 0xc5, 0x53, 0xc5,
    0xd1, 0xb4, 0x74, 0xbd, 0x98, 0xe6, 0x37, 0xde, 0x37, 0xde, 0x98, 0xe6,
    0xd9, 0xee, 0x99, 0xe6, 0xb9, 0xe6, 0xb9, 0xee, 0xb9, 0xe6, 0xda, 0xee,
    0xda, 0xe6, 0xb9, 0xee, 0xda, 0xe6, 0xba, 0xe6, 0xb9, 0xee, 0xba, 0xe6,
    0xda, 0xe6, 0xb9, 0xee, 0x37, 0xde, 0x36, 0xde, 0xb9, 0xe6, 0xb9, 0xe6,
    0xda, 0xee, 0xd9, 0xe6, 0xb9, 0xe6, 0xba, 0xe6, 0xd9, 0xee, 0xb9, 0xe6,
    0xb9, 0xee, 0xb9, 0xee, 0xb9, 0xe6, 0x33, 0xbd, 0x0e, 0x9c, 0x16, 0xd6,
    0xb9, 0xe6, 0x99, 0xe6, 0xb9, 0xe6, 0x37, 0xde, 0x77, 0xe6, 0x78, 0xde,
    0x57, 0xe6, 0x57, 0xde, 0x16, 0xd6, 0xf2, 0xb4, 0x91, 0xac, 0x33, 0xbd,
    0x33, 0xc5, 0xf2, 0xb4, 0xd1, 0xb4, 0x50, 0x9c, 0x58, 0xce, 0xb6, 0xbd,
    0xed, 0x2a, 0x94, 0x54, 0xb4, 0x54, 0xb5, 0x54, 0xb4, 0x54, 0xd5, 0x54,
    0xd5, 0x54, 0x94, 0x54, 0x53, 0x54, 0x33, 0x4c, 0x2c, 0x53, 0x8f, 0xac,
    0x31, 0xc5, 0x31, 0xc5, 0x11, 0xc5, 0xcc, 0x9b, 0x6f, 0xac, 0x94, 0xcd,
    0x94, 0xcd, 0x74, 0xc5, 0x73, 0xc5, 0xb4, 0xcd, 0xd5, 0xd5, 0xd5, 0xd5,
    0xd5, 0xd5, 0xd5, 0xcd, 0xf5, 0xd5, 0xd5, 0xd5, 0xf5, 0xd5, 0xd6, 0xd5,
    0xf5, 0xd5, 0xf6, 0xd5, 0xf6, 0xd5, 0xf5, 0xd5, 0xf5, 0xd5, 0xf6, 0xd5,
    0xd5, 0xd5, 0xd5, 0xcd, 0xf6, 0xd5, 0x16, 0xd6, 0xb4, 0xcd, 0xd5, 0xd5,
    0xf1, 0xb4, 0xb1, 0xac, 0xcd, 0x9b, 0xd5, 0xd5, 0x57, 0xde, 0x57, 0xde,
    0x57, 0xde, 0x16, 0xde, 0xd5, 0xd5, 0x37, 0xde, 0x36, 0xde, 0x56, 0xe6,
    0x57, 0xe6, 0x37, 0xde, 0x36, 0xe6, 0x57, 0xde, 0x37, 0xde, 0x36, 0xde,
    0x37, 0xde, 0x36, 0xde, 0x36, 0xde, 0x36, 0xde, 0x37, 0xde, 0x36, 0xde,
    0x36, 0xde, 0x37, 0xde, 0x57, 0xde, 0x36, 0xde, 0x57, 0xe6, 0x57, 0xde,
    0x37, 0xde, 0x98, 0xe6, 0xb9, 0xe6, 0xb9, 0xee, 0xda, 0xee, 0xb9, 0xe6,
    0xb9, 0xe6, 0xb9, 0xee, 0xba, 0xee, 0xda, 0xe6, 0xd9, 0xee, 0xb9, 0xe6,
    0xda, 0xe6, 0xd9, 0xee, 0xb9, 0xe6, 0xd2, 0xac, 0x36, 0xde, 0x98, 0xe6,
    0xb9, 0xe6, 0xb9, 0xe6, 0xb9, 0xee, 0xb9, 0xe6, 0x98, 0xe6, 0xd9, 0xe6,
    0xba, 0xe6, 0xb9, 0xee, 0xda, 0xee, 0xda, 0xe6, 0xd9, 0xee, 0xd9, 0xee,
    0xda, 0xee, 0xb9, 0xe6, 0xba, 0xee, 0xd9, 0xe6, 0xd9, 0xee, 0xb9, 0xe6,
    0x36, 0xde, 0x57, 0xde, 0x77, 0xe6, 0x78, 0xe6, 0xb9, 0xe6, 0xb9, 0xe6,
    0xb9, 0xee, 0xb9, 0xe6, 0xb9, 0xee, 0xba, 0xee, 0xb9, 0xee, 0xb9, 0xee,
    0xb9, 0xe6, 0xb9, 0xe6, 0xb9, 0xee, 0x78, 0xe6, 0x77, 0xde, 0x58, 0xe6,
    0x57, 0xe6, 0x77, 0xe6, 0x57, 0xde, 0x78, 0xe6, 0x77, 0xe6, 0x57, 0xde,
    0x57, 0xe6, 0x78, 0xe6, 0x94, 0xcd, 0x57, 0xe6, 0x57, 0xe6, 0x57, 0xde,
    0x57, 0xde, 0x78, 0xe6, 0x98, 0xe6, 0x78, 0xe6, 0x98, 0xe6, 0x98, 0xe6,
    0xb9, 0xee, 0xd9, 0xee, 0x78, 0xde, 0x57, 0xde, 0x78, 0xe6, 0x37, 0xde,
    0x78, 0xe6, 0x78, 0xe6, 0xd9, 0xee, 0x98, 0xe6, 0x77, 0xde, 0x57, 0xde,
    0x78, 0xe6, 0x78, 0xe6, 0x57, 0xde, 0x77, 0xe6, 0x78, 0xe6, 0x78, 0xe6,
    0x77, 0xe6, 0x77, 0xe6, 0x78, 0xe6, 0x77, 0xde, 0x57, 0xde, 0x78, 0xe6,
    0x78, 0xe6, 0x78, 0xe6, 0x77, 0xe6, 0x57, 0xe6, 0x78, 0xe6, 0x78, 0xe6,
    0x77, 0xe6, 0x77, 0xde, 0x77, 0xde, 0x78, 0xe6, 0x57, 0xde, 0x77, 0xe6,
    0x98, 0xe6, 0x78, 0xe6, 0xb9, 0xee, 0x57, 0xde, 0x32, 0xbd, 0x53, 0xc5,
    0xd1, 0xac, 0x53, 0xbd, 0x98, 0xe6, 0x37, 0xde, 0x57, 0xde, 0xb9, 0xe6,
    0xba, 0xee, 0xda, 0xe6, 0xda, 0xee, 0xd9, 0xee, 0xb9, 0xe6, 0xba, 0xee,
    0xd9, 0xee, 0xb9, 0xe6, 0xb9, 0xe6, 0xba, 0xee, 0xb9, 0xe6, 0xd9, 0xee,
    0xba, 0xee, 0xb9, 0xe6, 0x57, 0xde, 0x78, 0xe6, 0xda, 0xee, 0xd9, 0xee,
    0xda, 0xee, 0xba, 0xe6, 0xd9, 0xee, 0xda, 0xe6, 0xb9, 0xe6, 0xd9, 0xee,
    0xba, 0xe6, 0xb9, 0xe6, 0xb9, 0xe6, 0x58, 0xde, 0xf1, 0xb4, 0x16, 0xd6,
    0x99, 0xe6, 0xb9, 0xe6, 0xb8, 0xe6, 0x16, 0xd6, 0x77, 0xe6, 0x58, 0xe6,
    0x58, 0xde, 0x57, 0xe6, 0x37, 0xde, 0x53, 0xbd, 0x90, 0xac, 0x12, 0xbd,
    0x33, 0xbd, 0xf2, 0xbc, 0xd1, 0xb4, 0xb1, 0xac, 0x79, 0xd6, 0xb6, 0xbd,
    0xed, 0x32, 0x4f, 0x3b, 0xb5, 0x54, 0xb4, 0x54, 0xd4, 0x54, 0xd5, 0x54,
    0xb5, 0x5c, 0xb4, 0x54, 0xb4, 0x54, 0x94, 0x54, 0x31, 0x54, 0xf2, 0xa4,
    0x31, 0xc5, 0x11, 0xc5, 0xec, 0xa3, 0x2e, 0x9c, 0x73, 0xc5, 0x94, 0xcd,
    0x94, 0xcd, 0x94, 0xcd, 0xd5, 0xcd, 0xd5, 0xd5, 0xd5, 0xd5, 0xd5, 0xd5,
    0xd5, 0xd5, 0xf5, 0xd5, 0xf5, 0xd5, 0xd5, 0xd5, 0xf5, 0xd5, 0xd5, 0xd5,
    0xf5, 0xd5, 0xd5, 0xd5, 0xd5, 0xd5, 0xf5, 0xd5, 0xf6, 0xd5, 0xf5, 0xd5,
    0xf5, 0xd5, 0xf6, 0xd5, 0x16, 0xd6, 0xb4, 0xcd, 0xd5, 0xd5, 0x12, 0xbd,
    0xb1, 0xac, 0x90, 0xac, 0x12, 0xc5, 0x57, 0xde, 0x37, 0xde, 0x57, 0xe6,
    0x57, 0xde, 0x57, 0xe6, 0x36, 0xde, 0x37, 0xde, 0x36, 0xde, 0x57, 0xe6,
    0x57, 0xde, 0x36, 0xde, 0x36, 0xde, 0x37, 0xde, 0x36, 0xde, 0x36, 0xde,
    0x37, 0xde, 0x36, 0xde, 0x37, 0xde, 0x37, 0xde, 0x36, 0xde, 0x37, 0xde,
    0x37, 0xde, 0x36, 0xde, 0x36, 0xde, 0x37, 0xde, 0x57, 0xde, 0x36, 0xe6,
    0xd5, 0xd5, 0xb9, 0xe6, 0xba, 0xee, 0xd9, 0xe6, 0xb9, 0xee, 0xb9, 0xe6,
    0xb9, 0xe6, 0xd9, 0xee, 0xd9, 0xe6, 0xb9, 0xe6, 0xda, 0xee, 0xb9, 0xee,
    0xda, 0xee, 0xda, 0xee, 0xda, 0xee, 0xf6, 0xd5, 0x36, 0xde, 0xb9, 0xee,
    0xb9, 0xe6, 0xb9, 0xee, 0xb9, 0xee, 0xb8, 0xe6, 0xb9, 0xee, 0xb9, 0xee,
    0xd9, 0xe6, 0xda, 0xee, 0xd9, 0xee, 0xda, 0xe6, 0xda, 0xe6, 0xb9, 0xee,
    0xda, 0xee, 0xda, 0xee, 0xda, 0xee, 0xd9, 0xee, 0xb9, 0xe6, 0x78, 0xe6,
    0xd5, 0xd5, 0x78, 0xe6, 0x78, 0xe6, 0xb9, 0xee, 0xb9, 0xe6, 0xb9, 0xe6,
    0xb9, 0xee, 0xd9, 0xe6, 0xba, 0xe6, 0xb9, 0xe6, 0xd9, 0xee, 0xba, 0xee,
    0xb9, 0xe6, 0xd9, 0xee, 0xb9, 0xee, 0x98, 0xe6, 0x78, 0xe6, 0x77, 0xe6,
    0x58, 0xde, 0x57, 0xe6, 0x57, 0xe6, 0x78, 0xe6, 0x57, 0xde, 0x78, 0xe6,
    0x78, 0xe6, 0x78, 0xe6, 0x32, 0xbd, 0x57, 0xde, 0x77, 0xe6, 0x77, 0xe6,
    0x78, 0xe6, 0x98, 0xe6, 0x98, 0xe6, 0x99, 0xe6, 0x98, 0xe6, 0x98, 0xe6,
    0xba, 0xe6, 0xda, 0xee, 0x57, 0xe6, 0x77, 0xe6, 0xf5, 0xd5, 0x57, 0xe6,
    0x78, 0xe6, 0xd9, 0xe6, 0xba, 0xee, 0xb9, 0xe6, 0x77, 0xe6, 0x57, 0xe6,
    0x78, 0xe6, 0x78, 0xe6, 0x57, 0xde, 0x78, 0xe6, 0x78, 0xe6, 0x57, 0xde,
    0x78, 0xe6, 0x78, 0xe6, 0x57, 0xe6, 0x77, 0xe6, 0x78, 0xe6, 0x77, 0xe6,
    0x78, 0xe6, 0x78, 0xe6, 0x77, 0xe6, 0x57, 0xde, 0x57, 0xde, 0x78, 0xe6,
    0x78, 0xe6, 0x77, 0xe6, 0x78, 0xe6, 0x77, 0xe6, 0x78, 0xe6, 0x78, 0xe6,
    0x98, 0xe6, 0x98, 0xe6, 0xb9, 0xee, 0x57, 0xde, 0x12, 0xbd, 0x73, 0xc5,
    0xd1, 0xb4, 0x53, 0xbd, 0x99, 0xe6, 0x78, 0xe6, 0x99, 0xe6, 0xb9, 0xe6,
    0xb9, 0xee, 0xda, 0xe6, 0xd9, 0xe6, 0xda, 0xee, 0xda, 0xee, 0xb9, 0xe6,
    0xda, 0xe6, 0xb9, 0xe6, 0xba, 0xee, 0xb9, 0xe6, 0xb9, 0xe6, 0xd9, 0xe6,
    0xda, 0xe6, 0xda, 0xe6, 0x57, 0xde, 0x57, 0xde, 0xb9, 0xee, 0xd9, 0xe6,
    0xba, 0xe6, 0xd9, 0xee, 0xb9, 0xee, 0xda, 0xee, 0xb9, 0xe6, 0xda, 0xee,
    0xd9, 0xe6, 0xb9, 0xe6, 0xb9, 0xe6, 0xb9, 0xe6, 0x53, 0xc5, 0x37, 0xde,
    0x98, 0xe6, 0xb9, 0xe6, 0x99, 0xe6, 0xf6, 0xd5, 0x57, 0xe6, 0x77, 0xde,
    0x77, 0xde, 0x57, 0xe6, 0x57, 0xde, 0xd5, 0xcd, 0x12, 0xb5, 0xf2, 0xb4,
    0x32, 0xbd, 0x12, 0xbd, 0xd1, 0xac, 0xb1, 0xac, 0x79, 0xd6, 0xd6, 0xbd,
    0xed, 0x2a, 0xcd, 0x2a, 0x94, 0x54, 0xd5, 0x54, 0xb4, 0x54, 0xb5, 0x54,
    0xd5, 0x54, 0xd4, 0x5c, 0x93, 0x5c, 0x8f, 0x3b, 0xf1, 0x4b, 0x12, 0xa5,
    0x31, 0xc5, 0x2d, 0xa4, 0xb1, 0xb4, 0x73, 0xc5, 0x94, 0xc5, 0x94, 0xcd,
    0xb4, 0xcd, 0xd5, 0xd5, 0xd5, 0xd5, 0xd5, 0xd5, 0xd5, 0xcd, 0xd5, 0xcd,
    0xf5, 0xd5, 0xf5, 0xd5, 0xd5, 0xd5, 0xd5, 0xd5, 0xf6, 0xd5, 0xf5, 0xd5,
    0xd5, 0xd5, 0xf5, 0xd5, 0xd5, 0xd5, 0xf6, 0xd5, 0xf6, 0xd5, 0xd5, 0xd5,
    0xd5, 0xcd, 0xf5, 0xd5, 0xd5, 0xd5, 0xd5, 0xd5, 0x94, 0xcd, 0xf2, 0xb4,
    0xd1, 0xac, 0x4e, 0xac, 0x16, 0xde, 0x57, 0xde, 0x57, 0xde, 0x57, 0xe6,
    0x16, 0xde, 0xd4, 0xd5, 0x57, 0xde, 0x37, 0xde, 0x37, 0xde, 0x56, 0xde,
    0x37, 0xde, 0x57, 0xe6, 0x36, 0xde, 0x57, 0xde, 0x36, 0xde, 0x36, 0xe6,
    0x37, 0xde, 0x36, 0xde, 0x37, 0xde, 0x36, 0xde, 0x37, 0xde, 0x36, 0xde,
    0x37, 0xde, 0x36, 0xde, 0x37, 0xe6, 0x37, 0xde, 0x57, 0xde, 0x36, 0xde,
    0xb8, 0xe6, 0xb9, 0xee, 0xda, 0xe6, 0xd9, 0xee, 0x57, 0xde, 0xb9, 0xe6,
    0x99, 0xe6, 0xba, 0xee, 0xd9, 0xe6, 0xda, 0xee, 0xda, 0xee, 0xb9, 0xe6,
    0xb9, 0xe6, 0xb9, 0xe6, 0x94, 0xc5, 0x36, 0xde, 0x57, 0xe6, 0xb9, 0xe6,
    0xb9, 0xe6, 0xb9, 0xe6, 0x78, 0xe6, 0x78, 0xe6, 0xd9, 0xee, 0xb9, 0xe6,
    0xba, 0xe6, 0xd9, 0xee, 0xd9, 0xee, 0xb9, 0xe6, 0xda, 0xee, 0xda, 0xee,
    0xb9, 0xe6, 0xd9, 0xe6, 0xda, 0xe6, 0xd9, 0xee, 0xb9, 0xe6, 0x36, 0xde,
    0x77, 0xe6, 0x78, 0xe6, 0xb9, 0xee, 0xb9, 0xe6, 0xb9, 0xe6, 0xd9, 0xee,
    0xb9, 0xe6, 0xb9, 0xe6, 0xda, 0xee, 0xd9, 0xe6, 0xb9, 0xe6, 0xda, 0xe6,
    0xda, 0xee, 0xb9, 0xe6, 0xda, 0xe6, 0xb9, 0xe6, 0x57, 0xe6, 0x77, 0xe6,
    0x58, 0xde, 0x77, 0xde, 0x78, 0xe6, 0x78, 0xe6, 0x57, 0xde, 0x78, 0xe6,
    0x78, 0xe6, 0x77, 0xe6, 0x73, 0xc5, 0x58, 0xde, 0x77, 0xe6, 0x78, 0xe6,
    0x98, 0xe6, 0xb9, 0xe6, 0x78, 0xe6, 0x98, 0xe6, 0xb9, 0xe6, 0xb9, 0xee,
    0xda, 0xe6, 0xda, 0xee, 0x78, 0xde, 0x77, 0xe6, 0xd1, 0xac, 0x57, 0xde,
    0x78, 0xe6, 0xda, 0xee, 0xda, 0xee, 0xb9, 0xe6, 0x78, 0xe6, 0x98, 0xe6,
    0x77, 0xe6, 0x57, 0xe6, 0x78, 0xe6, 0x77, 0xe6, 0x77, 0xde, 0x77, 0xe6,
    0x78, 0xe6, 0x78, 0xe6, 0x78, 0xe6, 0x78, 0xe6, 0x77, 0xe6, 0x77, 0xe6,
    0x78, 0xe6, 0x78, 0xe6, 0x77, 0xe6, 0x78, 0xe6, 0x57, 0xde, 0x57, 0xde,
    0x78, 0xe6, 0x78, 0xe6, 0x78, 0xe6, 0x77, 0xe6, 0x57, 0xde, 0x77, 0xe6,
    0x98, 0xe6, 0x78, 0xe6, 0xd9, 0xee, 0x98, 0xe6, 0xd5, 0xcd, 0x74, 0xc5,
    0x12, 0xbd, 0x74, 0xc5, 0xb9, 0xe6, 0xb9, 0xe6, 0xb9, 0xee, 0xb9, 0xe6,
    0xd9, 0xe6, 0xba, 0xee, 0xb9, 0xe6, 0xb9, 0xe6, 0xb9, 0xee, 0xda, 0xe6,
    0xda, 0xee, 0xd9, 0xee, 0xda, 0xee, 0xba, 0xee, 0xd9, 0xee, 0xd9, 0xee,
    0xd9, 0xee, 0xba, 0xee, 0x78, 0xe6, 0x16, 0xd6, 0x78, 0xe6, 0xb9, 0xe6,
    0xda, 0xee, 0xda, 0xee, 0xd9, 0xe6, 0xb9, 0xe6, 0xba, 0xe6, 0xb9, 0xee,
    0xb9, 0xe6, 0xb9, 0xe6, 0xb9, 0xe6, 0xb9, 0xe6, 0x12, 0xb5, 0x57, 0xde,
    0x99, 0xe6, 0xb9, 0xe6, 0xb9, 0xe6, 0xf6, 0xd5, 0x77, 0xe6, 0x77, 0xde,
    0x57, 0xe6, 0x57, 0xde, 0x57, 0xde, 0x78, 0xe6, 0x94, 0xcd, 0xd1, 0xb4,
    0x12, 0xbd, 0x12, 0xbd, 0xd1, 0xac, 0xb1, 0xac, 0x17, 0xce, 0xd7, 0xbd,
    0xcd, 0x2a, 0xcd, 0x2a, 0x74, 0x54, 0x74, 0x54, 0xd5, 0x54, 0xb4, 0x54,
    0xb4, 0x5c, 0xb0, 0x43, 0xcc, 0x2a, 0x6b, 0x22, 0xcc, 0x2a, 0x90, 0xa4,
    0x8f, 0xac, 0xd1, 0xb4, 0xb1, 0xac, 0x94, 0xcd, 0x94, 0xcd, 0x74, 0xc5,
    0x74, 0xcd, 0xd5, 0xd5, 0xd5, 0xd5, 0xd5, 0xd5, 0xd5, 0xd5, 0xf5, 0xd5,
    0xf5, 0xd5, 0xd5, 0xd5, 0xd5, 0xcd, 0xf5, 0xd5, 0xf5, 0xd5, 0xd5, 0xcd,
    0xf6, 0xd5, 0xf5, 0xd5, 0xf5, 0xd5, 0xd5, 0xd5, 0xd5, 0xd5, 0xf5, 0xd5,
    0xf5, 0xd5, 0xd5, 0xd5, 0xd5, 0xd5, 0x16, 0xde, 0x33, 0xbd, 0xd1, 0xac,
    0x4f, 0xa4, 0x93, 0xcd, 0x36, 0xde, 0x37, 0xde, 0x57, 0xe6, 0x57, 0xde,
    0x57, 0xe6, 0x36, 0xde, 0x37, 0xde, 0x36, 0xde, 0x57, 0xde, 0x36, 0xde,
    0x57, 0xe6, 0x36, 0xde, 0x57, 0xde, 0x37, 0xe6, 0x36, 0xde, 0x57, 0xde,
    0x37, 0xde, 0x36, 0xde, 0x36, 0xde, 0x37, 0xde, 0x37, 0xe6, 0x36, 0xde,
    0x36, 0xde, 0x37, 0xe6, 0x36, 0xde, 0x36, 0xde, 0x37, 0xde, 0xd5, 0xd5,
    0x99, 0xe6, 0xda, 0xee, 0xda, 0xee, 0xd9, 0xee, 0x78, 0xe6, 0xb9, 0xe6,
    0xb9, 0xee, 0xb9, 0xe6, 0xb9, 0xe6, 0xb9, 0xee, 0xda, 0xe6, 0xd9, 0xe6,
    0xb9, 0xee, 0xb9, 0xe6, 0xd5, 0xcd, 0x36, 0xde, 0x77, 0xe6, 0xb9, 0xe6,
    0xb9, 0xee, 0x77, 0xe6, 0x98, 0xe6, 0xb9, 0xee, 0xda, 0xee, 0xd9, 0xe6,
    0xb9, 0xe6, 0xba, 0xee, 0xb9, 0xee, 0xda, 0xe6, 0xd9, 0xee, 0xd9, 0xee,
    0xda, 0xe6, 0xda, 0xee, 0xba, 0xee, 0xd9, 0xee, 0x99, 0xe6, 0xf5, 0xd5,
    0x78, 0xe6, 0x98, 0xe6, 0xd9, 0xee, 0xd9, 0xe6, 0xda, 0xee, 0xb9, 0xee,
    0xb9, 0xe6, 0xba, 0xee, 0xd9, 0xee, 0xb9, 0xee, 0xba, 0xe6, 0xd9, 0xee,
    0xb9, 0xee, 0xba, 0xe6, 0xda, 0xee, 0xb9, 0xee, 0xb9, 0xe6, 0x57, 0xe6,
    0x58, 0xe6, 0x77, 0xe6, 0x77, 0xe6, 0x78, 0xe6, 0x77, 0xe6, 0x77, 0xe6,
    0x57, 0xde, 0x77, 0xde, 0xd5, 0xd5, 0x77, 0xe6, 0x57, 0xde, 0x99, 0xe6,
    0xda, 0xee, 0xb9, 0xee, 0x77, 0xe6, 0x78, 0xe6, 0x98, 0xe6, 0xd9, 0xee,
    0xd9, 0xee, 0xda, 0xee, 0x78, 0xe6, 0x77, 0xde, 0xf6, 0xd5, 0x57, 0xe6,
    0x77, 0xde, 0xd9, 0xee, 0xda, 0xee, 0xb9, 0xe6, 0x78, 0xe6, 0x98, 0xe6,
    0x57, 0xde, 0x58, 0xe6, 0x78, 0xde, 0x77, 0xe6, 0x78, 0xe6, 0x58, 0xe6,
    0x77, 0xde, 0x77, 0xe6, 0x77, 0xde, 0x78, 0xe6, 0x78, 0xe6, 0x77, 0xe6,
    0x78, 0xe6, 0x78, 0xe6, 0x77, 0xe6, 0x78, 0xe6, 0x77, 0xe6, 0x57, 0xe6,
    0x77, 0xe6, 0x77, 0xde, 0x78, 0xde, 0x78, 0xe6, 0x78, 0xe6, 0x98, 0xee,
    0x77, 0xe6, 0x98, 0xe6, 0xda, 0xee, 0xb9, 0xe6, 0x37, 0xde, 0x94, 0xcd,
    0x12, 0xbd, 0x94, 0xc5, 0xb9, 0xe6, 0xb9, 0xee, 0xb9, 0xe6, 0xb9, 0xe6,
    0xba, 0xee, 0xd9, 0xee, 0xb9, 0xe6, 0xda, 0xee, 0xb9, 0xe6, 0xb9, 0xee,
    0xda, 0xee, 0xda, 0xe6, 0xb9, 0xe6, 0xd9, 0xe6, 0xda, 0xe6, 0xda, 0xe6,
    0xb9, 0xee, 0xda, 0xee, 0xb9, 0xe6, 0x16, 0xd6, 0x16, 0xd6, 0xb9, 0xe6,
    0xda, 0xee, 0xda, 0xee, 0xb9, 0xe6, 0xda, 0xee, 0xd9, 0xee, 0xb9, 0xe6,
    0xba, 0xe6, 0xb9, 0xee, 0xba, 0xe6, 0xba, 0xe6, 0xf6, 0xd5, 0x37, 0xde,
    0x98, 0xe6, 0xb9, 0xe6, 0x99, 0xe6, 0xf5, 0xd5, 0x78, 0xe6, 0x58, 0xe6,
    0x58, 0xde, 0x77, 0xe6, 0x78, 0xe6, 0x98, 0xe6, 0xd5, 0xcd, 0xd2, 0xb4,
    0x33, 0xbd, 0x13, 0xbd, 0xd1, 0xb4, 0xb1, 0xac, 0xb5, 0xbd, 0xb7, 0xad,
    0xed, 0x2a, 0x4f, 0x33, 0x73, 0x54, 0x52, 0x54, 0x73, 0x54, 0xb4, 0x54,
    0x6f, 0x3b, 0x6b, 0x22, 0xcd, 0x2a, 0x8c, 0x22, 0x69, 0x3a, 0x2e, 0x9c,
    0xd1, 0xb4, 0xb1, 0xac, 0x94, 0xc5, 0x94, 0xcd, 0x73, 0xc5, 0x32, 0xbd,
    0xd5, 0xd5, 0xd5, 0xcd, 0xd5, 0xcd, 0xf5, 0xd5, 0xf5, 0xd5, 0xd5, 0xd5,
    0xd5, 0xd5, 0xf5, 0xd5, 0xf5, 0xd5, 0xd5, 0xd5, 0xf5, 0xd5, 0xd5, 0xd5,
    0xd5, 0xd5, 0xf5, 0xd5, 0xf6, 0xcd, 0xf5, 0xcd, 0xd5, 0xcd, 0xb4, 0xcd,
    0x94, 0xcd, 0xf5, 0xd5, 0xf6, 0xd5, 0x53, 0xbd, 0xd1, 0xb4, 0xd1, 0xac,
    0x4f, 0xac, 0xf6, 0xd5, 0x57, 0xe6, 0x57, 0xde, 0x57, 0xde, 0x36, 0xde,
    0xd5, 0xd5, 0x37, 0xde, 0x36, 0xde, 0x57, 0xe6, 0x56, 0xde, 0x37, 0xde,
    0x36, 0xde, 0x36, 0xde, 0x37, 0xde, 0x36, 0xde, 0x36, 0xde, 0x36, 0xde,
    0x36, 0xde, 0x36, 0xde, 0x37, 0xde, 0x36, 0xde, 0x36, 0xe6, 0x57, 0xde,
    0x37, 0xde, 0x36, 0xde, 0x36, 0xde, 0x57, 0xde, 0x36, 0xde, 0x78, 0xe6,
    0xd9, 0xee, 0xd9, 0xe6, 0xda, 0xee, 0x16, 0xd6, 0xb9, 0xee, 0x78, 0xe6,
    0xd9, 0xe6, 0xda, 0xee, 0xda, 0xee, 0xda, 0xe6, 0xd9, 0xee, 0xb9, 0xee,
    0xb9, 0xe6, 0x78, 0xe6, 0x78, 0xe6, 0x77, 0xe6, 0x77, 0xe6, 0xb9, 0xe6,
    0x78, 0xe6, 0x57, 0xe6, 0x37, 0xde, 0x98, 0xe6, 0xda, 0xee, 0xd9, 0xee,
    0xda, 0xe6, 0xda, 0xee, 0xb9, 0xe6, 0xda, 0xee, 0xd9, 0xe6, 0xb9, 0xee,
    0xda, 0xee, 0xd9, 0xe6, 0xda, 0xee, 0xb9, 0xe6, 0xf5, 0xdd, 0x78, 0xe6,
    0x98, 0xe6, 0xb9, 0xee, 0xb9, 0xe6, 0xb9, 0xee, 0xb9, 0xe6, 0xb9, 0xee,
    0xb9, 0xe6, 0xda, 0xee, 0xda, 0xee, 0xb9, 0xe6, 0xb9, 0xee, 0xda, 0xee,
    0xd9, 0xe6, 0xb9, 0xee, 0xd9, 0xee, 0xda, 0xe6, 0xb9, 0xe6, 0x78, 0xe6,
    0x78, 0xe6, 0x77, 0xe6, 0x58, 0xe6, 0x78, 0xde, 0x77, 0xe6, 0x78, 0xe6,
    0x78, 0xe6, 0x77, 0xe6, 0x57, 0xe6, 0x57, 0xde, 0x99, 0xe6, 0xda, 0xee,
    0xd9, 0xee, 0xb9, 0xe6, 0x98, 0xe6, 0xb9, 0xee, 0xb9, 0xe6, 0xda, 0xe6,
    0xda, 0xee, 0xd9, 0xe6, 0x78, 0xe6, 0x57, 0xe6, 0xda, 0xee, 0x78, 0xe6,
    0x99, 0xe6, 0xda, 0xee, 0xd9, 0xe6, 0xd9, 0xee, 0xd9, 0xee, 0xb9, 0xee,
    0x98, 0xe6, 0x78, 0xe6, 0x77, 0xe6, 0x78, 0xe6, 0x77, 0xe6, 0x78, 0xde,
    0x78, 0xe6, 0x78, 0xe6, 0x78, 0xe6, 0x77, 0xde, 0x78, 0xe6, 0x78, 0xe6,
    0x78, 0xe6, 0x78, 0xe6, 0x77, 0xe6, 0x77, 0xde, 0x78, 0xe6, 0x78, 0xe6,
    0x77, 0xe6, 0x77, 0xe6, 0x78, 0xde, 0x78, 0xe6, 0x78, 0xe6, 0x77, 0xe6,
    0x57, 0xde, 0x78, 0xe6, 0xda, 0xee, 0xb9, 0xee, 0x57, 0xde, 0x73, 0xc5,
    0x53, 0xc5, 0xb5, 0xcd, 0xd9, 0xe6, 0xda, 0xee, 0xd9, 0xe6, 0xda, 0xee,
    0xb9, 0xe6, 0xb9, 0xe6, 0xb9, 0xee, 0xd9, 0xee, 0xda, 0xe6, 0xda, 0xee,
    0xda, 0xee, 0xd9, 0xe6, 0xda, 0xee, 0xda, 0xee, 0xb9, 0xe6, 0xb9, 0xe6,
    0xda, 0xe6, 0xb9, 0xe6, 0xb9, 0xee, 0x77, 0xe6, 0xd5, 0xcd, 0xb9, 0xee,
    0xda, 0xee, 0xd9, 0xe6, 0xd9, 0xe6, 0xba, 0xee, 0xb9, 0xe6, 0xba, 0xe6,
    0xb9, 0xee, 0xda, 0xee, 0xb9, 0xe6, 0xb9, 0xe6, 0xb9, 0xee, 0x37, 0xd6,
    0x98, 0xe6, 0x99, 0xe6, 0xb9, 0xe6, 0x16, 0xd6, 0x77, 0xe6, 0x57, 0xe6,
    0x57, 0xde, 0x78, 0xe6, 0x57, 0xe6, 0x78, 0xe6, 0x95, 0xc5, 0xd1, 0xac,
    0x32, 0xbd, 0x13, 0xbd, 0xd1, 0xb4, 0xb1, 0xac, 0x34, 0xad, 0xec, 0x5a,
    0xed, 0x32, 0x32, 0x4c, 0x73, 0x54, 0x33, 0x54, 0x53, 0x54, 0xf1, 0x43,
    0xed, 0x32, 0xed, 0x32, 0xcd, 0x32, 0x4f, 0x3b, 0x70, 0x8c, 0x4f, 0x9c,
    0x90, 0xa4, 0x70, 0xa4, 0x74, 0xcd, 0x74, 0xcd, 0x32, 0xbd, 0xd5, 0xd5,
    0xf5, 0xd5, 0xf5, 0xd5, 0xf5, 0xd5, 0xd5, 0xd5, 0xf5, 0xd5, 0xd5, 0xcd,
    0xd5, 0xd5, 0xf6, 0xd5, 0xd5, 0xd5, 0xf6, 0xd5, 0xf6, 0xd5, 0xf5, 0xd5,
    0xf5, 0xd5, 0xf5, 0xd5, 0xd5, 0xd5, 0xd5, 0xd5, 0x53, 0xbd, 0xb0, 0xac,
    0x74, 0xcd, 0xd6, 0xd5, 0xf5, 0xd5, 0x33, 0xbd, 0xd1, 0xb4, 0x4f, 0xa4,
    0xd5, 0xd5, 0x57, 0xde, 0x57, 0xe6, 0x37, 0xe6, 0x37, 0xde, 0x36, 0xe6,
    0x36, 0xde, 0x37, 0xde, 0x57, 0xe6, 0x56, 0xde, 0x37, 0xde, 0x57, 0xe6,
    0x57, 0xde, 0x57, 0xde, 0x36, 0xde, 0x56, 0xe6, 0x37, 0xde, 0x37, 0xde,
    0x36, 0xde, 0x37, 0xde, 0x57, 0xe6, 0x36, 0xde, 0x37, 0xde, 0x56, 0xde,
    0x37, 0xde, 0x36, 0xde, 0x36, 0xde, 0x37, 0xde, 0x16, 0xde, 0x98, 0xe6,
    0xd9, 0xee, 0xd9, 0xe6, 0xb9, 0xee, 0x57, 0xe6, 0xb9, 0xe6, 0x57, 0xde,
    0xd9, 0xee, 0xd9, 0xee, 0xda, 0xee, 0xd9, 0xee, 0xda, 0xee, 0xda, 0xee,
    0xb9, 0xe6, 0x53, 0xc5, 0xf6, 0xd5, 0x77, 0xe6, 0x78, 0xe6, 0x78, 0xe6,
    0x77, 0xe6, 0x78, 0xe6, 0x77, 0xe6, 0x57, 0xde, 0xba, 0xee, 0xb9, 0xee,
    0xd9, 0xee, 0xd9, 0xe6, 0xb9, 0xe6, 0xda, 0xee, 0xda, 0xee, 0xb9, 0xe6,
    0xb9, 0xe6, 0xda, 0xee, 0xd9, 0xee, 0xb9, 0xe6, 0xf5, 0xd5, 0x78, 0xe6,
    0x98, 0xe6, 0xd9, 0xe6, 0xba, 0xee, 0xda, 0xe6, 0xd9, 0xee, 0xb9, 0xee,
    0xd9, 0xe6, 0xda, 0xee, 0xb9, 0xe6, 0xd9, 0xe6, 0xb9, 0xe6, 0xda, 0xee,
    0xda, 0xe6, 0xb9, 0xe6, 0xb9, 0xee, 0xda, 0xee, 0xda, 0xee, 0xb9, 0xe6,
    0x98, 0xe6, 0x98, 0xe6, 0x77, 0xe6, 0x58, 0xde, 0x78, 0xe6, 0x58, 0xe6,
    0x78, 0xe6, 0x78, 0xe6, 0xb9, 0xee, 0xb9, 0xe6, 0xda, 0xee, 0xd9, 0xee,
    0xda, 0xee, 0xb9, 0xee, 0x98, 0xe6, 0xb9, 0xee, 0xda, 0xee, 0xda, 0xe6,
    0xda, 0xee, 0xda, 0xee, 0x98, 0xe6, 0x74, 0xc5, 0xb9, 0xe6, 0x98, 0xe6,
    0xda, 0xee, 0xda, 0xee, 0xd9, 0xee, 0xda, 0xee, 0xda, 0xee, 0xda, 0xee,
    0x98, 0xe6, 0x57, 0xe6, 0x78, 0xe6, 0x77, 0xe6, 0x57, 0xe6, 0x77, 0xe6,
    0x78, 0xe6, 0x78, 0xe6, 0x77, 0xe6, 0x78, 0xe6, 0x77, 0xde, 0x57, 0xde,
    0x77, 0xe6, 0x78, 0xe6, 0x78, 0xe6, 0x78, 0xe6, 0x77, 0xde, 0x78, 0xe6,
    0x77, 0xe6, 0x57, 0xde, 0x78, 0xe6, 0x77, 0xde, 0xb9, 0xe6, 0x57, 0xde,
    0x37, 0xde, 0x78, 0xe6, 0xd9, 0xe6, 0xd9, 0xe6, 0x57, 0xde, 0x73, 0xc5,
    0x74, 0xc5, 0xf6, 0xd5, 0xda, 0xee, 0xb9, 0xe6, 0xb9, 0xe6, 0xb9, 0xee,
    0xb9, 0xe6, 0xba, 0xe6, 0xba, 0xe6, 0xd9, 0xee, 0xda, 0xee, 0xda, 0xe6,
    0xda, 0xee, 0xda, 0xee, 0xda, 0xee, 0xba, 0xee, 0xb9, 0xe6, 0xd9, 0xee,
    0xd9, 0xe6, 0x57, 0xde, 0x98, 0xe6, 0x78, 0xe6, 0x94, 0xc5, 0xb9, 0xe6,
    0xda, 0xee, 0xb9, 0xe6, 0xda, 0xee, 0xb9, 0xe6, 0xb9, 0xe6, 0xd9, 0xee,
    0xb9, 0xe6, 0xd9, 0xe6, 0xb9, 0xe6, 0xb9, 0xe6, 0xb9, 0xe6, 0xd5, 0xcd,
    0x78, 0xde, 0xb9, 0xe6, 0x99, 0xe6, 0x16, 0xde, 0x77, 0xde, 0x77, 0xe6,
    0x57, 0xde, 0x57, 0xde, 0x57, 0xde, 0x37, 0xde, 0x12, 0xb5, 0x70, 0xa4,
    0xd1, 0xb4, 0x12, 0xb5, 0xb1, 0xb4, 0xb0, 0xac, 0x51, 0x8c, 0xeb, 0x62,
    0xed, 0x32, 0x74, 0x54, 0x73, 0x54, 0x53, 0x54, 0x53, 0x4c, 0xb0, 0x43,
    0xed, 0x32, 0xed, 0x2a, 0xac, 0x2a, 0x8b, 0x32, 0x4c, 0x73, 0x6f, 0x9c,
    0x90, 0xa4, 0x73, 0xc5, 0x73, 0xc5, 0x94, 0xcd, 0xd5, 0xd5, 0xd5, 0xd5,
    0xd5, 0xd5, 0xf5, 0xd5, 0xd5, 0xd5, 0xd5, 0xd5, 0xf5, 0xd5, 0xf5, 0xd5,
    0xf5, 0xd5, 0xd5, 0xcd, 0xd5, 0xd5, 0xf5, 0xd5, 0xf5, 0xcd, 0xd5, 0xd5,
    0xd5, 0xd5, 0xd5, 0xd5, 0xd5, 0xcd, 0x53, 0xbd, 0x0e, 0x9c, 0xd1, 0xb4,
    0xb5, 0xcd, 0xf5, 0xd5, 0x33, 0xbd, 0xd1, 0xb4, 0xb0, 0xac, 0x12, 0xbd,
    0x16, 0xde, 0x57, 0xde, 0x37, 0xde, 0x57, 0xde, 0x37, 0xde, 0xf5, 0xdd,
    0x36, 0xde, 0x57, 0xde, 0x36, 0xde, 0x37, 0xde, 0x36, 0xe6, 0x57, 0xde,
    0x37, 0xe6, 0x37, 0xde, 0x36, 0xde, 0x36, 0xde, 0x37, 0xe6, 0x56, 0xde,
    0x36, 0xde, 0x37, 0xde, 0x36, 0xde, 0x37, 0xde, 0x36, 0xde, 0x37, 0xde,
    0x56, 0xde, 0x37, 0xde, 0x36, 0xde, 0x37, 0xde, 0x16, 0xd6, 0x98, 0xe6,
    0xda, 0xee, 0xda, 0xee, 0x16, 0xd6, 0xb9, 0xe6, 0x77, 0xe6, 0x78, 0xe6,
    0xda, 0xee, 0xba, 0xe6, 0xd9, 0xe6, 0xd9, 0xe6, 0xda, 0xee, 0xb9, 0xe6,
    0x98, 0xe6, 0x77, 0xe6, 0x57, 0xe6, 0x77, 0xe6, 0x78, 0xe6, 0x78, 0xe6,
    0x78, 0xe6, 0x36, 0xde, 0x77, 0xe6, 0x78, 0xe6, 0xd9, 0xee, 0xb9, 0xe6,
    0xda, 0xee, 0xb9, 0xe6, 0xb9, 0xee, 0xd9, 0xe6, 0xba, 0xee, 0xb9, 0xe6,
    0xda, 0xee, 0xd9, 0xee, 0xb9, 0xee, 0x15, 0xd6, 0x78, 0xe6, 0x98, 0xe6,
    0xb9, 0xee, 0xd9, 0xe6, 0xba, 0xe6, 0xd9, 0xee, 0xb9, 0xe6, 0xb9, 0xe6,
    0xd9, 0xee, 0xda, 0xee, 0xb9, 0xe6, 0xd9, 0xee, 0x16, 0xd6, 0xb9, 0xe6,
    0xb9, 0xee, 0xda, 0xee, 0xda, 0xe6, 0xd9, 0xee, 0xda, 0xee, 0xb9, 0xee,
    0xb9, 0xe6, 0xb9, 0xe6, 0x78, 0xe6, 0x77, 0xe6, 0x77, 0xe6, 0x77, 0xde,
    0x57, 0xde, 0xb9, 0xee, 0xda, 0xee, 0xd9, 0xee, 0xda, 0xee, 0xda, 0xee,
    0xd9, 0xee, 0x99, 0xe6, 0x77, 0xe6, 0x98, 0xe6, 0xda, 0xe6, 0xd9, 0xee,
    0xd9, 0xee, 0xd9, 0xee, 0x98, 0xe6, 0xd5, 0xd5, 0xb9, 0xee, 0x78, 0xe6,
    0xd9, 0xee, 0xd9, 0xee, 0xda, 0xe6, 0xd9, 0xe6, 0xda, 0xee, 0xda, 0xee,
    0x99, 0xe6, 0x57, 0xde, 0x78, 0xe6, 0x78, 0xe6, 0x78, 0xe6, 0x77, 0xe6,
    0x77, 0xe6, 0x78, 0xe6, 0x78, 0xe6, 0x77, 0xe6, 0x78, 0xe6, 0x57, 0xde,
    0x36, 0xde, 0x77, 0xe6, 0x78, 0xe6, 0x78, 0xe6, 0x77, 0xe6, 0x78, 0xe6,
    0x78, 0xe6, 0x78, 0xe6, 0x78, 0xe6, 0xb9, 0xee, 0xd9, 0xee, 0x78, 0xde,
    0x37, 0xde, 0x77, 0xe6, 0xba, 0xe6, 0xd9, 0xee, 0x78, 0xe6, 0xd5, 0xd5,
    0xb5, 0xcd, 0x37, 0xde, 0xd9, 0xee, 0xb9, 0xee, 0xb9, 0xe6, 0xba, 0xe6,
    0xd9, 0xee, 0xb9, 0xe6, 0xda, 0xee, 0xb9, 0xe6, 0xb9, 0xe6, 0xda, 0xee,
    0xda, 0xe6, 0xd9, 0xee, 0xda, 0xee, 0xda, 0xe6, 0xba, 0xee, 0xb9, 0xe6,
    0x78, 0xe6, 0x37, 0xde, 0x98, 0xe6, 0x78, 0xe6, 0x53, 0xbd, 0xb9, 0xe6,
    0xda, 0xee, 0xd9, 0xee, 0xb9, 0xe6, 0xda, 0xee, 0xd9, 0xee, 0xb9, 0xe6,
    0xba, 0xe6, 0xda, 0xee, 0xb9, 0xe6, 0xb9, 0xe6, 0xba, 0xe6, 0xb1, 0xac,
    0x37, 0xde, 0x99, 0xe6, 0xb9, 0xe6, 0x57, 0xde, 0x78, 0xe6, 0x78, 0xe6,
    0x57, 0xde, 0x57, 0xe6, 0x57, 0xde, 0x16, 0xd6, 0x90, 0xa4, 0x2f, 0x9c,
    0xd1, 0xb4, 0x12, 0xb5, 0xd1, 0xb4, 0xb1, 0xac, 0x69, 0x52, 0xeb, 0x5a,
    0xcd, 0x2a, 0x74, 0x4c, 0x73, 0x4c, 0x53, 0x4c, 0xb0, 0x43, 0xcd, 0x2a,
    0xee, 0x32, 0xed, 0x32, 0xcd, 0x32, 0x2c, 0x5b, 0x2f, 0x94, 0x90, 0xa4,
    0x70, 0xa4, 0x74, 0xc5, 0x53, 0xc5, 0x94, 0xcd, 0xd5, 0xcd, 0xf5, 0xd5,
    0xd5, 0xd5, 0xf5, 0xd5, 0xd5, 0xd5, 0xd6, 0xd5, 0xf5, 0xd5, 0xd5, 0xd5,
    0xd5, 0xd5, 0xd5, 0xcd, 0xf5, 0xd5, 0xd5, 0xd5, 0xd5, 0xd5, 0xd5, 0xcd,
    0xd5, 0xcd, 0x74, 0xc5, 0x33, 0xbd, 0x4f, 0xa4, 0xd1, 0xb4, 0xd5, 0xd5,
    0xd5, 0xd5, 0xb5, 0xcd, 0x12, 0xbd, 0xd1, 0xac, 0x2e, 0xa4, 0xb4, 0xd5,
    0x57, 0xde, 0x57, 0xe6, 0x57, 0xde, 0x57, 0xde, 0x36, 0xde, 0x57, 0xde,
    0x57, 0xde, 0x36, 0xe6, 0x57, 0xe6, 0x56, 0xde, 0x37, 0xde, 0x36, 0xde,
    0x36, 0xde, 0x36, 0xe6, 0x57, 0xde, 0x37, 0xde, 0x36, 0xde, 0x37, 0xe6,
    0x36, 0xde, 0x36, 0xde, 0x37, 0xde, 0x56, 0xe6, 0x37, 0xde, 0x56, 0xe6,
    0x37, 0xde, 0x37, 0xde, 0x36, 0xde, 0x36, 0xde, 0x98, 0xe6, 0xb9, 0xe6,
    0xb9, 0xee, 0x98, 0xe6, 0x37, 0xe6, 0xb9, 0xe6, 0x57, 0xe6, 0xb9, 0xe6,
    0xda, 0xee, 0xd9, 0xee, 0xba, 0xee, 0xda, 0xee, 0xd9, 0xe6, 0xb9, 0xe6,
    0xb4, 0xcd, 0xf6, 0xd5, 0x77, 0xe6, 0x77, 0xe6, 0x78, 0xe6, 0x57, 0xde,
    0x57, 0xde, 0x57, 0xde, 0x57, 0xde, 0x78, 0xe6, 0xda, 0xee, 0xda, 0xe6,
    0xd9, 0xe6, 0xba, 0xee, 0xda, 0xee, 0xd9, 0xe6, 0xb9, 0xe6, 0xda, 0xee,
    0xd9, 0xe6, 0xba, 0xe6, 0x98, 0xe6, 0xd5, 0xd5, 0x78, 0xe6, 0x99, 0xe6,
    0xb9, 0xe6, 0xd9, 0xee, 0xb9, 0xee, 0xb9, 0xe6, 0xb9, 0xe6, 0xda, 0xee,
    0xda, 0xee, 0xda, 0xe6, 0xda, 0xee, 0xd9, 0xee, 0x37, 0xde, 0xb9, 0xe6,
    0xda, 0xee, 0xd9, 0xee, 0xd9, 0xe6, 0xda, 0xe6, 0xd9, 0xee, 0xd9, 0xee,
    0xda, 0xee, 0xd9, 0xee, 0x99, 0xe6, 0x78, 0xe6, 0x78, 0xe6, 0x78, 0xe6,
    0xb9, 0xe6, 0x77, 0xe6, 0xda, 0xee, 0xd9, 0xee, 0xda, 0xee, 0xda, 0xee,
    0xb9, 0xe6, 0x77, 0xde, 0x98, 0xe6, 0xd9, 0xee, 0xda, 0xee, 0xda, 0xee,
    0xda, 0xee, 0xb9, 0xee, 0x98, 0xe6, 0xd9, 0xee, 0xd9, 0xee, 0x98, 0xe6,
    0xda, 0xee, 0xd9, 0xe6, 0xda, 0xee, 0xda, 0xee, 0xd9, 0xe6, 0xda, 0xee,
    0xda, 0xee, 0x98, 0xe6, 0x77, 0xde, 0x78, 0xe6, 0x78, 0xe6, 0x78, 0xde,
    0x78, 0xde, 0x78, 0xe6, 0x77, 0xde, 0x78, 0xe6, 0x78, 0xe6, 0x57, 0xde,
    0xf6, 0xd5, 0x77, 0xe6, 0x78, 0xe6, 0x78, 0xe6, 0x78, 0xe6, 0xb8, 0xe6,
    0x98, 0xe6, 0x78, 0xde, 0x98, 0xe6, 0xd9, 0xe6, 0xda, 0xee, 0x98, 0xe6,
    0x36, 0xde, 0x57, 0xde, 0xb9, 0xe6, 0xba, 0xee, 0xb9, 0xe6, 0x57, 0xde,
    0xf6, 0xd5, 0x78, 0xe6, 0xb9, 0xe6, 0xb9, 0xe6, 0xba, 0xee, 0xd9, 0xe6,
    0xd9, 0xee, 0xd9, 0xee, 0xda, 0xe6, 0xda, 0xee, 0xd9, 0xee, 0xda, 0xee,
    0xda, 0xe6, 0xda, 0xee, 0xda, 0xee, 0xda, 0xe6, 0xd9, 0xe6, 0x58, 0xde,
    0x37, 0xde, 0x57, 0xde, 0x57, 0xe6, 0x57, 0xde, 0x33, 0xbd, 0xb9, 0xe6,
    0xd9, 0xe6, 0xba, 0xee, 0xda, 0xe6, 0xd9, 0xe6, 0xda, 0xee, 0xb9, 0xe6,
    0xda, 0xee, 0xba, 0xee, 0xd9, 0xe6, 0xb9, 0xee, 0xda, 0xee, 0x53, 0xbd,
    0x58, 0xde, 0xb9, 0xe6, 0xb8, 0xe6, 0x98, 0xe6, 0x78, 0xe6, 0x78, 0xe6,
    0x78, 0xe6, 0x57, 0xe6, 0x57, 0xe6, 0xd5, 0xd5, 0x4f, 0x9c, 0x2f, 0x9c,
    0xd1, 0xb4, 0x12, 0xbd, 0xd1, 0xb4, 0xb1, 0xac, 0x49, 0x52, 0xeb, 0x5a,
    0x90, 0x3b, 0x74, 0x4c, 0x73, 0x54, 0xd1, 0x43, 0x8c, 0x22, 0xed, 0x32,
    0xed, 0x2a, 0xad, 0x2a, 0xab, 0x3a, 0xce, 0x83, 0x70, 0xa4, 0x70, 0xa4,
    0x53, 0xc5, 0x74, 0xcd, 0x32, 0xbd, 0xd5, 0xd5, 0xd5, 0xd5, 0xd5, 0xcd,
    0xd5, 0xd5, 0xf5, 0xd5, 0xf5, 0xcd, 0xd5, 0xd5, 0xf5, 0xd5, 0xf5, 0xcd,
    0xd5, 0xd5, 0xf5, 0xd5, 0xd5, 0xd5, 0xd5, 0xd5, 0xd5, 0xcd, 0x74, 0xc5,
    0x73, 0xc5, 0x4f, 0xa4, 0x70, 0xa4, 0xb1, 0xac, 0xd5, 0xd5, 0xf5, 0xd5,
    0xd5, 0xd5, 0x33, 0xbd, 0xb1, 0xac, 0xb0, 0xac, 0x94, 0xcd, 0x36, 0xde,
    0x57, 0xde, 0x57, 0xe6, 0x57, 0xde, 0x57, 0xe6, 0x15, 0xde, 0x57, 0xde,
    0x37, 0xde, 0x37, 0xe6, 0x56, 0xde, 0x56, 0xde, 0x36, 0xde, 0x36, 0xde,
    0x57, 0xde, 0x36, 0xde, 0x36, 0xe6, 0x36, 0xde, 0x57, 0xde, 0x37, 0xde,
    0x36, 0xde, 0x36, 0xde, 0x37, 0xde, 0x36, 0xde, 0x56, 0xde, 0x37, 0xde,
    0x36, 0xe6, 0x56, 0xde, 0x37, 0xde, 0xf5, 0xd5, 0x78, 0xe6, 0xb9, 0xe6,
    0xd9, 0xee, 0x16, 0xde, 0x57, 0xe6, 0x57, 0xde, 0x57, 0xe6, 0xb9, 0xee,
    0xb9, 0xe6, 0xb9, 0xe6, 0xda, 0xee, 0xd9, 0xee, 0xda, 0xee, 0xb9, 0xe6,
    0xf6, 0xd5, 0x16, 0xde, 0x57, 0xde, 0x77, 0xe6, 0x98, 0xe6, 0x78, 0xe6,
    0xd5, 0xd5, 0x57, 0xde, 0x57, 0xde, 0x78, 0xe6, 0xb9, 0xee, 0xb9, 0xee,
    0xd9, 0xe6, 0xda, 0xee, 0xb9, 0xe6, 0xda, 0xee, 0xd9, 0xee, 0xb9, 0xe6,
    0xd9, 0xee, 0xb9, 0xe6, 0xf5, 0xd5, 0x78, 0xe6, 0x78, 0xe6, 0xb9, 0xee,
    0xd9, 0xe6, 0xba, 0xee, 0xb9, 0xe6, 0x99, 0xe6, 0x99, 0xe6, 0xd9, 0xee,
    0xb9, 0xe6, 0xb9, 0xee, 0xda, 0xee, 0x78, 0xe6, 0xb9, 0xee, 0xda, 0xe6,
    0xb9, 0xe6, 0xda, 0xee, 0xd9, 0xee, 0xba, 0xee, 0xda, 0xe6, 0xd9, 0xe6,
    0xda, 0xee, 0xd9, 0xee, 0xd9, 0xe6, 0x98, 0xe6, 0x99, 0xe6, 0xd9, 0xee,
    0xda, 0xee, 0xf5, 0xd5, 0xd9, 0xe6, 0xda, 0xee, 0xda, 0xee, 0xda, 0xee,
    0xb9, 0xe6, 0x77, 0xde, 0x98, 0xe6, 0xda, 0xee, 0xda, 0xee, 0xda, 0xe6,
    0xda, 0xe6, 0xb9, 0xe6, 0xf6, 0xd5, 0x99, 0xe6, 0xb9, 0xe6, 0xd9, 0xee,
    0xda, 0xee, 0xda, 0xee, 0xd9, 0xee, 0xd9, 0xee, 0xda, 0xee, 0xd9, 0xe6,
    0xda, 0xee, 0x98, 0xe6, 0x57, 0xde, 0x77, 0xe6, 0x77, 0xe6, 0x77, 0xe6,
    0x78, 0xe6, 0x77, 0xe6, 0x78, 0xe6, 0x77, 0xe6, 0x77, 0xe6, 0x37, 0xde,
    0x94, 0xcd, 0x78, 0xe6, 0x77, 0xe6, 0x78, 0xe6, 0x99, 0xe6, 0xb9, 0xee,
    0x98, 0xe6, 0x78, 0xe6, 0xb9, 0xe6, 0xda, 0xee, 0xd9, 0xe6, 0xb9, 0xee,
    0x16, 0xd6, 0x98, 0xe6, 0xba, 0xee, 0xd9, 0xe6, 0xda, 0xee, 0x78, 0xe6,
    0x57, 0xde, 0xb9, 0xe6, 0xd9, 0xe6, 0xb9, 0xe6, 0xb9, 0xe6, 0xba, 0xee,
    0xb9, 0xe6, 0xb9, 0xee, 0xb9, 0xe6, 0xda, 0xee, 0xb9, 0xee, 0xd9, 0xee,
    0xda, 0xe6, 0xda, 0xee, 0xd9, 0xee, 0xd9, 0xee, 0x98, 0xe6, 0x57, 0xde,
    0x57, 0xde, 0x57, 0xde, 0x37, 0xde, 0x57, 0xde, 0x74, 0xc5, 0xb9, 0xee,
    0xd9, 0xee, 0xb9, 0xe6, 0xda, 0xee, 0xd9, 0xee, 0xba, 0xe6, 0xb9, 0xe6,
    0xd9, 0xee, 0xb9, 0xe6, 0xba, 0xe6, 0xb9, 0xe6, 0xd9, 0xee, 0x58, 0xde,
    0x98, 0xe6, 0x99, 0xe6, 0x98, 0xe6, 0xb9, 0xee, 0x57, 0xe6, 0x77, 0xe6,
    0x57, 0xde, 0x78, 0xe6, 0x77, 0xde, 0xd5, 0xcd, 0xb1, 0xac, 0xb1, 0xac,
    0xd1, 0xb4, 0xf2, 0xb4, 0xd2, 0xb4, 0xd1, 0xac, 0x28, 0x52, 0xcb, 0x5a,
    0x94, 0x54, 0x94, 0x54, 0x53, 0x4c, 0x6f, 0x3b, 0xcd, 0x2a, 0xed, 0x2a,
    0xed, 0x32, 0x0d, 0x43, 0xef, 0x83, 0x91, 0xa4, 0x90, 0xa4, 0x70, 0xa4,
    0x53, 0xc5, 0x73, 0xc5, 0xd5, 0xd5, 0xd5, 0xd5, 0xd5, 0xd5, 0xd5, 0xd5,
    0xf5, 0xd5, 0xd5, 0xcd, 0xd5, 0xd5, 0xd5, 0xd5, 0xd5, 0xcd, 0xd5, 0xd5,
    0xd5, 0xcd, 0xd5, 0xd5, 0xd5, 0xd5, 0x94, 0xcd, 0x53, 0xbd, 0xb0, 0xac,
    0xb1, 0xac, 0x4f, 0xa4, 0xb1, 0xac, 0xd5, 0xcd, 0xd5, 0xd5, 0xf6, 0xd5,
    0x94, 0xcd, 0xf2, 0xb4, 0xb1, 0xb4, 0xb0, 0xb4, 0xd4, 0xd5, 0x37, 0xde,
    0x57, 0xde, 0x57, 0xde, 0x57, 0xde, 0x16, 0xde, 0x36, 0xde, 0x57, 0xe6,
    0x36, 0xde, 0x57, 0xde, 0x37, 0xde, 0x37, 0xe6, 0x56, 0xe6, 0x57, 0xe6,
    0x57, 0xde, 0x36, 0xde, 0x36, 0xde, 0x37, 0xde, 0x36, 0xde, 0x36, 0xde,
    0x36, 0xde, 0x57, 0xe6, 0x37, 0xde, 0x36, 0xde, 0x37, 0xde, 0x37, 0xde,
    0x36, 0xde, 0x37, 0xde, 0x37, 0xde, 0x57, 0xe6, 0x99, 0xe6, 0xb9, 0xe6,
    0x78, 0xe6, 0x57, 0xe6, 0x98, 0xe6, 0x36, 0xde, 0x36, 0xde, 0xb9, 0xe6,
    0xd9, 0xee, 0xda, 0xe6, 0xd9, 0xe6, 0xb9, 0xe6, 0xb9, 0xe6, 0x16, 0xd6,
    0x16, 0xde, 0x78, 0xe6, 0x58, 0xe6, 0x77, 0xe6, 0x78, 0xe6, 0x57, 0xe6,
    0x36, 0xde, 0x57, 0xde, 0x57, 0xe6, 0x77, 0xe6, 0xd9, 0xe6, 0xb9, 0xe6,
    0xda, 0xee, 0xb9, 0xe6, 0xb9, 0xe6, 0xda, 0xee, 0xda, 0xee, 0xb9, 0xe6,
    0xb9, 0xee, 0x78, 0xe6, 0xf5, 0xd5, 0x78, 0xe6, 0x98, 0xe6, 0xb9, 0xe6,
    0xda, 0xee, 0xd9, 0xe6, 0x99, 0xe6, 0x98, 0xe6, 0xd9, 0xee, 0xda, 0xe6,
    0xda, 0xee, 0xd9, 0xe6, 0xd9, 0xe6, 0xb4, 0xcd, 0x98, 0xe6, 0xd9, 0xee,
    0xd9, 0xee, 0xda, 0xe6, 0xda, 0xee, 0xb9, 0xee, 0xd9, 0xee, 0xba, 0xe6,
    0xb9, 0xe6, 0xba, 0xe6, 0xda, 0xee, 0xd9, 0xee, 0xda, 0xe6, 0xda, 0xe6,
    0xda, 0xee, 0x94, 0xc5, 0xb9, 0xe6, 0xda, 0xe6, 0xd9, 0xee, 0xda, 0xee,
    0xb9, 0xee, 0x78, 0xe6, 0x99, 0xe6, 0xda, 0xee, 0xd9, 0xee, 0xda, 0xee,
    0xda, 0xee, 0x98, 0xe6, 0x37, 0xde, 0xb9, 0xe6, 0xb9, 0xe6, 0xd9, 0xee,
    0xda, 0xee, 0xd9, 0xe6, 0xda, 0xee, 0xda, 0xee, 0xda, 0xee, 0xd9, 0xee,
    0xda, 0xee, 0xd9, 0xee, 0x98, 0xe6, 0x57, 0xde, 0x78, 0xe6, 0x77, 0xe6,
    0x77, 0xe6, 0x78, 0xe6, 0x78, 0xe6, 0x78, 0xde, 0x77, 0xe6, 0x37, 0xde,
    0x73, 0xc5, 0x78, 0xde, 0x78, 0xe6, 0x98, 0xe6, 0xd9, 0xe6, 0xb9, 0xe6,
    0x78, 0xe6, 0xb9, 0xe6, 0xb9, 0xe6, 0xda, 0xee, 0xd9, 0xee, 0xb9, 0xee,
    0x16, 0xde, 0xb9, 0xe6, 0xb9, 0xe6, 0xb9, 0xe6, 0xb9, 0xee, 0x78, 0xe6,
    0x57, 0xde, 0xd9, 0xee, 0xba, 0xee, 0x99, 0xe6, 0xb9, 0xe6, 0xd9, 0xee,
    0xda, 0xe6, 0xba, 0xe6, 0xd9, 0xee, 0xda, 0xe6, 0xd9, 0xee, 0xd9, 0xe6,
    0xda, 0xee, 0xda, 0xee, 0xda, 0xe6, 0xb9, 0xe6, 0x78, 0xe6, 0x57, 0xe6,
    0x57, 0xde, 0x57, 0xde, 0x57, 0xde, 0x57, 0xde, 0xb4, 0xcd, 0xb9, 0xee,
    0x98, 0xe6, 0xd9, 0xe6, 0xda, 0xee, 0xda, 0xee, 0xd9, 0xe6, 0xba, 0xee,
    0xd9, 0xee, 0xd9, 0xe6, 0xba, 0xee, 0xb9, 0xe6, 0xb9, 0xe6, 0xda, 0xee,
    0x98, 0xe6, 0x98, 0xe6, 0x78, 0xe6, 0xb9, 0xee, 0x77, 0xde, 0x57, 0xde,
    0x57, 0xde, 0x57, 0xe6, 0x57, 0xde, 0xb5, 0xcd, 0x53, 0xbd, 0x33, 0xbd,
    0xd1, 0xb4, 0xf2, 0xb4, 0xd1, 0xb4, 0xd1, 0xac, 0x28, 0x52, 0x2c, 0x6b,
    0x94, 0x54, 0x53, 0x4c, 0x6f, 0x3b, 0xed, 0x32, 0xcd, 0x2a, 0xcd, 0x32,
    0x0e, 0x4b, 0x10, 0x84, 0xb1, 0xa4, 0x91, 0xa4, 0xb1, 0xa4, 0xf2, 0xb4,
    0x32, 0xbd, 0xb4, 0xcd, 0xd5, 0xd5, 0xd5, 0xcd, 0xd5, 0xd5, 0xd5, 0xd5,
    0xd5, 0xcd, 0xd5, 0xd5, 0xd5, 0xd5, 0xd5, 0xcd, 0xd5, 0xd5, 0xd5, 0xd5,
    0xd5, 0xd5, 0x94, 0xc5, 0x53, 0xbd, 0xf2, 0xb4, 0x90, 0xa4, 0xb0, 0xac,
    0x70, 0xa4, 0xd1, 0xac, 0xd5, 0xd5, 0xd5, 0xd5, 0xd5, 0xd5, 0xd5, 0xd5,
    0x53, 0xbd, 0xd1, 0xac, 0x6f, 0xac, 0x32, 0xbd, 0x16, 0xde, 0x37, 0xde,
    0x57, 0xde, 0x57, 0xde, 0x57, 0xe6, 0x15, 0xde, 0x37, 0xde, 0x57, 0xde,
    0x56, 0xe6, 0x36, 0xde, 0x57, 0xe6, 0x36, 0xde, 0x37, 0xde, 0x57, 0xde,
    0x36, 0xe6, 0x37, 0xde, 0x37, 0xde, 0x56, 0xde, 0x36, 0xe6, 0x37, 0xde,
    0x36, 0xde, 0x37, 0xe6, 0x36, 0xde, 0x56, 0xde, 0x37, 0xde, 0x56, 0xde,
    0x37, 0xde, 0x37, 0xde, 0x16, 0xde, 0x77, 0xe6, 0xb9, 0xe6, 0xb9, 0xee,
    0x36, 0xde, 0x57, 0xe6, 0x78, 0xe6, 0x36, 0xde, 0x16, 0xde, 0xd9, 0xe6,
    0xba, 0xee, 0xb9, 0xee, 0xd9, 0xe6, 0xba, 0xee, 0xb9, 0xe6, 0x94, 0xcd,
    0xd5, 0xcd, 0x77, 0xe6, 0x77, 0xe6, 0x77, 0xde, 0x77, 0xde, 0xf5, 0xdd,
    0x57, 0xde, 0x57, 0xe6, 0x57, 0xe6, 0x78, 0xe6, 0xd9, 0xee, 0xba, 0xe6,
    0xd9, 0xee, 0xb9, 0xe6, 0xb9, 0xe6, 0xd9, 0xee, 0xda, 0xe6, 0xba, 0xe6,
    0xb9, 0xe6, 0xd5, 0xd5, 0x77, 0xe6, 0x78, 0xe6, 0xd9, 0xee, 0xd9, 0xe6,
    0xb9, 0xee, 0xb9, 0xee, 0x98, 0xe6, 0x99, 0xe6, 0xba, 0xee, 0xd9, 0xee,
    0xda, 0xee, 0xda, 0xee, 0xb9, 0xe6, 0x16, 0xde, 0xb9, 0xe6, 0xba, 0xee,
    0xd9, 0xe6, 0xd9, 0xee, 0xba, 0xe6, 0xd9, 0xee, 0xda, 0xee, 0xd9, 0xee,
    0xd9, 0xee, 0xda, 0xee, 0xd9, 0xee, 0xda, 0xee, 0xd9, 0xee, 0xba, 0xee,
    0xda, 0xee, 0x94, 0xc5, 0xb9, 0xee, 0xda, 0xee, 0xd9, 0xe6, 0xd9, 0xee,
    0xb9, 0xe6, 0x98, 0xe6, 0xb9, 0xee, 0xda, 0xee, 0xda, 0xee, 0xda, 0xee,
    0xda, 0xee, 0x36, 0xde, 0xb8, 0xe6, 0xda, 0xee, 0xd9, 0xee, 0xda, 0xee,
    0xda, 0xee, 0xda, 0xe6, 0xd9, 0xee, 0xda, 0xe6, 0xd9, 0xe6, 0xda, 0xee,
    0xda, 0xee, 0xda, 0xee, 0x98, 0xe6, 0x78, 0xde, 0x78, 0xe6, 0x58, 0xde,
    0x77, 0xde, 0x78, 0xe6, 0x77, 0xe6, 0x77, 0xde, 0x78, 0xde, 0x36, 0xde,
    0x53, 0xbd, 0x98, 0xe6, 0x99, 0xe6, 0xda, 0xee, 0xd9, 0xee, 0xb9, 0xe6,
    0xb9, 0xe6, 0xb9, 0xe6, 0xd9, 0xee, 0xb9, 0xe6, 0xba, 0xe6, 0xd9, 0xee,
    0x36, 0xde, 0xb9, 0xee, 0xb9, 0xe6, 0xd9, 0xe6, 0xb9, 0xee, 0x58, 0xde,
    0x37, 0xde, 0xd9, 0xee, 0xb9, 0xe6, 0x99, 0xe6, 0xb9, 0xe6, 0xb9, 0xee,
    0xd9, 0xee, 0xb9, 0xe6, 0xb9, 0xee, 0xda, 0xee, 0xda, 0xee, 0xda, 0xee,
    0xda, 0xee, 0xda, 0xe6, 0xd9, 0xe6, 0x78, 0xe6, 0x37, 0xde, 0x37, 0xde,
    0x57, 0xe6, 0x57, 0xe6, 0x57, 0xe6, 0x57, 0xde, 0xd5, 0xd5, 0xb9, 0xe6,
    0x57, 0xde, 0xb9, 0xee, 0xda, 0xe6, 0xd9, 0xe6, 0xd9, 0xee, 0xba, 0xe6,
    0xb9, 0xe6, 0xda, 0xee, 0xd9, 0xee, 0xd9, 0xee, 0xb9, 0xe6, 0xd9, 0xee,
    0xb4, 0xcd, 0x78, 0xde, 0x57, 0xde, 0xb9, 0xe6, 0x57, 0xe6, 0x78, 0xe6,
    0x57, 0xe6, 0x57, 0xde, 0x78, 0xe6, 0xd5, 0xd5, 0xb5, 0xcd, 0x94, 0xc5,
    0xd1, 0xb4, 0xf2, 0xb4, 0xb1, 0xac, 0xb1, 0xac, 0x28, 0x52, 0x4c, 0x73,
    0x73, 0x4c, 0xb0, 0x3b, 0xad, 0x2a, 0xed, 0x2a, 0xcd, 0x2a, 0xed, 0x42,
    0x10, 0x84, 0x91, 0xa4, 0x90, 0xa4, 0xb0, 0xa4, 0x70, 0xa4, 0x12, 0xbd,
    0x33, 0xc5, 0xd5, 0xd5, 0xd5, 0xd5, 0xd5, 0xcd, 0xd5, 0xcd, 0xd5, 0xd5,
    0xf5, 0xd5, 0xd5, 0xd5, 0xf5, 0xd5, 0xd5, 0xcd, 0xf5, 0xd5, 0x74, 0xc5,
    0x33, 0xbd, 0xf2, 0xb4, 0xb0, 0xac, 0xb1, 0xac, 0xb1, 0xac, 0xb1, 0xb4,
    0xf1, 0xb4, 0xf5, 0xd5, 0xf5, 0xd5, 0xf5, 0xd5, 0xd5, 0xd5, 0x94, 0xc5,
    0xf1, 0xb4, 0xb1, 0xb4, 0xb0, 0xb4, 0xb4, 0xcd, 0x37, 0xde, 0x57, 0xe6,
    0x57, 0xde, 0x37, 0xe6, 0x16, 0xde, 0x57, 0xe6, 0x37, 0xde, 0x37, 0xde,
    0x57, 0xe6, 0x37, 0xde, 0x56, 0xde, 0x56, 0xde, 0x36, 0xde, 0x37, 0xde,
    0x36, 0xde, 0x56, 0xe6, 0x57, 0xde, 0x36, 0xe6, 0x36, 0xde, 0x37, 0xde,
    0x36, 0xde, 0x36, 0xde, 0x37, 0xe6, 0x36, 0xde, 0x36, 0xde, 0x57, 0xe6,
    0x36, 0xde, 0x56, 0xde, 0x16, 0xde, 0x78, 0xde, 0xb9, 0xe6, 0x78, 0xde,
    0x37, 0xde, 0x78, 0xe6, 0x57, 0xde, 0x57, 0xde, 0x78, 0xe6, 0xb9, 0xe6,
    0xba, 0xe6, 0xd9, 0xee, 0xb9, 0xee, 0xda, 0xee, 0x98, 0xe6, 0x36, 0xde,
    0x57, 0xde, 0x57, 0xe6, 0x78, 0xe6, 0x78, 0xe6, 0x57, 0xe6, 0x16, 0xde,
    0x37, 0xde, 0x57, 0xde, 0x57, 0xde, 0x77, 0xe6, 0xb9, 0xee, 0xda, 0xee,
    0xb9, 0xe6, 0xb9, 0xee, 0xd9, 0xee, 0xd9, 0xee, 0xd9, 0xe6, 0xb9, 0xee,
    0x57, 0xde, 0x16, 0xde, 0x78, 0xe6, 0x78, 0xe6, 0xd9, 0xee, 0xda, 0xe6,
    0xb9, 0xe6, 0x98, 0xe6, 0x98, 0xe6, 0xb9, 0xe6, 0xd9, 0xee, 0xda, 0xee,
    0xb9, 0xe6, 0xda, 0xee, 0xf6, 0xd5, 0x57, 0xde, 0x99, 0xe6, 0xda, 0xee,
    0xb9, 0xe6, 0xda, 0xee, 0xd9, 0xee, 0xda, 0xee, 0xda, 0xee, 0xda, 0xe6,
    0xda, 0xee, 0xd9, 0xee, 0xba, 0xe6, 0xd9, 0xe6, 0xda, 0xee, 0xda, 0xe6,
    0xd9, 0xe6, 0xd5, 0xd5, 0xb9, 0xe6, 0xda, 0xee, 0xb9, 0xee, 0xb9, 0xe6,
    0x78, 0xe6, 0x98, 0xe6, 0xda, 0xee, 0xda, 0xee, 0xd9, 0xe6, 0xda, 0xee,
    0xda, 0xee, 0x16, 0xd6, 0x98, 0xe6, 0xda, 0xee, 0xda, 0xee, 0xd9, 0xee,
    0xda, 0xee, 0xda, 0xee, 0xda, 0xee, 0xda, 0xee, 0xd9, 0xee, 0xda, 0xe6,
    0xda, 0xee, 0xd9, 0xee, 0xb9, 0xe6, 0x98, 0xe6, 0x78, 0xe6, 0x57, 0xe6,
    0x78, 0xe6, 0x78, 0xe6, 0x77, 0xe6, 0x77, 0xe6, 0x78, 0xe6, 0x57, 0xde,
    0x94, 0xcd, 0xda, 0xee, 0xd9, 0xe6, 0xb9, 0xe6, 0xba, 0xee, 0xd9, 0xe6,
    0xb9, 0xee, 0xda, 0xee, 0xd9, 0xe6, 0xba, 0xe6, 0xb9, 0xee, 0xd9, 0xe6,
    0xf6, 0xd5, 0xda, 0xee, 0xda, 0xee, 0xd9, 0xee, 0xda, 0xe6, 0x58, 0xe6,
    0x37, 0xde, 0xb9, 0xe6, 0xd9, 0xe6, 0x98, 0xe6, 0x99, 0xe6, 0xb9, 0xe6,
    0xda, 0xe6, 0xd9, 0xee, 0xda, 0xee, 0xd9, 0xe6, 0xd9, 0xe6, 0xda, 0xee,
    0xd9, 0xee, 0xd9, 0xee, 0x99, 0xe6, 0x57, 0xde, 0x57, 0xde, 0x57, 0xde,
    0x57, 0xde, 0x57, 0xde, 0x57, 0xde, 0x57, 0xe6, 0x16, 0xde, 0xb9, 0xe6,
    0x58, 0xe6, 0x78, 0xe6, 0xba, 0xe6, 0xb9, 0xee, 0xba, 0xee, 0xd9, 0xe6,
    0xb9, 0xe6, 0xba, 0xee, 0xda, 0xe6, 0xb9, 0xe6, 0xda, 0xee, 0xb9, 0xe6,
    0xb1, 0xac, 0x58, 0xde, 0x37, 0xde, 0xb9, 0xe6, 0x57, 0xde, 0x57, 0xe6,
    0x57, 0xde, 0x58, 0xde, 0x77, 0xe6, 0xf5, 0xd5, 0xd5, 0xcd, 0x74, 0xc5,
    0xb1, 0xac, 0xf1, 0xb4, 0xb0, 0xac, 0xb1, 0xac, 0x28, 0x4a, 0xaa, 0x62,
    0x73, 0x54, 0x0e, 0x33, 0xed, 0x2a, 0xac, 0x2a, 0xab, 0x3a, 0x0f, 0x84,
    0xb1, 0xa4, 0xb1, 0xa4, 0x91, 0xac, 0x90, 0xa4, 0x70, 0xa4, 0x12, 0xbd,
    0xb4, 0xcd, 0xd5, 0xd5, 0xd5, 0xd5, 0xd5, 0xcd, 0xd5, 0xd5, 0xd5, 0xcd,
    0xd5, 0xcd, 0xd5, 0xd5, 0xb5, 0xcd, 0x33, 0xbd, 0x12, 0xbd, 0xf1, 0xb4,
    0xb0, 0xac, 0xb1, 0xb4, 0xd1, 0xb4, 0xd1, 0xac, 0x33, 0xbd, 0x73, 0xc5,
    0xd5, 0xd5, 0xd5, 0xd5, 0xf5, 0xd5, 0xf6, 0xd5, 0xd5, 0xd5, 0x53, 0xc5,
    0xb1, 0xac, 0x4f, 0xa4, 0x32, 0xbd, 0x36, 0xde, 0x37, 0xde, 0x57, 0xde,
    0x57, 0xe6, 0x57, 0xde, 0x16, 0xde, 0x57, 0xde, 0x56, 0xde, 0x36, 0xe6,
    0x37, 0xde, 0x57, 0xe6, 0x37, 0xde, 0x37, 0xe6, 0x36, 0xde, 0x37, 0xde,
    0x37, 0xde, 0x56, 0xe6, 0x57, 0xde, 0x37, 0xde, 0x37, 0xe6, 0x56, 0xe6,
    0x56, 0xde, 0x37, 0xde, 0x37, 0xde, 0x56, 0xe6, 0x37, 0xde, 0x37, 0xde,
    0x36, 0xde, 0x36, 0xde, 0x77, 0xe6, 0xb9, 0xe6, 0xb9, 0xee, 0x57, 0xde,
    0x57, 0xe6, 0x57, 0xde, 0x57, 0xe6, 0x56, 0xe6, 0x99, 0xe6, 0xb9, 0xe6,
    0xb9, 0xe6, 0xb9, 0xe6, 0xb9, 0xe6, 0xb9, 0xe6, 0xb5, 0xcd, 0xb4, 0xcd,
    0x77, 0xe6, 0x58, 0xe6, 0x78, 0xe6, 0x77, 0xe6, 0xf5, 0xd5, 0x37, 0xde,
    0x37, 0xde, 0x57, 0xde, 0x57, 0xde, 0x77, 0xe6, 0xb9, 0xee, 0xda, 0xe6,
    0xb9, 0xe6, 0xb9, 0xe6, 0xda, 0xee, 0xda, 0xee, 0xda, 0xe6, 0x98, 0xe6,
    0xd5, 0xd5, 0x57, 0xe6, 0x77, 0xe6, 0xb8, 0xe6, 0xd9, 0xee, 0xba, 0xee,
    0xb9, 0xe6, 0x78, 0xe6, 0x98, 0xe6, 0xda, 0xee, 0xd9, 0xee, 0xda, 0xe6,
    0xd9, 0xe6, 0xd9, 0xee, 0x94, 0xcd, 0x57, 0xde, 0x77, 0xe6, 0xb9, 0xe6,
    0xb9, 0xe6, 0xb9, 0xee, 0xda, 0xee, 0xda, 0xe6, 0xb9, 0xee, 0xda, 0xee,
    0xda, 0xe6, 0xd9, 0xee, 0xd9, 0xee, 0xda, 0xee, 0xda, 0xee, 0xda, 0xe6,
    0xd9, 0xee, 0x37, 0xde, 0xb9, 0xe6, 0xda, 0xee, 0xda, 0xee, 0xb9, 0xe6,
    0x78, 0xe6, 0x98, 0xe6, 0xda, 0xee, 0xda, 0xee, 0xd9, 0xee, 0xfa, 0xee,
    0xfa, 0xee, 0x98, 0xe6, 0xb9, 0xe6, 0xda, 0xee, 0xd9, 0xee, 0xda, 0xe6,
    0xda, 0xee, 0xd9, 0xee, 0xd9, 0xe6, 0xda, 0xee, 0xda, 0xee, 0xda, 0xee,
    0xda, 0xe6, 0xd9, 0xee, 0xd9, 0xee, 0x98, 0xe6, 0x78, 0xe6, 0x77, 0xe6,
    0x78, 0xe6, 0x78, 0xe6, 0x57, 0xde, 0x58, 0xde, 0x99, 0xe6, 0x98, 0xe6,
    0xf6, 0xd5, 0xda, 0xee, 0xd9, 0xee, 0xda, 0xee, 0xb9, 0xe6, 0xb9, 0xe6,
    0xda, 0xee, 0xda, 0xee, 0xb9, 0xe6, 0xb9, 0xe6, 0xda, 0xee, 0xb9, 0xe6,
    0xd5, 0xcd, 0xb9, 0xe6, 0xb9, 0xee, 0xba, 0xe6, 0xd9, 0xe6, 0x78, 0xde,
    0x37, 0xde, 0xb9, 0xe6, 0xb9, 0xee, 0x78, 0xde, 0x99, 0xe6, 0xd9, 0xee,
    0xb9, 0xe6, 0xba, 0xe6, 0xb9, 0xee, 0xda, 0xe6, 0xd9, 0xee, 0xda, 0xe6,
    0xd9, 0xee, 0xb9, 0xe6, 0x57, 0xde, 0x57, 0xe6, 0x57, 0xe6, 0x57, 0xe6,
    0x57, 0xde, 0x57, 0xde, 0x57, 0xe6, 0x58, 0xe6, 0x37, 0xde, 0xb9, 0xee,
    0x57, 0xe6, 0x57, 0xde, 0xb9, 0xe6, 0xda, 0xee, 0xda, 0xe6, 0xd9, 0xee,
    0xda, 0xee, 0xb9, 0xe6, 0xd9, 0xe6, 0xba, 0xee, 0xb9, 0xe6, 0xb9, 0xe6,
    0xd1, 0xb4, 0x78, 0xe6, 0x36, 0xd6, 0xb9, 0xe6, 0x37, 0xde, 0x57, 0xe6,
    0x77, 0xde, 0x57, 0xe6, 0x77, 0xde, 0x16, 0xd6, 0xf6, 0xd5, 0x12, 0xb5,
    0x90, 0xac, 0xd1, 0xb4, 0xb1, 0xac, 0xb1, 0xac, 0x28, 0x52, 0xaa, 0x5a,
    0x2e, 0x33, 0xcd, 0x2a, 0xac, 0x2a, 0x6a, 0x3a, 0xcf, 0x83, 0xb1, 0xac,
    0xb1, 0xac, 0x91, 0xa4, 0x90, 0xac, 0x91, 0xa4, 0x70, 0xac, 0x73, 0xc5,
    0xb5, 0xcd, 0xb5, 0xcd, 0xd4, 0xcd, 0xb5, 0xcd, 0xd5, 0xd5, 0xd5, 0xd5,
    0x53, 0xc5, 0xd1, 0xb4, 0x12, 0xbd, 0xb1, 0xb4, 0xb0, 0xac, 0xd1, 0xb4,
    0xd1, 0xac, 0xb1, 0xb4, 0x4f, 0xa4, 0x53, 0xc5, 0xd5, 0xcd, 0xf5, 0xd5,
    0xf5, 0xd5, 0xd5, 0xd5, 0xd5, 0xd5, 0xf5, 0xd5, 0x94, 0xcd, 0xf2, 0xb4,
    0xd1, 0xb4, 0xf2, 0xbc, 0xd4, 0xd5, 0x37, 0xde, 0x57, 0xe6, 0x57, 0xde,
    0x56, 0xde, 0x16, 0xde, 0x57, 0xe6, 0x37, 0xde, 0x57, 0xde, 0x57, 0xe6,
    0x56, 0xde, 0x57, 0xde, 0x57, 0xe6, 0x56, 0xde, 0x57, 0xde, 0x57, 0xe6,
    0x36, 0xe6, 0x36, 0xde, 0x57, 0xde, 0x57, 0xde, 0x36, 0xe6, 0x56, 0xde,
    0x57, 0xe6, 0x36, 0xe6, 0x36, 0xde, 0x57, 0xde, 0x57, 0xe6, 0x57, 0xde,
    0x36, 0xde, 0x16, 0xde, 0x57, 0xe6, 0xb9, 0xe6, 0x78, 0xe6, 0x57, 0xe6,
    0x57, 0xe6, 0x57, 0xde, 0x57, 0xde, 0x57, 0xe6, 0x99, 0xe6, 0xb9, 0xee,
    0xd9, 0xee, 0xb9, 0xe6, 0xb9, 0xe6, 0xb9, 0xe6, 0xd5, 0xd5, 0xd5, 0xd5,
    0x77, 0xe6, 0x78, 0xe6, 0x77, 0xe6, 0x77, 0xe6, 0x16, 0xde, 0x57, 0xde,
    0x37, 0xde, 0x57, 0xde, 0x57, 0xde, 0x57, 0xe6, 0xb9, 0xe6, 0xda, 0xee,
    0x98, 0xe6, 0x98, 0xe6, 0xda, 0xee, 0xb9, 0xe6, 0xd9, 0xee, 0x36, 0xde,
    0x16, 0xde, 0x78, 0xe6, 0x98, 0xe6, 0xd9, 0xee, 0xb9, 0xe6, 0xb9, 0xee,
    0x98, 0xe6, 0x78, 0xe6, 0x98, 0xe6, 0xb9, 0xe6, 0xda, 0xee, 0xb9, 0xee,
    0xd9, 0xee, 0x78, 0xe6, 0x37, 0xde, 0x98, 0xee, 0x78, 0xe6, 0xda, 0xee,
    0xda, 0xee, 0xd9, 0xe6, 0xd9, 0xe6, 0xd9, 0xee, 0xd9, 0xee, 0xd9, 0xee,
    0xba, 0xee, 0xda, 0xe6, 0xda, 0xee, 0xd9, 0xee, 0xda, 0xee, 0xd9, 0xee,
    0xda, 0xee, 0xb9, 0xee, 0xda, 0xee, 0xd9, 0xee, 0xda, 0xee, 0xb9, 0xe6,
    0x78, 0xe6, 0xb9, 0xee, 0xda, 0xee, 0xd9, 0xe6, 0xda, 0xee, 0xda, 0xee,
    0x98, 0xe6, 0xb9, 0xe6, 0xda, 0xee, 0xda, 0xee, 0xda, 0xee, 0xd9, 0xee,
    0xda, 0xee, 0xda, 0xee, 0xda, 0xee, 0xda, 0xee, 0xd9, 0xee, 0xda, 0xee,
    0xda, 0xee, 0xda, 0xee, 0xda, 0xee, 0xb9, 0xe6, 0x78, 0xe6, 0x77, 0xe6,
    0x57, 0xde, 0x78, 0xe6, 0xb8, 0xe6, 0xb9, 0xe6, 0xd9, 0xee, 0xb9, 0xe6,
    0x58, 0xde, 0xd9, 0xe6, 0xda, 0xee, 0xb9, 0xe6, 0xda, 0xee, 0xd9, 0xe6,
    0xba, 0xe6, 0xb9, 0xee, 0xd9, 0xee, 0xda, 0xee, 0xb9, 0xe6, 0xda, 0xee,
    0xd5, 0xcd, 0xb9, 0xee, 0xd9, 0xe6, 0xb9, 0xee, 0xb9, 0xee, 0x57, 0xde,
    0x16, 0xd6, 0xb9, 0xe6, 0xb9, 0xe6, 0x78, 0xde, 0x99, 0xe6, 0xd9, 0xee,
    0xb9, 0xe6, 0xda, 0xee, 0xda, 0xee, 0xda, 0xee, 0xda, 0xee, 0xd9, 0xe6,
    0xb9, 0xe6, 0x57, 0xde, 0x37, 0xde, 0x57, 0xde, 0x57, 0xde, 0x57, 0xe6,
    0x57, 0xe6, 0x57, 0xe6, 0x58, 0xde, 0x77, 0xe6, 0x57, 0xde, 0xb9, 0xe6,
    0x57, 0xe6, 0x57, 0xe6, 0x78, 0xe6, 0xd9, 0xe6, 0xda, 0xee, 0xda, 0xe6,
    0xb9, 0xee, 0xd9, 0xee, 0xda, 0xe6, 0xba, 0xee, 0xb9, 0xe6, 0xb9, 0xe6,
    0x73, 0xc5, 0x99, 0xe6, 0x37, 0xde, 0x99, 0xe6, 0x37, 0xde, 0x57, 0xde,
    0x57, 0xe6, 0x58, 0xde, 0x78, 0xe6, 0x37, 0xde, 0x16, 0xde, 0xb1, 0xac,
    0x50, 0xa4, 0xd1, 0xb4, 0xb0, 0xac, 0xb1, 0xac, 0x28, 0x52, 0xaa, 0x5a,
    0xac, 0x22, 0xac, 0x32, 0x4d, 0x63, 0xef, 0x8b, 0x91, 0xa4, 0x91, 0xa4,
    0xb1, 0xac, 0x91, 0xac, 0x91, 0xa4, 0x4f, 0xa4, 0xf2, 0xb4, 0xb4, 0xcd,
    0xb5, 0xcd, 0xb4, 0xd5, 0x32, 0xc5, 0xb0, 0xac, 0xd1, 0xac, 0x12, 0xbd,
    0xd1, 0xb4, 0x90, 0xa4, 0xb0, 0xac, 0xb1, 0xac, 0xb1, 0xac, 0xb1, 0xb4,
    0xd1, 0xb4, 0xb0, 0xac, 0x12, 0xbd, 0xb5, 0xd5, 0xd5, 0xd5, 0xd5, 0xd5,
    0xf6, 0xd5, 0xf6, 0xd5, 0xd5, 0xd5, 0xd5, 0xd5, 0x94, 0xc5, 0xd1, 0xb4,
    0x6f, 0xa4, 0xf1, 0xbc, 0x37, 0xe6, 0x56, 0xde, 0x56, 0xe6, 0x57, 0xde,
    0x57, 0xde, 0x16, 0xde, 0x56, 0xde, 0x57, 0xde, 0x57, 0xe6, 0x57, 0xe6,
    0x57, 0xde, 0x56, 0xe6, 0x57, 0xde, 0x36, 0xde, 0x37, 0xde, 0x56, 0xde,
    0x56, 0xe6, 0x37, 0xde, 0x37, 0xe6, 0x56, 0xde, 0x36, 0xde, 0x37, 0xde,
    0x56, 0xde, 0x37, 0xde, 0x37, 0xe6, 0x36, 0xde, 0x37, 0xde, 0x56, 0xde,
    0x57, 0xde, 0x16, 0xde, 0x78, 0xe6, 0xb9, 0xee, 0x57, 0xde, 0x56, 0xe6,
    0x57, 0xde, 0x57, 0xde, 0x56, 0xde, 0x57, 0xe6, 0x99, 0xe6, 0xb9, 0xe6,
    0xb9, 0xee, 0xba, 0xe6, 0xb9, 0xe6, 0x58, 0xe6, 0x16, 0xde, 0x57, 0xe6,
    0x77, 0xe6, 0x78, 0xe6, 0x78, 0xe6, 0xd5, 0xcd, 0x36, 0xde, 0x37, 0xde,
    0x57, 0xde, 0x57, 0xe6, 0x57, 0xde, 0x57, 0xde, 0x78, 0xe6, 0xb9, 0xee,
    0x98, 0xe6, 0x99, 0xe6, 0xda, 0xee, 0xd9, 0xee, 0x98, 0xe6, 0xf5, 0xd5,
    0x57, 0xe6, 0x78, 0xe6, 0x78, 0xe6, 0xb9, 0xee, 0x99, 0xe6, 0x98, 0xe6,
    0x78, 0xe6, 0x78, 0xe6, 0xb9, 0xee, 0xb9, 0xe6, 0xba, 0xee, 0xb9, 0xe6,
    0xb9, 0xe6, 0x12, 0xbd, 0xf6, 0xd5, 0x98, 0xe6, 0x77, 0xe6, 0xda, 0xee,
    0xb9, 0xe6, 0xb9, 0xee, 0xba, 0xee, 0xda, 0xe6, 0xda, 0xe6, 0xd9, 0xee,
    0xd9, 0xe6, 0xda, 0xee, 0xd9, 0xe6, 0xb9, 0xe6, 0xda, 0xee, 0xda, 0xe6,
    0xd9, 0xee, 0xda, 0xee, 0xd9, 0xee, 0xda, 0xee, 0xd9, 0xe6, 0xb9, 0xee,
    0x98, 0xe6, 0xd9, 0xee, 0xda, 0xee, 0xda, 0xee, 0xda, 0xee, 0xd9, 0xee,
    0x37, 0xde, 0x98, 0xe6, 0xd9, 0xee, 0xda, 0xee, 0xd9, 0xee, 0xda, 0xee,
    0xd9, 0xe6, 0xda, 0xee, 0xfa, 0xee, 0xda, 0xee, 0xd9, 0xe6, 0xfa, 0xee,
    0xd9, 0xee, 0xda, 0xee, 0xda, 0xee, 0xda, 0xee, 0x98, 0xe6, 0xb9, 0xe6,
    0x99, 0xe6, 0xb9, 0xe6, 0xd9, 0xee, 0xda, 0xee, 0xd9, 0xee, 0xd9, 0xee,
    0xb9, 0xee, 0xda, 0xe6, 0xd9, 0xee, 0xd9, 0xee, 0xda, 0xee, 0xb9, 0xe6,
    0xba, 0xee, 0xd9, 0xe6, 0xb9, 0xe6, 0xda, 0xee, 0xda, 0xee, 0xb9, 0xee,
    0xf5, 0xd5, 0xda, 0xee, 0xda, 0xe6, 0xd9, 0xe6, 0xba, 0xee, 0x37, 0xd6,
    0xd5, 0xcd, 0xda, 0xee, 0xd9, 0xe6, 0x58, 0xde, 0x99, 0xe6, 0xd9, 0xee,
    0xb9, 0xe6, 0xd9, 0xe6, 0xd9, 0xee, 0xb9, 0xe6, 0xda, 0xee, 0xb9, 0xee,
    0x98, 0xe6, 0x37, 0xde, 0x57, 0xde, 0x57, 0xde, 0x57, 0xde, 0x57, 0xde,
    0x57, 0xe6, 0x58, 0xde, 0x57, 0xde, 0x77, 0xe6, 0x77, 0xe6, 0x98, 0xe6,
    0x57, 0xde, 0x78, 0xde, 0x78, 0xde, 0x98, 0xe6, 0xd9, 0xee, 0xda, 0xe6,
    0xb9, 0xe6, 0xb9, 0xee, 0xda, 0xee, 0xd9, 0xe6, 0xd9, 0xee, 0xd9, 0xe6,
    0xb5, 0xcd, 0x57, 0xde, 0x57, 0xde, 0x99, 0xe6, 0x36, 0xde, 0x57, 0xde,
    0x57, 0xde, 0x57, 0xe6, 0x57, 0xde, 0x37, 0xde, 0x57, 0xde, 0xb1, 0xac,
    0x50, 0xa4, 0xd1, 0xb4, 0xb1, 0xac, 0xb1, 0xac, 0xc7, 0x41, 0xaa, 0x5a,
    0xa8, 0x19, 0x10, 0x84, 0x70, 0x9c, 0x91, 0xa4, 0xb1, 0xa4, 0xb1, 0xac,
    0xb1, 0xac, 0xb1, 0xa4, 0x90, 0xa4, 0x6f, 0xa4, 0x6f, 0xac, 0x90, 0xac,
    0xd1, 0xb4, 0xf1, 0xb4, 0xb1, 0xb4, 0x90, 0xac, 0x90, 0xac, 0xb1, 0xac,
    0xb1, 0xac, 0xb1, 0xac, 0xb1, 0xac, 0xb1, 0xac, 0xb1, 0xac, 0x70, 0xac,
    0x12, 0xbd, 0x94, 0xc5, 0xb5, 0xcd, 0xd5, 0xd5, 0xd5, 0xd5, 0xd5, 0xd5,
    0xd5, 0xd5, 0xd6, 0xd5, 0xf5, 0xd5, 0xb5, 0xcd, 0xf2, 0xb4, 0xd1, 0xb4,
    0x32, 0xbd, 0xf5, 0xd5, 0x37, 0xde, 0x57, 0xde, 0x57, 0xde, 0x37, 0xde,
    0x37, 0xde, 0x36, 0xde, 0x37, 0xde, 0x56, 0xde, 0x57, 0xe6, 0x37, 0xde,
    0x57, 0xde, 0x57, 0xe6, 0x37, 0xe6, 0x37, 0xde, 0x57, 0xde, 0x37, 0xde,
    0x56, 0xde, 0x57, 0xe6, 0x36, 0xde, 0x57, 0xe6, 0x37, 0xde, 0x36, 0xde,
    0x36, 0xde, 0x56, 0xe6, 0x36, 0xde, 0x57, 0xde, 0x36, 0xde, 0x37, 0xe6,
    0x57, 0xe6, 0x77, 0xe6, 0xb9, 0xee, 0x78, 0xde, 0x37, 0xde, 0x36, 0xde,
    0x36, 0xde, 0x57, 0xe6, 0x57, 0xde, 0x57, 0xde, 0xb9, 0xe6, 0xd9, 0xe6,
    0xb9, 0xe6, 0xd9, 0xee, 0xb9, 0xe6, 0x73, 0xc5, 0x32, 0xbd, 0x77, 0xe6,
    0x78, 0xe6, 0x78, 0xe6, 0x77, 0xe6, 0x16, 0xde, 0x36, 0xde, 0x37, 0xde,
    0x57, 0xde, 0x57, 0xe6, 0x57, 0xde, 0x57, 0xde, 0x57, 0xde, 0xb9, 0xee,
    0x98, 0xe6, 0xb9, 0xe6, 0xd9, 0xee, 0xb9, 0xe6, 0x37, 0xde, 0x37, 0xde,
    0x78, 0xe6, 0x98, 0xe6, 0x98, 0xe6, 0xd9, 0xee, 0x78, 0xe6, 0x78, 0xe6,
    0x77, 0xe6, 0x78, 0xe6, 0xb9, 0xe6, 0xd9, 0xee, 0xd9, 0xe6, 0xb9, 0xee,
    0xb8, 0xe6, 0x74, 0xcd, 0x36, 0xde, 0x78, 0xe6, 0x77, 0xe6, 0xd9, 0xe6,
    0xda, 0xee, 0xd9, 0xee, 0xb9, 0xe6, 0xda, 0xee, 0xda, 0xee, 0xb9, 0xe6,
    0xda, 0xee, 0xd9, 0xee, 0xda, 0xee, 0xda, 0xe6, 0xda, 0xee, 0xd9, 0xee,
    0x98, 0xee, 0xd9, 0xee, 0xda, 0xe6, 0xda, 0xee, 0xb9, 0xee, 0x78, 0xe6,
    0x78, 0xe6, 0xda, 0xee, 0xd9, 0xee, 0xfa, 0xee, 0xda, 0xee, 0xd9, 0xe6,
    0xb9, 0xe6, 0xd9, 0xee, 0xd9, 0xee, 0xda, 0xee, 0xd9, 0xe6, 0xd9, 0xee,
    0xda, 0xee, 0xd9, 0xe6, 0xf9, 0xee, 0xda, 0xee, 0xda, 0xe6, 0xd9, 0xee,
    0xda, 0xee, 0xda, 0xee, 0xf9, 0xe6, 0xda, 0xee, 0xd9, 0xe6, 0xd9, 0xee,
    0xd9, 0xee, 0xda, 0xee, 0xda, 0xee, 0xb9, 0xe6, 0xda, 0xee, 0xda, 0xee,
    0xda, 0xee, 0xd9, 0xee, 0xba, 0xe6, 0xda, 0xee, 0xd9, 0xe6, 0xda, 0xee,
    0xd9, 0xee, 0xda, 0xe6, 0xd9, 0xe6, 0xda, 0xee, 0xb9, 0xe6, 0xd9, 0xe6,
    0xf6, 0xd5, 0xda, 0xe6, 0xd9, 0xee, 0xb9, 0xe6, 0xd9, 0xee, 0x17, 0xd6,
    0xd5, 0xcd, 0xb9, 0xee, 0xda, 0xee, 0x57, 0xde, 0x98, 0xe6, 0xb9, 0xe6,
    0xba, 0xee, 0xba, 0xe6, 0xd9, 0xee, 0xb9, 0xe6, 0xb9, 0xe6, 0x57, 0xde,
    0x57, 0xde, 0x57, 0xde, 0x57, 0xe6, 0x57, 0xde, 0x57, 0xe6, 0x57, 0xde,
    0x57, 0xde, 0x57, 0xe6, 0x57, 0xde, 0x58, 0xe6, 0x78, 0xe6, 0x57, 0xde,
    0x57, 0xde, 0x57, 0xe6, 0x57, 0xe6, 0x78, 0xe6, 0xda, 0xee, 0xd9, 0xee,
    0xb9, 0xe6, 0xba, 0xe6, 0xd9, 0xe6, 0xb9, 0xe6, 0xb9, 0xee, 0xba, 0xee,
    0xf6, 0xd5, 0x74, 0xc5, 0x78, 0xe6, 0xb9, 0xe6, 0x37, 0xde, 0x57, 0xde,
    0x57, 0xe6, 0x57, 0xde, 0x57, 0xde, 0x57, 0xe6, 0x57, 0xde, 0x12, 0xbd,
    0x90, 0xac, 0xb1, 0xac, 0xb0, 0xac, 0xb0, 0xac, 0x4c, 0x7b, 0xab, 0x5a,
    0x10, 0x8c, 0x91, 0xa4, 0x91, 0xa4, 0x91, 0xa4, 0x91, 0xa4, 0xb1, 0xac,
    0xb1, 0xac, 0x91, 0xa4, 0x90, 0xa4, 0x90, 0xa4, 0x90, 0xac, 0x90, 0xa4,
    0x90, 0xac, 0xb1, 0xac, 0xb1, 0xac, 0xb1, 0xac, 0xb1, 0xac, 0x90, 0xac,
    0xb1, 0xac, 0xb0, 0xac, 0xb1, 0xb4, 0xb0, 0xac, 0xb1, 0xb4, 0x32, 0xbd,
    0xb4, 0xcd, 0xd5, 0xd5, 0xd5, 0xd5, 0xd5, 0xd5, 0xd5, 0xd5, 0xd6, 0xd5,
    0xd5, 0xd5, 0xf5, 0xd5, 0xd6, 0xd5, 0xb5, 0xcd, 0xd1, 0xb4, 0xb0, 0xac,
    0x32, 0xc5, 0x36, 0xde, 0x37, 0xde, 0x57, 0xe6, 0x57, 0xde, 0x36, 0xe6,
    0x36, 0xde, 0x57, 0xe6, 0x37, 0xde, 0x36, 0xe6, 0x57, 0xe6, 0x56, 0xde,
    0x57, 0xe6, 0x57, 0xde, 0x56, 0xe6, 0x36, 0xe6, 0x57, 0xde, 0x36, 0xde,
    0x37, 0xde, 0x37, 0xde, 0x56, 0xde, 0x56, 0xe6, 0x57, 0xe6, 0x57, 0xde,
    0x36, 0xe6, 0x57, 0xde, 0x56, 0xe6, 0x37, 0xde, 0x57, 0xe6, 0x56, 0xde,
    0x16, 0xde, 0x57, 0xde, 0xd9, 0xee, 0x77, 0xe6, 0x36, 0xde, 0x37, 0xde,
    0x57, 0xde, 0x57, 0xe6, 0x57, 0xde, 0x57, 0xe6, 0xb9, 0xee, 0xb9, 0xe6,
    0xb9, 0xe6, 0xd9, 0xee, 0xb9, 0xee, 0xb5, 0xd5, 0x73, 0xcd, 0x78, 0xe6,
    0x78, 0xe6, 0x77, 0xe6, 0xf5, 0xd5, 0x36, 0xde, 0x57, 0xde, 0x36, 0xe6,
    0x37, 0xde, 0x57, 0xde, 0x57, 0xe6, 0x57, 0xde, 0x57, 0xde, 0x78, 0xe6,
    0x98, 0xe6, 0xb9, 0xee, 0xd9, 0xe6, 0x98, 0xe6, 0xf5, 0xd5, 0x57, 0xde,
    0x78, 0xe6, 0x98, 0xe6, 0xd9, 0xee, 0x78, 0xe6, 0x78, 0xe6, 0x77, 0xe6,
    0x77, 0xe6, 0x98, 0xe6, 0xb9, 0xee, 0xb9, 0xe6, 0xda, 0xee, 0x98, 0xe6,
    0x94, 0xcd, 0xf6, 0xd5, 0x78, 0xe6, 0x78, 0xe6, 0x78, 0xe6, 0xd9, 0xee,
    0xba, 0xe6, 0xd9, 0xe6, 0xb9, 0xee, 0xda, 0xee, 0xd9, 0xee, 0xb9, 0xe6,
    0xda, 0xee, 0xb9, 0xee, 0xba, 0xee, 0xda, 0xee, 0xd9, 0xee, 0xda, 0xee,
    0xf6, 0xd5, 0xb9, 0xe6, 0xd9, 0xee, 0xda, 0xee, 0xd9, 0xe6, 0x57, 0xde,
    0x98, 0xe6, 0xda, 0xee, 0xda, 0xee, 0xd9, 0xee, 0xda, 0xe6, 0xb9, 0xee,
    0xd9, 0xee, 0xda, 0xee, 0xda, 0xee, 0xda, 0xee, 0xda, 0xee, 0xd9, 0xee,
    0xda, 0xee, 0xd9, 0xee, 0xda, 0xee, 0xda, 0xee, 0xda, 0xee, 0xd9, 0xee,
    0xda, 0xee, 0xfa, 0xee, 0xda, 0xee, 0xd9, 0xee, 0xda, 0xee, 0xd9, 0xe6,
    0xda, 0xee, 0xda, 0xee, 0xd9, 0xee, 0xd9, 0xe6, 0xda, 0xee, 0xb9, 0xe6,
    0xd9, 0xe6, 0xb9, 0xee, 0xda, 0xee, 0xd9, 0xe6, 0xba, 0xee, 0xd9, 0xee,
    0xda, 0xe6, 0xb9, 0xee, 0xda, 0xee, 0xd9, 0xee, 0xda, 0xee, 0xb9, 0xe6,
    0x37, 0xde, 0xda, 0xee, 0xd9, 0xe6, 0xb9, 0xee, 0xd9, 0xe6, 0x57, 0xde,
    0x16, 0xd6, 0xba, 0xe6, 0xb9, 0xee, 0x57, 0xde, 0x99, 0xe6, 0xb9, 0xe6,
    0xd9, 0xee, 0xda, 0xee, 0xda, 0xee, 0xda, 0xe6, 0x57, 0xde, 0x78, 0xe6,
    0x37, 0xde, 0x57, 0xde, 0x57, 0xe6, 0x57, 0xe6, 0x57, 0xde, 0x57, 0xe6,
    0x57, 0xe6, 0x58, 0xde, 0x57, 0xe6, 0x77, 0xe6, 0x57, 0xde, 0x58, 0xde,
    0x57, 0xe6, 0x57, 0xe6, 0x57, 0xde, 0x57, 0xde, 0x78, 0xde, 0xda, 0xee,
    0xb9, 0xee, 0xb9, 0xee, 0xda, 0xe6, 0xb9, 0xee, 0xb9, 0xe6, 0xda, 0xe6,
    0x78, 0xe6, 0x12, 0xbd, 0x78, 0xe6, 0xb9, 0xe6, 0x37, 0xde, 0x57, 0xde,
    0x57, 0xe6, 0x57, 0xde, 0x57, 0xe6, 0x57, 0xe6, 0x57, 0xde, 0xb5, 0xcd,
    0x12, 0xb5, 0xb1, 0xac, 0xb1, 0xac, 0xb0, 0xac, 0x8e, 0x7b, 0xd7, 0xb5,
    0x91, 0xa4, 0x91, 0xa4, 0xb1, 0xa4, 0xb1, 0xac, 0x91, 0xa4, 0xb1, 0xa4,
    0xb1, 0xac, 0x91, 0xa4, 0x90, 0xa4, 0x90, 0xa4, 0x91, 0xa4, 0x70, 0xa4,
    0x90, 0xa4, 0xb1, 0xac, 0xb1, 0xac, 0xb0, 0xac, 0xb1, 0xac, 0xb1, 0xac,
    0xb1, 0xac, 0xb1, 0xac, 0x90, 0xac, 0xf1, 0xb4, 0xd5, 0xcd, 0xd5, 0xd5,
    0xd5, 0xd5, 0xd5, 0xd5, 0xd5, 0xd5, 0xd5, 0xd5, 0xd5, 0xd5, 0xd5, 0xd5,
    0xd6, 0xd5, 0xd5, 0xd5, 0xb5, 0xcd, 0xf2, 0xb4, 0xd1, 0xb4, 0x12, 0xbd,
    0xd5, 0xd5, 0x36, 0xde, 0x36, 0xe6, 0x57, 0xde, 0x36, 0xde, 0x57, 0xe6,
    0x57, 0xde, 0x57, 0xde, 0x56, 0xe6, 0x37, 0xde, 0x57, 0xde, 0x57, 0xe6,
    0x36, 0xde, 0x37, 0xde, 0x57, 0xde, 0x56, 0xe6, 0x37, 0xde, 0x36, 0xde,
    0x36, 0xde, 0x36, 0xe6, 0x37, 0xde, 0x36, 0xde, 0x57, 0xde, 0x37, 0xde,
    0x37, 0xde, 0x57, 0xe6, 0x37, 0xde, 0x36, 0xde, 0x57, 0xe6, 0x56, 0xde,
    0xf5, 0xd5, 0x16, 0xde, 0x57, 0xde, 0x36, 0xde, 0x57, 0xe6, 0x37, 0xe6,
    0x36, 0xde, 0x56, 0xde, 0x57, 0xde, 0x36, 0xde, 0xb9, 0xee, 0xb9, 0xe6,
    0xba, 0xe6, 0xd9, 0xee, 0x57, 0xde, 0xd5, 0xd5, 0x37, 0xde, 0x77, 0xe6,
    0x77, 0xe6, 0x57, 0xde, 0xd5, 0xd5, 0x36, 0xde, 0x37, 0xde, 0x56, 0xde,
    0x36, 0xde, 0x57, 0xde, 0x57, 0xde, 0x36, 0xde, 0x36, 0xde, 0x57, 0xe6,
    0x78, 0xe6, 0xb9, 0xe6, 0x99, 0xe6, 0x16, 0xde, 0x37, 0xe6, 0x78, 0xe6,
    0x98, 0xe6, 0x77, 0xe6, 0x98, 0xe6, 0x78, 0xe6, 0x77, 0xe6, 0x57, 0xde,
    0x57, 0xde, 0x99, 0xe6, 0xd9, 0xee, 0xba, 0xe6, 0xb9, 0xe6, 0x78, 0xe6,
    0xee, 0x93, 0x53, 0xbd, 0x98, 0xe6, 0x77, 0xe6, 0x78, 0xe6, 0xd9, 0xee,
    0xb9, 0xe6, 0xda, 0xee, 0xda, 0xee, 0xd9, 0xee, 0xda, 0xe6, 0xda, 0xee,
    0xd9, 0xe6, 0xd9, 0xe6, 0xd9, 0xee, 0xda, 0xee, 0xda, 0xe6, 0xda, 0xee,
    0x73, 0xc5, 0x99, 0xe6, 0xb9, 0xe6, 0xda, 0xee, 0xd9, 0xee, 0x78, 0xe6,
    0xb9, 0xe6, 0xd9, 0xee, 0xda, 0xe6, 0xda, 0xee, 0xda, 0xee, 0x57, 0xde,
    0x78, 0xde, 0xda, 0xee, 0xda, 0xee, 0xd9, 0xe6, 0xfa, 0xee, 0xda, 0xee,
    0xfa, 0xee, 0xda, 0xee, 0xda, 0xee, 0xfa, 0xee, 0xd9, 0xee, 0xda, 0xee,
    0xfa, 0xe6, 0xfa, 0xee, 0xda, 0xee, 0xd9, 0xee, 0xda, 0xe6, 0xda, 0xee,
    0xd9, 0xe6, 0xba, 0xe6, 0xd9, 0xee, 0xda, 0xee, 0xb9, 0xe6, 0x37, 0xde,
    0xd9, 0xe6, 0xda, 0xee, 0xda, 0xee, 0xd9, 0xee, 0xda, 0xe6, 0xd9, 0xee,
    0xda, 0xe6, 0xda, 0xee, 0xd9, 0xee, 0xda, 0xe6, 0xda, 0xee, 0xb9, 0xe6,
    0x57, 0xde, 0xda, 0xee, 0xda, 0xee, 0xba, 0xee, 0xb9, 0xe6, 0x78, 0xe6,
    0x78, 0xe6, 0xd9, 0xe6, 0xb9, 0xe6, 0x58, 0xde, 0x98, 0xe6, 0xb9, 0xe6,
    0xda, 0xee, 0xd9, 0xee, 0xda, 0xe6, 0x58, 0xde, 0x57, 0xe6, 0x57, 0xe6,
    0x57, 0xde, 0x57, 0xde, 0x57, 0xde, 0x57, 0xde, 0x57, 0xde, 0x57, 0xe6,
    0x57, 0xde, 0x58, 0xde, 0x57, 0xde, 0x57, 0xe6, 0x57, 0xde, 0x78, 0xe6,
    0x57, 0xde, 0x57, 0xde, 0x58, 0xde, 0x57, 0xe6, 0x78, 0xe6, 0xd9, 0xe6,
    0xd9, 0xe6, 0xb9, 0xe6, 0xda, 0xee, 0xb9, 0xe6, 0xb9, 0xe6, 0xd9, 0xe6,
    0xb9, 0xee, 0x93, 0xcd, 0x98, 0xe6, 0xb9, 0xe6, 0x57, 0xde, 0x57, 0xde,
    0x57, 0xe6, 0x57, 0xe6, 0x57, 0xde, 0x77, 0xde, 0x78, 0xe6, 0x37, 0xde,
    0x53, 0xc5, 0xd1, 0xac, 0xb1, 0xac, 0xb0, 0xac, 0x8d, 0x7b, 0x5a, 0xc6,
    0x91, 0xa4, 0xb1, 0xac, 0xb1, 0xac, 0x91, 0xa4, 0xb1, 0xac, 0xb1, 0xac,
    0x91, 0xa4, 0xb1, 0xa4, 0x91, 0xa4, 0x90, 0xa4, 0x90, 0xa4, 0x91, 0xa4,
    0x90, 0xac, 0x90, 0xac, 0x90, 0xa4, 0xb1, 0xac, 0x91, 0xac, 0xb0, 0xac,
    0x90, 0xac, 0xb0, 0xac, 0xd5, 0xd5, 0xd5, 0xd5, 0xd5, 0xd5, 0xd5, 0xcd,
    0xd5, 0xd5, 0xd5, 0xd5, 0xd6, 0xd5, 0xd5, 0xd5, 0xf5, 0xcd, 0xd5, 0xd5,
    0xf5, 0xd5, 0xd5, 0xd5, 0xb4, 0xcd, 0xd1, 0xac, 0x70, 0xac, 0x90, 0xac,
    0x36, 0xde, 0x37, 0xde, 0x57, 0xde, 0x36, 0xde, 0x37, 0xde, 0x37, 0xde,
    0x36, 0xde, 0x57, 0xde, 0x57, 0xde, 0x57, 0xde, 0x57, 0xe6, 0x57, 0xde,
    0x57, 0xe6, 0x36, 0xde, 0x57, 0xde, 0x37, 0xe6, 0x57, 0xde, 0x57, 0xe6,
    0x36, 0xde, 0x36, 0xde, 0x36, 0xde, 0x57, 0xde, 0x36, 0xe6, 0x56, 0xde,
    0x57, 0xde, 0x36, 0xde, 0x57, 0xe6, 0x57, 0xde, 0x36, 0xde, 0x57, 0xe6,
    0x57, 0xe6, 0x98, 0xe6, 0x58, 0xe6, 0x37, 0xde, 0x57, 0xde, 0x56, 0xde,
    0x37, 0xde, 0x37, 0xde, 0x57, 0xe6, 0xf5, 0xd5, 0xd9, 0xee, 0xda, 0xe6,
    0xda, 0xee, 0x99, 0xe6, 0x73, 0xc5, 0x12, 0xbd, 0x77, 0xe6, 0x78, 0xe6,
    0x78, 0xe6, 0x57, 0xe6, 0x36, 0xde, 0x37, 0xde, 0x37, 0xde, 0x57, 0xde,
    0x57, 0xe6, 0x56, 0xde, 0x37, 0xe6, 0x57, 0xde, 0x57, 0xde, 0x57, 0xe6,
    0x78, 0xe6, 0xb9, 0xe6, 0x98, 0xe6, 0x16, 0xde, 0x37, 0xde, 0x78, 0xe6,
    0x78, 0xe6, 0x98, 0xe6, 0x78, 0xe6, 0x77, 0xe6, 0x78, 0xde, 0x57, 0xde,
    0x37, 0xde, 0xb9, 0xe6, 0xb9, 0xee, 0xd9, 0xee, 0x98, 0xe6, 0x57, 0xde,
    0x90, 0xac, 0x94, 0xcd, 0x77, 0xe6, 0x77, 0xe6, 0x78, 0xde, 0x98, 0xe6,
    0xd9, 0xee, 0xb9, 0xe6, 0xda, 0xe6, 0xd9, 0xee, 0xb9, 0xee, 0xda, 0xee,
    0xda, 0xee, 0xda, 0xe6, 0xd9, 0xee, 0xda, 0xee, 0xda, 0xe6, 0xd9, 0xee,
    0x53, 0xbd, 0xb9, 0xe6, 0xda, 0xee, 0xda, 0xe6, 0xb8, 0xe6, 0x98, 0xe6,
    0xd9, 0xee, 0xda, 0xee, 0xfa, 0xee, 0xda, 0xee, 0xd9, 0xee, 0x99, 0xe6,
    0xb9, 0xe6, 0xd9, 0xee, 0xda, 0xee, 0xf9, 0xee, 0xda, 0xe6, 0xda, 0xee,
    0xd9, 0xe6, 0xf9, 0xee, 0xda, 0xee, 0xfa, 0xee, 0xda, 0xee, 0xda, 0xee,
    0xf9, 0xee, 0xda, 0xee, 0xda, 0xee, 0xda, 0xee, 0xd9, 0xee, 0xda, 0xee,
    0xda, 0xee, 0xd9, 0xe6, 0xda, 0xee, 0xd9, 0xee, 0xb9, 0xe6, 0xf6, 0xcd,
    0xda, 0xee, 0xd9, 0xe6, 0xba, 0xe6, 0xd9, 0xee, 0xda, 0xee, 0xda, 0xe6,
    0xba, 0xee, 0xda, 0xee, 0xd9, 0xe6, 0xba, 0xee, 0xd9, 0xee, 0xd9, 0xe6,
    0x78, 0xe6, 0xd9, 0xe6, 0xd9, 0xee, 0xda, 0xe6, 0xb9, 0xe6, 0x78, 0xe6,
    0xb9, 0xee, 0xda, 0xee, 0xd9, 0xe6, 0x58, 0xde, 0x78, 0xe6, 0xd9, 0xe6,
    0xda, 0xee, 0xd9, 0xee, 0xd9, 0xe6, 0x57, 0xe6, 0x57, 0xe6, 0x57, 0xde,
    0x57, 0xde, 0x57, 0xe6, 0x57, 0xe6, 0x38, 0xde, 0x57, 0xde, 0x57, 0xde,
    0x57, 0xe6, 0x57, 0xe6, 0x78, 0xe6, 0x57, 0xde, 0x57, 0xde, 0x78, 0xe6,
    0x77, 0xe6, 0x58, 0xde, 0x77, 0xe6, 0x77, 0xe6, 0x37, 0xde, 0x57, 0xde,
    0xda, 0xe6, 0xba, 0xee, 0xb9, 0xe6, 0xb9, 0xe6, 0xd9, 0xee, 0xb9, 0xe6,
    0xda, 0xee, 0x56, 0xde, 0x98, 0xe6, 0xb9, 0xee, 0x57, 0xe6, 0x57, 0xde,
    0x57, 0xde, 0x57, 0xe6, 0x58, 0xde, 0x77, 0xe6, 0x77, 0xe6, 0x78, 0xe6,
    0x74, 0xc5, 0xb1, 0xac, 0xb0, 0xac, 0x90, 0xac, 0x8e, 0x83, 0x39, 0xbe,
    0x91, 0xa4, 0x91, 0xa4, 0xb1, 0xac, 0xb1, 0xa4, 0x91, 0xa4, 0xb1, 0xac,
    0x91, 0xa4, 0x90, 0xa4, 0x70, 0xa4, 0x90, 0xac, 0x90, 0xa4, 0x91, 0xa4,
    0x91, 0xac, 0x90, 0xa4, 0x90, 0xa4, 0x90, 0xa4, 0xb1, 0xac, 0xf2, 0xb4,
    0xd5, 0xd5, 0xd5, 0xcd, 0xd5, 0xd5, 0xd5, 0xd5, 0xd5, 0xd5, 0xd5, 0xd5,
    0xd5, 0xcd, 0xd5, 0xd5, 0xf5, 0xd5, 0xd6, 0xd5, 0xd6, 0xd5, 0xf6, 0xd5,
    0xd5, 0xcd, 0xd5, 0xd5, 0x94, 0xcd, 0xb1, 0xb4, 0xb0, 0xb4, 0x53, 0xc5,
    0x37, 0xe6, 0x36, 0xde, 0x57, 0xde, 0x36, 0xe6, 0x36, 0xde, 0x36, 0xde,
    0x36, 0xe6, 0x57, 0xde, 0x57, 0xe6, 0x56, 0xde, 0x57, 0xde, 0x57, 0xe6,
    0x36, 0xe6, 0x57, 0xe6, 0x57, 0xde, 0x37, 0xde, 0x56, 0xde, 0x57, 0xde,
    0x57, 0xe6, 0x36, 0xde, 0x37, 0xde, 0x57, 0xe6, 0x37, 0xde, 0x56, 0xe6,
    0x56, 0xe6, 0x37, 0xde, 0x57, 0xe6, 0x56, 0xde, 0x37, 0xde, 0x37, 0xe6,
    0x77, 0xe6, 0x78, 0xe6, 0x36, 0xde, 0x57, 0xde, 0x36, 0xe6, 0x56, 0xde,
    0x57, 0xe6, 0x57, 0xde, 0x57, 0xde, 0xf5, 0xd5, 0xb9, 0xee, 0xb9, 0xee,
    0xd9, 0xe6, 0xb9, 0xe6, 0xb4, 0xcd, 0x32, 0xc5, 0x57, 0xde, 0x57, 0xe6,
    0x78, 0xe6, 0x94, 0xcd, 0x15, 0xd6, 0x37, 0xde, 0x57, 0xe6, 0x36, 0xde,
    0x37, 0xde, 0x37, 0xde, 0x56, 0xe6, 0x57, 0xde, 0x57, 0xde, 0x78, 0xe6,
    0xb9, 0xe6, 0x98, 0xe6, 0xf5, 0xdd, 0x36, 0xde, 0x77, 0xe6, 0x78, 0xe6,
    0x78, 0xe6, 0x78, 0xe6, 0x77, 0xe6, 0x78, 0xe6, 0x78, 0xe6, 0x77, 0xe6,
    0x78, 0xe6, 0xb9, 0xee, 0xb9, 0xee, 0xb8, 0xe6, 0x78, 0xe6, 0x4f, 0xa4,
    0x6f, 0xa4, 0x16, 0xde, 0x57, 0xe6, 0x78, 0xe6, 0x78, 0xe6, 0x57, 0xde,
    0xb9, 0xee, 0xba, 0xee, 0xb9, 0xe6, 0xda, 0xee, 0xd9, 0xe6, 0xd9, 0xee,
    0xba, 0xee, 0xd9, 0xe6, 0xda, 0xee, 0xda, 0xee, 0xd9, 0xee, 0xd9, 0xee,
    0x73, 0xc5, 0x99, 0xe6, 0xda, 0xee, 0xda, 0xee, 0x57, 0xde, 0x78, 0xe6,
    0xda, 0xee, 0xd9, 0xee, 0xda, 0xee, 0xda, 0xe6, 0xd9, 0xee, 0xd9, 0xee,
    0xd9, 0xee, 0xfa, 0xee, 0xda, 0xee, 0xda, 0xee, 0xda, 0xee, 0xda, 0xee,
    0xda, 0xee, 0xd9, 0xe6, 0xfa, 0xee, 0xda, 0xee, 0xd9, 0xe6, 0xda, 0xee,
    0xda, 0xee, 0xd9, 0xe6, 0xda, 0xee, 0xda, 0xee, 0xd9, 0xe6, 0xda, 0xee,
    0xda, 0xee, 0xda, 0xee, 0xda, 0xee, 0xda, 0xe6, 0xb9, 0xe6, 0x16, 0xd6,
    0xb9, 0xee, 0xda, 0xee, 0xd9, 0xe6, 0xda, 0xee, 0xd9, 0xee, 0xda, 0xe6,
    0xda, 0xee, 0xda, 0xee, 0xda, 0xee, 0xd9, 0xe6, 0xda, 0xee, 0xd9, 0xee,
    0x98, 0xe6, 0xda, 0xee, 0xb9, 0xe6, 0xd9, 0xee, 0xb9, 0xee, 0xb8, 0xee,
    0xd9, 0xee, 0xb9, 0xe6, 0xda, 0xee, 0x57, 0xde, 0x37, 0xde, 0xb9, 0xe6,
    0xb9, 0xe6, 0xda, 0xee, 0x57, 0xde, 0x57, 0xe6, 0x57, 0xde, 0x58, 0xde,
    0x57, 0xde, 0x57, 0xe6, 0x58, 0xe6, 0x57, 0xe6, 0x57, 0xe6, 0x37, 0xde,
    0x37, 0xde, 0x57, 0xde, 0x57, 0xde, 0x57, 0xe6, 0x77, 0xe6, 0x78, 0xe6,
    0x57, 0xde, 0x77, 0xe6, 0x57, 0xde, 0x57, 0xde, 0x57, 0xe6, 0x78, 0xe6,
    0xb9, 0xe6, 0xb9, 0xee, 0xb9, 0xe6, 0xba, 0xee, 0xb9, 0xe6, 0xb9, 0xe6,
    0xda, 0xe6, 0x57, 0xe6, 0xb9, 0xee, 0xb9, 0xee, 0x57, 0xde, 0x57, 0xde,
    0x57, 0xde, 0x57, 0xde, 0x77, 0xe6, 0x58, 0xe6, 0x77, 0xe6, 0x77, 0xe6,
    0x53, 0xc5, 0x91, 0xac, 0x90, 0xa4, 0x90, 0xa4, 0xce, 0x83, 0x39, 0xbe,
    0x91, 0xa4, 0x91, 0xa4, 0x91, 0xa4, 0x91, 0xa4, 0xb1, 0xac, 0x91, 0xa4,
    0xb1, 0xac, 0x91, 0xa4, 0x70, 0xa4, 0x70, 0xa4, 0x70, 0xa4, 0x90, 0xac,
    0x90, 0xa4, 0xb1, 0xac, 0x70, 0xa4, 0x70, 0xa4, 0xd5, 0xd5, 0xd5, 0xd5,
    0xd5, 0xcd, 0xd5, 0xcd, 0xb5, 0xcd, 0xd5, 0xd5, 0xd5, 0xcd, 0xd5, 0xd5,
    0xd5, 0xd5, 0xd5, 0xcd, 0xd5, 0xd5, 0xd5, 0xd5, 0xd5, 0xd5, 0xd5, 0xcd,
    0xb5, 0xcd, 0x12, 0xbd, 0x90, 0xac, 0xb0, 0xac, 0xb0, 0xb4, 0x57, 0xde,
    0x36, 0xde, 0x57, 0xe6, 0x37, 0xde, 0x57, 0xde, 0x37, 0xe6, 0x57, 0xde,
    0x57, 0xde, 0x57, 0xe6, 0x37, 0xde, 0x57, 0xe6, 0x57, 0xde, 0x57, 0xe6,
    0x57, 0xde, 0x57, 0xe6, 0x57, 0xde, 0x57, 0xde, 0x57, 0xde, 0x36, 0xde,
    0x37, 0xde, 0x56, 0xde, 0x56, 0xe6, 0x36, 0xde, 0x57, 0xde, 0x37, 0xde,
    0x57, 0xe6, 0x37, 0xde, 0x57, 0xde, 0x57, 0xe6, 0x36, 0xde, 0x16, 0xde,
    0x16, 0xd6, 0x57, 0xe6, 0x36, 0xde, 0x57, 0xe6, 0x57, 0xe6, 0x56, 0xde,
    0x57, 0xde, 0x57, 0xde, 0x57, 0xde, 0xf6, 0xd5, 0xd9, 0xee, 0xda, 0xee,
    0xb9, 0xe6, 0x78, 0xe6, 0x73, 0xcd, 0x94, 0xcd, 0x78, 0xde, 0x57, 0xde,
    0x57, 0xe6, 0x57, 0xe6, 0x36, 0xde, 0x57, 0xe6, 0x57, 0xde, 0x36, 0xe6,
    0x57, 0xde, 0x36, 0xde, 0x57, 0xe6, 0x37, 0xde, 0x57, 0xde, 0x77, 0xe6,
    0xb9, 0xee, 0x98, 0xe6, 0x16, 0xde, 0x36, 0xde, 0x77, 0xe6, 0x77, 0xe6,
    0x78, 0xe6, 0x77, 0xe6, 0x78, 0xe6, 0x78, 0xe6, 0x57, 0xe6, 0x16, 0xde,
    0x78, 0xe6, 0xb9, 0xe6, 0xb9, 0xe6, 0x78, 0xe6, 0x57, 0xe6, 0xf2, 0xb4,
    0x94, 0xcd, 0x78, 0xe6, 0x57, 0xde, 0x78, 0xe6, 0x77, 0xe6, 0x37, 0xde,
    0xd9, 0xe6, 0xd9, 0xe6, 0xba, 0xee, 0xda, 0xee, 0xd9, 0xe6, 0xda, 0xe6,
    0xd9, 0xee, 0xb9, 0xee, 0xda, 0xe6, 0xda, 0xee, 0xda, 0xee, 0x78, 0xe6,
    0x94, 0xcd, 0xb9, 0xe6, 0xda, 0xee, 0xd9, 0xee, 0x57, 0xe6, 0x78, 0xe6,
    0xda, 0xee, 0xd9, 0xee, 0xda, 0xe6, 0xfa, 0xee, 0x37, 0xde, 0x57, 0xde,
    0xd9, 0xee, 0xda, 0xe6, 0xd9, 0xee, 0xda, 0xee, 0xf9, 0xee, 0xfa, 0xee,
    0xda, 0xee, 0xda, 0xee, 0xfa, 0xee, 0xda, 0xee, 0xd9, 0xee, 0xfa, 0xee,
    0xda, 0xee, 0xda, 0xee, 0xd9, 0xe6, 0xfa, 0xee, 0xda, 0xee, 0xd9, 0xee,
    0xda, 0xee, 0xd9, 0xee, 0xd9, 0xee, 0xda, 0xee, 0xd9, 0xe6, 0x78, 0xe6,
    0xb9, 0xee, 0xda, 0xee, 0xda, 0xee, 0xd9, 0xee, 0xda, 0xee, 0xda, 0xe6,
    0xd9, 0xee, 0xda, 0xee, 0x78, 0xde, 0xb9, 0xe6, 0xb9, 0xe6, 0xb9, 0xee,
    0xb9, 0xee, 0xba, 0xe6, 0xda, 0xee, 0xd9, 0xee, 0xb9, 0xee, 0xb9, 0xe6,
    0xb9, 0xee, 0xb9, 0xe6, 0xd9, 0xe6, 0x57, 0xde, 0x37, 0xde, 0xb9, 0xe6,
    0xda, 0xee, 0xb9, 0xe6, 0x58, 0xe6, 0x58, 0xe6, 0x57, 0xde, 0x57, 0xde,
    0x57, 0xe6, 0x57, 0xde, 0x57, 0xde, 0x57, 0xde, 0x57, 0xe6, 0x36, 0xde,
    0x37, 0xde, 0x57, 0xde, 0x57, 0xe6, 0x57, 0xde, 0x78, 0xe6, 0x77, 0xde,
    0x78, 0xde, 0x58, 0xe6, 0x77, 0xde, 0x57, 0xde, 0x78, 0xe6, 0x57, 0xde,
    0x78, 0xe6, 0xb9, 0xe6, 0xb9, 0xee, 0xda, 0xe6, 0xb9, 0xee, 0xd9, 0xe6,
    0xd9, 0xe6, 0x16, 0xde, 0x37, 0xde, 0xd9, 0xe6, 0x57, 0xde, 0x57, 0xe6,
    0x57, 0xde, 0x57, 0xe6, 0x78, 0xe6, 0x78, 0xde, 0x58, 0xe6, 0x57, 0xe6,
    0x53, 0xbd, 0xb1, 0xac, 0x91, 0xac, 0xb0, 0xa4, 0x0f, 0x8c, 0x3a, 0xbe,
    0x91, 0xa4, 0x91, 0xac, 0x91, 0xa4, 0xb1, 0xac, 0x91, 0xa4, 0xb1, 0xa4,
    0x91, 0xa4, 0x91, 0xa4, 0x90, 0xa4, 0x70, 0xa4, 0x91, 0xac, 0xd1, 0xac,
    0x90, 0xa4, 0x53, 0xc5, 0xd5, 0xd5, 0xd5, 0xd5, 0xd5, 0xd5, 0xd5, 0xd5,
    0xd5, 0xd5, 0xd5, 0xd5, 0xd5, 0xd5, 0xd5, 0xd5, 0xd5, 0xd5, 0xd5, 0xd5,
    0xf5, 0xd5, 0xd5, 0xd5, 0xd5, 0xcd, 0xb4, 0xcd, 0xd5, 0xcd, 0xf2, 0xb4,
    0xf2, 0xb4, 0xf2, 0xb4, 0xd1, 0xb4, 0x90, 0xac, 0xd0, 0xb4, 0x57, 0xde,
    0x37, 0xde, 0x36, 0xde, 0x57, 0xde, 0x57, 0xe6, 0x57, 0xe6, 0x57, 0xde,
    0x57, 0xde, 0x57, 0xe6, 0x56, 0xde, 0x37, 0xde, 0x57, 0xe6, 0x37, 0xe6,
    0x57, 0xde, 0x56, 0xde, 0x37, 0xe6, 0x57, 0xde, 0x57, 0xe6, 0x36, 0xde,
    0x37, 0xde, 0x57, 0xe6, 0x57, 0xe6, 0x36, 0xde, 0x37, 0xde, 0x56, 0xde,
    0x57, 0xe6, 0x57, 0xe6, 0x36, 0xde, 0x57, 0xde, 0x57, 0xde, 0x15, 0xd6,
    0xd5, 0xd5, 0x36, 0xde, 0x57, 0xde, 0x57, 0xde, 0x37, 0xde, 0x37, 0xde,
    0x57, 0xe6, 0x36, 0xde, 0x57, 0xe6, 0x37, 0xde, 0xb9, 0xe6, 0xda, 0xee,
    0x99, 0xe6, 0x74, 0xc5, 0x90, 0xac, 0x16, 0xde, 0x77, 0xe6, 0x77, 0xe6,
    0xb5, 0xcd, 0xf6, 0xd5, 0x36, 0xde, 0x37, 0xde, 0x57, 0xde, 0x56, 0xde,
    0x37, 0xe6, 0x57, 0xde, 0x36, 0xde, 0x57, 0xde, 0x57, 0xe6, 0x77, 0xe6,
    0x98, 0xe6, 0x16, 0xde, 0x36, 0xde, 0x77, 0xe6, 0x77, 0xe6, 0x78, 0xe6,
    0x78, 0xe6, 0x77, 0xe6, 0x98, 0xe6, 0x78, 0xe6, 0x77, 0xe6, 0x16, 0xde,
    0x98, 0xe6, 0xb9, 0xe6, 0x98, 0xe6, 0x78, 0xe6, 0xf1, 0xb4, 0x6b, 0x83,
    0x53, 0xc5, 0x57, 0xe6, 0x57, 0xe6, 0x57, 0xde, 0x77, 0xe6, 0x57, 0xe6,
    0xda, 0xe6, 0xd9, 0xee, 0xda, 0xee, 0xd9, 0xee, 0xba, 0xe6, 0xda, 0xee,
    0xda, 0xee, 0xd9, 0xe6, 0xd9, 0xee, 0xda, 0xe6, 0xda, 0xee, 0xf6, 0xd5,
    0xd5, 0xcd, 0xb9, 0xe6, 0xda, 0xe6, 0xb8, 0xe6, 0x77, 0xe6, 0x98, 0xe6,
    0xd9, 0xe6, 0xda, 0xee, 0xd9, 0xee, 0xd9, 0xee, 0x78, 0xe6, 0x78, 0xe6,
    0xda, 0xee, 0xda, 0xee, 0xd9, 0xee, 0xda, 0xee, 0xfa, 0xee, 0xd9, 0xee,
    0xfa, 0xee, 0xda, 0xee, 0xd9, 0xee, 0xda, 0xee, 0xda, 0xee, 0xfa, 0xee,
    0xd9, 0xe6, 0xd9, 0xee, 0xda, 0xee, 0xda, 0xee, 0xd9, 0xee, 0xda, 0xe6,
    0xda, 0xee, 0xda, 0xee, 0xd9, 0xe6, 0xd9, 0xee, 0xda, 0xee, 0xd9, 0xee,
    0xda, 0xe6, 0xd9, 0xe6, 0xda, 0xee, 0xda, 0xee, 0xda, 0xee, 0xda, 0xee,
    0xd9, 0xe6, 0xb8, 0xe6, 0x78, 0xe6, 0xb9, 0xee, 0xd9, 0xe6, 0xda, 0xee,
    0xda, 0xee, 0xd9, 0xe6, 0xda, 0xee, 0xb9, 0xe6, 0x98, 0xe6, 0x78, 0xe6,
    0xda, 0xee, 0xb9, 0xe6, 0xb9, 0xe6, 0x57, 0xde, 0x37, 0xde, 0x99, 0xe6,
    0xb9, 0xee, 0x78, 0xde, 0x57, 0xde, 0x57, 0xe6, 0x57, 0xe6, 0x57, 0xe6,
    0x58, 0xe6, 0x57, 0xde, 0x57, 0xde, 0x58, 0xe6, 0x58, 0xde, 0x16, 0xde,
    0x36, 0xde, 0x57, 0xde, 0x57, 0xe6, 0x57, 0xde, 0x77, 0xe6, 0x58, 0xe6,
    0x57, 0xde, 0x77, 0xe6, 0x78, 0xe6, 0x57, 0xde, 0x57, 0xde, 0x78, 0xe6,
    0x78, 0xe6, 0x99, 0xe6, 0xb9, 0xe6, 0xd9, 0xe6, 0xba, 0xe6, 0xb9, 0xe6,
    0xb9, 0xe6, 0xb5, 0xcd, 0x53, 0xc5, 0xd9, 0xee, 0x57, 0xde, 0x57, 0xe6,
    0x57, 0xe6, 0x57, 0xde, 0x77, 0xde, 0x57, 0xe6, 0x78, 0xe6, 0x57, 0xde,
    0x12, 0xbd, 0x90, 0xac, 0xb1, 0xac, 0xb1, 0xac, 0x30, 0x94, 0x3a, 0xbe,
    0x50, 0x9c, 0xb1, 0xa4, 0x91, 0xa4, 0x91, 0xa4, 0x91, 0xa4, 0xb1, 0xac,
    0x90, 0xac, 0xb1, 0xac, 0xd1, 0xac, 0x90, 0xac, 0x33, 0xbd, 0xb5, 0xcd,
    0xd5, 0xcd, 0xd5, 0xd5, 0xd5, 0xcd, 0xd5, 0xcd, 0xb5, 0xcd, 0xd5, 0xd5,
    0xd5, 0xd5, 0xd5, 0xcd, 0xd5, 0xd5, 0xd5, 0xcd, 0xd5, 0xd5, 0xb5, 0xcd,
    0xb4, 0xcd, 0xb5, 0xcd, 0x53, 0xc5, 0xd1, 0xb4, 0xf2, 0xb4, 0xf2, 0xbc,
    0xf1, 0xb4, 0xb1, 0xb4, 0xb1, 0xb4, 0xd1, 0xb4, 0x57, 0xe6, 0x57, 0xe6,
    0x57, 0xe6, 0x36, 0xde, 0x56, 0xde, 0x57, 0xe6, 0x56, 0xde, 0x57, 0xde,
    0x57, 0xe6, 0x57, 0xe6, 0x57, 0xde, 0x56, 0xde, 0x57, 0xe6, 0x57, 0xe6,
    0x56, 0xde, 0x57, 0xe6, 0x57, 0xde, 0x57, 0xe6, 0x56, 0xde, 0x37, 0xe6,
    0x57, 0xe6, 0x36, 0xe6, 0x37, 0xde, 0x37, 0xde, 0x56, 0xe6, 0x57, 0xe6,
    0x56, 0xde, 0x57, 0xde, 0x57, 0xe6, 0x57, 0xde, 0x36, 0xde, 0x57, 0xe6,
    0x36, 0xde, 0x16, 0xde, 0x37, 0xe6, 0x36, 0xde, 0x36, 0xe6, 0x57, 0xe6,
    0x37, 0xde, 0x36, 0xde, 0x57, 0xe6, 0x78, 0xe6, 0xd9, 0xee, 0xd9, 0xe6,
    0xb9, 0xe6, 0xd5, 0xd5, 0x53, 0xc5, 0x77, 0xe6, 0x77, 0xe6, 0x57, 0xe6,
    0xf6, 0xd5, 0x16, 0xde, 0x37, 0xde, 0x36, 0xde, 0x37, 0xde, 0x37, 0xde,
    0x56, 0xde, 0x37, 0xde, 0x57, 0xde, 0x57, 0xde, 0x37, 0xde, 0x57, 0xde,
    0x78, 0xe6, 0x16, 0xde, 0x36, 0xde, 0x57, 0xde, 0x78, 0xe6, 0x78, 0xe6,
    0x78, 0xe6, 0x78, 0xe6, 0x98, 0xe6, 0x77, 0xe6, 0x57, 0xde, 0x77, 0xe6,
    0x78, 0xe6, 0x98, 0xe6, 0x77, 0xe6, 0x36, 0xde, 0xd0, 0xb4, 0xac, 0x93,
    0x53, 0xc5, 0x57, 0xde, 0x57, 0xe6, 0x57, 0xde, 0x77, 0xe6, 0x57, 0xe6,
    0xda, 0xee, 0xda, 0xe6, 0xd9, 0xee, 0xb9, 0xe6, 0xd9, 0xee, 0xda, 0xee,
    0xd9, 0xe6, 0xba, 0xee, 0xda, 0xee, 0xd9, 0xe6, 0xb9, 0xee, 0x37, 0xde,
    0x77, 0xe6, 0xd9, 0xee, 0xda, 0xee, 0x37, 0xde, 0x78, 0xe6, 0xb9, 0xe6,
    0xda, 0xee, 0xda, 0xee, 0xda, 0xee, 0xb9, 0xe6, 0xb9, 0xe6, 0xd9, 0xee,
    0xd9, 0xee, 0xfa, 0xee, 0xda, 0xee, 0xda, 0xe6, 0xda, 0xee, 0xfa, 0xee,
    0xd9, 0xee, 0xd9, 0xee, 0xda, 0xee, 0xd9, 0xe6, 0xda, 0xee, 0xd9, 0xee,
    0xda, 0xee, 0xda, 0xe6, 0xd9, 0xee, 0xda, 0xee, 0xda, 0xe6, 0xd9, 0xe6,
    0xfa, 0xee, 0xfa, 0xee, 0xfa, 0xee, 0xda, 0xe6, 0xd9, 0xee, 0xda, 0xee,
    0xd9, 0xee, 0xda, 0xee, 0xd9, 0xe6, 0xda, 0xee, 0xda, 0xee, 0xda, 0xee,
    0xb9, 0xe6, 0x78, 0xe6, 0x77, 0xe6, 0xb9, 0xee, 0xd9, 0xe6, 0xd9, 0xee,
    0xd9, 0xee, 0xd9, 0xee, 0xd9, 0xe6, 0xb9, 0xe6, 0x37, 0xde, 0x58, 0xe6,
    0xd9, 0xee, 0xb9, 0xee, 0xba, 0xee, 0x57, 0xde, 0x37, 0xde, 0x78, 0xe6,
    0xb9, 0xee, 0x77, 0xe6, 0x57, 0xde, 0x57, 0xde, 0x78, 0xde, 0x77, 0xe6,
    0x78, 0xe6, 0x57, 0xde, 0x78, 0xe6, 0x77, 0xe6, 0x77, 0xe6, 0x36, 0xde,
    0x37, 0xde, 0x57, 0xde, 0x57, 0xde, 0x58, 0xe6, 0x77, 0xe6, 0x58, 0xe6,
    0x77, 0xde, 0x57, 0xe6, 0x58, 0xe6, 0x57, 0xde, 0x77, 0xe6, 0x57, 0xde,
    0x57, 0xde, 0x78, 0xe6, 0xb9, 0xe6, 0xd9, 0xe6, 0xb9, 0xee, 0xb9, 0xee,
    0xb9, 0xe6, 0x53, 0xbd, 0x12, 0xb5, 0xb9, 0xe6, 0x57, 0xe6, 0x57, 0xde,
    0x57, 0xde, 0x58, 0xe6, 0x57, 0xde, 0x77, 0xe6, 0x78, 0xe6, 0x57, 0xde,
    0xf2, 0xb4, 0x70, 0xa4, 0xb1, 0xac, 0xb1, 0xac, 0xd2, 0xa4, 0x5a, 0xc6,
    0xad, 0x83, 0x2f, 0x94, 0x70, 0x9c, 0x70, 0xa4, 0x90, 0xa4, 0xb1, 0xac,
    0xb1, 0xac, 0x33, 0xbd, 0x94, 0xcd, 0x74, 0xc5, 0x74, 0xc5, 0x94, 0xcd,
    0xb4, 0xcd, 0xb5, 0xcd, 0xd5, 0xd5, 0xb5, 0xcd, 0xd5, 0xcd, 0xb5, 0xcd,
    0x94, 0xcd, 0x73, 0xc5, 0x74, 0xc5, 0x94, 0xcd, 0x94, 0xc5, 0x32, 0xbd,
    0xf2, 0xb4, 0xf2, 0xbc, 0xf2, 0xbc, 0xf1, 0xb4, 0xf2, 0xb4, 0xf2, 0xbc,
    0xd1, 0xb4, 0xd0, 0xb4, 0xb0, 0xac, 0x90, 0xb4, 0x37, 0xde, 0x57, 0xde,
    0x57, 0xe6, 0x37, 0xde, 0x37, 0xde, 0x36, 0xde, 0x36, 0xde, 0x36, 0xde,
    0x57, 0xde, 0x57, 0xe6, 0x37, 0xe6, 0x57, 0xde, 0x57, 0xde, 0x57, 0xe6,
    0x57, 0xde, 0x37, 0xde, 0x37, 0xe6, 0x57, 0xde, 0x57, 0xde, 0x57, 0xe6,
    0x57, 0xde, 0x36, 0xde, 0x36, 0xde, 0x57, 0xde, 0x37, 0xe6, 0x57, 0xde,
    0x57, 0xde, 0x36, 0xde, 0x57, 0xe6, 0x56, 0xe6, 0x36, 0xde, 0x36, 0xe6,
    0x57, 0xe6, 0x36, 0xde, 0x36, 0xde, 0x57, 0xde, 0x57, 0xde, 0x56, 0xde,
    0x37, 0xde, 0x57, 0xde, 0x56, 0xde, 0xb9, 0xee, 0xd9, 0xee, 0xd9, 0xee,
    0x98, 0xe6, 0xd5, 0xd5, 0x73, 0xcd, 0x57, 0xde, 0x78, 0xde, 0x16, 0xde,
    0x16, 0xde, 0x36, 0xde, 0x56, 0xde, 0x37, 0xde, 0x57, 0xe6, 0x56, 0xe6,
    0x36, 0xde, 0x37, 0xde, 0x57, 0xde, 0x37, 0xde, 0x56, 0xde, 0x57, 0xde,
    0x36, 0xde, 0x16, 0xde, 0x57, 0xde, 0x57, 0xe6, 0x78, 0xe6, 0x77, 0xe6,
    0x77, 0xe6, 0x78, 0xe6, 0x98, 0xe6, 0x78, 0xe6, 0xd5, 0xd5, 0x78, 0xe6,
    0x98, 0xe6, 0x77, 0xe6, 0x77, 0xe6, 0xf2, 0xb4, 0x8c, 0x93, 0xf1, 0xbc,
    0x16, 0xde, 0x57, 0xe6, 0x77, 0xe6, 0x57, 0xe6, 0x57, 0xde, 0x57, 0xde,
    0x98, 0xe6, 0xda, 0xee, 0xb9, 0xe6, 0x99, 0xe6, 0xd9, 0xee, 0xd9, 0xe6,
    0xda, 0xee, 0xd9, 0xee, 0xda, 0xe6, 0xda, 0xee, 0x98, 0xe6, 0x57, 0xe6,
    0xb9, 0xee, 0xda, 0xee, 0xd9, 0xe6, 0x77, 0xe6, 0x78, 0xe6, 0xd9, 0xee,
    0xda, 0xee, 0xd9, 0xee, 0xda, 0xe6, 0x37, 0xde, 0x16, 0xd6, 0xda, 0xee,
    0xd9, 0xe6, 0xda, 0xee, 0xda, 0xee, 0xd9, 0xee, 0xda, 0xee, 0xda, 0xee,
    0xfa, 0xee, 0xda, 0xee, 0xfa, 0xee, 0xda, 0xee, 0xd9, 0xee, 0xfa, 0xee,
    0xd9, 0xee, 0xda, 0xee, 0xd9, 0xe6, 0xda, 0xee, 0xd9, 0xee, 0xd9, 0xee,
    0xda, 0xee, 0xfa, 0xee, 0xda, 0xee, 0xda, 0xee, 0x78, 0xde, 0xd9, 0xe6,
    0xda, 0xee, 0xda, 0xee, 0xd9, 0xee, 0xda, 0xe6, 0xd9, 0xee, 0xb9, 0xe6,
    0x78, 0xe6, 0x57, 0xde, 0x77, 0xe6, 0xb9, 0xee, 0xda, 0xe6, 0xb9, 0xee,
    0xd9, 0xee, 0xda, 0xee, 0xda, 0xee, 0xb9, 0xe6, 0x16, 0xd6, 0x16, 0xd6,
    0xd9, 0xe6, 0xb9, 0xe6, 0xb9, 0xe6, 0x37, 0xde, 0x37, 0xde, 0x57, 0xde,
    0x78, 0xe6, 0x77, 0xe6, 0x57, 0xe6, 0x58, 0xde, 0x57, 0xde, 0x57, 0xde,
    0x57, 0xe6, 0x78, 0xe6, 0x77, 0xde, 0x57, 0xe6, 0x58, 0xde, 0x36, 0xde,
    0x37, 0xde, 0x57, 0xde, 0x57, 0xde, 0x57, 0xde, 0x78, 0xe6, 0x77, 0xe6,
    0x77, 0xde, 0x58, 0xe6, 0x57, 0xde, 0x57, 0xe6, 0x78, 0xe6, 0x77, 0xe6,
    0x57, 0xde, 0x78, 0xe6, 0xb8, 0xe6, 0xb9, 0xe6, 0xb9, 0xee, 0xba, 0xe6,
    0xb9, 0xe6, 0xf2, 0xb4, 0x74, 0xc5, 0x98, 0xe6, 0x57, 0xe6, 0x57, 0xde,
    0x57, 0xde, 0x58, 0xe6, 0x57, 0xde, 0x57, 0xde, 0x57, 0xde, 0x57, 0xde,
    0xd1, 0xb4, 0x70, 0xa4, 0xb1, 0xac, 0xb1, 0xac, 0x54, 0xb5, 0xf7, 0xb5,
    0x91, 0xa4, 0xad, 0x83, 0x0f, 0x94, 0x90, 0xa4, 0xd1, 0xac, 0xd2, 0xb4,
    0xd1, 0xac, 0xf2, 0xb4, 0xf2, 0xb4, 0xf1, 0xb4, 0xf1, 0xb4, 0x12, 0xbd,
    0x33, 0xbd, 0x53, 0xc5, 0x73, 0xc5, 0x53, 0xc5, 0x74, 0xc5, 0x33, 0xc5,
    0xf2, 0xb4, 0xd1, 0xb4, 0xd1, 0xb4, 0xf2, 0xb4, 0xf2, 0xbc, 0xf2, 0xbc,
    0xf2, 0xb4, 0xf1, 0xbc, 0xf2, 0xbc, 0xf2, 0xb4, 0xf1, 0xb4, 0xf2, 0xbc,
    0xd1, 0xb4, 0xd1, 0xb4, 0xb0, 0xb4, 0xd5, 0xd5, 0x36, 0xde, 0x57, 0xde,
    0x36, 0xde, 0x37, 0xde, 0x37, 0xde, 0x16, 0xde, 0x16, 0xde, 0x57, 0xde,
    0x56, 0xe6, 0x57, 0xde, 0x57, 0xe6, 0x57, 0xe6, 0x57, 0xe6, 0x57, 0xe6,
    0x56, 0xde, 0x57, 0xe6, 0x57, 0xe6, 0x56, 0xde, 0x57, 0xe6, 0x57, 0xe6,
    0x57, 0xde, 0x36, 0xde, 0x36, 0xde, 0x57, 0xe6, 0x57, 0xe6, 0x56, 0xde,
    0x37, 0xde, 0x57, 0xe6, 0x57, 0xde, 0x57, 0xde, 0xf5, 0xdd, 0x94, 0xcd,
    0x16, 0xd6, 0x37, 0xde, 0x36, 0xde, 0x57, 0xde, 0x37, 0xde, 0x36, 0xe6,
    0x57, 0xde, 0x37, 0xe6, 0x56, 0xde, 0xd9, 0xee, 0xda, 0xee, 0xb9, 0xee,
    0xf6, 0xd5, 0x6f, 0xa4, 0x53, 0xc5, 0x57, 0xde, 0x57, 0xe6, 0xd5, 0xcd,
    0xd5, 0xd5, 0x36, 0xde, 0x36, 0xde, 0x37, 0xde, 0x36, 0xde, 0x36, 0xde,
    0x37, 0xe6, 0x37, 0xde, 0x56, 0xde, 0x37, 0xe6, 0x57, 0xe6, 0x77, 0xe6,
    0x16, 0xde, 0x37, 0xde, 0x57, 0xde, 0x57, 0xde, 0x77, 0xe6, 0x78, 0xe6,
    0x78, 0xe6, 0x98, 0xe6, 0x98, 0xe6, 0x77, 0xe6, 0x57, 0xde, 0x98, 0xe6,
    0x98, 0xe6, 0x78, 0xe6, 0xf5, 0xd5, 0x90, 0xb4, 0x8c, 0x9b, 0x12, 0xc5,
    0x77, 0xe6, 0x57, 0xe6, 0x57, 0xde, 0x57, 0xe6, 0x57, 0xe6, 0x57, 0xde,
    0x37, 0xde, 0xd9, 0xee, 0xb9, 0xe6, 0x78, 0xe6, 0xb9, 0xe6, 0xda, 0xee,
    0xda, 0xee, 0xd9, 0xee, 0xb9, 0xe6, 0xda, 0xee, 0x16, 0xde, 0x56, 0xde,
    0xd9, 0xee, 0xda, 0xee, 0x98, 0xe6, 0x78, 0xe6, 0x77, 0xe6, 0xd9, 0xee,
    0xd9, 0xe6, 0xda, 0xee, 0xd9, 0xee, 0x77, 0xe6, 0x78, 0xe6, 0xd9, 0xee,
    0xda, 0xee, 0xd9, 0xee, 0xfa, 0xee, 0xf9, 0xee, 0xfa, 0xee, 0xd9, 0xe6,
    0xda, 0xee, 0xd9, 0xee, 0xda, 0xe6, 0xfa, 0xee, 0xd9, 0xee, 0xda, 0xee,
    0xd9, 0xe6, 0xda, 0xee, 0xd9, 0xee, 0xda, 0xee, 0xda, 0xee, 0xda, 0xee,
    0xda, 0xe6, 0xd9, 0xee, 0xfa, 0xee, 0xda, 0xee, 0x57, 0xde, 0xd9, 0xee,
    0xda, 0xee, 0xda, 0xe6, 0xd9, 0xee, 0xda, 0xee, 0xb9, 0xe6, 0x57, 0xde,
    0x57, 0xde, 0x57, 0xe6, 0x57, 0xe6, 0xb9, 0xe6, 0xb9, 0xe6, 0x98, 0xe6,
    0xb9, 0xee, 0xda, 0xee, 0xba, 0xee, 0xb9, 0xe6, 0xf5, 0xd5, 0x94, 0xcd,
    0xb9, 0xee, 0xb9, 0xe6, 0x99, 0xe6, 0x16, 0xd6, 0x36, 0xde, 0x57, 0xe6,
    0x57, 0xde, 0x57, 0xde, 0x57, 0xe6, 0x78, 0xe6, 0x57, 0xe6, 0x57, 0xde,
    0x77, 0xe6, 0x57, 0xe6, 0x57, 0xde, 0x77, 0xde, 0x58, 0xe6, 0x37, 0xde,
    0x37, 0xde, 0x57, 0xde, 0x57, 0xe6, 0x57, 0xde, 0x78, 0xe6, 0x57, 0xde,
    0x57, 0xe6, 0x78, 0xde, 0x77, 0xde, 0x77, 0xe6, 0x58, 0xe6, 0x77, 0xde,
    0x77, 0xe6, 0x57, 0xde, 0x78, 0xe6, 0xb9, 0xe6, 0xb9, 0xe6, 0xb9, 0xe6,
    0xb9, 0xe6, 0xd1, 0xb4, 0xf6, 0xd5, 0x98, 0xe6, 0x57, 0xde, 0x57, 0xe6,
    0x57, 0xde, 0x57, 0xde, 0x57, 0xe6, 0x57, 0xde, 0x36, 0xde, 0x37, 0xde,
    0xf2, 0xb4, 0x90, 0xa4, 0xb1, 0xac, 0xb1, 0xac, 0xb6, 0xbd, 0x35, 0x9d,
    0x91, 0xa4, 0x91, 0xa4, 0xad, 0x83, 0xee, 0x93, 0xb1, 0xac, 0xf2, 0xb4,
    0xf1, 0xac, 0xf2, 0xb4, 0xf2, 0xb4, 0xf2, 0xb4, 0xf2, 0xb4, 0xf2, 0xb4,
    0xf1, 0xb4, 0xf2, 0xb4, 0xf2, 0xb4, 0xd2, 0xb4, 0xf1, 0xb4, 0xf1, 0xb4,
    0xd1, 0xb4, 0xf1, 0xb4, 0xf1, 0xb4, 0xf1, 0xb4, 0xf2, 0xbc, 0xf2, 0xbc,
    0xf2, 0xb4, 0x12, 0xb5, 0xf2, 0xb4, 0xf2, 0xbc, 0xf2, 0xbc, 0x11, 0xb5,
    0xd1, 0xb4, 0xb1, 0xb4, 0x4e, 0xac, 0x36, 0xde, 0x37, 0xde, 0x57, 0xe6,
    0x57, 0xde, 0x57, 0xde, 0x56, 0xde, 0xf5, 0xdd, 0x36, 0xde, 0x57, 0xde,
    0x37, 0xe6, 0x57, 0xde, 0x57, 0xde, 0x37, 0xe6, 0x57, 0xe6, 0x56, 0xde,
    0x37, 0xde, 0x57, 0xe6, 0x56, 0xde, 0x37, 0xde, 0x57, 0xe6, 0x57, 0xde,
    0x57, 0xde, 0x16, 0xde, 0x36, 0xde, 0x57, 0xde, 0x57, 0xe6, 0x57, 0xde,
    0x56, 0xde, 0x57, 0xe6, 0x57, 0xe6, 0x57, 0xde, 0xd5, 0xd5, 0x53, 0xc5,
    0x36, 0xde, 0x57, 0xde, 0x56, 0xe6, 0x37, 0xde, 0x57, 0xde, 0x56, 0xde,
    0x37, 0xe6, 0x37, 0xde, 0x56, 0xe6, 0xd9, 0xee, 0xda, 0xee, 0xb9, 0xe6,
    0xf5, 0xcd, 0xb0, 0xac, 0xb5, 0xcd, 0x57, 0xe6, 0x37, 0xde, 0x16, 0xde,
    0x36, 0xde, 0x36, 0xde, 0x37, 0xde, 0x37, 0xde, 0x36, 0xde, 0x36, 0xde,
    0x37, 0xde, 0x37, 0xde, 0x36, 0xde, 0x36, 0xde, 0x57, 0xe6, 0x57, 0xde,
    0x16, 0xde, 0x57, 0xde, 0x57, 0xde, 0x77, 0xe6, 0x78, 0xe6, 0x78, 0xe6,
    0x98, 0xe6, 0x98, 0xe6, 0x78, 0xe6, 0xf5, 0xd5, 0x98, 0xe6, 0x78, 0xe6,
    0x78, 0xe6, 0x77, 0xe6, 0x33, 0xbd, 0x2e, 0xac, 0x0e, 0xa4, 0xd1, 0xb4,
    0x57, 0xe6, 0x77, 0xe6, 0x77, 0xde, 0x57, 0xde, 0x77, 0xe6, 0x57, 0xe6,
    0x57, 0xde, 0xd9, 0xee, 0xb9, 0xe6, 0x78, 0xe6, 0xb9, 0xee, 0xda, 0xe6,
    0xd9, 0xee, 0xba, 0xe6, 0xd9, 0xee, 0xd9, 0xee, 0x36, 0xde, 0x16, 0xde,
    0xd9, 0xee, 0xda, 0xee, 0x57, 0xde, 0x78, 0xe6, 0x58, 0xde, 0xda, 0xe6,
    0xda, 0xee, 0xda, 0xee, 0x98, 0xe6, 0x78, 0xe6, 0xd9, 0xee, 0xda, 0xee,
    0xda, 0xe6, 0xd9, 0xee, 0xda, 0xe6, 0xda, 0xee, 0xda, 0xee, 0xd9, 0xe6,
    0xda, 0xee, 0xd9, 0xee, 0xd9, 0xee, 0xda, 0xee, 0xfa, 0xee, 0xda, 0xee,
    0xd9, 0xe6, 0xfa, 0xee, 0xda, 0xee, 0xd9, 0xee, 0xfa, 0xee, 0xda, 0xe6,
    0xda, 0xee, 0xfa, 0xee, 0xf9, 0xee, 0xda, 0xee, 0x78, 0xde, 0xd9, 0xee,
    0xda, 0xee, 0xda, 0xe6, 0xd9, 0xee, 0xb9, 0xe6, 0x57, 0xde, 0x37, 0xde,
    0x57, 0xe6, 0x57, 0xe6, 0x78, 0xde, 0xb9, 0xee, 0xd9, 0xee, 0x57, 0xde,
    0xb9, 0xe6, 0xda, 0xe6, 0xb9, 0xe6, 0x77, 0xe6, 0xb5, 0xcd, 0xd1, 0xb4,
    0x78, 0xe6, 0xb9, 0xe6, 0x78, 0xe6, 0xf6, 0xd5, 0x36, 0xde, 0x57, 0xe6,
    0x58, 0xde, 0x57, 0xe6, 0x78, 0xe6, 0x77, 0xe6, 0x57, 0xe6, 0x58, 0xde,
    0x57, 0xe6, 0x57, 0xde, 0x78, 0xe6, 0x77, 0xe6, 0x57, 0xde, 0x57, 0xde,
    0x57, 0xde, 0x57, 0xe6, 0x57, 0xe6, 0x57, 0xde, 0x77, 0xe6, 0x58, 0xe6,
    0x57, 0xde, 0x77, 0xe6, 0x58, 0xe6, 0x57, 0xde, 0x78, 0xe6, 0x78, 0xe6,
    0x57, 0xde, 0x78, 0xe6, 0x57, 0xde, 0x98, 0xe6, 0xb9, 0xee, 0xb9, 0xe6,
    0xb9, 0xee, 0xf1, 0xb4, 0x37, 0xde, 0x98, 0xe6, 0x57, 0xe6, 0x57, 0xde,
    0x57, 0xde, 0x57, 0xe6, 0x57, 0xde, 0x57, 0xde, 0xf6, 0xd5, 0x37, 0xde,
    0x12, 0xbd, 0x90, 0xac, 0xb1, 0xac, 0xd1, 0xac, 0x17, 0xc6, 0x35, 0x9d,
    0x91, 0xa4, 0x91, 0xa4, 0x70, 0x9c, 0xee, 0x8b, 0x30, 0x9c, 0x90, 0xa4,
    0xd1, 0xb4, 0xf2, 0xb4, 0xf1, 0xb4, 0xd1, 0xb4, 0xf2, 0xb4, 0xf2, 0xb4,
    0xd1, 0xb4, 0xf2, 0xb4, 0xd1, 0xb4, 0xd1, 0xb4, 0xf2, 0xb4, 0xf2, 0xb4,
    0xd1, 0xb4, 0xf2, 0xb4, 0xf2, 0xb4, 0xf1, 0xb4, 0xf1, 0xb4, 0xf2, 0xb4,
    0xf1, 0xbc, 0xf2, 0xb4, 0xf2, 0xb4, 0xf1, 0xb4, 0xf2, 0xb4, 0x11, 0xbd,
    0xd1, 0xb4, 0x90, 0xac, 0x53, 0xc5, 0x36, 0xde, 0x57, 0xde, 0x37, 0xde,
    0x37, 0xe6, 0x57, 0xde, 0x57, 0xde, 0x16, 0xde, 0x37, 0xde, 0x57, 0xe6,
    0x57, 0xde, 0x57, 0xe6, 0x36, 0xde, 0x57, 0xde, 0x57, 0xde, 0x56, 0xde,
    0x57, 0xe6, 0x37, 0xe6, 0x57, 0xde, 0x57, 0xe6, 0x57, 0xde, 0x57, 0xe6,
    0x57, 0xe6, 0x16, 0xde, 0x36, 0xde, 0x57, 0xe6, 0x37, 0xde, 0x56, 0xe6,
    0x57, 0xde, 0x37, 0xde, 0x57, 0xe6, 0x57, 0xe6, 0x15, 0xde, 0xb4, 0xd5,
    0x37, 0xde, 0x57, 0xde, 0x56, 0xe6, 0x37, 0xde, 0x36, 0xde, 0x57, 0xde,
    0x56, 0xde, 0x37, 0xde, 0x57, 0xe6, 0xd9, 0xee, 0xd9, 0xe6, 0xb9, 0xee,
    0x16, 0xde, 0x73, 0xcd, 0x57, 0xde, 0x57, 0xde, 0xd5, 0xd5, 0xd5, 0xd5,
    0x36, 0xde, 0x36, 0xde, 0x36, 0xde, 0x36, 0xde, 0x37, 0xde, 0x36, 0xde,
    0x57, 0xde, 0x36, 0xde, 0x37, 0xde, 0x37, 0xde, 0x36, 0xde, 0x16, 0xde,
    0x37, 0xde, 0x57, 0xde, 0x57, 0xe6, 0x57, 0xe6, 0x77, 0xe6, 0x78, 0xe6,
    0x77, 0xe6, 0x78, 0xe6, 0x98, 0xe6, 0xd5, 0xd5, 0x78, 0xe6, 0x78, 0xe6,
    0x77, 0xe6, 0xb5, 0xcd, 0x4f, 0xac, 0xd1, 0xc4, 0x0e, 0xa4, 0xd1, 0xb4,
    0x57, 0xe6, 0x77, 0xe6, 0x57, 0xe6, 0x58, 0xde, 0x57, 0xe6, 0x57, 0xde,
    0x77, 0xe6, 0xb9, 0xee, 0x78, 0xe6, 0x78, 0xe6, 0xd9, 0xee, 0xd9, 0xe6,
    0xda, 0xee, 0xda, 0xee, 0xda, 0xe6, 0x98, 0xe6, 0x57, 0xde, 0x94, 0xcd,
    0x99, 0xe6, 0xd9, 0xee, 0x77, 0xe6, 0x78, 0xe6, 0x98, 0xe6, 0xd9, 0xee,
    0xda, 0xee, 0xd9, 0xe6, 0x37, 0xde, 0xf6, 0xd5, 0xd9, 0xe6, 0xd9, 0xee,
    0xda, 0xee, 0xda, 0xee, 0xd9, 0xee, 0xda, 0xe6, 0xda, 0xee, 0xd9, 0xee,
    0xda, 0xee, 0xda, 0xe6, 0xd9, 0xee, 0xda, 0xee, 0xd9, 0xe6, 0xda, 0xee,
    0xda, 0xee, 0xf9, 0xee, 0xda, 0xee, 0xda, 0xee, 0xda, 0xee, 0xf9, 0xee,
    0xda, 0xee, 0xd9, 0xee, 0x78, 0xde, 0xd9, 0xe6, 0xb9, 0xee, 0xda, 0xe6,
    0xda, 0xee, 0xd9, 0xee, 0xb9, 0xe6, 0x57, 0xde, 0x37, 0xde, 0x57, 0xe6,
    0x57, 0xde, 0x58, 0xde, 0x77, 0xe6, 0x98, 0xe6, 0xda, 0xe6, 0x37, 0xde,
    0xb9, 0xe6, 0xd9, 0xee, 0xb9, 0xe6, 0x36, 0xde, 0x74, 0xc5, 0x0e, 0x94,
    0xf6, 0xd5, 0xb9, 0xe6, 0x78, 0xe6, 0xf5, 0xd5, 0x36, 0xde, 0x57, 0xde,
    0x57, 0xde, 0x57, 0xe6, 0x57, 0xde, 0x78, 0xde, 0x57, 0xde, 0x57, 0xe6,
    0x58, 0xe6, 0x57, 0xde, 0x57, 0xe6, 0x78, 0xe6, 0x57, 0xe6, 0x57, 0xde,
    0x57, 0xde, 0x57, 0xe6, 0x57, 0xde, 0x57, 0xde, 0x57, 0xe6, 0x78, 0xe6,
    0x77, 0xde, 0x57, 0xe6, 0x78, 0xe6, 0x57, 0xde, 0x77, 0xe6, 0x78, 0xe6,
    0x57, 0xde, 0x57, 0xe6, 0x57, 0xde, 0x99, 0xe6, 0xd9, 0xe6, 0xb9, 0xe6,
    0xb9, 0xe6, 0x33, 0xbd, 0x37, 0xde, 0x78, 0xe6, 0x57, 0xde, 0x57, 0xde,
    0x57, 0xe6, 0x58, 0xde, 0x57, 0xde, 0x37, 0xde, 0xd6, 0xd5, 0x16, 0xde,
    0x94, 0xc5, 0xd1, 0xac, 0xb1, 0xac, 0xd1, 0xac, 0x58, 0xce, 0x34, 0xa5,
    0x70, 0xa4, 0x91, 0xa4, 0x91, 0xa4, 0x91, 0xa4, 0x70, 0x9c, 0x2f, 0x9c,
    0x70, 0xa4, 0xb1, 0xac, 0xd1, 0xb4, 0xd1, 0xb4, 0xf1, 0xb4, 0xf2, 0xbc,
    0xf1, 0xb4, 0xf2, 0xb4, 0xd1, 0xb4, 0xd1, 0xb4, 0xf1, 0xb4, 0xf2, 0xb4,
    0xf2, 0xb4, 0xf1, 0xbc, 0xf2, 0xb4, 0xf2, 0xb4, 0xf1, 0xb4, 0xf1, 0xb4,
    0xf2, 0xb4, 0xf1, 0xbc, 0xf1, 0xbc, 0xf2, 0xb4, 0x12, 0xbd, 0xf1, 0xb4,
    0xd1, 0xb4, 0x2e, 0xa4, 0x37, 0xde, 0x36, 0xde, 0x36, 0xde, 0x57, 0xde,
    0x37, 0xe6, 0x57, 0xe6, 0xf5, 0xd5, 0xf5, 0xdd, 0x37, 0xde, 0x37, 0xde,
    0x57, 0xde, 0x57, 0xe6, 0x56, 0xe6, 0x57, 0xde, 0x57, 0xe6, 0x57, 0xe6,
    0x57, 0xe6, 0x56, 0xde, 0x37, 0xe6, 0x57, 0xe6, 0x57, 0xde, 0x57, 0xe6,
    0x57, 0xe6, 0x16, 0xde, 0x36, 0xde, 0x57, 0xe6, 0x57, 0xe6, 0x57, 0xde,
    0x57, 0xde, 0x57, 0xde, 0x56, 0xde, 0x57, 0xde, 0x57, 0xe6, 0x36, 0xde,
    0x36, 0xde, 0x57, 0xde, 0x37, 0xde, 0x56, 0xe6, 0x37, 0xe6, 0x37, 0xde,
    0x56, 0xde, 0x57, 0xde, 0x57, 0xde, 0xd9, 0xee, 0xb9, 0xe6, 0x57, 0xde,
    0x32, 0xbd, 0x94, 0xcd, 0x57, 0xe6, 0x57, 0xe6, 0x16, 0xde, 0xf5, 0xd5,
    0x36, 0xde, 0x37, 0xde, 0x37, 0xde, 0x36, 0xde, 0x37, 0xde, 0x37, 0xe6,
    0x36, 0xde, 0x37, 0xde, 0x57, 0xde, 0x57, 0xde, 0x36, 0xde, 0x16, 0xd6,
    0x37, 0xde, 0x57, 0xde, 0x57, 0xde, 0x77, 0xe6, 0x78, 0xe6, 0x78, 0xe6,
    0x78, 0xe6, 0x98, 0xe6, 0x56, 0xde, 0x77, 0xe6, 0x78, 0xe6, 0x77, 0xe6,
    0x77, 0xe6, 0x73, 0xc5, 0x2f, 0xac, 0x32, 0xcd, 0xb1, 0xbc, 0x73, 0xc5,
    0x57, 0xde, 0x57, 0xe6, 0x77, 0xe6, 0x77, 0xe6, 0x57, 0xe6, 0x57, 0xde,
    0x57, 0xe6, 0x78, 0xe6, 0x57, 0xde, 0x77, 0xe6, 0xd9, 0xee, 0xba, 0xe6,
    0xd9, 0xee, 0xda, 0xee, 0xb9, 0xe6, 0x16, 0xde, 0x37, 0xde, 0x32, 0xbd,
    0x78, 0xe6, 0x78, 0xe6, 0x77, 0xe6, 0x78, 0xe6, 0xb9, 0xee, 0xd9, 0xee,
    0xda, 0xe6, 0xb9, 0xee, 0x57, 0xde, 0x57, 0xde, 0xda, 0xee, 0xd9, 0xee,
    0xda, 0xe6, 0xda, 0xee, 0xd9, 0xee, 0xd9, 0xee, 0xda, 0xee, 0xfa, 0xee,
    0xd9, 0xee, 0xda, 0xee, 0xda, 0xe6, 0xd9, 0xee, 0xd9, 0xee, 0xda, 0xee,
    0xda, 0xee, 0xd9, 0xee, 0xfa, 0xee, 0xda, 0xee, 0xd9, 0xe6, 0xd9, 0xee,
    0x98, 0xe6, 0x98, 0xe6, 0xd5, 0xd5, 0xb9, 0xe6, 0xb9, 0xee, 0xd9, 0xee,
    0xd9, 0xee, 0xb9, 0xe6, 0x78, 0xe6, 0x57, 0xde, 0x57, 0xe6, 0x57, 0xe6,
    0x57, 0xde, 0x77, 0xe6, 0x57, 0xe6, 0x98, 0xe6, 0xb9, 0xe6, 0x57, 0xde,
    0xb9, 0xe6, 0xb9, 0xee, 0xb9, 0xee, 0x37, 0xde, 0x53, 0xbd, 0x8c, 0x8b,
    0x54, 0xc5, 0x98, 0xe6, 0x78, 0xe6, 0xd5, 0xd5, 0x16, 0xde, 0x58, 0xde,
    0x77, 0xe6, 0x57, 0xde, 0x57, 0xde, 0x78, 0xe6, 0x57, 0xde, 0x57, 0xe6,
    0x77, 0xe6, 0x57, 0xde, 0x57, 0xde, 0x57, 0xde, 0x57, 0xe6, 0x57, 0xe6,
    0x57, 0xe6, 0x57, 0xde, 0x58, 0xe6, 0x57, 0xde, 0x57, 0xde, 0x58, 0xe6,
    0x78, 0xe6, 0x77, 0xde, 0x78, 0xe6, 0x57, 0xe6, 0x78, 0xde, 0x78, 0xe6,
    0x57, 0xde, 0x77, 0xde, 0x57, 0xe6, 0x99, 0xe6, 0xba, 0xe6, 0xb9, 0xe6,
    0xb9, 0xe6, 0x74, 0xc5, 0x37, 0xde, 0x16, 0xde, 0x37, 0xde, 0x57, 0xde,
    0x57, 0xde, 0x57, 0xde, 0x57, 0xe6, 0x16, 0xd6, 0xb5, 0xcd, 0x36, 0xd6,
    0xd5, 0xcd, 0xf2, 0xb4, 0xb1, 0xac, 0xb1, 0xa4, 0x59, 0xce, 0x54, 0xb5,
    0x70, 0x9c, 0x90, 0xa4, 0x91, 0xa4, 0x91, 0xa4, 0x91, 0xa4, 0x90, 0xa4,
    0x2f, 0x9c, 0x50, 0x9c, 0x50, 0xa4, 0xb1, 0xac, 0xf2, 0xb4, 0xf2, 0xb4,
    0xf2, 0xb4, 0xf2, 0xb4, 0xd2, 0xb4, 0xf2, 0xb4, 0xd1, 0xb4, 0xf1, 0xb4,
    0xf2, 0xb4, 0xf1, 0xb4, 0xf1, 0xbc, 0xf2, 0xb4, 0xf2, 0xbc, 0xf1, 0xb4,
    0xf2, 0xb4, 0xf2, 0xb4, 0xf2, 0xb4, 0xf2, 0xbc, 0xf2, 0xb4, 0xd1, 0xb4,
    0x70, 0xac, 0xb0, 0xb4, 0x57, 0xde, 0x57, 0xe6, 0x36, 0xde, 0x37, 0xde,
    0x57, 0xde, 0x57, 0xde, 0x12, 0xbd, 0x73, 0xc5, 0x57, 0xe6, 0x37, 0xe6,
    0x57, 0xde, 0x57, 0xe6, 0x37, 0xde, 0x57, 0xe6, 0x57, 0xde, 0x57, 0xe6,
    0x57, 0xde, 0x57, 0xde, 0x57, 0xe6, 0x57, 0xe6, 0x37, 0xde, 0x57, 0xde,
    0x57, 0xde, 0x36, 0xde, 0x36, 0xde, 0x57, 0xe6, 0x57, 0xde, 0x37, 0xe6,
    0x56, 0xde, 0x57, 0xe6, 0x37, 0xe6, 0x36, 0xde, 0x36, 0xde, 0x57, 0xde,
    0x36, 0xde, 0x37, 0xde, 0x57, 0xde, 0x56, 0xde, 0x37, 0xde, 0x57, 0xe6,
    0x57, 0xe6, 0x57, 0xde, 0x36, 0xde, 0xd9, 0xee, 0xb9, 0xe6, 0xd5, 0xcd,
    0x0e, 0x9c, 0x73, 0xcd, 0x57, 0xde, 0x16, 0xd6, 0xf5, 0xd5, 0x36, 0xde,
    0x37, 0xde, 0x37, 0xde, 0x36, 0xde, 0x36, 0xde, 0x57, 0xde, 0x36, 0xde,
    0x36, 0xde, 0x37, 0xde, 0x37, 0xde, 0x36, 0xde, 0x36, 0xde, 0x36, 0xde,
    0x37, 0xde, 0x57, 0xde, 0x57, 0xe6, 0x78, 0xe6, 0x78, 0xe6, 0x77, 0xde,
    0x78, 0xe6, 0x98, 0xe6, 0x73, 0xcd, 0x78, 0xe6, 0x78, 0xe6, 0x78, 0xe6,
    0xd5, 0xcd, 0xee, 0x9b, 0x94, 0xd5, 0xb5, 0xd5, 0x94, 0xcd, 0x36, 0xde,
    0x77, 0xe6, 0x57, 0xe6, 0x77, 0xde, 0x77, 0xe6, 0x77, 0xe6, 0x57, 0xde,
    0x77, 0xe6, 0x77, 0xde, 0x57, 0xde, 0x77, 0xe6, 0xb9, 0xee, 0xda, 0xe6,
    0xd9, 0xee, 0xd9, 0xee, 0xb9, 0xe6, 0x16, 0xde, 0x57, 0xde, 0x12, 0xbd,
    0x78, 0xe6, 0x57, 0xde, 0x77, 0xe6, 0x78, 0xe6, 0xda, 0xee, 0xda, 0xee,
    0xb9, 0xe6, 0x78, 0xe6, 0x36, 0xde, 0x98, 0xe6, 0xda, 0xee, 0xd9, 0xee,
    0xda, 0xe6, 0xda, 0xee, 0xd9, 0xee, 0xda, 0xee, 0xda, 0xee, 0xda, 0xee,
    0xfa, 0xee, 0xd9, 0xee, 0xda, 0xee, 0xda, 0xe6, 0xda, 0xee, 0xd9, 0xee,
    0xfa, 0xee, 0xda, 0xee, 0xd9, 0xee, 0xfa, 0xee, 0x78, 0xde, 0x78, 0xe6,
    0x57, 0xde, 0x57, 0xde, 0xf6, 0xd5, 0x37, 0xde, 0xb9, 0xe6, 0xb9, 0xe6,
    0xb9, 0xe6, 0x99, 0xe6, 0x57, 0xe6, 0x57, 0xe6, 0x57, 0xde, 0x57, 0xde,
    0x77, 0xe6, 0x78, 0xe6, 0x57, 0xde, 0x98, 0xe6, 0xba, 0xee, 0x78, 0xe6,
    0xb9, 0xe6, 0xb9, 0xe6, 0x57, 0xde, 0x37, 0xde, 0x73, 0xc5, 0x8c, 0x8b,
    0x33, 0xbd, 0x98, 0xe6, 0x57, 0xde, 0xd5, 0xcd, 0x16, 0xd6, 0x57, 0xe6,
    0x58, 0xe6, 0x57, 0xde, 0x57, 0xe6, 0x57, 0xe6, 0x57, 0xde, 0x78, 0xde,
    0x57, 0xe6, 0x58, 0xe6, 0x77, 0xde, 0x57, 0xde, 0x58, 0xe6, 0x77, 0xe6,
    0x57, 0xde, 0x57, 0xe6, 0x57, 0xde, 0x57, 0xde, 0x37, 0xde, 0x77, 0xe6,
    0x57, 0xe6, 0x57, 0xde, 0x78, 0xe6, 0x77, 0xe6, 0x57, 0xde, 0x77, 0xe6,
    0x77, 0xe6, 0x78, 0xde, 0x57, 0xde, 0x78, 0xe6, 0xb9, 0xe6, 0xb9, 0xee,
    0xb9, 0xe6, 0x94, 0xc5, 0x37, 0xde, 0xd5, 0xd5, 0x57, 0xe6, 0x57, 0xde,
    0x37, 0xde, 0x37, 0xe6, 0x57, 0xde, 0xd5, 0xd5, 0xb5, 0xcd, 0x37, 0xde,
    0x16, 0xd6, 0x12, 0xb5, 0xb1, 0xac, 0x70, 0xa4, 0xd7, 0xbd, 0x54, 0xad,
    0x91, 0xa4, 0x70, 0x9c, 0x70, 0xa4, 0x90, 0xa4, 0x91, 0xa4, 0x90, 0xa4,
    0x70, 0x9c, 0x0e, 0x94, 0x2f, 0x9c, 0xd1, 0xac, 0x90, 0xac, 0x2e, 0x9c,
    0xb1, 0xac, 0xf1, 0xb4, 0xd1, 0xb4, 0xf2, 0xb4, 0xf2, 0xb4, 0xf1, 0xb4,
    0xf2, 0xbc, 0xf2, 0xb4, 0xf2, 0xb4, 0xf1, 0xb4, 0xf2, 0xb4, 0xf1, 0xbc,
    0xf1, 0xb4, 0xf2, 0xb4, 0xf2, 0xbc, 0x12, 0xb5, 0xf2, 0xb4, 0xb0, 0xb4,
    0xd1, 0xb4, 0xf6, 0xd5, 0x57, 0xde, 0x36, 0xde, 0x36, 0xde, 0x37, 0xde,
    0x57, 0xde, 0x57, 0xe6, 0x12, 0xbd, 0x74, 0xc5, 0x57, 0xde, 0x56, 0xe6,
    0x56, 0xde, 0x57, 0xde, 0x37, 0xe6, 0x57, 0xe6, 0x57, 0xde, 0x57, 0xde,
    0x57, 0xe6, 0x57, 0xe6, 0x57, 0xde, 0x57, 0xde, 0x57, 0xde, 0x57, 0xe6,
    0x57, 0xde, 0x36, 0xde, 0x37, 0xe6, 0x57, 0xe6, 0x57, 0xde, 0x57, 0xde,
    0x57, 0xe6, 0x57, 0xe6, 0x37, 0xde, 0x36, 0xde, 0xf5, 0xd5, 0x37, 0xde,
    0x56, 0xe6, 0x37, 0xde, 0x57, 0xe6, 0x36, 0xde, 0x57, 0xde, 0x57, 0xde,
    0x57, 0xe6, 0x37, 0xde, 0x36, 0xde, 0xba, 0xee, 0xb9, 0xee, 0xd5, 0xd5,
    0x6f, 0xac, 0x53, 0xc5, 0x57, 0xe6, 0xf5, 0xd5, 0xb5, 0xcd, 0x37, 0xde,
    0x37, 0xde, 0x36, 0xde, 0x36, 0xde, 0x37, 0xde, 0x37, 0xde, 0x36, 0xde,
    0x36, 0xde, 0x37, 0xde, 0x37, 0xde, 0x36, 0xde, 0x16, 0xde, 0x37, 0xde,
    0x57, 0xde, 0x57, 0xe6, 0x57, 0xe6, 0x78, 0xde, 0x77, 0xe6, 0x77, 0xe6,
    0x78, 0xde, 0x77, 0xe6, 0xd5, 0xd5, 0x77, 0xe6, 0x78, 0xe6, 0x57, 0xde,
    0x73, 0xc5, 0xd1, 0xbc, 0x57, 0xe6, 0xf6, 0xdd, 0xb4, 0xd5, 0x78, 0xe6,
    0x57, 0xe6, 0x77, 0xe6, 0x58, 0xe6, 0x57, 0xde, 0x57, 0xe6, 0x77, 0xe6,
    0x57, 0xe6, 0x57, 0xe6, 0x57, 0xe6, 0x78, 0xe6, 0xb9, 0xe6, 0xda, 0xee,
    0xda, 0xee, 0xb9, 0xe6, 0x57, 0xde, 0xf6, 0xd5, 0xf5, 0xd5, 0x12, 0xbd,
    0x57, 0xde, 0x77, 0xe6, 0x77, 0xe6, 0x78, 0xe6, 0xda, 0xee, 0xd9, 0xee,
    0xb9, 0xe6, 0x37, 0xde, 0xf5, 0xd5, 0xb9, 0xe6, 0xda, 0xee, 0xd9, 0xee,
    0xd9, 0xe6, 0xda, 0xe6, 0xd9, 0xee, 0xd9, 0xe6, 0xda, 0xee, 0xd9, 0xe6,
    0xda, 0xee, 0xfa, 0xee, 0xd9, 0xee, 0xda, 0xee, 0xf9, 0xee, 0xda, 0xee,
    0xda, 0xe6, 0xd9, 0xee, 0x98, 0xe6, 0x77, 0xe6, 0x57, 0xde, 0x57, 0xde,
    0x57, 0xe6, 0x57, 0xde, 0x37, 0xde, 0xd5, 0xcd, 0xda, 0xee, 0xda, 0xee,
    0x99, 0xe6, 0x78, 0xe6, 0x57, 0xde, 0x57, 0xde, 0x57, 0xe6, 0x57, 0xde,
    0x77, 0xe6, 0x58, 0xe6, 0x57, 0xde, 0x78, 0xe6, 0xb9, 0xe6, 0xb9, 0xe6,
    0xb9, 0xe6, 0xb9, 0xe6, 0x37, 0xde, 0x57, 0xe6, 0xd5, 0xcd, 0xee, 0x9b,
    0x53, 0xc5, 0x98, 0xe6, 0x78, 0xe6, 0xb5, 0xcd, 0x16, 0xd6, 0x57, 0xde,
    0x57, 0xe6, 0x57, 0xde, 0x78, 0xe6, 0x57, 0xe6, 0x57, 0xde, 0x77, 0xde,
    0x57, 0xde, 0x37, 0xde, 0x57, 0xe6, 0x78, 0xe6, 0x57, 0xde, 0x57, 0xde,
    0x57, 0xe6, 0x57, 0xde, 0x57, 0xe6, 0x57, 0xe6, 0x37, 0xde, 0x77, 0xde,
    0x78, 0xe6, 0x78, 0xe6, 0x77, 0xde, 0x78, 0xe6, 0x57, 0xe6, 0x78, 0xde,
    0x58, 0xe6, 0x57, 0xe6, 0x57, 0xde, 0x57, 0xde, 0x98, 0xe6, 0xb9, 0xe6,
    0x99, 0xe6, 0xd5, 0xd5, 0x37, 0xde, 0xb4, 0xcd, 0x57, 0xde, 0x57, 0xde,
    0x37, 0xde, 0x37, 0xde, 0x57, 0xde, 0xb5, 0xcd, 0x74, 0xc5, 0x37, 0xde,
    0x57, 0xde, 0x33, 0xbd, 0xb1, 0xac, 0x2f, 0x94, 0x76, 0xad, 0x35, 0xa5,
    0x71, 0xa4, 0x91, 0xa4, 0x90, 0xa4, 0x91, 0xa4, 0x91, 0xa4, 0x90, 0xa4,
    0xf2, 0xb4, 0x12, 0xb5, 0x90, 0xac, 0xb0, 0xac, 0xb1, 0xac, 0xb0, 0xac,
    0xf2, 0xb4, 0xd1, 0xb4, 0x2f, 0x9c, 0xed, 0x93, 0x4f, 0xa4, 0xd1, 0xb4,
    0xf1, 0xbc, 0x12, 0xbd, 0x12, 0xbd, 0xf2, 0xb4, 0xf2, 0xbc, 0xf2, 0xb4,
    0xd1, 0xb4, 0xd1, 0xb4, 0xd1, 0xb4, 0xf1, 0xb4, 0xd1, 0xb4, 0x6f, 0xac,
    0x2e, 0xa4, 0x57, 0xde, 0x37, 0xde, 0x56, 0xde, 0x57, 0xe6, 0x37, 0xe6,
    0x57, 0xe6, 0x93, 0xc5, 0xf1, 0xbc, 0xd5, 0xd5, 0x37, 0xde, 0x57, 0xe6,
    0x57, 0xe6, 0x56, 0xde, 0x57, 0xde, 0x57, 0xe6, 0x57, 0xe6, 0x56, 0xde,
    0x57, 0xe6, 0x57, 0xe6, 0x57, 0xe6, 0x57, 0xde, 0x57, 0xe6, 0x57, 0xe6,
    0x57, 0xe6, 0x37, 0xde, 0x57, 0xe6, 0x57, 0xe6, 0x57, 0xde, 0x57, 0xe6,
    0x57, 0xde, 0x37, 0xde, 0x57, 0xde, 0x16, 0xde, 0x94, 0xcd, 0x36, 0xde,
    0x57, 0xe6, 0x56, 0xde, 0x37, 0xde, 0x36, 0xe6, 0x56, 0xe6, 0x57, 0xde,
    0x57, 0xde, 0x56, 0xde, 0x16, 0xde, 0xd9, 0xe6, 0xd9, 0xee, 0x57, 0xe6,
    0x12, 0xbd, 0x53, 0xc5, 0x77, 0xe6, 0x57, 0xde, 0x16, 0xde, 0x36, 0xde,
    0x36, 0xde, 0x37, 0xde, 0x37, 0xde, 0x36, 0xde, 0x36, 0xde, 0x57, 0xde,
    0x36, 0xde, 0x36, 0xde, 0x36, 0xde, 0x16, 0xd6, 0x37, 0xde, 0x37, 0xde,
    0x57, 0xde, 0x57, 0xde, 0x57, 0xe6, 0x78, 0xe6, 0x77, 0xe6, 0x78, 0xe6,
    0x78, 0xe6, 0x56, 0xde, 0x57, 0xe6, 0x78, 0xe6, 0x78, 0xe6, 0xf6, 0xd5,
    0xee, 0x9b, 0xf5, 0xd5, 0xb9, 0xee, 0x74, 0xcd, 0x12, 0xbd, 0x57, 0xe6,
    0x57, 0xde, 0x77, 0xe6, 0x77, 0xde, 0x57, 0xe6, 0x57, 0xde, 0x77, 0xe6,
    0x57, 0xe6, 0x57, 0xe6, 0x57, 0xde, 0x77, 0xe6, 0x98, 0xe6, 0xda, 0xee,
    0xda, 0xee, 0xb9, 0xe6, 0xb5, 0xd5, 0xb4, 0xd5, 0x94, 0xcd, 0x73, 0xc5,
    0x37, 0xde, 0x77, 0xe6, 0x78, 0xe6, 0x57, 0xe6, 0xfa, 0xee, 0xd9, 0xe6,
    0x98, 0xe6, 0x78, 0xe6, 0x78, 0xe6, 0xd9, 0xee, 0xda, 0xee, 0xb9, 0xee,
    0xd9, 0xee, 0xda, 0xee, 0xda, 0xe6, 0xd9, 0xee, 0xda, 0xee, 0xda, 0xee,
    0xda, 0xee, 0xda, 0xe6, 0xda, 0xee, 0xda, 0xee, 0xda, 0xee, 0xfa, 0xee,
    0x98, 0xe6, 0x57, 0xde, 0x57, 0xde, 0x57, 0xde, 0x57, 0xe6, 0x57, 0xe6,
    0x57, 0xde, 0x57, 0xe6, 0x98, 0xee, 0x98, 0xe6, 0xd9, 0xe6, 0x98, 0xe6,
    0x78, 0xe6, 0x57, 0xe6, 0x57, 0xde, 0x57, 0xe6, 0x77, 0xe6, 0x57, 0xe6,
    0x78, 0xde, 0x77, 0xe6, 0x78, 0xe6, 0x78, 0xe6, 0xb9, 0xe6, 0xb9, 0xee,
    0xda, 0xee, 0xb9, 0xee, 0x37, 0xde, 0x37, 0xde, 0xd5, 0xd5, 0x0e, 0xa4,
    0xb1, 0xb4, 0x78, 0xe6, 0x77, 0xe6, 0x94, 0xcd, 0xf6, 0xd5, 0x57, 0xde,
    0x78, 0xe6, 0x78, 0xe6, 0x57, 0xde, 0x78, 0xe6, 0x57, 0xe6, 0x57, 0xe6,
    0x57, 0xde, 0x16, 0xde, 0x57, 0xde, 0x57, 0xe6, 0x78, 0xe6, 0x57, 0xe6,
    0x57, 0xe6, 0x57, 0xde, 0x57, 0xde, 0x58, 0xe6, 0x36, 0xde, 0x77, 0xde,
    0x78, 0xe6, 0x57, 0xe6, 0x57, 0xde, 0x78, 0xe6, 0x77, 0xe6, 0x57, 0xde,
    0x78, 0xde, 0x77, 0xe6, 0x57, 0xe6, 0x37, 0xde, 0x78, 0xe6, 0xb9, 0xe6,
    0x78, 0xde, 0x16, 0xde, 0x57, 0xde, 0xb4, 0xcd, 0x37, 0xde, 0x57, 0xde,
    0x57, 0xde, 0x37, 0xde, 0x57, 0xde, 0x94, 0xc5, 0x53, 0xc5, 0x57, 0xde,
    0x57, 0xe6, 0x33, 0xbd, 0xb1, 0xac, 0xce, 0x83, 0x35, 0xa5, 0x55, 0xad,
    0x70, 0xa4, 0x90, 0xa4, 0x91, 0xa4, 0x91, 0xa4, 0x90, 0xa4, 0x70, 0x9c,
    0x12, 0xb5, 0xb5, 0xcd, 0x94, 0xcd, 0xf2, 0xb4, 0x2f, 0x9c, 0x70, 0xa4,
    0xd1, 0xb4, 0xf2, 0xb4, 0xd1, 0xb4, 0xd1, 0xac, 0xd1, 0xb4, 0xd2, 0xb4,
    0xf2, 0xb4, 0xf2, 0xb4, 0x12, 0xbd, 0x12, 0xb5, 0x12, 0xbd, 0x12, 0xbd,
    0xf2, 0xb4, 0xf2, 0xb4, 0xf2, 0xb4, 0xf1, 0xbc, 0x90, 0xac, 0xb0, 0xb4,
    0xf1, 0xbc, 0x37, 0xde, 0x57, 0xe6, 0x57, 0xde, 0x37, 0xde, 0x57, 0xde,
    0x57, 0xde, 0x94, 0xcd, 0x73, 0xc5, 0x16, 0xde, 0x57, 0xe6, 0x37, 0xde,
    0x57, 0xe6, 0x57, 0xe6, 0x57, 0xe6, 0x56, 0xde, 0x57, 0xe6, 0x57, 0xde,
    0x57, 0xde, 0x57, 0xe6, 0x57, 0xde, 0x57, 0xe6, 0x57, 0xde, 0x57, 0xe6,
    0x57, 0xe6, 0x37, 0xde, 0x57, 0xde, 0x57, 0xe6, 0x57, 0xde, 0x57, 0xde,
    0x56, 0xe6, 0x57, 0xde, 0x57, 0xde, 0x16, 0xde, 0xd4, 0xd5, 0x37, 0xde,
    0x56, 0xde, 0x37, 0xe6, 0x57, 0xde, 0x57, 0xde, 0x57, 0xe6, 0x57, 0xde,
    0x57, 0xde, 0x57, 0xe6, 0xf5, 0xd5, 0xb9, 0xe6, 0x98, 0xe6, 0x73, 0xc5,
    0x32, 0xc5, 0xb4, 0xcd, 0xf6, 0xd5, 0xb4, 0xcd, 0x36, 0xde, 0x36, 0xde,
    0x36, 0xde, 0x37, 0xde, 0x37, 0xde, 0x36, 0xde, 0x36, 0xde, 0x37, 0xde,
    0x36, 0xde, 0x37, 0xde, 0x36, 0xde, 0xf6, 0xd5, 0x37, 0xde, 0x37, 0xde,
    0x57, 0xde, 0x37, 0xde, 0x57, 0xde, 0x78, 0xe6, 0x78, 0xe6, 0x77, 0xe6,
    0x77, 0xe6, 0x33, 0xc5, 0x77, 0xde, 0x78, 0xe6, 0x37, 0xde, 0xb0, 0xac,
    0x73, 0xcd, 0x99, 0xee, 0xd9, 0xee, 0x12, 0xbd, 0x90, 0xac, 0x57, 0xde,
    0x57, 0xe6, 0x77, 0xe6, 0x57, 0xe6, 0x77, 0xe6, 0x78, 0xe6, 0x57, 0xde,
    0x57, 0xde, 0x57, 0xde, 0x57, 0xe6, 0x57, 0xde, 0x78, 0xe6, 0xd9, 0xee,
    0xb9, 0xe6, 0x98, 0xe6, 0xf6, 0xd5, 0xb4, 0xcd, 0x73, 0xc5, 0xd5, 0xd5,
    0x57, 0xe6, 0x78, 0xe6, 0x78, 0xe6, 0x57, 0xde, 0xfa, 0xee, 0xd9, 0xee,
    0x57, 0xde, 0xd5, 0xd5, 0x78, 0xe6, 0xd9, 0xee, 0xda, 0xee, 0xda, 0xe6,
    0xd9, 0xee, 0xda, 0xee, 0xd9, 0xee, 0xd9, 0xee, 0xda, 0xee, 0xfa, 0xee,
    0xd9, 0xe6, 0xd9, 0xee, 0xfa, 0xee, 0xfa, 0xee, 0xd9, 0xe6, 0x98, 0xe6,
    0x57, 0xe6, 0x57, 0xe6, 0x57, 0xe6, 0x57, 0xde, 0x57, 0xe6, 0x57, 0xde,
    0x57, 0xde, 0x77, 0xe6, 0xd9, 0xee, 0xd9, 0xee, 0xb9, 0xee, 0x77, 0xde,
    0x57, 0xde, 0x57, 0xe6, 0x57, 0xe6, 0x57, 0xde, 0x57, 0xde, 0x78, 0xe6,
    0x57, 0xde, 0x57, 0xe6, 0x78, 0xe6, 0x98, 0xe6, 0xb9, 0xe6, 0x99, 0xe6,
    0xb9, 0xe6, 0x57, 0xde, 0x57, 0xde, 0xf5, 0xd5, 0x53, 0xc5, 0x6f, 0xb4,
    0x6f, 0xac, 0x37, 0xde, 0x57, 0xde, 0x73, 0xc5, 0xd5, 0xd5, 0x57, 0xde,
    0x57, 0xe6, 0x57, 0xde, 0x57, 0xde, 0x57, 0xde, 0x58, 0xe6, 0x57, 0xde,
    0x37, 0xde, 0x16, 0xd6, 0x57, 0xe6, 0x57, 0xde, 0x78, 0xde, 0x57, 0xe6,
    0x57, 0xe6, 0x58, 0xde, 0x57, 0xde, 0x78, 0xe6, 0x16, 0xd6, 0x57, 0xe6,
    0x57, 0xde, 0x77, 0xe6, 0x58, 0xe6, 0x77, 0xde, 0x57, 0xde, 0x57, 0xe6,
    0x78, 0xe6, 0x77, 0xde, 0x57, 0xde, 0x57, 0xde, 0x98, 0xe6, 0xb9, 0xe6,
    0x58, 0xde, 0x37, 0xde, 0x37, 0xde, 0xd5, 0xd5, 0x37, 0xde, 0x57, 0xde,
    0x37, 0xe6, 0x37, 0xde, 0x57, 0xde, 0x74, 0xc5, 0x53, 0xc5, 0x57, 0xde,
    0x57, 0xde, 0x33, 0xbd, 0xb1, 0xac, 0x2b, 0x73, 0x14, 0x9d, 0x55, 0xa5,
    0x91, 0xa4, 0x91, 0xa4, 0x91, 0xa4, 0x91, 0xa4, 0x70, 0xa4, 0x50, 0x9c,
    0xd2, 0xb4, 0x16, 0xd6, 0x16, 0xd6, 0xf6, 0xd5, 0xd1, 0xb4, 0xb0, 0xac,
    0x6f, 0xa4, 0x0e, 0x94, 0x12, 0xb5, 0xf2, 0xb4, 0x12, 0xb5, 0xf2, 0xb4,
    0xf1, 0xb4, 0xf2, 0xb4, 0xf2, 0xb4, 0xf2, 0xb4, 0xf2, 0xb4, 0xf2, 0xbc,
    0x12, 0xb5, 0x12, 0xbd, 0xf1, 0xb4, 0xd1, 0xb4, 0xed, 0x93, 0xb0, 0xb4,
    0x36, 0xe6, 0x57, 0xde, 0x57, 0xe6, 0x37, 0xde, 0x37, 0xde, 0x36, 0xde,
    0xb4, 0xcd, 0x12, 0xbd, 0xb4, 0xd5, 0x37, 0xe6, 0x57, 0xde, 0x57, 0xe6,
    0x57, 0xde, 0x57, 0xe6, 0x57, 0xe6, 0x57, 0xde, 0x57, 0xe6, 0x57, 0xe6,
    0x57, 0xde, 0x57, 0xe6, 0x57, 0xe6, 0x57, 0xde, 0x37, 0xde, 0x57, 0xe6,
    0x57, 0xe6, 0x57, 0xe6, 0x57, 0xe6, 0x57, 0xe6, 0x57, 0xde, 0x57, 0xde,
    0x57, 0xe6, 0x57, 0xde, 0x57, 0xe6, 0x36, 0xe6, 0x16, 0xde, 0x37, 0xde,
    0x56, 0xe6, 0x37, 0xde, 0x57, 0xde, 0x36, 0xe6, 0x57, 0xde, 0x37, 0xe6,
    0x57, 0xe6, 0x56, 0xe6, 0xf5, 0xd5, 0xda, 0xe6, 0xd5, 0xd5, 0xed, 0x9b,
    0x53, 0xc5, 0xf6, 0xd5, 0xf5, 0xd5, 0xb4, 0xd5, 0x37, 0xde, 0x36, 0xde,
    0x37, 0xde, 0x36, 0xde, 0x36, 0xde, 0x37, 0xde, 0x37, 0xde, 0x37, 0xde,
    0x36, 0xde, 0x37, 0xde, 0xd5, 0xd5, 0x16, 0xde, 0x36, 0xde, 0x36, 0xde,
    0x57, 0xde, 0x57, 0xe6, 0x78, 0xe6, 0x78, 0xe6, 0x78, 0xe6, 0x78, 0xde,
    0x77, 0xde, 0xb5, 0xd5, 0x57, 0xde, 0x57, 0xde, 0x36, 0xde, 0xb0, 0xb4,
    0xb9, 0xee, 0xba, 0xee, 0xda, 0xf6, 0x33, 0xbd, 0x90, 0xb4, 0x57, 0xe6,
    0x57, 0xde, 0x57, 0xe6, 0x57, 0xe6, 0x57, 0xde, 0x77, 0xe6, 0x77, 0xe6,
    0x77, 0xe6, 0x77, 0xde, 0x77, 0xe6, 0x57, 0xde, 0x78, 0xde, 0xda, 0xee,
    0xb9, 0xee, 0xf5, 0xd5, 0xb4, 0xcd, 0x94, 0xcd, 0x73, 0xc5, 0xd5, 0xd5,
    0x57, 0xe6, 0x77, 0xe6, 0x77, 0xe6, 0x98, 0xe6, 0xda, 0xee, 0x78, 0xe6,
    0x37, 0xde, 0xb4, 0xcd, 0x78, 0xe6, 0xd9, 0xee, 0xd9, 0xee, 0xda, 0xe6,
    0xd9, 0xe6, 0xba, 0xee, 0xd9, 0xe6, 0xda, 0xee, 0xda, 0xe6, 0xd9, 0xee,
    0xda, 0xee, 0xda, 0xee, 0xd9, 0xee, 0xb9, 0xe6, 0x57, 0xde, 0x57, 0xe6,
    0x57, 0xde, 0x57, 0xde, 0x57, 0xe6, 0x57, 0xe6, 0x57, 0xde, 0x57, 0xde,
    0x57, 0xe6, 0x57, 0xde, 0xb5, 0xcd, 0xb9, 0xe6, 0x58, 0xde, 0x78, 0xe6,
    0x57, 0xe6, 0x57, 0xde, 0x57, 0xde, 0x57, 0xe6, 0x57, 0xe6, 0x78, 0xde,
    0x57, 0xe6, 0x57, 0xde, 0x78, 0xde, 0x98, 0xe6, 0xd9, 0xee, 0x99, 0xe6,
    0xd9, 0xe6, 0x37, 0xde, 0x37, 0xde, 0x94, 0xcd, 0x2e, 0xa4, 0x12, 0xcd,
    0xf1, 0xbc, 0xb4, 0xcd, 0x58, 0xe6, 0x53, 0xc5, 0xd5, 0xcd, 0x57, 0xe6,
    0x57, 0xde, 0x57, 0xe6, 0x77, 0xe6, 0x78, 0xe6, 0x57, 0xde, 0x57, 0xde,
    0x37, 0xde, 0x16, 0xde, 0x77, 0xe6, 0x58, 0xe6, 0x57, 0xde, 0x77, 0xe6,
    0x57, 0xe6, 0x57, 0xde, 0x57, 0xe6, 0x77, 0xde, 0xf6, 0xd5, 0x57, 0xe6,
    0x78, 0xe6, 0x77, 0xde, 0x78, 0xe6, 0x77, 0xe6, 0x58, 0xe6, 0x57, 0xde,
    0x57, 0xe6, 0x57, 0xde, 0x57, 0xde, 0x57, 0xde, 0x99, 0xe6, 0xb9, 0xe6,
    0x58, 0xde, 0x57, 0xde, 0x37, 0xde, 0x16, 0xde, 0x37, 0xde, 0x57, 0xde,
    0x57, 0xde, 0x37, 0xde, 0x57, 0xde, 0x94, 0xcd, 0x74, 0xc5, 0x57, 0xde,
    0x57, 0xde, 0x12, 0xb5, 0x90, 0xac, 0xaa, 0x62, 0xf4, 0x94, 0x35, 0xa5,
    0x91, 0x9c, 0x91, 0x9c, 0x70, 0xa4, 0x90, 0xa4, 0x91, 0xa4, 0x4f, 0x9c,
    0xb1, 0xac, 0xf6, 0xd5, 0x16, 0xd6, 0x16, 0xd6, 0xf6, 0xd5, 0xf1, 0xb4,
    0xb1, 0xac, 0xd1, 0xac, 0xd2, 0xb4, 0x2f, 0x9c, 0xac, 0x8b, 0x70, 0xa4,
    0xf1, 0xb4, 0xd1, 0xb4, 0xf1, 0xb4, 0xf2, 0xb4, 0x12, 0xbd, 0xf1, 0xb4,
    0xd0, 0xb4, 0xb0, 0xac, 0xb0, 0xac, 0xd1, 0xb4, 0xf1, 0xbc, 0xac, 0x9b,
    0x37, 0xde, 0x56, 0xde, 0x36, 0xde, 0x56, 0xde, 0x36, 0xe6, 0x37, 0xde,
    0x94, 0xcd, 0xf1, 0xbc, 0xd5, 0xd5, 0x57, 0xe6, 0x37, 0xde, 0x37, 0xde,
    0x57, 0xe6, 0x57, 0xde, 0x57, 0xe6, 0x57, 0xe6, 0x57, 0xde, 0x57, 0xe6,
    0x57, 0xe6, 0x37, 0xde, 0x57, 0xe6, 0x57, 0xde, 0x57, 0xe6, 0x57, 0xe6,
    0x57, 0xde, 0x57, 0xe6, 0x57, 0xe6, 0x57, 0xe6, 0x57, 0xe6, 0x57, 0xe6,
    0x37, 0xde, 0x57, 0xe6, 0x57, 0xde, 0x57, 0xe6, 0x57, 0xe6, 0x56, 0xde,
    0x37, 0xe6, 0x57, 0xde, 0x57, 0xde, 0x57, 0xe6, 0x57, 0xde, 0x57, 0xde,
    0x37, 0xde, 0x56, 0xe6, 0xf5, 0xd5, 0xd9, 0xee, 0x94, 0xcd, 0xed, 0x9b,
    0x73, 0xc5, 0x57, 0xe6, 0x57, 0xe6, 0x36, 0xde, 0x37, 0xde, 0x36, 0xde,
    0x36, 0xde, 0x37, 0xde, 0x36, 0xde, 0x36, 0xde, 0x37, 0xde, 0x36, 0xde,
    0x36, 0xde, 0x36, 0xde, 0x36, 0xde, 0x36, 0xde, 0x37, 0xde, 0x36, 0xde,
    0x37, 0xde, 0x57, 0xe6, 0x98, 0xe6, 0x98, 0xe6, 0x98, 0xe6, 0x98, 0xe6,
    0x77, 0xe6, 0x57, 0xe6, 0x37, 0xde, 0x36, 0xde, 0x8c, 0x93, 0xb9, 0xee,
    0xda, 0xee, 0xda, 0xf6, 0xda, 0xf6, 0xd5, 0xd5, 0x53, 0xc5, 0x57, 0xde,
    0x57, 0xe6, 0x57, 0xde, 0x57, 0xe6, 0x57, 0xde, 0x77, 0xe6, 0x57, 0xe6,
    0x57, 0xde, 0x58, 0xe6, 0x78, 0xe6, 0x57, 0xde, 0x78, 0xe6, 0xd9, 0xee,
    0x98, 0xe6, 0xd5, 0xcd, 0x73, 0xcd, 0x94, 0xcd, 0x74, 0xc5, 0xf6, 0xd5,
    0x57, 0xe6, 0x78, 0xe6, 0x78, 0xe6, 0xb9, 0xe6, 0xf9, 0xee, 0x78, 0xe6,
    0x78, 0xe6, 0x57, 0xe6, 0x78, 0xe6, 0xd9, 0xe6, 0xd9, 0xee, 0xd9, 0xee,
    0xda, 0xee, 0xd9, 0xe6, 0xda, 0xee, 0xd9, 0xee, 0xda, 0xee, 0xda, 0xe6,
    0xfa, 0xee, 0xd9, 0xee, 0x98, 0xe6, 0x57, 0xe6, 0x57, 0xe6, 0x57, 0xde,
    0x57, 0xe6, 0x57, 0xe6, 0x77, 0xde, 0x57, 0xde, 0x77, 0xe6, 0x57, 0xe6,
    0x57, 0xe6, 0xf5, 0xd5, 0x74, 0xc5, 0xb9, 0xee, 0x77, 0xe6, 0x57, 0xde,
    0x57, 0xde, 0x57, 0xe6, 0x77, 0xde, 0x57, 0xe6, 0x57, 0xe6, 0x57, 0xde,
    0x78, 0xe6, 0x78, 0xe6, 0x77, 0xe6, 0x99, 0xe6, 0xd9, 0xee, 0xb9, 0xe6,
    0xb9, 0xee, 0x57, 0xe6, 0x37, 0xde, 0x73, 0xc5, 0x6c, 0x93, 0x73, 0xd5,
    0xb1, 0xbc, 0x12, 0xbd, 0x78, 0xe6, 0x53, 0xbd, 0xd5, 0xcd, 0x57, 0xe6,
    0x78, 0xde, 0x57, 0xde, 0x57, 0xe6, 0x57, 0xde, 0x57, 0xde, 0x77, 0xe6,
    0x57, 0xe6, 0x37, 0xde, 0x77, 0xe6, 0x78, 0xe6, 0x57, 0xde, 0x57, 0xde,
    0x57, 0xde, 0x57, 0xde, 0x58, 0xe6, 0x77, 0xe6, 0xf6, 0xd5, 0x57, 0xe6,
    0x77, 0xe6, 0x57, 0xde, 0x57, 0xde, 0x77, 0xe6, 0x78, 0xde, 0x57, 0xde,
    0x57, 0xe6, 0x57, 0xe6, 0x58, 0xe6, 0x57, 0xde, 0x58, 0xe6, 0x78, 0xe6,
    0x37, 0xde, 0x77, 0xe6, 0x57, 0xe6, 0x36, 0xde, 0x57, 0xde, 0x37, 0xde,
    0x37, 0xde, 0x57, 0xde, 0x57, 0xde, 0xb5, 0xcd, 0xb4, 0xcd, 0x57, 0xe6,
    0x57, 0xde, 0xb1, 0xac, 0x90, 0xa4, 0x69, 0x52, 0xd4, 0x94, 0x35, 0xa5,
    0x71, 0x9c, 0x90, 0xa4, 0x90, 0xa4, 0x91, 0x9c, 0x91, 0xa4, 0xb1, 0xa4,
    0x33, 0xbd, 0xb5, 0xcd, 0x16, 0xde, 0x16, 0xd6, 0x16, 0xd6, 0x37, 0xde,
    0xf2, 0xb4, 0xb1, 0xac, 0xb1, 0xac, 0xb1, 0xac, 0xb1, 0xac, 0xd1, 0xac,
    0xd1, 0xb4, 0x90, 0xac, 0x0e, 0x9c, 0xee, 0x93, 0xed, 0x93, 0xee, 0x9b,
    0x4f, 0xa4, 0x90, 0xac, 0xb1, 0xb4, 0x2f, 0xa4, 0x11, 0xbd, 0x6f, 0xac,
    0x37, 0xde, 0x37, 0xde, 0x57, 0xde, 0x37, 0xde, 0x37, 0xde, 0x16, 0xd6,
    0x53, 0xc5, 0x12, 0xb5, 0xd5, 0xcd, 0x37, 0xde, 0x57, 0xe6, 0x57, 0xe6,
    0x37, 0xde, 0x57, 0xe6, 0x57, 0xde, 0x57, 0xe6, 0x57, 0xde, 0x57, 0xe6,
    0x57, 0xe6, 0x57, 0xde, 0x57, 0xe6, 0x57, 0xe6, 0x57, 0xde, 0x57, 0xe6,
    0x57, 0xde, 0x57, 0xe6, 0x77, 0xe6, 0x57, 0xde, 0x57, 0xde, 0x57, 0xde,
    0x37, 0xde, 0x57, 0xde, 0x37, 0xe6, 0x36, 0xde, 0x36, 0xde, 0x37, 0xde,
    0x57, 0xe6, 0x56, 0xde, 0x57, 0xde, 0x37, 0xe6, 0x56, 0xde, 0x57, 0xde,
    0x57, 0xde, 0x57, 0xde, 0xd5, 0xd5, 0xb9, 0xe6, 0x16, 0xde, 0xf1, 0xb4,
    0x94, 0xcd, 0xf6, 0xd5, 0x73, 0xc5, 0x36, 0xde, 0x16, 0xde, 0x37, 0xde,
    0x36, 0xde, 0x37, 0xde, 0x36, 0xde, 0x37, 0xde, 0x36, 0xde, 0x37, 0xde,
    0x36, 0xde, 0x53, 0xc5, 0x36, 0xde, 0x36, 0xde, 0x37, 0xde, 0x36, 0xde,
    0x36, 0xde, 0x37, 0xde, 0x77, 0xe6, 0x77, 0xe6, 0x98, 0xe6, 0x77, 0xe6,
    0x12, 0xbd, 0x16, 0xde, 0x57, 0xde, 0x16, 0xde, 0x54, 0xcd, 0xda, 0xf6,
    0xda, 0xf6, 0xfa, 0xf6, 0xfa, 0xf6, 0x78, 0xe6, 0x16, 0xde, 0x57, 0xe6,
    0x77, 0xde, 0x57, 0xe6, 0x77, 0xe6, 0x78, 0xe6, 0x58, 0xde, 0x57, 0xe6,
    0x57, 0xde, 0x57, 0xe6, 0x57, 0xe6, 0x57, 0xe6, 0x77, 0xde, 0x99, 0xe6,
    0x57, 0xde, 0xf5, 0xd5, 0x74, 0xcd, 0x73, 0xc5, 0x53, 0xc5, 0xf6, 0xd5,
    0x77, 0xe6, 0x77, 0xe6, 0x57, 0xde, 0xda, 0xee, 0x78, 0xe6, 0x36, 0xde,
    0x32, 0xbd, 0x77, 0xe6, 0x98, 0xe6, 0xda, 0xe6, 0xb9, 0xee, 0xd9, 0xee,
    0xda, 0xe6, 0xd9, 0xee, 0xda, 0xee, 0xd9, 0xee, 0xd9, 0xee, 0xda, 0xee,
    0xd9, 0xe6, 0x37, 0xde, 0x57, 0xe6, 0x57, 0xe6, 0x77, 0xe6, 0x57, 0xde,
    0x57, 0xe6, 0x77, 0xe6, 0x57, 0xde, 0x57, 0xe6, 0x57, 0xde, 0x57, 0xde,
    0x57, 0xde, 0x16, 0xd6, 0xb9, 0xee, 0x37, 0xde, 0x57, 0xde, 0x57, 0xde,
    0x57, 0xe6, 0x57, 0xe6, 0x57, 0xde, 0x58, 0xde, 0x57, 0xe6, 0x57, 0xe6,
    0x77, 0xde, 0x77, 0xe6, 0x77, 0xe6, 0x99, 0xe6, 0xb9, 0xe6, 0xda, 0xee,
    0x16, 0xd6, 0x57, 0xde, 0x57, 0xe6, 0xd5, 0xd5, 0x0e, 0xa4, 0x33, 0xcd,
    0x0e, 0xa4, 0x91, 0xac, 0x98, 0xe6, 0x53, 0xbd, 0xd5, 0xcd, 0x57, 0xe6,
    0x57, 0xe6, 0x78, 0xde, 0x57, 0xe6, 0x57, 0xe6, 0x58, 0xde, 0x57, 0xe6,
    0x77, 0xe6, 0x57, 0xe6, 0x78, 0xe6, 0x77, 0xde, 0x58, 0xe6, 0x57, 0xe6,
    0x57, 0xe6, 0x57, 0xde, 0x57, 0xde, 0x58, 0xde, 0x16, 0xd6, 0x57, 0xe6,
    0x58, 0xde, 0x57, 0xde, 0x57, 0xe6, 0x58, 0xde, 0x57, 0xe6, 0x57, 0xde,
    0x58, 0xde, 0x77, 0xe6, 0x57, 0xde, 0x57, 0xde, 0x16, 0xde, 0x78, 0xde,
    0x77, 0xe6, 0x78, 0xe6, 0x57, 0xe6, 0x37, 0xde, 0x37, 0xde, 0x37, 0xde,
    0x56, 0xde, 0x37, 0xde, 0x57, 0xe6, 0x36, 0xde, 0x16, 0xde, 0x57, 0xde,
    0x57, 0xe6, 0x4f, 0x9c, 0x50, 0xa4, 0xca, 0x62, 0x14, 0x95, 0x55, 0xa5,
    0x71, 0xa4, 0x90, 0xa4, 0x91, 0xa4, 0x91, 0x9c, 0x91, 0xa4, 0x33, 0xb5,
    0xf6, 0xd5, 0xd5, 0xd5, 0x16, 0xd6, 0x16, 0xde, 0x16, 0xde, 0x16, 0xde,
    0x16, 0xd6, 0xd1, 0xb4, 0xb0, 0xac, 0xb1, 0xac, 0xd1, 0xac, 0xd1, 0xac,
    0xb1, 0xac, 0xb1, 0xac, 0xb1, 0xac, 0x90, 0xa4, 0x70, 0xa4, 0xb1, 0xac,
    0xb1, 0xac, 0xb1, 0xb4, 0xd1, 0xac, 0x6f, 0xac, 0xb0, 0xb4, 0x36, 0xe6,
    0x37, 0xde, 0x57, 0xde, 0x57, 0xe6, 0x37, 0xde, 0x36, 0xde, 0x94, 0xcd,
    0xd1, 0xb4, 0xd1, 0xb4, 0x94, 0xcd, 0x57, 0xde, 0x56, 0xde, 0x57, 0xe6,
    0x57, 0xe6, 0x57, 0xde, 0x57, 0xe6, 0x57, 0xe6, 0x57, 0xde, 0x57, 0xe6,
    0x57, 0xe6, 0x57, 0xde, 0x56, 0xe6, 0x57, 0xde, 0x57, 0xde, 0x57, 0xe6,
    0x57, 0xe6, 0x57, 0xe6, 0x77, 0xe6, 0x57, 0xe6, 0x57, 0xe6, 0x56, 0xde,
    0x57, 0xe6, 0x57, 0xde, 0x36, 0xde, 0xb4, 0xd5, 0x37, 0xde, 0x37, 0xe6,
    0x57, 0xde, 0x56, 0xe6, 0x57, 0xde, 0x37, 0xde, 0x56, 0xe6, 0x57, 0xe6,
    0x57, 0xe6, 0x57, 0xe6, 0xf6, 0xd5, 0xb9, 0xe6, 0x36, 0xde, 0x53, 0xc5,
    0x73, 0xc5, 0xf6, 0xdd, 0x74, 0xcd, 0x36, 0xde, 0x36, 0xde, 0x37, 0xde,
    0x36, 0xde, 0x36, 0xde, 0x17, 0xde, 0x36, 0xde, 0x37, 0xde, 0x36, 0xde,
    0x16, 0xde, 0x37, 0xde, 0x36, 0xde, 0x37, 0xde, 0x36, 0xde, 0x36, 0xde,
    0x36, 0xde, 0x57, 0xde, 0x78, 0xe6, 0x77, 0xe6, 0x78, 0xe6, 0x57, 0xde,
    0x94, 0xcd, 0x16, 0xde, 0x37, 0xde, 0xe9, 0x7a, 0xfa, 0xf6, 0xfa, 0xee,
    0xfa, 0xf6, 0xfa, 0xf6, 0xfa, 0xf6, 0xd9, 0xee, 0x77, 0xe6, 0x57, 0xe6,
    0x57, 0xe6, 0x57, 0xe6, 0x77, 0xde, 0x77, 0xe6, 0x57, 0xe6, 0x57, 0xde,
    0x77, 0xe6, 0x57, 0xde, 0x77, 0xe6, 0x57, 0xe6, 0x57, 0xde, 0x98, 0xe6,
    0xb4, 0xcd, 0x53, 0xc5, 0x94, 0xcd, 0x73, 0xc5, 0xf1, 0xb4, 0xf6, 0xd5,
    0x57, 0xe6, 0x78, 0xe6, 0x77, 0xe6, 0xd9, 0xee, 0x78, 0xe6, 0x57, 0xde,
    0xf6, 0xd5, 0x78, 0xe6, 0xb9, 0xee, 0xd9, 0xee, 0xd9, 0xee, 0xda, 0xe6,
    0xba, 0xee, 0xda, 0xee, 0xda, 0xee, 0xda, 0xe6, 0xd9, 0xe6, 0xd9, 0xee,
    0x57, 0xde, 0x57, 0xe6, 0x57, 0xde, 0x77, 0xde, 0x57, 0xde, 0x57, 0xe6,
    0x77, 0xde, 0x77, 0xe6, 0x77, 0xe6, 0x57, 0xde, 0x57, 0xde, 0x57, 0xe6,
    0x57, 0xde, 0x16, 0xd6, 0xb9, 0xee, 0x37, 0xde, 0x57, 0xde, 0x57, 0xe6,
    0x57, 0xde, 0x57, 0xe6, 0x57, 0xe6, 0x77, 0xe6, 0x58, 0xe6, 0x78, 0xde,
    0x57, 0xe6, 0x58, 0xe6, 0x57, 0xe6, 0x98, 0xe6, 0xb9, 0xe6, 0xda, 0xee,
    0x37, 0xde, 0x57, 0xde, 0x57, 0xe6, 0x36, 0xde, 0x12, 0xc5, 0x94, 0xd5,
    0xee, 0xa3, 0x90, 0xac, 0x98, 0xe6, 0x53, 0xc5, 0xd5, 0xd5, 0x57, 0xde,
    0x57, 0xe6, 0x58, 0xde, 0x57, 0xde, 0x57, 0xe6, 0x78, 0xde, 0x57, 0xde,
    0x57, 0xe6, 0x57, 0xe6, 0x58, 0xde, 0x77, 0xe6, 0x57, 0xe6, 0x58, 0xde,
    0x77, 0xe6, 0x57, 0xe6, 0x57, 0xde, 0x57, 0xde, 0x16, 0xde, 0x57, 0xde,
    0x77, 0xe6, 0x58, 0xe6, 0x78, 0xe6, 0x77, 0xe6, 0x57, 0xe6, 0x57, 0xe6,
    0x78, 0xde, 0x58, 0xe6, 0x57, 0xde, 0x57, 0xde, 0xd5, 0xcd, 0x57, 0xde,
    0x78, 0xe6, 0x78, 0xe6, 0x57, 0xe6, 0x37, 0xde, 0x57, 0xde, 0x57, 0xde,
    0x57, 0xe6, 0x57, 0xde, 0x57, 0xe6, 0x77, 0xe6, 0x57, 0xe6, 0x57, 0xde,
    0x77, 0xde, 0x2f, 0x9c, 0x50, 0x9c, 0xae, 0x73, 0x35, 0x9d, 0x76, 0xa5,
    0x91, 0x9c, 0x71, 0x9c, 0x90, 0xa4, 0x91, 0xa4, 0x91, 0xa4, 0x53, 0xbd,
    0x37, 0xde, 0x16, 0xd6, 0x16, 0xd6, 0x37, 0xde, 0x37, 0xde, 0x16, 0xd6,
    0x16, 0xd6, 0x16, 0xd6, 0xf2, 0xb4, 0xb0, 0xac, 0xb1, 0xac, 0xb1, 0xac,
    0xb0, 0xac, 0xb1, 0xac, 0x70, 0xa4, 0xb1, 0xac, 0xb1, 0xac, 0xb0, 0xac,
    0x90, 0xa4, 0x90, 0xac, 0x90, 0xac, 0x6f, 0xac, 0x0e, 0xa4, 0x16, 0xde,
    0x57, 0xde, 0x37, 0xde, 0x36, 0xde, 0x57, 0xe6, 0x16, 0xde, 0x73, 0xcd,
    0x12, 0xb5, 0xb1, 0xb4, 0x73, 0xcd, 0x37, 0xde, 0x57, 0xe6, 0x57, 0xe6,
    0x57, 0xde, 0x57, 0xe6, 0x57, 0xe6, 0x57, 0xe6, 0x57, 0xe6, 0x57, 0xde,
    0x57, 0xe6, 0x57, 0xe6, 0x57, 0xde, 0x37, 0xe6, 0x37, 0xde, 0x57, 0xde,
    0x57, 0xe6, 0x57, 0xe6, 0x57, 0xe6, 0x57, 0xe6, 0x36, 0xde, 0x56, 0xe6,
    0x57, 0xe6, 0x37, 0xe6, 0x16, 0xd6, 0x12, 0xbd, 0x57, 0xe6, 0x57, 0xe6,
    0x56, 0xde, 0x57, 0xde, 0x57, 0xe6, 0x57, 0xe6, 0x57, 0xe6, 0x57, 0xde,
    0x57, 0xe6, 0x56, 0xe6, 0x16, 0xd6, 0x37, 0xde, 0x53, 0xc5, 0x32, 0xc5,
    0x32, 0xbd, 0x16, 0xde, 0x36, 0xde, 0x37, 0xde, 0x36, 0xde, 0x36, 0xde,
    0x17, 0xde, 0x37, 0xde, 0x36, 0xde, 0x37, 0xde, 0x36, 0xde, 0x16, 0xde,
    0x53, 0xc5, 0x37, 0xde, 0x36, 0xde, 0x37, 0xde, 0x36, 0xde, 0x36, 0xde,
    0x37, 0xde, 0x57, 0xe6, 0x57, 0xde, 0x57, 0xde, 0x78, 0xe6, 0x57, 0xe6,
    0x57, 0xe6, 0x57, 0xde, 0x73, 0xc5, 0xfa, 0xf6, 0xfa, 0xf6, 0xfa, 0xf6,
    0xfa, 0xee, 0xfa, 0xf6, 0xb9, 0xee, 0x57, 0xe6, 0x57, 0xe6, 0x57, 0xe6,
    0x57, 0xe6, 0x77, 0xe6, 0x77, 0xe6, 0x77, 0xe6, 0x77, 0xe6, 0x77, 0xe6,
    0x57, 0xe6, 0x77, 0xe6, 0x57, 0xde, 0x57, 0xde, 0x37, 0xde, 0x57, 0xde,
    0xd5, 0xd5, 0x73, 0xc5, 0x74, 0xc5, 0x73, 0xc5, 0xb0, 0xac, 0xd5, 0xd5,
    0x78, 0xe6, 0x78, 0xe6, 0x77, 0xde, 0x78, 0xe6, 0x77, 0xe6, 0xf5, 0xd5,
    0x77, 0xe6, 0x98, 0xe6, 0xda, 0xee, 0xd9, 0xe6, 0xd9, 0xee, 0xda, 0xee,
    0xd9, 0xee, 0xd9, 0xee, 0xda, 0xee, 0xd9, 0xe6, 0x98, 0xe6, 0x57, 0xe6,
    0x57, 0xe6, 0x57, 0xde, 0x57, 0xe6, 0x77, 0xe6, 0x77, 0xe6, 0x57, 0xe6,
    0x57, 0xde, 0x57, 0xde, 0x57, 0xe6, 0x57, 0xe6, 0x57, 0xde, 0x57, 0xe6,
    0x57, 0xe6, 0x74, 0xc5, 0x57, 0xde, 0x57, 0xde, 0x57, 0xe6, 0x57, 0xde,
    0x57, 0xde, 0x57, 0xde, 0x57, 0xe6, 0x57, 0xe6, 0x57, 0xde, 0x77, 0xe6,
    0x57, 0xde, 0x78, 0xde, 0x77, 0xe6, 0x98, 0xee, 0xb9, 0xe6, 0x98, 0xe6,
    0x57, 0xe6, 0x57, 0xde, 0x16, 0xde, 0x16, 0xde, 0x16, 0xde, 0x37, 0xe6,
    0x4f, 0xb4, 0xb1, 0xb4, 0x78, 0xe6, 0x53, 0xc5, 0xd5, 0xcd, 0x57, 0xde,
    0x57, 0xe6, 0x57, 0xe6, 0x77, 0xde, 0x57, 0xe6, 0x57, 0xe6, 0x57, 0xde,
    0xf6, 0xd5, 0x57, 0xde, 0x57, 0xde, 0x58, 0xde, 0x57, 0xe6, 0x57, 0xde,
    0x57, 0xe6, 0x58, 0xde, 0x57, 0xde, 0x57, 0xe6, 0x16, 0xde, 0x57, 0xe6,
    0x78, 0xde, 0x57, 0xde, 0x77, 0xe6, 0x78, 0xde, 0x57, 0xde, 0x57, 0xe6,
    0x57, 0xe6, 0x57, 0xde, 0x57, 0xe6, 0x77, 0xe6, 0x74, 0xc5, 0x37, 0xde,
    0x78, 0xe6, 0x78, 0xe6, 0x57, 0xe6, 0x57, 0xde, 0x37, 0xde, 0x57, 0xde,
    0x57, 0xde, 0x37, 0xe6, 0x37, 0xde, 0x37, 0xde, 0x57, 0xde, 0x78, 0xe6,
    0x57, 0xde, 0x70, 0xa4, 0x90, 0xa4, 0x71, 0x8c, 0x35, 0x9d, 0x56, 0xa5,
    0x70, 0x9c, 0x91, 0xa4, 0x91, 0xa4, 0x91, 0xa4, 0x70, 0x9c, 0x12, 0xb5,
    0x16, 0xd6, 0x16, 0xd6, 0x37, 0xde, 0x36, 0xde, 0x17, 0xd6, 0x16, 0xd6,
    0x16, 0xde, 0x16, 0xd6, 0x16, 0xde, 0x70, 0xa4, 0xb0, 0xac, 0x91, 0xac,
    0x4f, 0xa4, 0xd1, 0xac, 0xd1, 0xac, 0xb1, 0xac, 0xb1, 0xac, 0x70, 0xa4,
    0x70, 0xa4, 0x90, 0xac, 0x2e, 0x9c, 0xd1, 0xb4, 0x6f, 0xac, 0x16, 0xde,
    0x37, 0xde, 0x57, 0xde, 0x57, 0xde, 0x57, 0xde, 0xd5, 0xd5, 0xd1, 0xac,
    0xf2, 0xb4, 0x90, 0xac, 0x73, 0xc5, 0x37, 0xde, 0x57, 0xde, 0x57, 0xe6,
    0x57, 0xde, 0x57, 0xe6, 0x57, 0xde, 0x57, 0xde, 0x57, 0xe6, 0x57, 0xde,
    0x57, 0xe6, 0x57, 0xe6, 0x57, 0xde, 0x37, 0xe6, 0x57, 0xe6, 0x57, 0xde,
    0x57, 0xde, 0x57, 0xde, 0x57, 0xe6, 0x57, 0xde, 0x57, 0xde, 0x57, 0xde,
    0x57, 0xde, 0x37, 0xde, 0xf5, 0xd5, 0xf1, 0xbc, 0x57, 0xde, 0x57, 0xde,
    0x37, 0xe6, 0x57, 0xe6, 0x36, 0xde, 0x57, 0xde, 0x57, 0xde, 0x57, 0xde,
    0x37, 0xde, 0x57, 0xe6, 0x36, 0xde, 0x94, 0xcd, 0xee, 0x9b, 0x32, 0xbd,
    0xf1, 0xbc, 0x73, 0xcd, 0x37, 0xde, 0x37, 0xde, 0x36, 0xde, 0x36, 0xde,
    0x37, 0xde, 0x36, 0xde, 0x37, 0xde, 0x37, 0xde, 0x36, 0xde, 0xf6, 0xd5,
    0x37, 0xde, 0x36, 0xde, 0x37, 0xde, 0x36, 0xde, 0x37, 0xde, 0x16, 0xde,
    0x16, 0xde, 0x57, 0xde, 0x57, 0xe6, 0x57, 0xde, 0x57, 0xde, 0x94, 0xcd,
    0x16, 0xde, 0xd5, 0xd5, 0x70, 0xa4, 0xda, 0xf6, 0xda, 0xf6, 0xfa, 0xf6,
    0xfa, 0xf6, 0xfa, 0xf6, 0x38, 0xde, 0xb5, 0xcd, 0x57, 0xe6, 0x57, 0xde,
    0x57, 0xde, 0x57, 0xe6, 0x58, 0xde, 0x78, 0xe6, 0x78, 0xe6, 0x58, 0xe6,
    0x77, 0xde, 0x78, 0xe6, 0x58, 0xe6, 0x57, 0xe6, 0x57, 0xe6, 0xf6, 0xd5,
    0x73, 0xc5, 0x94, 0xcd, 0x73, 0xc5, 0x73, 0xc5, 0xd1, 0xb4, 0xf6, 0xd5,
    0x77, 0xe6, 0x77, 0xe6, 0x78, 0xe6, 0x78, 0xe6, 0x57, 0xe6, 0x53, 0xc5,
    0x77, 0xe6, 0x78, 0xe6, 0xd9, 0xee, 0xda, 0xe6, 0xba, 0xe6, 0xd9, 0xee,
    0xda, 0xe6, 0xda, 0xee, 0xd9, 0xee, 0x77, 0xe6, 0x57, 0xe6, 0x57, 0xde,
    0x57, 0xe6, 0x57, 0xe6, 0x57, 0xde, 0x77, 0xe6, 0x57, 0xde, 0x57, 0xde,
    0x57, 0xe6, 0x57, 0xe6, 0x57, 0xde, 0x57, 0xe6, 0x57, 0xde, 0x57, 0xde,
    0x57, 0xde, 0x57, 0xde, 0x36, 0xde, 0x57, 0xe6, 0x57, 0xde, 0x57, 0xe6,
    0x57, 0xe6, 0x77, 0xde, 0x57, 0xe6, 0x57, 0xde, 0x57, 0xe6, 0x77, 0xe6,
    0x78, 0xe6, 0x57, 0xde, 0x77, 0xe6, 0xb9, 0xee, 0xb9, 0xee, 0x37, 0xde,
    0x57, 0xde, 0x57, 0xde, 0xd5, 0xd5, 0x33, 0xc5, 0xb9, 0xf6, 0x58, 0xe6,
    0xf2, 0xc4, 0x12, 0xbd, 0x36, 0xde, 0x94, 0xcd, 0xf5, 0xd5, 0x57, 0xde,
    0x58, 0xe6, 0x57, 0xe6, 0x58, 0xde, 0x57, 0xe6, 0x57, 0xde, 0x37, 0xde,
    0x53, 0xc5, 0x57, 0xde, 0x57, 0xe6, 0x57, 0xe6, 0x78, 0xe6, 0x57, 0xde,
    0x57, 0xde, 0x57, 0xe6, 0x58, 0xe6, 0x57, 0xde, 0x57, 0xde, 0x57, 0xe6,
    0x57, 0xde, 0x57, 0xde, 0x57, 0xe6, 0x77, 0xde, 0x58, 0xde, 0x57, 0xe6,
    0x77, 0xde, 0x58, 0xde, 0x57, 0xe6, 0x57, 0xde, 0x73, 0xc5, 0x37, 0xde,
    0x78, 0xe6, 0x98, 0xe6, 0x57, 0xe6, 0x36, 0xde, 0x37, 0xde, 0x57, 0xe6,
    0x57, 0xde, 0x57, 0xde, 0xf5, 0xd5, 0xd5, 0xcd, 0x57, 0xde, 0x77, 0xe6,
    0x37, 0xde, 0x90, 0xa4, 0x91, 0xa4, 0x34, 0xa5, 0x56, 0xa5, 0x35, 0x9d,
    0x91, 0xa4, 0x91, 0xa4, 0x91, 0x9c, 0x70, 0x9c, 0x2f, 0x9c, 0x70, 0xa4,
    0xf6, 0xd5, 0x16, 0xd6, 0x16, 0xde, 0x17, 0xd6, 0x16, 0xd6, 0x16, 0xde,
    0xf6, 0xd5, 0x53, 0xc5, 0x94, 0xcd, 0xf2, 0xb4, 0x90, 0xa4, 0xd1, 0xb4,
    0xf1, 0xb4, 0xb1, 0xac, 0xb1, 0xac, 0xb1, 0xac, 0xb0, 0xac, 0x70, 0xa4,
    0x70, 0xa4, 0x90, 0xa4, 0x90, 0xac, 0x90, 0xac, 0xd4, 0xd5, 0x36, 0xde,
    0x37, 0xde, 0x57, 0xe6, 0x57, 0xde, 0x36, 0xde, 0x94, 0xcd, 0xf2, 0xb4,
    0x12, 0xbd, 0xb0, 0xac, 0x53, 0xc5, 0x37, 0xde, 0x37, 0xe6, 0x57, 0xe6,
    0x57, 0xe6, 0x57, 0xe6, 0x57, 0xe6, 0x57, 0xe6, 0x57, 0xde, 0x57, 0xe6,
    0x37, 0xde, 0x57, 0xe6, 0x57, 0xde, 0x57, 0xde, 0x56, 0xe6, 0x37, 0xe6,
    0x57, 0xe6, 0x57, 0xde, 0x36, 0xde, 0x36, 0xde, 0x57, 0xe6, 0x57, 0xe6,
    0x57, 0xde, 0x57, 0xe6, 0x16, 0xde, 0x32, 0xc5, 0x36, 0xde, 0x56, 0xde,
    0x37, 0xe6, 0x37, 0xe6, 0x56, 0xde, 0x57, 0xde, 0x57, 0xe6, 0x57, 0xe6,
    0x56, 0xde, 0x57, 0xde, 0x37, 0xde, 0xd5, 0xd5, 0xac, 0x8b, 0x53, 0xc5,
    0x12, 0xbd, 0x32, 0xbd, 0x36, 0xde, 0x37, 0xde, 0x36, 0xde, 0x36, 0xde,
    0x37, 0xde, 0x36, 0xde, 0x37, 0xde, 0x37, 0xde, 0x16, 0xde, 0xd5, 0xd5,
    0x36, 0xde, 0x36, 0xde, 0x37, 0xde, 0x36, 0xde, 0x16, 0xde, 0xf6, 0xd5,
    0x16, 0xd6, 0x78, 0xe6, 0x57, 0xe6, 0x58, 0xe6, 0x57, 0xde, 0x73, 0xc5,
    0x16, 0xde, 0x90, 0xac, 0xd9, 0xf6, 0xda, 0xf6, 0xfa, 0xf6, 0xfb, 0xf6,
    0xfa, 0xf6, 0xfa, 0xf6, 0xf6, 0xd5, 0x33, 0xbd, 0x57, 0xe6, 0x57, 0xe6,
    0x77, 0xde, 0x77, 0xe6, 0x57, 0xe6, 0x77, 0xde, 0x77, 0xe6, 0x77, 0xe6,
    0x77, 0xe6, 0x58, 0xe6, 0x78, 0xe6, 0x77, 0xe6, 0x77, 0xe6, 0xf5, 0xd5,
    0x12, 0xbd, 0x73, 0xc5, 0x53, 0xc5, 0x53, 0xc5, 0x53, 0xc5, 0x17, 0xde,
    0x57, 0xe6, 0x78, 0xe6, 0x77, 0xde, 0x78, 0xe6, 0x36, 0xde, 0x57, 0xe6,
    0x57, 0xe6, 0x78, 0xe6, 0xb9, 0xee, 0xd9, 0xee, 0xd9, 0xee, 0xd9, 0xe6,
    0xda, 0xee, 0xd9, 0xee, 0x98, 0xe6, 0x57, 0xde, 0x57, 0xde, 0x57, 0xe6,
    0x57, 0xde, 0x77, 0xde, 0x57, 0xe6, 0x77, 0xe6, 0x57, 0xde, 0x57, 0xe6,
    0x77, 0xe6, 0x57, 0xe6, 0x77, 0xde, 0x57, 0xe6, 0x57, 0xe6, 0x57, 0xe6,
    0x36, 0xde, 0x37, 0xde, 0x57, 0xe6, 0x57, 0xe6, 0x57, 0xde, 0x57, 0xe6,
    0x57, 0xe6, 0x57, 0xde, 0x58, 0xde, 0x57, 0xe6, 0x57, 0xde, 0x57, 0xe6,
    0x58, 0xe6, 0x57, 0xde, 0x36, 0xde, 0xb9, 0xe6, 0x99, 0xe6, 0x57, 0xe6,
    0x57, 0xde, 0x37, 0xde, 0x94, 0xcd, 0xed, 0x9b, 0xda, 0xee, 0xb9, 0xee,
    0xb5, 0xd5, 0x53, 0xc5, 0xf6, 0xd5, 0xd5, 0xd5, 0xf6, 0xd5, 0x57, 0xe6,
    0x57, 0xde, 0x78, 0xe6, 0x57, 0xe6, 0x57, 0xde, 0x57, 0xde, 0x16, 0xde,
    0x53, 0xc5, 0x57, 0xe6, 0x58, 0xde, 0x77, 0xe6, 0x57, 0xde, 0x57, 0xde,
    0x57, 0xe6, 0x77, 0xde, 0x57, 0xe6, 0x57, 0xde, 0x57, 0xde, 0x57, 0xe6,
    0x58, 0xde, 0x57, 0xe6, 0x57, 0xe6, 0x78, 0xe6, 0x57, 0xe6, 0x57, 0xde,
    0x58, 0xe6, 0x77, 0xde, 0x57, 0xe6, 0x57, 0xde, 0xb4, 0xcd, 0x57, 0xde,
    0x78, 0xe6, 0x98, 0xe6, 0x57, 0xe6, 0x57, 0xde, 0x57, 0xde, 0x57, 0xde,
    0x57, 0xe6, 0x57, 0xde, 0xb4, 0xcd, 0x73, 0xc5, 0x57, 0xde, 0x57, 0xde,
    0x16, 0xd6, 0xd2, 0xac, 0xb1, 0xac, 0x55, 0xad, 0x36, 0x9d, 0x52, 0x7c,
    0xb1, 0xa4, 0x4f, 0x9c, 0x50, 0x9c, 0x50, 0x9c, 0x2f, 0x94, 0x90, 0xa4,
    0x16, 0xd6, 0x16, 0xd6, 0xd5, 0xd5, 0x94, 0xc5, 0x53, 0xc5, 0x94, 0xcd,
    0x53, 0xbd, 0x70, 0xa4, 0x12, 0xbd, 0x53, 0xc5, 0x53, 0xc5, 0xf2, 0xb4,
    0x12, 0xb5, 0x90, 0xac, 0xb1, 0xac, 0x90, 0xac, 0x70, 0xa4, 0x90, 0xa4,
    0x90, 0xac, 0x4f, 0xa4, 0xf2, 0xbc, 0x4f, 0xac, 0x16, 0xde, 0x37, 0xde,
    0x37, 0xde, 0x37, 0xde, 0x37, 0xde, 0xf5, 0xd5, 0xd1, 0xb4, 0xd1, 0xb4,
    0x32, 0xbd, 0xf1, 0xbc, 0x53, 0xc5, 0x37, 0xde, 0x57, 0xde, 0x57, 0xe6,
    0x57, 0xde, 0x57, 0xde, 0x57, 0xe6, 0x57, 0xe6, 0x57, 0xe6, 0x57, 0xde,
    0x57, 0xe6, 0x57, 0xe6, 0x37, 0xe6, 0x57, 0xde, 0x57, 0xde, 0x37, 0xe6,
    0x57, 0xe6, 0x37, 0xe6, 0xf5, 0xdd, 0x36, 0xde, 0x57, 0xe6, 0x37, 0xde,
    0x36, 0xe6, 0x57, 0xde, 0x16, 0xde, 0x94, 0xcd, 0x37, 0xde, 0x56, 0xe6,
    0x57, 0xde, 0x57, 0xde, 0x57, 0xe6, 0x57, 0xde, 0x57, 0xe6, 0x56, 0xde,
    0x57, 0xe6, 0x57, 0xde, 0x36, 0xde, 0x57, 0xe6, 0x6f, 0xa4, 0x53, 0xc5,
    0x53, 0xc5, 0xd5, 0xd5, 0x36, 0xde, 0x36, 0xde, 0x37, 0xde, 0x36, 0xde,
    0x37, 0xde, 0x37, 0xde, 0x36, 0xde, 0x36, 0xde, 0xd5, 0xd5, 0x16, 0xde,
    0x36, 0xde, 0x36, 0xde, 0x37, 0xde, 0x37, 0xde, 0x36, 0xde, 0x16, 0xde,
    0x57, 0xde, 0x57, 0xe6, 0x57, 0xde, 0x57, 0xde, 0x57, 0xe6, 0x16, 0xde,
    0x32, 0xbd, 0xb5, 0xcd, 0xda, 0xf6, 0xfa, 0xf6, 0xfa, 0xee, 0xfb, 0xf6,
    0xfb, 0xf6, 0xfa, 0xf6, 0xf6, 0xd5, 0x12, 0xbd, 0x57, 0xe6, 0x77, 0xe6,
    0x78, 0xe6, 0x57, 0xe6, 0x77, 0xe6, 0x78, 0xe6, 0x57, 0xe6, 0x77, 0xe6,
    0x77, 0xde, 0x78, 0xe6, 0x77, 0xe6, 0x78, 0xe6, 0x37, 0xde, 0x94, 0xcd,
    0x94, 0xcd, 0x73, 0xc5, 0x53, 0xc5, 0x73, 0xc5, 0xf5, 0xd5, 0x57, 0xe6,
    0x77, 0xe6, 0x57, 0xe6, 0x78, 0xe6, 0x77, 0xe6, 0x53, 0xc5, 0x57, 0xde,
    0x57, 0xde, 0x57, 0xde, 0xda, 0xee, 0xd9, 0xe6, 0xb9, 0xe6, 0xb9, 0xee,
    0xb9, 0xee, 0x99, 0xe6, 0x57, 0xe6, 0x57, 0xde, 0x57, 0xe6, 0x57, 0xe6,
    0x77, 0xde, 0x57, 0xe6, 0x57, 0xe6, 0x57, 0xde, 0x57, 0xe6, 0x57, 0xe6,
    0x57, 0xde, 0x57, 0xde, 0x57, 0xe6, 0x77, 0xde, 0x57, 0xe6, 0x57, 0xe6,
    0xb4, 0xcd, 0x36, 0xde, 0x57, 0xde, 0x57, 0xde, 0x57, 0xde, 0x57, 0xe6,
    0x57, 0xe6, 0x57, 0xde, 0x57, 0xe6, 0x77, 0xe6, 0x58, 0xde, 0x57, 0xde,
    0x57, 0xe6, 0x57, 0xe6, 0xb4, 0xcd, 0x98, 0xe6, 0x57, 0xde, 0x57, 0xde,
    0x57, 0xde, 0x37, 0xde, 0xd5, 0xd5, 0x70, 0xac, 0xfb, 0xf6, 0xda, 0xf6,
    0x16, 0xe6, 0x33, 0xcd, 0xf5, 0xd5, 0x16, 0xde, 0x16, 0xde, 0x57, 0xde,
    0x57, 0xe6, 0x57, 0xde, 0x57, 0xe6, 0x57, 0xde, 0x58, 0xe6, 0x57, 0xde,
    0xf6, 0xd5, 0x57, 0xe6, 0x57, 0xde, 0x58, 0xde, 0x57, 0xe6, 0x57, 0xde,
    0x57, 0xe6, 0x57, 0xde, 0x57, 0xde, 0x57, 0xe6, 0x57, 0xe6, 0x78, 0xde,
    0x57, 0xe6, 0x57, 0xde, 0x58, 0xde, 0x77, 0xe6, 0x77, 0xde, 0x78, 0xe6,
    0x77, 0xe6, 0x57, 0xe6, 0x57, 0xde, 0x57, 0xde, 0xb5, 0xcd, 0x57, 0xde,
    0x78, 0xe6, 0x78, 0xe6, 0x57, 0xde, 0x37, 0xde, 0x37, 0xde, 0x57, 0xe6,
    0x57, 0xde, 0x37, 0xde, 0xb4, 0xcd, 0x73, 0xc5, 0x57, 0xde, 0x57, 0xde,
    0xd5, 0xcd, 0x33, 0xbd, 0xb1, 0xac, 0x35, 0xa5, 0xb3, 0x8c, 0xec, 0x5a,
    0xb1, 0xac, 0x6f, 0xa4, 0xd1, 0xac, 0xf2, 0xb4, 0xf2, 0xb4, 0xf2, 0xb4,
    0xd5, 0xd5, 0xf5, 0xd5, 0x93, 0xcd, 0xf1, 0xb4, 0xd1, 0xac, 0x12, 0xbd,
    0x32, 0xbd, 0x33, 0xbd, 0x53, 0xbd, 0x53, 0xc5, 0x33, 0xbd, 0xf2, 0xb4,
    0xb0, 0xac, 0xb1, 0xac, 0x90, 0xa4, 0x70, 0xa4, 0x70, 0xa4, 0x90, 0xa4,
    0x90, 0xa4, 0x2f, 0xa4, 0x32, 0xbd, 0x2e, 0xa4, 0xf5, 0xd5, 0x37, 0xde,
    0x37, 0xde, 0x37, 0xde, 0x36, 0xde, 0xb4, 0xcd, 0xf1, 0xbc, 0xf1, 0xb4,
    0x53, 0xc5, 0xf1, 0xb4, 0x53, 0xc5, 0x37, 0xde, 0x57, 0xe6, 0x57, 0xe6,
    0x37, 0xde, 0x57, 0xe6, 0x57, 0xde, 0x57, 0xe6, 0x57, 0xe6, 0x57, 0xe6,
    0x57, 0xe6, 0x57, 0xde, 0x57, 0xe6, 0x57, 0xe6, 0x57, 0xde, 0x57, 0xde,
    0x57, 0xe6, 0x57, 0xde, 0xd5, 0xd5, 0x16, 0xde, 0x37, 0xde, 0x36, 0xde,
    0x57, 0xde, 0x57, 0xe6, 0x36, 0xde, 0x94, 0xcd, 0x37, 0xe6, 0x57, 0xe6,
    0x57, 0xde, 0x57, 0xde, 0x37, 0xde, 0x57, 0xe6, 0x36, 0xde, 0x57, 0xde,
    0x57, 0xe6, 0x37, 0xde, 0x16, 0xde, 0xb8, 0xee, 0x32, 0xc5, 0x32, 0xc5,
    0x52, 0xc5, 0x36, 0xde, 0x37, 0xde, 0x36, 0xde, 0x36, 0xde, 0x37, 0xde,
    0x36, 0xde, 0x37, 0xde, 0x37, 0xde, 0xd5, 0xd5, 0x16, 0xd6, 0x16, 0xde,
    0x36, 0xde, 0x36, 0xde, 0x37, 0xde, 0x37, 0xde, 0x16, 0xde, 0x36, 0xde,
    0x57, 0xe6, 0x57, 0xde, 0x57, 0xde, 0x57, 0xde, 0xb5, 0xd5, 0x36, 0xde,
    0xb1, 0xac, 0x99, 0xee, 0xfa, 0xf6, 0xfa, 0xf6, 0xfa, 0xf6, 0xfa, 0xf6,
    0xfa, 0xf6, 0xfb, 0xf6, 0x17, 0xde, 0x74, 0xc5, 0x57, 0xde, 0x77, 0xe6,
    0x57, 0xe6, 0x57, 0xe6, 0x77, 0xe6, 0x78, 0xde, 0x78, 0xe6, 0x57, 0xe6,
    0x78, 0xe6, 0x77, 0xe6, 0x77, 0xde, 0x78, 0xde, 0xb4, 0xcd, 0x70, 0xa4,
    0x74, 0xcd, 0x73, 0xc5, 0x53, 0xc5, 0x53, 0xc5, 0x16, 0xde, 0x57, 0xe6,
    0x57, 0xde, 0x57, 0xde, 0x78, 0xe6, 0x77, 0xe6, 0xb4, 0xcd, 0x57, 0xde,
    0x57, 0xde, 0x57, 0xe6, 0xda, 0xee, 0xb9, 0xe6, 0x78, 0xe6, 0x98, 0xe6,
    0x99, 0xe6, 0x77, 0xe6, 0x57, 0xde, 0x57, 0xe6, 0x57, 0xe6, 0x57, 0xde,
    0x57, 0xe6, 0x57, 0xde, 0x57, 0xe6, 0x77, 0xde, 0x57, 0xde, 0x57, 0xe6,
    0x77, 0xe6, 0x57, 0xe6, 0x57, 0xe6, 0x57, 0xde, 0x77, 0xe6, 0x77, 0xe6,
    0xd5, 0xd5, 0x37, 0xde, 0x57, 0xde, 0x57, 0xe6, 0x57, 0xe6, 0x57, 0xde,
    0x57, 0xe6, 0x57, 0xe6, 0x57, 0xde, 0x77, 0xe6, 0x57, 0xe6, 0x57, 0xde,
    0x77, 0xe6, 0x57, 0xe6, 0x53, 0xbd, 0x78, 0xe6, 0x37, 0xde, 0x37, 0xde,
    0x57, 0xe6, 0x57, 0xe6, 0x78, 0xe6, 0x58, 0xe6, 0xfb, 0xf6, 0xfa, 0xee,
    0x16, 0xe6, 0xf1, 0xbc, 0x53, 0xc5, 0xb4, 0xcd, 0xb4, 0xcd, 0xb4, 0xcd,
    0x94, 0xcd, 0xb4, 0xcd, 0xd5, 0xd5, 0x16, 0xde, 0x57, 0xde, 0x77, 0xe6,
    0x78, 0xe6, 0x78, 0xe6, 0x77, 0xe6, 0x57, 0xe6, 0x77, 0xe6, 0x58, 0xde,
    0x57, 0xe6, 0x57, 0xe6, 0x58, 0xde, 0x57, 0xe6, 0x57, 0xde, 0x57, 0xde,
    0x78, 0xe6, 0x77, 0xe6, 0x77, 0xde, 0x58, 0xe6, 0x57, 0xe6, 0x58, 0xde,
    0x77, 0xde, 0x57, 0xe6, 0x58, 0xde, 0xf6, 0xd5, 0x94, 0xcd, 0x57, 0xe6,
    0x98, 0xe6, 0x78, 0xe6, 0x36, 0xde, 0x57, 0xde, 0x57, 0xde, 0x57, 0xde,
    0x57, 0xde, 0x57, 0xde, 0xf6, 0xd5, 0xd5, 0xd5, 0x57, 0xde, 0x37, 0xde,
    0xb5, 0xcd, 0x74, 0xbd, 0x50, 0x9c, 0xf4, 0x94, 0x6e, 0x63, 0x0c, 0x63,
    0xd1, 0xb4, 0x12, 0xb5, 0x73, 0xc5, 0x94, 0xcd, 0x53, 0xc5, 0x12, 0xbd,
    0x53, 0xc5, 0x94, 0xcd, 0x73, 0xc5, 0x53, 0xbd, 0x53, 0xc5, 0x53, 0xc5,
    0x53, 0xc5, 0x33, 0xbd, 0x32, 0xbd, 0x12, 0xbd, 0xf1, 0xb4, 0x90, 0xac,
    0xb1, 0xac, 0x90, 0xa4, 0x90, 0xa4, 0x4f, 0xa4, 0x6f, 0xa4, 0x90, 0xa4,
    0xb1, 0xac, 0xd1, 0xb4, 0xf1, 0xb4, 0x12, 0xbd, 0x16, 0xde, 0x57, 0xde,
    0x37, 0xde, 0x37, 0xe6, 0x16, 0xd6, 0xf1, 0xbc, 0xf2, 0xbc, 0x53, 0xc5,
    0xd5, 0xd5, 0xd1, 0xb4, 0x53, 0xc5, 0x57, 0xe6, 0x56, 0xde, 0x57, 0xe6,
    0x57, 0xe6, 0x57, 0xe6, 0x37, 0xde, 0x57, 0xde, 0x57, 0xe6, 0x37, 0xde,
    0x57, 0xde, 0x57, 0xe6, 0x57, 0xe6, 0x57, 0xde, 0x37, 0xe6, 0x57, 0xe6,
    0x57, 0xde, 0x57, 0xe6, 0x94, 0xcd, 0x16, 0xde, 0x56, 0xde, 0x37, 0xde,
    0x57, 0xde, 0x37, 0xe6, 0x16, 0xde, 0x93, 0xcd, 0x57, 0xde, 0x57, 0xde,
    0x36, 0xe6, 0x57, 0xde, 0x57, 0xe6, 0x56, 0xde, 0x57, 0xde, 0x57, 0xe6,
    0x57, 0xde, 0x57, 0xde, 0xb4, 0xcd, 0x57, 0xe6, 0x53, 0xc5, 0x32, 0xbd,
    0xf1, 0xbc, 0x37, 0xde, 0x36, 0xde, 0x37, 0xde, 0x37, 0xde, 0x36, 0xde,
    0x37, 0xde, 0x36, 0xde, 0x37, 0xde, 0xd5, 0xd5, 0x16, 0xde, 0x36, 0xde,
    0x37, 0xde, 0x36, 0xde, 0x36, 0xde, 0x36, 0xde, 0xd5, 0xd5, 0x94, 0xc5,
    0x57, 0xde, 0x57, 0xe6, 0x57, 0xe6, 0x57, 0xde, 0x32, 0xbd, 0x70, 0xa4,
    0x57, 0xde, 0xda, 0xf6, 0xda, 0xf6, 0xfa, 0xee, 0xfb, 0xf6, 0xfa, 0xee,
    0xfa, 0xf6, 0xfa, 0xf6, 0x78, 0xe6, 0xf6, 0xd5, 0x57, 0xe6, 0x77, 0xde,
    0x57, 0xde, 0x57, 0xe6, 0x77, 0xe6, 0x77, 0xe6, 0x57, 0xe6, 0x78, 0xe6,
    0x77, 0xe6, 0x77, 0xe6, 0x57, 0xe6, 0x57, 0xde, 0x94, 0xc5, 0x6f, 0xa4,
    0x53, 0xc5, 0x74, 0xc5, 0x73, 0xc5, 0x12, 0xbd, 0xd5, 0xd5, 0x57, 0xde,
    0x57, 0xde, 0x57, 0xe6, 0x78, 0xe6, 0x94, 0xcd, 0x57, 0xe6, 0x57, 0xde,
    0x57, 0xe6, 0x78, 0xe6, 0xb9, 0xe6, 0x78, 0xe6, 0x57, 0xe6, 0x77, 0xe6,
    0x77, 0xe6, 0x57, 0xde, 0x57, 0xde, 0x57, 0xe6, 0x57, 0xde, 0x57, 0xde,
    0x77, 0xe6, 0x57, 0xe6, 0x57, 0xde, 0x57, 0xe6, 0x57, 0xe6, 0x77, 0xe6,
    0x57, 0xde, 0x57, 0xe6, 0x77, 0xde, 0x57, 0xe6, 0x57, 0xde, 0x16, 0xde,
    0x37, 0xde, 0x57, 0xe6, 0x57, 0xde, 0x57, 0xe6, 0x57, 0xde, 0x57, 0xe6,
    0x57, 0xde, 0x77, 0xe6, 0x57, 0xe6, 0x77, 0xde, 0x78, 0xe6, 0x78, 0xe6,
    0x77, 0xde, 0x57, 0xe6, 0xd5, 0xd5, 0x78, 0xe6, 0x37, 0xde, 0xd5, 0xd5,
    0x33, 0xbd, 0x12, 0xbd, 0x32, 0xbd, 0xb5, 0xcd, 0xb5, 0xcd, 0xb5, 0xcd,
    0x33, 0xc5, 0x4f, 0xac, 0x6f, 0xa4, 0xf1, 0xb4, 0xd1, 0xb4, 0x70, 0xac,
    0x4f, 0xa4, 0x6f, 0xa4, 0xb0, 0xb4, 0xf1, 0xbc, 0x73, 0xc5, 0xb4, 0xcd,
    0xf5, 0xd5, 0xd5, 0xcd, 0x94, 0xcd, 0xb5, 0xcd, 0xf6, 0xd5, 0x37, 0xde,
    0x57, 0xde, 0x57, 0xde, 0x57, 0xde, 0x37, 0xde, 0x57, 0xde, 0x57, 0xe6,
    0x78, 0xe6, 0x77, 0xe6, 0x77, 0xe6, 0x58, 0xde, 0x77, 0xe6, 0x57, 0xe6,
    0x78, 0xde, 0x77, 0xde, 0x57, 0xde, 0x94, 0xcd, 0x74, 0xc5, 0x57, 0xde,
    0x78, 0xe6, 0x77, 0xe6, 0x16, 0xde, 0x37, 0xde, 0x57, 0xe6, 0x57, 0xde,
    0x57, 0xde, 0x57, 0xe6, 0x57, 0xde, 0x37, 0xde, 0x57, 0xde, 0x37, 0xde,
    0x94, 0xcd, 0xb5, 0xc5, 0xae, 0x83, 0x8e, 0x6b, 0xec, 0x5a, 0xcb, 0x5a,
    0xf2, 0xb4, 0x12, 0xb5, 0x12, 0xb5, 0x12, 0xb5, 0x12, 0xb5, 0xd1, 0xac,
    0x32, 0xbd, 0x32, 0xbd, 0x13, 0xbd, 0x33, 0xbd, 0x33, 0xbd, 0x32, 0xbd,
    0x33, 0xbd, 0x32, 0xbd, 0x32, 0xbd, 0xf2, 0xb4, 0x90, 0xac, 0x90, 0xa4,
    0x70, 0xa4, 0x90, 0xac, 0xb1, 0xac, 0xf2, 0xb4, 0x70, 0xa4, 0x90, 0xa4,
    0x2f, 0x9c, 0xd1, 0xb4, 0xd1, 0xb4, 0xd5, 0xd5, 0x37, 0xde, 0x36, 0xde,
    0x37, 0xde, 0x36, 0xde, 0xf5, 0xd5, 0xb1, 0xb4, 0xd1, 0xb4, 0xb4, 0xcd,
    0xd5, 0xd5, 0xd1, 0xb4, 0x32, 0xbd, 0x37, 0xde, 0x57, 0xde, 0x57, 0xe6,
    0x57, 0xe6, 0x57, 0xde, 0x57, 0xe6, 0x57, 0xe6, 0x57, 0xde, 0x37, 0xe6,
    0x57, 0xe6, 0x57, 0xe6, 0x57, 0xde, 0x57, 0xe6, 0x57, 0xde, 0x37, 0xe6,
    0x57, 0xde, 0x57, 0xe6, 0x94, 0xcd, 0x16, 0xde, 0x57, 0xde, 0x37, 0xe6,
    0x37, 0xde, 0x36, 0xde, 0xd4, 0xd5, 0x73, 0xc5, 0x37, 0xde, 0x57, 0xde,
    0x56, 0xe6, 0x57, 0xe6, 0x37, 0xde, 0x57, 0xe6, 0x57, 0xde, 0x57, 0xe6,
    0x57, 0xe6, 0x57, 0xde, 0x94, 0xcd, 0x73, 0xc5, 0x32, 0xc5, 0x32, 0xbd,
    0xf2, 0xbc, 0x36, 0xde, 0x37, 0xde, 0x36, 0xde, 0x37, 0xde, 0x37, 0xde,
    0x37, 0xde, 0x36, 0xde, 0xd5, 0xd5, 0x16, 0xde, 0x36, 0xde, 0x37, 0xde,
    0x36, 0xde, 0x37, 0xde, 0x16, 0xde, 0xf6, 0xd5, 0xd5, 0xcd, 0x33, 0xbd,
    0x57, 0xde, 0x57, 0xde, 0x57, 0xe6, 0x57, 0xe6, 0xd5, 0xd5, 0x13, 0xbd,
    0x99, 0xe6, 0xfa, 0xf6, 0xfa, 0xf6, 0xfa, 0xf6, 0xfb, 0xf6, 0xfa, 0xf6,
    0xfb, 0xf6, 0xfa, 0xf6, 0xb9, 0xee, 0x57, 0xe6, 0x57, 0xe6, 0x57, 0xe6,
    0x77, 0xe6, 0x78, 0xe6, 0x78, 0xe6, 0x57, 0xe6, 0x57, 0xde, 0x77, 0xe6,
    0x78, 0xe6, 0x77, 0xe6, 0x77, 0xe6, 0xf5, 0xd5, 0x4f, 0xa4, 0xd1, 0xb4,
    0x73, 0xc5, 0x53, 0xc5, 0x73, 0xc5, 0xb1, 0xb4, 0x94, 0xcd, 0x37, 0xde,
    0x57, 0xde, 0x57, 0xe6, 0x77, 0xe6, 0x53, 0xc5, 0x57, 0xde, 0x57, 0xe6,
    0x78, 0xe6, 0x98, 0xe6, 0x78, 0xe6, 0x57, 0xde, 0x57, 0xe6, 0x57, 0xe6,
    0x57, 0xde, 0x57, 0xe6, 0x57, 0xe6, 0x57, 0xe6, 0x57, 0xde, 0x57, 0xde,
    0x57, 0xe6, 0x77, 0xde, 0x57, 0xe6, 0x57, 0xe6, 0x57, 0xde, 0x57, 0xde,
    0x57, 0xe6, 0x57, 0xde, 0x77, 0xe6, 0x57, 0xe6, 0x57, 0xe6, 0x73, 0xc5,
    0x36, 0xde, 0x57, 0xde, 0x57, 0xe6, 0x57, 0xde, 0x57, 0xde, 0x57, 0xe6,
    0x77, 0xe6, 0x77, 0xe6, 0x57, 0xe6, 0x57, 0xde, 0x78, 0xe6, 0x77, 0xe6,
    0x78, 0xe6, 0xb5, 0xcd, 0x12, 0xbd, 0x73, 0xc5, 0x73, 0xc5, 0x12, 0xbd,
    0x6f, 0xac, 0x2f, 0x9c, 0x6b, 0x83, 0xac, 0x8b, 0x2f, 0x9c, 0x12, 0xbd,
    0x73, 0xc5, 0x6f, 0xac, 0x90, 0xac, 0x94, 0xcd, 0x74, 0xcd, 0x53, 0xc5,
    0x32, 0xc5, 0x33, 0xbd, 0x53, 0xc5, 0x74, 0xc5, 0x94, 0xcd, 0xd1, 0xb4,
    0xd5, 0xd5, 0xd5, 0xd5, 0xb5, 0xcd, 0xb5, 0xcd, 0xf5, 0xd5, 0x36, 0xde,
    0x57, 0xde, 0x57, 0xde, 0x57, 0xe6, 0x16, 0xd6, 0x57, 0xde, 0x57, 0xe6,
    0x78, 0xde, 0x57, 0xde, 0x58, 0xe6, 0x77, 0xde, 0x77, 0xe6, 0x58, 0xde,
    0x57, 0xe6, 0x78, 0xe6, 0x77, 0xde, 0xb5, 0xcd, 0x74, 0xcd, 0x57, 0xde,
    0x78, 0xe6, 0x78, 0xe6, 0x16, 0xde, 0x37, 0xde, 0x57, 0xde, 0x57, 0xde,
    0x57, 0xe6, 0x37, 0xde, 0x16, 0xd6, 0x57, 0xde, 0x57, 0xde, 0x57, 0xde,
    0x94, 0xc5, 0xd5, 0xd5, 0x4c, 0x73, 0x8a, 0x52, 0xab, 0x52, 0xcb, 0x62,
    0x12, 0xb5, 0x12, 0xb5, 0xf2, 0xb4, 0xf2, 0xb4, 0xd1, 0xb4, 0xb1, 0xac,
    0x33, 0xbd, 0x32, 0xbd, 0x32, 0xbd, 0x33, 0xbd, 0x32, 0xbd, 0x32, 0xbd,
    0x12, 0xbd, 0x33, 0xbd, 0xd1, 0xb4, 0xb1, 0xac, 0x4f, 0xa4, 0xb1, 0xac,
    0xb0, 0xac, 0xf1, 0xb4, 0x33, 0xbd, 0xd1, 0xac, 0x90, 0xac, 0xb1, 0xac,
    0x2e, 0x9c, 0x32, 0xbd, 0x4f, 0xac, 0xd5, 0xd5, 0x37, 0xde, 0x36, 0xde,
    0x37, 0xde, 0x36, 0xde, 0x32, 0xbd, 0x12, 0xbd, 0x73, 0xc5, 0xd5, 0xcd,
    0xd5, 0xd5, 0xd0, 0xb4, 0x12, 0xbd, 0x37, 0xde, 0x57, 0xe6, 0x57, 0xe6,
    0x37, 0xde, 0x57, 0xde, 0x57, 0xde, 0x37, 0xe6, 0x57, 0xe6, 0x57, 0xde,
    0x57, 0xe6, 0x57, 0xe6, 0x57, 0xe6, 0x57, 0xde, 0x57, 0xe6, 0x57, 0xde,
    0x57, 0xde, 0x57, 0xde, 0xb4, 0xcd, 0x16, 0xde, 0x37, 0xde, 0x57, 0xde,
    0x57, 0xde, 0x36, 0xde, 0x53, 0xc5, 0x74, 0xcd, 0x57, 0xde, 0x57, 0xde,
    0x57, 0xde, 0x37, 0xde, 0x57, 0xe6, 0x57, 0xe6, 0x57, 0xde, 0x57, 0xde,
    0x57, 0xe6, 0x57, 0xde, 0xf5, 0xd5, 0x4f, 0xa4, 0x32, 0xc5, 0x12, 0xbd,
    0x33, 0xbd, 0x37, 0xde, 0x36, 0xde, 0x36, 0xde, 0x36, 0xde, 0x37, 0xde,
    0x36, 0xde, 0x16, 0xde, 0xf5, 0xd5, 0x16, 0xde, 0x36, 0xde, 0x36, 0xde,
    0x36, 0xde, 0x37, 0xde, 0x36, 0xde, 0x94, 0xcd, 0xd1, 0xac, 0xf5, 0xd5,
    0x37, 0xe6, 0x57, 0xde, 0x57, 0xde, 0x16, 0xde, 0xf2, 0xb4, 0x57, 0xe6,
    0xda, 0xf6, 0xda, 0xee, 0xfa, 0xf6, 0xfa, 0xf6, 0xfa, 0xf6, 0xfa, 0xee,
    0xfa, 0xf6, 0xfa, 0xf6, 0xd9, 0xf6, 0x77, 0xe6, 0x57, 0xe6, 0x57, 0xde,
    0x77, 0xe6, 0x58, 0xe6, 0x77, 0xe6, 0x57, 0xe6, 0x57, 0xde, 0x77, 0xe6,
    0x58, 0xe6, 0x57, 0xe6, 0x57, 0xde, 0xd5, 0xd5, 0x2f, 0xa4, 0x12, 0xbd,
    0x53, 0xc5, 0x73, 0xc5, 0x74, 0xc5, 0x12, 0xbd, 0x74, 0xc5, 0x36, 0xde,
    0x57, 0xe6, 0x77, 0xe6, 0x16, 0xde, 0x36, 0xde, 0x57, 0xe6, 0x77, 0xe6,
    0x77, 0xe6, 0x78, 0xe6, 0x57, 0xe6, 0x57, 0xde, 0x57, 0xde, 0x57, 0xde,
    0x57, 0xde, 0x57, 0xe6, 0x57, 0xde, 0x57, 0xe6, 0x57, 0xde, 0x57, 0xe6,
    0x57, 0xe6, 0x57, 0xde, 0x77, 0xe6, 0x57, 0xe6, 0x57, 0xde, 0x77, 0xe6,
    0x57, 0xe6, 0x57, 0xe6, 0x78, 0xde, 0x57, 0xe6, 0x57, 0xe6, 0xf5, 0xd5,
    0x36, 0xde, 0x57, 0xe6, 0x57, 0xde, 0x57, 0xe6, 0x77, 0xe6, 0x77, 0xde,
    0x57, 0xde, 0x58, 0xe6, 0x57, 0xde, 0x78, 0xe6, 0x77, 0xe6, 0x53, 0xc5,
    0x12, 0xbd, 0xb0, 0xac, 0x90, 0xac, 0xd1, 0xb4, 0x6f, 0xa4, 0x90, 0xac,
    0x74, 0xc5, 0x94, 0xcd, 0x4f, 0xa4, 0x74, 0xc5, 0xb5, 0xcd, 0x58, 0xde,
    0x78, 0xe6, 0xd1, 0xbc, 0xb1, 0xb4, 0x16, 0xde, 0x37, 0xde, 0x36, 0xde,
    0x37, 0xde, 0x57, 0xde, 0x57, 0xde, 0x57, 0xe6, 0x37, 0xde, 0xd1, 0xb4,
    0x57, 0xde, 0x57, 0xde, 0x57, 0xde, 0x57, 0xde, 0x57, 0xde, 0x57, 0xe6,
    0x57, 0xe6, 0x57, 0xde, 0x57, 0xe6, 0xd5, 0xd5, 0x57, 0xde, 0x57, 0xe6,
    0x57, 0xe6, 0x57, 0xde, 0x78, 0xe6, 0x57, 0xe6, 0x58, 0xde, 0x77, 0xde,
    0x57, 0xe6, 0x57, 0xe6, 0x57, 0xde, 0xd5, 0xd5, 0x33, 0xc5, 0x36, 0xde,
    0x78, 0xe6, 0x77, 0xe6, 0xf6, 0xd5, 0x36, 0xde, 0x37, 0xde, 0x57, 0xe6,
    0x57, 0xde, 0xf6, 0xd5, 0x94, 0xcd, 0x57, 0xde, 0x57, 0xde, 0x37, 0xde,
    0x74, 0xc5, 0xf6, 0xd5, 0x4c, 0x73, 0xab, 0x5a, 0xab, 0x5a, 0xeb, 0x5a,
    0x91, 0xac, 0xb1, 0xac, 0xf2, 0xb4, 0xd1, 0xb4, 0xb0, 0xac, 0xf2, 0xb4,
    0x32, 0xbd, 0x33, 0xbd, 0x13, 0xbd, 0x32, 0xbd, 0x32, 0xbd, 0x12, 0xbd,
    0x33, 0xbd, 0xf2, 0xbc, 0x70, 0xa4, 0xd1, 0xac, 0x70, 0xa4, 0xb1, 0xac,
    0xf2, 0xb4, 0x95, 0xcd, 0x74, 0xc5, 0x90, 0xa4, 0x91, 0xac, 0xb1, 0xac,
    0xb1, 0xac, 0x53, 0xc5, 0x0e, 0xa4, 0xd5, 0xcd, 0x37, 0xde, 0x36, 0xde,
    0x37, 0xde, 0x36, 0xde, 0xd1, 0xb4, 0xb1, 0xb4, 0xf5, 0xd5, 0xd5, 0xd5,
    0xd5, 0xd5, 0xb0, 0xb4, 0x12, 0xbd, 0x57, 0xde, 0x37, 0xe6, 0x57, 0xde,
    0x57, 0xe6, 0x57, 0xe6, 0x37, 0xde, 0x37, 0xde, 0x57, 0xe6, 0x57, 0xde,
    0x57, 0xde, 0x57, 0xe6, 0x37, 0xde, 0x57, 0xde, 0x57, 0xe6, 0x57, 0xe6,
    0x57, 0xde, 0x57, 0xe6, 0xd5, 0xd5, 0x36, 0xde, 0x57, 0xde, 0x57, 0xde,
    0x57, 0xe6, 0x16, 0xde, 0x11, 0xbd, 0x94, 0xcd, 0x57, 0xde, 0x57, 0xe6,
    0x37, 0xde, 0x57, 0xde, 0x57, 0xe6, 0x57, 0xde, 0x57, 0xe6, 0x57, 0xde,
    0x57, 0xe6, 0x57, 0xe6, 0x57, 0xde, 0xcd, 0x9b, 0x33, 0xc5, 0xf1, 0xb4,
    0xb4, 0xcd, 0x37, 0xde, 0x37, 0xde, 0x36, 0xde, 0x37, 0xde, 0x36, 0xde,
    0x36, 0xde, 0xf6, 0xd5, 0x16, 0xde, 0x36, 0xde, 0x37, 0xde, 0x36, 0xde,
    0x16, 0xde, 0x16, 0xde, 0xb5, 0xcd, 0x73, 0xc5, 0xee, 0x93, 0x37, 0xe6,
    0x57, 0xde, 0x57, 0xde, 0x57, 0xde, 0xd1, 0xb4, 0x53, 0xc5, 0x99, 0xe6,
    0xda, 0xf6, 0xda, 0xf6, 0xda, 0xee, 0xfa, 0xf6, 0xfa, 0xf6, 0xfb, 0xf6,
    0xfa, 0xf6, 0xda, 0xf6, 0x98, 0xee, 0x57, 0xe6, 0x57, 0xe6, 0x57, 0xde,
    0x77, 0xde, 0x58, 0xe6, 0x57, 0xe6, 0x77, 0xde, 0x77, 0xe6, 0x77, 0xe6,
    0x78, 0xe6, 0x78, 0xde, 0x37, 0xde, 0x94, 0xcd, 0xf1, 0xbc, 0x33, 0xbd,
    0x53, 0xc5, 0x53, 0xc5, 0x73, 0xc5, 0xd5, 0xd5, 0xd5, 0xd5, 0x36, 0xde,
    0x57, 0xde, 0x57, 0xde, 0x12, 0xbd, 0x57, 0xe6, 0x57, 0xde, 0x78, 0xe6,
    0x57, 0xde, 0x57, 0xe6, 0x77, 0xe6, 0x57, 0xe6, 0x57, 0xe6, 0x77, 0xe6,
    0x57, 0xde, 0x57, 0xe6, 0x57, 0xe6, 0x57, 0xde, 0x57, 0xde, 0x77, 0xe6,
    0x57, 0xe6, 0x57, 0xde, 0x57, 0xe6, 0x57, 0xe6, 0x57, 0xde, 0x77, 0xe6,
    0x77, 0xe6, 0x77, 0xde, 0x78, 0xe6, 0x57, 0xde, 0x36, 0xde, 0x37, 0xde,
    0x57, 0xe6, 0x57, 0xe6, 0x57, 0xde, 0x57, 0xe6, 0x57, 0xe6, 0x77, 0xe6,
    0x57, 0xde, 0x57, 0xe6, 0x57, 0xe6, 0xb4, 0xcd, 0x12, 0xbd, 0xf1, 0xb4,
    0x6f, 0xac, 0xcd, 0x93, 0x32, 0xbd, 0xf6, 0xd5, 0xb5, 0xcd, 0xb4, 0xcd,
    0x36, 0xde, 0x37, 0xe6, 0x58, 0xe6, 0xda, 0xee, 0xda, 0xf6, 0xfa, 0xf6,
    0xb9, 0xee, 0xf2, 0xbc, 0x90, 0xac, 0x16, 0xde, 0x56, 0xe6, 0x37, 0xde,
    0x57, 0xde, 0x57, 0xe6, 0x57, 0xe6, 0x77, 0xde, 0x37, 0xde, 0xb5, 0xd5,
    0x57, 0xde, 0x57, 0xde, 0x57, 0xe6, 0x57, 0xe6, 0x57, 0xde, 0x57, 0xe6,
    0x57, 0xde, 0x57, 0xde, 0x57, 0xe6, 0xd5, 0xd5, 0x37, 0xde, 0x78, 0xde,
    0x57, 0xe6, 0x77, 0xe6, 0x78, 0xde, 0x57, 0xe6, 0x77, 0xe6, 0x78, 0xe6,
    0x77, 0xde, 0x57, 0xde, 0xd5, 0xd5, 0x94, 0xcd, 0x94, 0xcd, 0x37, 0xde,
    0x78, 0xe6, 0x77, 0xde, 0xf5, 0xd5, 0x16, 0xde, 0x57, 0xde, 0x57, 0xde,
    0x57, 0xe6, 0xf6, 0xd5, 0x94, 0xc5, 0x57, 0xde, 0x57, 0xe6, 0x37, 0xde,
    0xd5, 0xd5, 0x16, 0xd6, 0x4c, 0x7b, 0xab, 0x5a, 0xaa, 0x52, 0xeb, 0x62,
    0x90, 0xa4, 0xb1, 0xa4, 0xb1, 0xac, 0xd1, 0xb4, 0x90, 0xa4, 0x33, 0xbd,
    0x33, 0xc5, 0x32, 0xbd, 0x32, 0xbd, 0x12, 0xbd, 0x12, 0xbd, 0xb1, 0xac,
    0xb1, 0xb4, 0xb1, 0xac, 0xb0, 0xac, 0xd1, 0xac, 0xb1, 0xac, 0xf2, 0xb4,
    0xb5, 0xcd, 0xd5, 0xcd, 0x33, 0xbd, 0x90, 0xa4, 0x90, 0xa4, 0x4f, 0x9c,
    0xb0, 0xb4, 0x53, 0xc5, 0x32, 0xc5, 0x16, 0xd6, 0x36, 0xde, 0x57, 0xe6,
    0x57, 0xde, 0x74, 0xc5, 0x12, 0xbd, 0x94, 0xcd, 0xd5, 0xd5, 0xf5, 0xd5,
    0xf5, 0xd5, 0xd1, 0xb4, 0x32, 0xbd, 0x37, 0xe6, 0x57, 0xde, 0x57, 0xe6,
    0x57, 0xe6, 0x57, 0xde, 0x57, 0xe6, 0x57, 0xde, 0x57, 0xe6, 0x37, 0xe6,
    0x57, 0xe6, 0x57, 0xe6, 0x57, 0xe6, 0x57, 0xde, 0x37, 0xe6, 0x57, 0xe6,
    0x57, 0xe6, 0x57, 0xe6, 0x16, 0xde, 0x37, 0xde, 0x37, 0xe6, 0x57, 0xde,
    0x37, 0xde, 0x16, 0xde, 0xb0, 0xb4, 0x73, 0xc5, 0x57, 0xe6, 0x56, 0xde,
    0x57, 0xe6, 0x56, 0xe6, 0x37, 0xde, 0x57, 0xde, 0x57, 0xe6, 0x57, 0xde,
    0x57, 0xde, 0x57, 0xe6, 0x57, 0xde, 0x2e, 0xa4, 0x32, 0xc5, 0x53, 0xc5,
    0x16, 0xde, 0x36, 0xde, 0x37, 0xde, 0x37, 0xde, 0x37, 0xde, 0x37, 0xde,
    0xf5, 0xd5, 0xf6, 0xd5, 0x36, 0xde, 0x37, 0xde, 0x36, 0xde, 0x37, 0xde,
    0x36, 0xde, 0x16, 0xde, 0xb4, 0xcd, 0x2b, 0x7b, 0xcd, 0x8b, 0x36, 0xde,
    0x37, 0xde, 0x37, 0xe6, 0x37, 0xde, 0x32, 0xbd, 0x37, 0xde, 0xda, 0xf6,
    0xda, 0xee, 0xfa, 0xf6, 0xfa, 0xf6, 0xfa, 0xee, 0xfa, 0xf6, 0xfa, 0xf6,
    0xfa, 0xee, 0x99, 0xee, 0x16, 0xde, 0x57, 0xde, 0x57, 0xe6, 0x57, 0xe6,
    0x78, 0xe6, 0x77, 0xe6, 0x57, 0xde, 0x78, 0xe6, 0x57, 0xe6, 0x57, 0xe6,
    0x77, 0xde, 0x77, 0xe6, 0xd5, 0xd5, 0xad, 0x93, 0xd1, 0xbc, 0x53, 0xc5,
    0x53, 0xc5, 0x53, 0xc5, 0x73, 0xc5, 0xf6, 0xd5, 0x16, 0xde, 0x37, 0xde,
    0x57, 0xde, 0x57, 0xe6, 0x16, 0xde, 0x78, 0xe6, 0x57, 0xde, 0x77, 0xe6,
    0x78, 0xde, 0x57, 0xde, 0x57, 0xe6, 0x77, 0xde, 0x57, 0xe6, 0x57, 0xe6,
    0x57, 0xde, 0x57, 0xde, 0x77, 0xe6, 0x57, 0xde, 0x57, 0xe6, 0x57, 0xde,
    0x57, 0xde, 0x57, 0xe6, 0x57, 0xe6, 0x57, 0xde, 0x57, 0xde, 0x57, 0xe6,
    0x57, 0xe6, 0x57, 0xde, 0x57, 0xe6, 0x57, 0xe6, 0x94, 0xcd, 0x16, 0xde,
    0x57, 0xe6, 0x57, 0xe6, 0x57, 0xde, 0x57, 0xe6, 0x77, 0xe6, 0x58, 0xde,
    0x78, 0xe6, 0x57, 0xde, 0xd5, 0xcd, 0x90, 0xac, 0x2e, 0xa4, 0x32, 0xbd,
    0xd5, 0xd5, 0x33, 0xc5, 0x16, 0xde, 0x57, 0xe6, 0x57, 0xe6, 0x37, 0xde,
    0x57, 0xde, 0x33, 0xc5, 0xda, 0xf6, 0xda, 0xee, 0xda, 0xf6, 0xda, 0xee,
    0xda, 0xf6, 0x12, 0xc5, 0x6f, 0xac, 0xf5, 0xd5, 0x57, 0xde, 0x57, 0xde,
    0x57, 0xe6, 0x57, 0xe6, 0x57, 0xde, 0x57, 0xde, 0x36, 0xde, 0x57, 0xe6,
    0x57, 0xe6, 0x57, 0xde, 0x57, 0xde, 0x57, 0xde, 0x57, 0xe6, 0x57, 0xde,
    0x57, 0xde, 0x57, 0xde, 0x57, 0xde, 0xf6, 0xd5, 0x37, 0xde, 0x57, 0xde,
    0x57, 0xde, 0x57, 0xe6, 0x78, 0xde, 0x57, 0xe6, 0x57, 0xde, 0x77, 0xde,
    0x58, 0xe6, 0x57, 0xde, 0xb5, 0xcd, 0x53, 0xc5, 0x16, 0xd6, 0x37, 0xde,
    0x77, 0xe6, 0x57, 0xe6, 0xf6, 0xd5, 0xf6, 0xd5, 0x57, 0xde, 0x57, 0xde,
    0x57, 0xe6, 0x37, 0xde, 0x16, 0xde, 0x57, 0xde, 0x57, 0xde, 0x57, 0xde,
    0xf5, 0xd5, 0x16, 0xde, 0x0b, 0x6b, 0x8a, 0x52, 0x8a, 0x52, 0x6d, 0x7b,
    0x70, 0x9c, 0x91, 0xa4, 0x90, 0xa4, 0x2f, 0x9c, 0x0e, 0x94, 0x90, 0xa4,
    0x70, 0xac, 0x90, 0xac, 0xb1, 0xb4, 0x70, 0xac, 0x70, 0xa4, 0x90, 0xac,
    0xd1, 0xac, 0xd1, 0xac, 0xd1, 0xac, 0x70, 0xa4, 0xd1, 0xac, 0x74, 0xc5,
    0xd5, 0xcd, 0x74, 0xc5, 0x6f, 0xa4, 0x90, 0xa4, 0x90, 0xa4, 0x0e, 0x94,
    0xd1, 0xb4, 0x74, 0xcd, 0xf6, 0xdd, 0x36, 0xde, 0x37, 0xde, 0x57, 0xde,
    0x37, 0xde, 0x4f, 0xa4, 0x90, 0xac, 0xd5, 0xd5, 0xd5, 0xcd, 0xf5, 0xd5,
    0xd5, 0xd5, 0x12, 0xbd, 0x53, 0xc5, 0x36, 0xde, 0x57, 0xde, 0x57, 0xe6,
    0x57, 0xe6, 0x57, 0xe6, 0x57, 0xde, 0x57, 0xe6, 0x57, 0xde, 0x57, 0xde,
    0x57, 0xe6, 0x57, 0xde, 0x57, 0xe6, 0x57, 0xde, 0x57, 0xde, 0x37, 0xe6,
    0x57, 0xde, 0x57, 0xde, 0x57, 0xe6, 0x57, 0xe6, 0x37, 0xde, 0x57, 0xde,
    0x57, 0xe6, 0x16, 0xde, 0xb0, 0xb4, 0x53, 0xc5, 0x57, 0xde, 0x37, 0xde,
    0x57, 0xde, 0x57, 0xe6, 0x57, 0xde, 0x57, 0xde, 0x57, 0xe6, 0x57, 0xe6,
    0x57, 0xde, 0x57, 0xde, 0x57, 0xe6, 0xf1, 0xbc, 0x12, 0xbd, 0x73, 0xc5,
    0x37, 0xde, 0x36, 0xde, 0x36, 0xde, 0x37, 0xde, 0x57, 0xde, 0x57, 0xde,
    0x36, 0xde, 0x36, 0xde, 0x36, 0xde, 0x36, 0xde, 0x37, 0xde, 0x37, 0xde,
    0x16, 0xde, 0x73, 0xc5, 0xf1, 0xb4, 0x90, 0xac, 0x4f, 0x9c, 0x57, 0xe6,
    0x56, 0xde, 0x36, 0xde, 0x77, 0xe6, 0xb8, 0xee, 0xda, 0xf6, 0xfa, 0xf6,
    0xfa, 0xf6, 0xda, 0xf6, 0xfa, 0xee, 0xfa, 0xf6, 0xfb, 0xf6, 0xda, 0xf6,
    0xda, 0xee, 0x57, 0xe6, 0xb4, 0xcd, 0x57, 0xde, 0x57, 0xe6, 0x57, 0xde,
    0x77, 0xe6, 0x78, 0xe6, 0x77, 0xe6, 0x57, 0xde, 0x77, 0xe6, 0x78, 0xe6,
    0x78, 0xe6, 0x57, 0xe6, 0x57, 0xe6, 0xf2, 0xbc, 0xb1, 0xb4, 0x53, 0xc5,
    0x53, 0xc5, 0x53, 0xc5, 0xd1, 0xb4, 0x94, 0xcd, 0x37, 0xde, 0x57, 0xde,
    0x57, 0xe6, 0x53, 0xc5, 0x57, 0xe6, 0x57, 0xde, 0x57, 0xe6, 0x77, 0xe6,
    0x57, 0xe6, 0x57, 0xde, 0x78, 0xe6, 0x57, 0xde, 0x57, 0xe6, 0x77, 0xe6,
    0x57, 0xde, 0x57, 0xe6, 0x57, 0xde, 0x57, 0xe6, 0x57, 0xe6, 0x57, 0xde,
    0x57, 0xe6, 0x77, 0xde, 0x57, 0xde, 0x77, 0xe6, 0x57, 0xe6, 0x57, 0xe6,
    0x78, 0xde, 0x58, 0xe6, 0x58, 0xe6, 0x57, 0xde, 0x37, 0xde, 0x57, 0xde,
    0x77, 0xe6, 0x57, 0xde, 0x77, 0xe6, 0x57, 0xde, 0x57, 0xe6, 0x77, 0xe6,
    0x16, 0xd6, 0xf1, 0xb4, 0xf1, 0xb4, 0xf5, 0xd5, 0xf6, 0xd5, 0x36, 0xde,
    0x57, 0xde, 0x57, 0xe6, 0x78, 0xe6, 0x57, 0xde, 0x57, 0xe6, 0x37, 0xde,
    0x37, 0xde, 0xac, 0x93, 0xda, 0xee, 0xda, 0xf6, 0xda, 0xee, 0xfa, 0xee,
    0xfa, 0xf6, 0x33, 0xc5, 0x2e, 0xa4, 0xb4, 0xcd, 0x37, 0xe6, 0x57, 0xde,
    0x57, 0xde, 0x57, 0xe6, 0x57, 0xe6, 0x37, 0xde, 0x90, 0xac, 0x57, 0xe6,
    0x57, 0xde, 0x57, 0xe6, 0x57, 0xe6, 0x57, 0xde, 0x57, 0xde, 0x57, 0xe6,
    0x57, 0xde, 0x37, 0xde, 0x57, 0xde, 0x16, 0xde, 0x57, 0xde, 0x57, 0xe6,
    0x78, 0xe6, 0x57, 0xe6, 0x77, 0xe6, 0x58, 0xde, 0x58, 0xe6, 0x77, 0xe6,
    0x57, 0xde, 0x78, 0xe6, 0xf5, 0xd5, 0x53, 0xc5, 0x16, 0xd6, 0x37, 0xde,
    0x57, 0xde, 0x57, 0xde, 0xd5, 0xd5, 0xd5, 0xd5, 0x57, 0xde, 0x57, 0xe6,
    0x57, 0xde, 0x77, 0xe6, 0x57, 0xde, 0x57, 0xde, 0x57, 0xde, 0x57, 0xde,
    0xb4, 0xcd, 0xf6, 0xd5, 0x0b, 0x6b, 0x8b, 0x52, 0x8a, 0x5a, 0x54, 0xb5,
    0x70, 0x9c, 0x70, 0x9c, 0x50, 0x9c, 0x2f, 0x94, 0xee, 0x93, 0xb1, 0xac,
    0xb1, 0xac, 0xb1, 0xac, 0xb1, 0xac, 0xb1, 0xac, 0xd1, 0xac, 0xd1, 0xac,
    0xd1, 0xb4, 0xd1, 0xac, 0xd1, 0xac, 0xb1, 0xac, 0xd1, 0xb4, 0xd5, 0xcd,
    0xf6, 0xd5, 0x94, 0xc5, 0x90, 0xa4, 0x90, 0xac, 0x90, 0xa4, 0xb1, 0xac,
    0x33, 0xc5, 0x52, 0xc5, 0xf5, 0xd5, 0x57, 0xde, 0x37, 0xe6, 0x57, 0xe6,
    0x57, 0xe6, 0xd1, 0xac, 0xb4, 0xcd, 0xd5, 0xd5, 0xd5, 0xd5, 0xf5, 0xd5,
    0xd5, 0xd5, 0x53, 0xc5, 0x94, 0xcd, 0x56, 0xde, 0x57, 0xe6, 0x57, 0xde,
    0x56, 0xde, 0x36, 0xde, 0x37, 0xe6, 0x56, 0xde, 0x57, 0xe6, 0x37, 0xde,
    0x57, 0xe6, 0x57, 0xe6, 0x57, 0xde, 0x37, 0xe6, 0x57, 0xde, 0x57, 0xde,
    0x57, 0xe6, 0x57, 0xe6, 0x57, 0xe6, 0x77, 0xe6, 0x57, 0xde, 0x57, 0xe6,
    0x57, 0xe6, 0x36, 0xde, 0xd1, 0xb4, 0x32, 0xbd, 0x57, 0xe6, 0x57, 0xe6,
    0x57, 0xde, 0x57, 0xe6, 0x57, 0xde, 0x57, 0xde, 0x57, 0xe6, 0x57, 0xde,
    0x57, 0xde, 0x36, 0xde, 0x77, 0xe6, 0x53, 0xc5, 0xb0, 0xac, 0x74, 0xcd,
    0x57, 0xde, 0x57, 0xde, 0x36, 0xde, 0x37, 0xde, 0x36, 0xde, 0xd5, 0xd5,
    0xf6, 0xd5, 0x36, 0xde, 0x16, 0xde, 0x36, 0xde, 0x57, 0xde, 0x57, 0xde,
    0xf5, 0xd5, 0xb4, 0xcd, 0x0e, 0x9c, 0x33, 0xc5, 0x53, 0xc5, 0x37, 0xde,
    0x57, 0xe6, 0x57, 0xe6, 0xf6, 0xd5, 0x78, 0xe6, 0x1b, 0xf7, 0x1b, 0xf7,
    0x1b, 0xf7, 0xfa, 0xf6, 0xda, 0xee, 0x99, 0xee, 0x58, 0xde, 0xd6, 0xcd,
    0x53, 0xbd, 0xb1, 0xac, 0x0e, 0xa4, 0x6f, 0xac, 0x4f, 0xa4, 0x0e, 0x9c,
    0xcc, 0x93, 0xac, 0x93, 0xac, 0x93, 0xac, 0x93, 0xed, 0x93, 0x0e, 0x9c,
    0x2e, 0x9c, 0x2e, 0xa4, 0x4b, 0x83, 0xac, 0x93, 0x6b, 0x8b, 0x2e, 0xa4,
    0x8f, 0xac, 0xf1, 0xbc, 0x8f, 0xac, 0x73, 0xc5, 0x37, 0xe6, 0x57, 0xe6,
    0xf5, 0xd5, 0x94, 0xcd, 0x57, 0xde, 0x77, 0xe6, 0x57, 0xe6, 0x57, 0xde,
    0x57, 0xde, 0x57, 0xe6, 0x77, 0xe6, 0x57, 0xe6, 0x78, 0xde, 0x77, 0xe6,
    0x57, 0xe6, 0x57, 0xde, 0x77, 0xe6, 0x57, 0xde, 0x57, 0xde, 0x77, 0xe6,
    0x57, 0xe6, 0x77, 0xe6, 0x77, 0xe6, 0x57, 0xde, 0x57, 0xe6, 0x77, 0xde,
    0x77, 0xe6, 0x57, 0xde, 0x57, 0xe6, 0x16, 0xde, 0x37, 0xde, 0x77, 0xe6,
    0x57, 0xe6, 0x57, 0xe6, 0x57, 0xde, 0x78, 0xe6, 0x57, 0xde, 0x16, 0xd6,
    0xb1, 0xb4, 0x37, 0xde, 0x37, 0xde, 0x57, 0xde, 0x57, 0xe6, 0x57, 0xde,
    0xb4, 0xcd, 0x16, 0xd6, 0x57, 0xde, 0x57, 0xde, 0x57, 0xde, 0x57, 0xe6,
    0x37, 0xe6, 0x32, 0xc5, 0xfa, 0xf6, 0xfa, 0xf6, 0xfa, 0xf6, 0xfa, 0xf6,
    0xda, 0xf6, 0x53, 0xc5, 0x0e, 0xa4, 0x94, 0xcd, 0x36, 0xde, 0x57, 0xe6,
    0x57, 0xde, 0x57, 0xde, 0x57, 0xe6, 0x37, 0xde, 0x6b, 0x83, 0x57, 0xe6,
    0x57, 0xde, 0x57, 0xe6, 0x57, 0xe6, 0x58, 0xde, 0x57, 0xe6, 0x57, 0xe6,
    0x57, 0xde, 0x57, 0xe6, 0x57, 0xe6, 0x57, 0xde, 0x57, 0xde, 0x57, 0xe6,
    0x57, 0xde, 0x78, 0xde, 0x57, 0xde, 0x77, 0xe6, 0x78, 0xe6, 0x77, 0xe6,
    0x58, 0xde, 0x16, 0xde, 0xb5, 0xcd, 0xf6, 0xd5, 0x57, 0xde, 0x57, 0xde,
    0x78, 0xe6, 0x57, 0xde, 0xd5, 0xd5, 0xf5, 0xd5, 0x57, 0xde, 0x57, 0xde,
    0x37, 0xde, 0xf6, 0xd5, 0x57, 0xde, 0x57, 0xe6, 0x57, 0xe6, 0x16, 0xd6,
    0x32, 0xbd, 0xd5, 0xcd, 0x0b, 0x6b, 0xab, 0x5a, 0xcb, 0x5a, 0xd7, 0xbd,
    0x50, 0x9c, 0x70, 0x9c, 0x50, 0x9c, 0x8d, 0x83, 0xcd, 0x8b, 0xb0, 0xac,
    0xb1, 0xac, 0xb1, 0xac, 0xd1, 0xac, 0xd1, 0xac, 0xd1, 0xac, 0xd1, 0xac,
    0xd1, 0xb4, 0xd1, 0xac, 0x70, 0xa4, 0x4f, 0xa4, 0xd5, 0xcd, 0xd6, 0xd5,
    0x94, 0xc5, 0xb1, 0xac, 0x91, 0xac, 0x90, 0xa4, 0x90, 0xa4, 0xd1, 0xb4,
    0x73, 0xc5, 0x90, 0xac, 0xb5, 0xcd, 0x36, 0xde, 0x57, 0xde, 0x36, 0xde,
    0x90, 0xa4, 0xcd, 0x8b, 0xd5, 0xd5, 0xd5, 0xd5, 0xf5, 0xd5, 0xf5, 0xd5,
    0xf5, 0xd5, 0x94, 0xcd, 0xf5, 0xd5, 0x57, 0xde, 0x57, 0xe6, 0x57, 0xe6,
    0x57, 0xe6, 0x57, 0xe6, 0x57, 0xe6, 0x57, 0xe6, 0x37, 0xde, 0x57, 0xe6,
    0x57, 0xe6, 0x57, 0xe6, 0x57, 0xde, 0x57, 0xe6, 0x57, 0xe6, 0x57, 0xde,
    0x57, 0xe6, 0x57, 0xde, 0x57, 0xde, 0x36, 0xde, 0x36, 0xde, 0x57, 0xde,
    0x57, 0xe6, 0x57, 0xde, 0x32, 0xbd, 0x32, 0xc5, 0x36, 0xde, 0x36, 0xde,
    0x57, 0xe6, 0x57, 0xe6, 0x77, 0xe6, 0x57, 0xe6, 0x56, 0xe6, 0x56, 0xe6,
    0x36, 0xe6, 0x16, 0xde, 0xf5, 0xdd, 0x32, 0xc5, 0x32, 0xbd, 0x32, 0xc5,
    0xd4, 0xd5, 0x93, 0xcd, 0x52, 0xc5, 0xf1, 0xbc, 0xb0, 0xb4, 0xb0, 0xb4,
    0xb0, 0xb4, 0x6f, 0xac, 0x8f, 0xac, 0xb0, 0xac, 0xd1, 0xb4, 0x11, 0xbd,
    0xb0, 0xac, 0x68, 0x62, 0x4f, 0xa4, 0x90, 0xac, 0xf2, 0xbc, 0x32, 0xc5,
    0x73, 0xc5, 0x94, 0xcd, 0x2f, 0x9c, 0xed, 0x93, 0x6f, 0xa4, 0x70, 0xa4,
    0x90, 0xa4, 0x90, 0xa4, 0xb0, 0xac, 0xb0, 0xa4, 0x90, 0xa4, 0xb0, 0xac,
    0xb0, 0xac, 0x70, 0xa4, 0x90, 0xac, 0x12, 0xbd, 0x32, 0xbd, 0x32, 0xbd,
    0x11, 0xbd, 0x11, 0xbd, 0xf2, 0xbc, 0x12, 0xbd, 0x32, 0xbd, 0x12, 0xbd,
    0x32, 0xc5, 0x12, 0xbd, 0x0e, 0x9c, 0x4f, 0xa4, 0x8c, 0x8b, 0x0e, 0x9c,
    0xcc, 0x93, 0xac, 0x93, 0x2e, 0xa4, 0xf1, 0xbc, 0xd5, 0xd5, 0x36, 0xde,
    0xf5, 0xd5, 0x37, 0xe6, 0x57, 0xe6, 0x57, 0xe6, 0x57, 0xe6, 0x57, 0xe6,
    0x57, 0xe6, 0x78, 0xe6, 0x57, 0xde, 0x57, 0xe6, 0x77, 0xe6, 0x57, 0xde,
    0x77, 0xde, 0x57, 0xe6, 0x57, 0xe6, 0x77, 0xde, 0x57, 0xe6, 0x77, 0xe6,
    0x57, 0xde, 0x57, 0xde, 0x57, 0xe6, 0x77, 0xe6, 0x77, 0xde, 0x57, 0xe6,
    0x77, 0xe6, 0x57, 0xde, 0x57, 0xde, 0xb4, 0xcd, 0x16, 0xd6, 0x57, 0xe6,
    0x57, 0xde, 0x78, 0xe6, 0x57, 0xe6, 0x77, 0xe6, 0x57, 0xde, 0xd5, 0xd5,
    0x37, 0xde, 0x57, 0xe6, 0x57, 0xe6, 0x57, 0xe6, 0x57, 0xde, 0x57, 0xe6,
    0xf2, 0xb4, 0xb5, 0xcd, 0x57, 0xe6, 0x57, 0xe6, 0x57, 0xde, 0x57, 0xe6,
    0x36, 0xe6, 0xda, 0xf6, 0xfa, 0xee, 0xfa, 0xf6, 0xfa, 0xee, 0xfa, 0xf6,
    0xfa, 0xee, 0x54, 0xc5, 0xee, 0x9b, 0x73, 0xc5, 0x57, 0xde, 0x57, 0xe6,
    0x57, 0xe6, 0x57, 0xde, 0x57, 0xe6, 0x57, 0xde, 0xcd, 0x9b, 0x37, 0xe6,
    0x57, 0xde, 0x57, 0xde, 0x58, 0xe6, 0x57, 0xde, 0x57, 0xde, 0x37, 0xde,
    0x57, 0xde, 0x57, 0xde, 0x57, 0xe6, 0x57, 0xe6, 0x57, 0xde, 0x57, 0xde,
    0x57, 0xe6, 0x78, 0xe6, 0x57, 0xde, 0x78, 0xe6, 0x77, 0xde, 0x57, 0xe6,
    0x78, 0xe6, 0xb4, 0xc5, 0x32, 0xbd, 0xf6, 0xd5, 0x77, 0xe6, 0x57, 0xde,
    0x78, 0xe6, 0xf6, 0xd5, 0xd5, 0xd5, 0xf6, 0xd5, 0x57, 0xe6, 0x57, 0xde,
    0x37, 0xde, 0xd5, 0xd5, 0x77, 0xe6, 0x57, 0xde, 0x57, 0xde, 0x94, 0xcd,
    0x91, 0xac, 0xb5, 0xcd, 0x0b, 0x6b, 0x69, 0x52, 0x6f, 0x53, 0xf7, 0xbd,
    0x70, 0x9c, 0x70, 0x9c, 0x50, 0x9c, 0xee, 0x8b, 0x91, 0xa4, 0x94, 0xcd,
    0x12, 0xbd, 0x90, 0xa4, 0xd1, 0xac, 0xd2, 0xac, 0xd1, 0xac, 0xd1, 0xac,
    0xb1, 0xac, 0xb1, 0xac, 0x70, 0xa4, 0xf6, 0xd5, 0xf5, 0xcd, 0xd6, 0xd5,
    0x94, 0xc5, 0x70, 0xa4, 0x90, 0xa4, 0x90, 0xac, 0x4f, 0x9c, 0xb1, 0xac,
    0x73, 0xc5, 0x6f, 0xa4, 0xb5, 0xcd, 0x37, 0xe6, 0x57, 0xde, 0x36, 0xde,
    0x70, 0xa4, 0xd1, 0xb4, 0xf5, 0xd5, 0xf5, 0xd5, 0xf5, 0xd5, 0xf5, 0xd5,
    0xd5, 0xd5, 0xf5, 0xd5, 0x16, 0xde, 0x57, 0xe6, 0x57, 0xde, 0x36, 0xde,
    0x57, 0xe6, 0x57, 0xde, 0x57, 0xde, 0x57, 0xe6, 0x57, 0xde, 0x57, 0xe6,
    0x57, 0xe6, 0x57, 0xde, 0x57, 0xe6, 0x57, 0xde, 0x57, 0xe6, 0x57, 0xe6,
    0x57, 0xde, 0x57, 0xe6, 0x57, 0xe6, 0xd4, 0xd5, 0x36, 0xe6, 0xd5, 0xdd,
    0x93, 0xcd, 0x32, 0xc5, 0x6f, 0xac, 0x2e, 0xa4, 0x6f, 0xb4, 0x8f, 0xb4,
    0xf1, 0xbc, 0x52, 0xc5, 0x52, 0xcd, 0x32, 0xc5, 0xf1, 0xbc, 0xd0, 0xbc,
    0xb0, 0xb4, 0xb0, 0xb4, 0xb0, 0xb4, 0x2e, 0xa4, 0x4e, 0xa4, 0x2e, 0xa4,
    0xb0, 0xac, 0xb0, 0xac, 0xb0, 0xb4, 0xd0, 0xb4, 0xd0, 0xb4, 0xf1, 0xb4,
    0xf1, 0xbc, 0x12, 0xbd, 0x32, 0xbd, 0x33, 0xc5, 0x12, 0xbd, 0x2e, 0xa4,
    0x4f, 0xa4, 0xb1, 0xb4, 0xb0, 0xb4, 0xd1, 0xb4, 0x53, 0xc5, 0x73, 0xc5,
    0x94, 0xcd, 0x53, 0xc5, 0xf1, 0xb4, 0x90, 0xa4, 0x70, 0xa4, 0x2f, 0x9c,
    0xee, 0x93, 0xcd, 0x8b, 0xad, 0x8b, 0x8d, 0x83, 0xee, 0x93, 0x8d, 0x83,
    0x6c, 0x83, 0x8c, 0x83, 0xac, 0x93, 0xed, 0x93, 0x2e, 0xa4, 0x2f, 0xa4,
    0x4f, 0xa4, 0x90, 0xac, 0xf1, 0xb4, 0x53, 0xc5, 0xf6, 0xd5, 0x36, 0xde,
    0x37, 0xe6, 0x53, 0xcd, 0x98, 0xee, 0xb4, 0xd5, 0x2f, 0xa4, 0x53, 0xbd,
    0x53, 0xc5, 0x53, 0xc5, 0xd5, 0xd5, 0x16, 0xde, 0x36, 0xde, 0x36, 0xde,
    0xd1, 0xb4, 0x36, 0xde, 0x57, 0xe6, 0x57, 0xde, 0x57, 0xe6, 0x57, 0xde,
    0x57, 0xe6, 0x57, 0xde, 0x77, 0xe6, 0x77, 0xde, 0x57, 0xe6, 0x57, 0xe6,
    0x57, 0xde, 0x77, 0xe6, 0x57, 0xde, 0x57, 0xe6, 0x57, 0xe6, 0x77, 0xde,
    0x77, 0xe6, 0x57, 0xe6, 0x58, 0xde, 0x58, 0xe6, 0x57, 0xe6, 0x57, 0xde,
    0x78, 0xe6, 0x58, 0xe6, 0x57, 0xe6, 0x77, 0xe6, 0x57, 0xe6, 0x57, 0xde,
    0x57, 0xe6, 0x57, 0xde, 0x57, 0xde, 0x57, 0xe6, 0x57, 0xde, 0x57, 0xde,
    0x57, 0xe6, 0x57, 0xde, 0x78, 0xe6, 0x78, 0xe6, 0x57, 0xe6, 0x77, 0xe6,
    0xd5, 0xd5, 0xf6, 0xd5, 0x57, 0xde, 0x57, 0xde, 0x37, 0xde, 0x57, 0xde,
    0xed, 0xa3, 0xda, 0xee, 0xda, 0xee, 0xfa, 0xf6, 0xda, 0xee, 0xfa, 0xf6,
    0xfa, 0xf6, 0x74, 0xcd, 0x4f, 0xac, 0x94, 0xcd, 0x57, 0xde, 0x57, 0xe6,
    0x57, 0xde, 0x57, 0xe6, 0x57, 0xe6, 0xd5, 0xd5, 0x70, 0xbc, 0x36, 0xe6,
    0x57, 0xe6, 0x57, 0xe6, 0x57, 0xde, 0x57, 0xe6, 0x57, 0xe6, 0x57, 0xde,
    0x57, 0xde, 0x37, 0xde, 0x37, 0xde, 0x37, 0xde, 0x57, 0xde, 0x57, 0xe6,
    0x58, 0xe6, 0x57, 0xde, 0x57, 0xe6, 0x58, 0xe6, 0x77, 0xde, 0x77, 0xe6,
    0x57, 0xde, 0xf6, 0xd5, 0xb5, 0xcd, 0x36, 0xde, 0x57, 0xe6, 0x57, 0xde,
    0x78, 0xe6, 0xf6, 0xd5, 0xd5, 0xcd, 0x16, 0xde, 0x57, 0xde, 0x57, 0xe6,
    0x57, 0xde, 0x57, 0xde, 0x57, 0xe6, 0x77, 0xde, 0x78, 0xe6, 0x33, 0xbd,
    0x4f, 0xa4, 0xb4, 0xcd, 0x0c, 0x6b, 0x55, 0xa5, 0x11, 0x64, 0x34, 0x9d,
    0x71, 0x9c, 0x70, 0x9c, 0x70, 0x9c, 0x70, 0xa4, 0xf2, 0xb4, 0x95, 0xcd,
    0xb5, 0xcd, 0xb5, 0xcd, 0x94, 0xc5, 0xf2, 0xb4, 0x70, 0xa4, 0x90, 0xa4,
    0xb1, 0xac, 0x90, 0xac, 0x94, 0xc5, 0xd6, 0xcd, 0xd6, 0xd5, 0xd5, 0xcd,
    0x53, 0xbd, 0x90, 0xa4, 0x90, 0xa4, 0x91, 0xac, 0x2f, 0x9c, 0xb1, 0xac,
    0x53, 0xc5, 0x12, 0xbd, 0xf6, 0xd5, 0x57, 0xde, 0x57, 0xde, 0xf6, 0xd5,
    0x90, 0xac, 0xb1, 0xac, 0xf5, 0xd5, 0xf5, 0xd5, 0xd5, 0xd5, 0xd5, 0xd5,
    0xd5, 0xd5, 0xf6, 0xd5, 0x36, 0xde, 0x57, 0xe6, 0x57, 0xde, 0x57, 0xe6,
    0x57, 0xe6, 0x57, 0xde, 0x57, 0xe6, 0x57, 0xe6, 0x57, 0xe6, 0x57, 0xe6,
    0x57, 0xe6, 0x56, 0xe6, 0x15, 0xde, 0xb4, 0xcd, 0x94, 0xcd, 0xd4, 0xd5,
    0x15, 0xde, 0x36, 0xe6, 0x57, 0xe6, 0x93, 0xcd, 0x57, 0xe6, 0x57, 0xde,
    0x57, 0xde, 0x16, 0xde, 0x12, 0xc5, 0x12, 0xbd, 0x57, 0xde, 0x57, 0xde,
    0x37, 0xde, 0x36, 0xde, 0x37, 0xde, 0x57, 0xde, 0x37, 0xde, 0x57, 0xde,
    0x57, 0xde, 0x57, 0xde, 0xd1, 0xb4, 0xb0, 0xac, 0x53, 0xc5, 0xf2, 0xbc,
    0x16, 0xde, 0x16, 0xde, 0x16, 0xd6, 0xf6, 0xd5, 0xf6, 0xd5, 0x36, 0xde,
    0x36, 0xde, 0x37, 0xde, 0x16, 0xde, 0x16, 0xd6, 0xf5, 0xd5, 0xf5, 0xd5,
    0x70, 0xac, 0xd5, 0xdd, 0xd5, 0xd5, 0xb5, 0xd5, 0x57, 0xe6, 0x57, 0xde,
    0x36, 0xde, 0xd5, 0xdd, 0x57, 0xe6, 0xda, 0xf6, 0xfa, 0xf6, 0xfa, 0xf6,
    0xfa, 0xf6, 0xda, 0xee, 0xda, 0xee, 0xda, 0xf6, 0xfa, 0xf6, 0xfb, 0xf6,
    0xfb, 0xf6, 0x98, 0xee, 0xf6, 0xdd, 0x57, 0xe6, 0x57, 0xe6, 0x57, 0xe6,
    0x57, 0xe6, 0x57, 0xe6, 0x57, 0xe6, 0x57, 0xe6, 0x57, 0xde, 0x57, 0xde,
    0x36, 0xde, 0x70, 0xac, 0x37, 0xde, 0xf6, 0xdd, 0xee, 0x9b, 0x32, 0xbd,
    0x33, 0xbd, 0x12, 0xbd, 0xd5, 0xcd, 0x57, 0xde, 0x37, 0xe6, 0xd5, 0xd5,
    0x36, 0xe6, 0x57, 0xde, 0x57, 0xde, 0x77, 0xe6, 0x57, 0xe6, 0x77, 0xde,
    0x77, 0xe6, 0x77, 0xe6, 0x57, 0xde, 0x57, 0xe6, 0x57, 0xe6, 0x57, 0xde,
    0x57, 0xe6, 0x77, 0xe6, 0x57, 0xe6, 0x57, 0xe6, 0x77, 0xde, 0x57, 0xde,
    0x57, 0xe6, 0x57, 0xde, 0x77, 0xe6, 0x77, 0xe6, 0x37, 0xde, 0xf6, 0xd5,
    0x77, 0xe6, 0x57, 0xde, 0xd5, 0xd5, 0x16, 0xd6, 0x57, 0xe6, 0x57, 0xe6,
    0x57, 0xe6, 0x57, 0xe6, 0x57, 0xde, 0x57, 0xe6, 0x78, 0xe6, 0x57, 0xde,
    0x57, 0xe6, 0x77, 0xe6, 0x77, 0xe6, 0x58, 0xde, 0x78, 0xe6, 0x16, 0xd6,
    0xb5, 0xcd, 0x16, 0xde, 0x57, 0xde, 0x57, 0xe6, 0x16, 0xde, 0x57, 0xde,
    0x2f, 0xac, 0xfa, 0xf6, 0xfa, 0xf6, 0xda, 0xf6, 0xda, 0xf6, 0xfa, 0xee,
    0xfa, 0xf6, 0xb5, 0xd5, 0xd1, 0xbc, 0xd5, 0xd5, 0x57, 0xe6, 0x57, 0xe6,
    0x37, 0xde, 0x57, 0xde, 0x57, 0xe6, 0x8c, 0x93, 0x53, 0xd5, 0xf6, 0xdd,
    0x57, 0xde, 0x57, 0xde, 0x58, 0xe6, 0x57, 0xde, 0x78, 0xe6, 0x57, 0xe6,
    0x57, 0xe6, 0x37, 0xde, 0xd5, 0xd5, 0x37, 0xde, 0x57, 0xde, 0x57, 0xde,
    0x57, 0xde, 0x57, 0xde, 0x77, 0xe6, 0x57, 0xde, 0x58, 0xe6, 0x57, 0xde,
    0x37, 0xde, 0xd5, 0xd5, 0x16, 0xde, 0x78, 0xde, 0x78, 0xde, 0x57, 0xde,
    0x78, 0xe6, 0xd5, 0xd5, 0xd5, 0xd5, 0x37, 0xde, 0x57, 0xde, 0x57, 0xde,
    0x57, 0xe6, 0x58, 0xe6, 0x57, 0xe6, 0x77, 0xde, 0x57, 0xde, 0x74, 0xc5,
    0x90, 0xac, 0x94, 0xcd, 0xd2, 0xa4, 0xb7, 0xad, 0x72, 0x7c, 0x14, 0x9d,
    0x91, 0x9c, 0x71, 0xa4, 0x71, 0xa4, 0xf2, 0xac, 0x53, 0xbd, 0x94, 0xcd,
    0xb5, 0xcd, 0x95, 0xcd, 0xb5, 0xcd, 0xb5, 0xcd, 0xd5, 0xd5, 0xd5, 0xcd,
    0xb5, 0xcd, 0x53, 0xbd, 0xd6, 0xcd, 0xd5, 0xcd, 0xf5, 0xd5, 0x95, 0xc5,
    0x4f, 0x9c, 0x90, 0xac, 0x91, 0xa4, 0xb1, 0xac, 0x90, 0xac, 0xd1, 0xb4,
    0x73, 0xc5, 0xf6, 0xdd, 0x37, 0xde, 0x36, 0xde, 0x36, 0xde, 0x2f, 0xa4,
    0xb1, 0xac, 0x12, 0xbd, 0xd5, 0xd5, 0xd5, 0xd5, 0xf5, 0xd5, 0xf6, 0xd5,
    0xf5, 0xd5, 0xd5, 0xd5, 0x36, 0xde, 0x57, 0xe6, 0x37, 0xde, 0x56, 0xde,
    0x57, 0xe6, 0x57, 0xe6, 0x37, 0xde, 0x57, 0xe6, 0x56, 0xde, 0x57, 0xde,
    0x57, 0xe6, 0x57, 0xde, 0x57, 0xe6, 0x57, 0xe6, 0x57, 0xe6, 0x57, 0xde,
    0x57, 0xe6, 0x57, 0xde, 0x57, 0xde, 0x32, 0xc5, 0x36, 0xde, 0x57, 0xde,
    0x37, 0xde, 0x16, 0xde, 0x32, 0xc5, 0x12, 0xbd, 0x57, 0xde, 0x57, 0xe6,
    0x57, 0xe6, 0x36, 0xe6, 0x57, 0xde, 0x36, 0xde, 0x57, 0xde, 0x37, 0xde,
    0x57, 0xde, 0x57, 0xde, 0x0e, 0x9c, 0x12, 0xbd, 0x53, 0xc5, 0xf2, 0xbc,
    0x16, 0xd6, 0x16, 0xd6, 0x16, 0xde, 0x16, 0xde, 0x16, 0xde, 0x37, 0xde,
    0x36, 0xde, 0x16, 0xd6, 0x16, 0xde, 0xf5, 0xd5, 0x32, 0xbd, 0xcd, 0x93,
    0xb4, 0xd5, 0xd5, 0xd5, 0xd5, 0xd5, 0x12, 0xbd, 0x57, 0xe6, 0x57, 0xe6,
    0x57, 0xde, 0x73, 0xc5, 0xf6, 0xd5, 0xfa, 0xf6, 0xfa, 0xf6, 0xfa, 0xf6,
    0xfa, 0xee, 0xda, 0xf6, 0xfa, 0xf6, 0xda, 0xee, 0xfa, 0xee, 0xfa, 0xf6,
    0xfa, 0xf6, 0xd9, 0xee, 0x37, 0xe6, 0x57, 0xde, 0x57, 0xde, 0x57, 0xe6,
    0x57, 0xde, 0x57, 0xde, 0x57, 0xe6, 0x57, 0xde, 0x57, 0xde, 0x37, 0xe6,
    0xb4, 0xd5, 0x78, 0xee, 0xfa, 0xf6, 0xf6, 0xdd, 0xcd, 0x93, 0x32, 0xbd,
    0x12, 0xbd, 0xd1, 0xb4, 0x94, 0xcd, 0x37, 0xde, 0x16, 0xde, 0x93, 0xcd,
    0x16, 0xde, 0x57, 0xe6, 0x57, 0xe6, 0x57, 0xe6, 0x77, 0xe6, 0x77, 0xde,
    0x57, 0xe6, 0x78, 0xe6, 0x57, 0xe6, 0x77, 0xde, 0x77, 0xe6, 0x57, 0xe6,
    0x57, 0xde, 0x77, 0xe6, 0x77, 0xe6, 0x77, 0xde, 0x57, 0xde, 0x57, 0xe6,
    0x57, 0xe6, 0x78, 0xde, 0x57, 0xde, 0x57, 0xde, 0x37, 0xde, 0x36, 0xde,
    0x57, 0xde, 0x57, 0xe6, 0x16, 0xde, 0x37, 0xde, 0x57, 0xde, 0x57, 0xe6,
    0x78, 0xde, 0x57, 0xde, 0x77, 0xe6, 0x77, 0xe6, 0x78, 0xe6, 0x78, 0xde,
    0x57, 0xde, 0x57, 0xde, 0x57, 0xe6, 0x57, 0xde, 0x78, 0xe6, 0x53, 0xc5,
    0xb4, 0xcd, 0x57, 0xde, 0x37, 0xde, 0x37, 0xde, 0xf6, 0xd5, 0x15, 0xde,
    0xb9, 0xf6, 0xfa, 0xf6, 0xfa, 0xee, 0xda, 0xf6, 0xfb, 0xf6, 0xfa, 0xee,
    0xfa, 0xf6, 0xb5, 0xd5, 0x53, 0xc5, 0x16, 0xde, 0x57, 0xde, 0x57, 0xde,
    0x57, 0xde, 0x57, 0xde, 0x37, 0xde, 0x90, 0xb4, 0xb4, 0xd5, 0xd5, 0xd5,
    0x57, 0xe6, 0x57, 0xde, 0x57, 0xe6, 0x78, 0xde, 0x57, 0xe6, 0x57, 0xe6,
    0x57, 0xde, 0x37, 0xde, 0x94, 0xcd, 0x36, 0xde, 0x57, 0xde, 0x57, 0xe6,
    0x57, 0xe6, 0x58, 0xe6, 0x57, 0xde, 0x57, 0xe6, 0x57, 0xde, 0x77, 0xe6,
    0xd5, 0xcd, 0x53, 0xc5, 0x16, 0xde, 0x77, 0xe6, 0x57, 0xe6, 0x57, 0xde,
    0x78, 0xe6, 0x16, 0xd6, 0xf5, 0xd5, 0x57, 0xde, 0x57, 0xe6, 0x37, 0xde,
    0xf5, 0xd5, 0x57, 0xde, 0x78, 0xde, 0x57, 0xe6, 0x57, 0xe6, 0xb5, 0xcd,
    0xf2, 0xb4, 0xb4, 0xcd, 0x96, 0xb5, 0x18, 0xb6, 0x93, 0x84, 0xf7, 0xc5,
    0x91, 0x9c, 0x71, 0x9c, 0x50, 0x9c, 0xf6, 0xd5, 0xb5, 0xcd, 0xb4, 0xcd,
    0xb5, 0xc5, 0xb5, 0xcd, 0xb4, 0xcd, 0xb5, 0xcd, 0xd5, 0xcd, 0xb5, 0xcd,
    0x33, 0xbd, 0xb5, 0xcd, 0xf6, 0xcd, 0xd5, 0xd5, 0xd5, 0xcd, 0x74, 0xc5,
    0xb1, 0xac, 0x91, 0xa4, 0xb0, 0xac, 0xb1, 0xac, 0xd1, 0xb4, 0x12, 0xbd,
    0x73, 0xc5, 0x16, 0xde, 0x36, 0xde, 0x37, 0xde, 0x37, 0xde, 0xb1, 0xac,
    0xd1, 0xb4, 0x53, 0xbd, 0xf5, 0xd5, 0xf5, 0xd5, 0xf5, 0xd5, 0xf5, 0xd5,
    0xd5, 0xd5, 0xd5, 0xcd, 0xf5, 0xd5, 0x36, 0xde, 0x57, 0xe6, 0x57, 0xe6,
    0x57, 0xe6, 0x56, 0xde, 0x57, 0xe6, 0x57, 0xe6, 0x57, 0xde, 0x57, 0xde,
    0x57, 0xe6, 0x57, 0xe6, 0x57, 0xe6, 0x77, 0xde, 0x57, 0xe6, 0x57, 0xe6,
    0x57, 0xde, 0x57, 0xe6, 0x57, 0xde, 0x94, 0xcd, 0x36, 0xde, 0x57, 0xe6,
    0x57, 0xe6, 0x36, 0xde, 0x53, 0xc5, 0x32, 0xc5, 0x57, 0xde, 0x57, 0xe6,
    0x57, 0xe6, 0x57, 0xde, 0x37, 0xde, 0x57, 0xde, 0x37, 0xde, 0x37, 0xde,
    0x37, 0xe6, 0x36, 0xde, 0x0e, 0xa4, 0x74, 0xc5, 0x53, 0xc5, 0x32, 0xc5,
    0x16, 0xde, 0x16, 0xde, 0x16, 0xd6, 0xf6, 0xd5, 0x16, 0xde, 0x16, 0xde,
    0x36, 0xde, 0x36, 0xde, 0x16, 0xd6, 0xd5, 0xcd, 0xf5, 0xd5, 0xd5, 0xdd,
    0xd5, 0xdd, 0x17, 0xde, 0x99, 0xe6, 0xd1, 0xb4, 0x57, 0xde, 0x57, 0xe6,
    0x57, 0xe6, 0x57, 0xe6, 0xb9, 0xee, 0xfb, 0xf6, 0xfa, 0xf6, 0xfb, 0xee,
    0xfa, 0xf6, 0xfa, 0xf6, 0xfa, 0xf6, 0xfa, 0xf6, 0xfa, 0xf6, 0xfa, 0xf6,
    0xfa, 0xf6, 0xd9, 0xf6, 0x57, 0xe6, 0x57, 0xde, 0x57, 0xe6, 0x57, 0xe6,
    0x57, 0xde, 0x57, 0xe6, 0x57, 0xe6, 0x57, 0xe6, 0x57, 0xe6, 0x57, 0xde,
    0x2e, 0xa4, 0x98, 0xe6, 0xfa, 0xf6, 0xf6, 0xd5, 0xad, 0x93, 0x33, 0xbd,
    0x33, 0xbd, 0x53, 0xc5, 0xd5, 0xd5, 0x16, 0xde, 0xf5, 0xd5, 0xd5, 0xd5,
    0x57, 0xde, 0x57, 0xde, 0x77, 0xde, 0x77, 0xe6, 0x57, 0xde, 0x57, 0xe6,
    0x57, 0xe6, 0x57, 0xde, 0x57, 0xe6, 0x57, 0xe6, 0x58, 0xe6, 0x57, 0xe6,
    0x77, 0xde, 0x57, 0xde, 0x58, 0xe6, 0x77, 0xe6, 0x77, 0xe6, 0x57, 0xde,
    0x77, 0xe6, 0x57, 0xe6, 0x77, 0xe6, 0x37, 0xde, 0x16, 0xde, 0x57, 0xe6,
    0x77, 0xde, 0x37, 0xde, 0x37, 0xde, 0x57, 0xe6, 0x57, 0xe6, 0x77, 0xe6,
    0x57, 0xde, 0x78, 0xe6, 0x57, 0xe6, 0x57, 0xe6, 0x57, 0xde, 0x77, 0xe6,
    0x58, 0xe6, 0x57, 0xde, 0x57, 0xde, 0x58, 0xe6, 0x57, 0xe6, 0x94, 0xcd,
    0xd5, 0xcd, 0x57, 0xde, 0x57, 0xe6, 0x57, 0xde, 0x16, 0xde, 0x4f, 0xac,
    0xfa, 0xf6, 0xfa, 0xf6, 0xfa, 0xf6, 0xfa, 0xf6, 0xfa, 0xf6, 0xfa, 0xee,
    0xfa, 0xf6, 0xd6, 0xd5, 0x94, 0xd5, 0x57, 0xe6, 0x57, 0xde, 0x57, 0xe6,
    0x57, 0xe6, 0x57, 0xe6, 0xb5, 0xd5, 0x94, 0xd5, 0x94, 0xd5, 0x53, 0xcd,
    0x57, 0xe6, 0x57, 0xe6, 0x77, 0xe6, 0x57, 0xde, 0x77, 0xe6, 0x57, 0xde,
    0x57, 0xde, 0x37, 0xde, 0xb5, 0xcd, 0x37, 0xde, 0x57, 0xde, 0x57, 0xde,
    0x58, 0xe6, 0x77, 0xde, 0x57, 0xe6, 0x58, 0xde, 0x77, 0xe6, 0x57, 0xde,
    0xf6, 0xd5, 0xd5, 0xd5, 0x77, 0xde, 0x57, 0xde, 0x58, 0xe6, 0x57, 0xde,
    0x77, 0xe6, 0x37, 0xde, 0x16, 0xde, 0x37, 0xde, 0x57, 0xde, 0x37, 0xde,
    0xf6, 0xd5, 0x77, 0xde, 0x77, 0xe6, 0x57, 0xde, 0x57, 0xde, 0x74, 0xc5,
    0xf2, 0xb4, 0xf6, 0xd5, 0xf7, 0xbd, 0x19, 0xb6, 0xb3, 0x8c, 0xf7, 0xbd,
    0x50, 0x8c, 0x70, 0x9c, 0xce, 0x83, 0xb5, 0xcd, 0xb5, 0xcd, 0xb5, 0xcd,
    0xb5, 0xcd, 0xb5, 0xcd, 0xb5, 0xcd, 0xb5, 0xcd, 0xb5, 0xcd, 0x74, 0xc5,
    0x53, 0xbd, 0xd6, 0xcd, 0xf6, 0xd5, 0xd6, 0xcd, 0xb5, 0xcd, 0x70, 0xa4,
    0xb1, 0xa4, 0x91, 0xa4, 0x90, 0xa4, 0x70, 0xa4, 0xd1, 0xac, 0x33, 0xbd,
    0xf2, 0xbc, 0xb5, 0xcd, 0x36, 0xde, 0x37, 0xde, 0xd5, 0xd5, 0xd1, 0xac,
    0xd1, 0xb4, 0x74, 0xc5, 0xf5, 0xd5, 0xf5, 0xd5, 0xf6, 0xd5, 0xf5, 0xd5,
    0xd5, 0xd5, 0xd5, 0xcd, 0x94, 0xcd, 0xf6, 0xdd, 0x57, 0xde, 0x57, 0xe6,
    0x37, 0xde, 0x57, 0xe6, 0x57, 0xe6, 0x57, 0xe6, 0x57, 0xde, 0x57, 0xe6,
    0x57, 0xe6, 0x57, 0xde, 0x57, 0xde, 0x57, 0xe6, 0x57, 0xde, 0x57, 0xde,
    0x57, 0xe6, 0x57, 0xe6, 0x57, 0xde, 0x16, 0xde, 0x36, 0xde, 0x37, 0xde,
    0x57, 0xde, 0x56, 0xe6, 0x73, 0xcd, 0x32, 0xc5, 0x37, 0xde, 0x57, 0xde,
    0x56, 0xde, 0x36, 0xde, 0x57, 0xe6, 0x57, 0xde, 0x36, 0xde, 0x56, 0xe6,
    0x37, 0xde, 0x36, 0xde, 0xcd, 0x93, 0x73, 0xc5, 0x73, 0xc5, 0x74, 0xc5,
    0x36, 0xde, 0x36, 0xde, 0x16, 0xd6, 0x36, 0xde, 0x16, 0xd6, 0x16, 0xde,
    0x16, 0xde, 0x16, 0xd6, 0xd5, 0xcd, 0x33, 0xc5, 0x12, 0xbd, 0xd5, 0xdd,
    0x16, 0xe6, 0xfa, 0xf6, 0x78, 0xe6, 0x33, 0xc5, 0x57, 0xe6, 0x57, 0xe6,
    0x37, 0xde, 0x78, 0xee, 0xfa, 0xf6, 0xfa, 0xf6, 0xfa, 0xf6, 0xda, 0xf6,
    0xfb, 0xf6, 0xfa, 0xf6, 0xfb, 0xf6, 0xfa, 0xf6, 0xfa, 0xf6, 0xfb, 0xf6,
    0xfa, 0xf6, 0xb9, 0xee, 0x57, 0xe6, 0x57, 0xe6, 0x57, 0xe6, 0x57, 0xde,
    0x57, 0xe6, 0x57, 0xe6, 0x57, 0xde, 0x57, 0xe6, 0x57, 0xde, 0xd5, 0xd5,
    0x57, 0xe6, 0xfa, 0xf6, 0xfa, 0xf6, 0xd6, 0xd5, 0x8c, 0x8b, 0x33, 0xbd,
    0x33, 0xbd, 0xd5, 0xd5, 0x16, 0xde, 0xf5, 0xd5, 0xd5, 0xd5, 0x36, 0xde,
    0x57, 0xe6, 0x57, 0xe6, 0x57, 0xe6, 0x78, 0xe6, 0x57, 0xe6, 0x77, 0xde,
    0x78, 0xe6, 0x77, 0xe6, 0x77, 0xe6, 0x77, 0xe6, 0x77, 0xde, 0x57, 0xe6,
    0x77, 0xe6, 0x77, 0xe6, 0x57, 0xde, 0x57, 0xe6, 0x58, 0xe6, 0x57, 0xde,
    0x57, 0xde, 0x77, 0xe6, 0x77, 0xe6, 0x37, 0xde, 0x36, 0xde, 0x57, 0xe6,
    0x57, 0xe6, 0xf6, 0xd5, 0x16, 0xd6, 0x57, 0xe6, 0x57, 0xe6, 0x57, 0xe6,
    0x57, 0xe6, 0x57, 0xde, 0x57, 0xde, 0x57, 0xe6, 0x57, 0xe6, 0x77, 0xde,
    0x57, 0xe6, 0x58, 0xe6, 0x77, 0xde, 0x77, 0xe6, 0xf6, 0xd5, 0x32, 0xbd,
    0xd5, 0xcd, 0x37, 0xde, 0x57, 0xde, 0x57, 0xe6, 0x57, 0xe6, 0xb1, 0xb4,
    0xfa, 0xf6, 0xfa, 0xf6, 0xfb, 0xee, 0xfa, 0xf6, 0xfa, 0xf6, 0xda, 0xee,
    0xfa, 0xf6, 0xd5, 0xd5, 0x94, 0xcd, 0x58, 0xe6, 0x57, 0xe6, 0x58, 0xe6,
    0x57, 0xe6, 0x57, 0xde, 0x6f, 0xac, 0x74, 0xd5, 0x73, 0xd5, 0x12, 0xc5,
    0x58, 0xde, 0x57, 0xde, 0x78, 0xe6, 0x78, 0xe6, 0x57, 0xde, 0x57, 0xe6,
    0x57, 0xde, 0x57, 0xde, 0x16, 0xde, 0x37, 0xde, 0x57, 0xde, 0x57, 0xde,
    0x57, 0xe6, 0x57, 0xde, 0x77, 0xde, 0x58, 0xe6, 0x57, 0xe6, 0x37, 0xde,
    0xb5, 0xcd, 0xf5, 0xd5, 0x57, 0xde, 0x57, 0xe6, 0x57, 0xde, 0x57, 0xde,
    0x78, 0xe6, 0x57, 0xe6, 0x36, 0xde, 0x37, 0xde, 0x37, 0xde, 0x57, 0xde,
    0x57, 0xe6, 0x57, 0xde, 0x57, 0xe6, 0x78, 0xde, 0xd5, 0xcd, 0x53, 0xbd,
    0x13, 0xbd, 0xf5, 0xd5, 0x18, 0xc6, 0x19, 0xb6, 0x14, 0x9d, 0xf7, 0xc5,
    0xef, 0x7b, 0x70, 0x9c, 0x0f, 0x94, 0x12, 0xb5, 0xb5, 0xcd, 0xb5, 0xcd,
    0xb5, 0xcd, 0xb5, 0xcd, 0xb5, 0xcd, 0xb5, 0xcd, 0xb4, 0xcd, 0x74, 0xc5,
    0xb5, 0xcd, 0xd6, 0xcd, 0xd6, 0xcd, 0xf6, 0xcd, 0x74, 0xc5, 0x91, 0xac,
    0xb1, 0xac, 0xb0, 0xa4, 0x91, 0xac, 0x0e, 0x94, 0x70, 0xa4, 0x53, 0xc5,
    0x90, 0xac, 0xb4, 0xcd, 0x37, 0xde, 0x37, 0xde, 0x70, 0xa4, 0xd1, 0xac,
    0xd1, 0xb4, 0x94, 0xcd, 0xd5, 0xd5, 0xf5, 0xd5, 0xf6, 0xd5, 0xf5, 0xd5,
    0xd5, 0xd5, 0xd5, 0xcd, 0x53, 0xc5, 0xd5, 0xd5, 0x57, 0xe6, 0x56, 0xde,
    0x57, 0xe6, 0x57, 0xde, 0x57, 0xde, 0x57, 0xe6, 0x57, 0xe6, 0x57, 0xde,
    0x57, 0xe6, 0x57, 0xe6, 0x57, 0xe6, 0x57, 0xde, 0x57, 0xe6, 0x57, 0xde,
    0x57, 0xde, 0x57, 0xe6, 0x57, 0xe6, 0x57, 0xe6, 0x57, 0xe6, 0x57, 0xde,
    0x37, 0xde, 0x37, 0xe6, 0x94, 0xcd, 0x53, 0xc5, 0x36, 0xde, 0x57, 0xe6,
    0x57, 0xde, 0x57, 0xe6, 0x57, 0xe6, 0x57, 0xde, 0x37, 0xde, 0x57, 0xde,
    0x37, 0xde, 0x57, 0xde, 0x4e, 0xac, 0x74, 0xc5, 0x94, 0xcd, 0xd5, 0xd5,
    0x37, 0xde, 0x16, 0xd6, 0xf6, 0xd5, 0x16, 0xde, 0x16, 0xde, 0x36, 0xd6,
    0x37, 0xde, 0x16, 0xde, 0x73, 0xc5, 0x6f, 0xac, 0x94, 0xd5, 0xd5, 0xd5,
    0xb9, 0xee, 0xda, 0xf6, 0xb9, 0xee, 0xd5, 0xd5, 0x57, 0xe6, 0x78, 0xe6,
    0xd5, 0xd5, 0xf6, 0xdd, 0xfa, 0xf6, 0xfa, 0xf6, 0xfb, 0xee, 0xfa, 0xf6,
    0xfa, 0xf6, 0xfa, 0xf6, 0xfb, 0xee, 0xfa, 0xf6, 0xfa, 0xf6, 0xfa, 0xee,
    0xda, 0xee, 0x57, 0xe6, 0x57, 0xde, 0x57, 0xe6, 0x57, 0xde, 0x57, 0xe6,
    0x77, 0xe6, 0x77, 0xde, 0x57, 0xde, 0x57, 0xe6, 0x57, 0xe6, 0xd1, 0xb4,
    0xd9, 0xee, 0xfa, 0xf6, 0xda, 0xf6, 0xd6, 0xd5, 0x8c, 0x8b, 0x33, 0xbd,
    0x12, 0xbd, 0x94, 0xcd, 0x16, 0xde, 0x16, 0xde, 0xb4, 0xd5, 0x36, 0xde,
    0x57, 0xde, 0x57, 0xe6, 0x77, 0xde, 0x58, 0xe6, 0x77, 0xe6, 0x77, 0xe6,
    0x78, 0xe6, 0x77, 0xde, 0x57, 0xe6, 0x58, 0xe6, 0x77, 0xe6, 0x57, 0xde,
    0x57, 0xe6, 0x77, 0xe6, 0x57, 0xe6, 0x77, 0xe6, 0x77, 0xe6, 0x57, 0xe6,
    0x57, 0xde, 0x58, 0xde, 0x57, 0xe6, 0x16, 0xde, 0x57, 0xde, 0x57, 0xde,
    0x37, 0xde, 0x56, 0xde, 0x77, 0xe6, 0x77, 0xe6, 0x57, 0xde, 0x57, 0xde,
    0x57, 0xe6, 0x57, 0xe6, 0x77, 0xde, 0x57, 0xde, 0x57, 0xe6, 0x57, 0xe6,
    0x57, 0xde, 0x57, 0xe6, 0x57, 0xe6, 0x77, 0xde, 0x94, 0xcd, 0x53, 0xc5,
    0x16, 0xde, 0x37, 0xde, 0x37, 0xde, 0x37, 0xde, 0xd5, 0xd5, 0xb9, 0xee,
    0xfa, 0xf6, 0xfa, 0xf6, 0xda, 0xee, 0xfa, 0xee, 0xfb, 0xf6, 0xfb, 0xf6,
    0xfa, 0xf6, 0xb5, 0xd5, 0x74, 0xcd, 0x57, 0xde, 0x57, 0xde, 0x57, 0xde,
    0x57, 0xe6, 0x37, 0xde, 0x17, 0xde, 0x94, 0xd5, 0x73, 0xcd, 0xb1, 0xb4,
    0x57, 0xde, 0x57, 0xde, 0x78, 0xe6, 0x57, 0xe6, 0x57, 0xde, 0x57, 0xe6,
    0x57, 0xde, 0x57, 0xde, 0x57, 0xe6, 0x37, 0xe6, 0x57, 0xde, 0x57, 0xe6,
    0x57, 0xe6, 0x58, 0xde, 0x58, 0xe6, 0x57, 0xde, 0x57, 0xde, 0xd5, 0xd5,
    0x94, 0xcd, 0x57, 0xde, 0x57, 0xe6, 0x58, 0xe6, 0x57, 0xde, 0x57, 0xde,
    0x78, 0xe6, 0x57, 0xde, 0x16, 0xde, 0x37, 0xde, 0x37, 0xde, 0x16, 0xde,
    0x57, 0xde, 0x57, 0xe6, 0x57, 0xe6, 0x57, 0xde, 0x53, 0xbd, 0x12, 0xbd,
    0x12, 0xbd, 0xb5, 0xcd, 0x18, 0xc6, 0x19, 0xb6, 0xb6, 0xb5, 0x17, 0xc6,
    0xcf, 0x7b, 0x91, 0x9c, 0x13, 0xb5, 0x90, 0xa4, 0xb5, 0xcd, 0xb5, 0xcd,
    0xb5, 0xcd, 0xb5, 0xcd, 0xb5, 0xcd, 0xb5, 0xcd, 0x74, 0xc5, 0xb5, 0xcd,
    0xd6, 0xcd, 0xd6, 0xcd, 0xf6, 0xd5, 0xd6, 0xcd, 0xb1, 0xac, 0x90, 0xa4,
    0x90, 0xa4, 0xb1, 0xac, 0xb1, 0xac, 0xce, 0x93, 0x4f, 0x9c, 0x53, 0xc5,
    0x90, 0xa4, 0x94, 0xcd, 0x57, 0xde, 0x57, 0xde, 0x70, 0xa4, 0xd1, 0xac,
    0xf2, 0xb4, 0x74, 0xc5, 0xf5, 0xd5, 0xd5, 0xd5, 0xd5, 0xd5, 0xf6, 0xd5,
    0xf5, 0xd5, 0xd5, 0xd5, 0x53, 0xc5, 0xd5, 0xd5, 0x57, 0xde, 0x57, 0xe6,
    0x57, 0xde, 0x57, 0xe6, 0x57, 0xe6, 0x36, 0xde, 0x57, 0xde, 0x57, 0xe6,
    0x57, 0xde, 0x57, 0xde, 0x57, 0xe6, 0x57, 0xde, 0x57, 0xe6, 0x57, 0xe6,
    0x57, 0xde, 0x57, 0xde, 0x57, 0xe6, 0x57, 0xe6, 0x15, 0xde, 0x36, 0xde,
    0x57, 0xe6, 0x36, 0xe6, 0x94, 0xcd, 0x93, 0xcd, 0x57, 0xe6, 0x57, 0xe6,
    0x57, 0xde, 0x37, 0xe6, 0x56, 0xde, 0x57, 0xde, 0x37, 0xe6, 0x57, 0xde,
    0x37, 0xe6, 0x57, 0xe6, 0x11, 0xbd, 0x73, 0xc5, 0x94, 0xcd, 0xd5, 0xd5,
    0x16, 0xde, 0x16, 0xde, 0x16, 0xde, 0x16, 0xde, 0x36, 0xd6, 0x37, 0xde,
    0x16, 0xde, 0xf6, 0xd5, 0x94, 0xcd, 0x94, 0xd5, 0x94, 0xd5, 0x58, 0xe6,
    0xda, 0xf6, 0xda, 0xf6, 0xd9, 0xf6, 0x57, 0xe6, 0x57, 0xe6, 0x77, 0xe6,
    0x16, 0xde, 0x58, 0xe6, 0xfa, 0xf6, 0xfa, 0xf6, 0xfb, 0xf6, 0xfb, 0xf6,
    0xfa, 0xf6, 0xfa, 0xf6, 0xfb, 0xf6, 0xfb, 0xf6, 0xfa, 0xf6, 0xfa, 0xf6,
    0xb9, 0xee, 0xd5, 0xd5, 0x57, 0xe6, 0x57, 0xe6, 0x57, 0xde, 0x57, 0xe6,
    0x57, 0xe6, 0x57, 0xe6, 0x77, 0xe6, 0x57, 0xe6, 0x16, 0xde, 0xf5, 0xd5,
    0xfa, 0xf6, 0xfa, 0xf6, 0xda, 0xf6, 0xf6, 0xd5, 0xee, 0x9b, 0x53, 0xc5,
    0x33, 0xbd, 0xb4, 0xcd, 0x16, 0xde, 0xd5, 0xd5, 0x37, 0xde, 0x57, 0xe6,
    0x57, 0xde, 0x57, 0xe6, 0x77, 0xde, 0x57, 0xe6, 0x57, 0xe6, 0x58, 0xde,
    0x77, 0xe6, 0x57, 0xe6, 0x57, 0xde, 0x78, 0xe6, 0x57, 0xe6, 0x77, 0xde,
    0x58, 0xde, 0x77, 0xe6, 0x57, 0xe6, 0x58, 0xde, 0x77, 0xe6, 0x77, 0xe6,
    0x57, 0xe6, 0x57, 0xde, 0x57, 0xde, 0xf5, 0xd5, 0x16, 0xde, 0x77, 0xe6,
    0x16, 0xde, 0x16, 0xd6, 0x57, 0xe6, 0x57, 0xe6, 0x57, 0xde, 0x57, 0xe6,
    0x57, 0xe6, 0x77, 0xe6, 0x57, 0xe6, 0x57, 0xde, 0x57, 0xe6, 0x57, 0xe6,
    0x78, 0xde, 0x57, 0xe6, 0x57, 0xde, 0x57, 0xde, 0x16, 0xde, 0x16, 0xde,
    0x57, 0xde, 0x37, 0xde, 0x37, 0xde, 0x16, 0xde, 0x6f, 0xac, 0xda, 0xee,
    0xda, 0xf6, 0xda, 0xee, 0xda, 0xf6, 0xda, 0xf6, 0xfa, 0xee, 0xfa, 0xf6,
    0xfa, 0xee, 0x74, 0xcd, 0x53, 0xc5, 0x57, 0xde, 0x57, 0xe6, 0x57, 0xde,
    0x57, 0xde, 0x32, 0xc5, 0xfa, 0xf6, 0x95, 0xd5, 0x74, 0xd5, 0x4f, 0xac,
    0x57, 0xe6, 0x57, 0xde, 0x57, 0xe6, 0x78, 0xde, 0x36, 0xde, 0x37, 0xde,
    0x57, 0xde, 0x37, 0xde, 0x57, 0xe6, 0x57, 0xe6, 0x57, 0xde, 0x57, 0xde,
    0x57, 0xe6, 0x77, 0xe6, 0x57, 0xde, 0x77, 0xe6, 0x57, 0xde, 0xf5, 0xd5,
    0xd5, 0xd5, 0x57, 0xde, 0x77, 0xde, 0x78, 0xe6, 0x77, 0xe6, 0x57, 0xde,
    0x16, 0xd6, 0x57, 0xde, 0x36, 0xde, 0x37, 0xde, 0x36, 0xde, 0x16, 0xd6,
    0x57, 0xde, 0x58, 0xde, 0x57, 0xde, 0x57, 0xde, 0x53, 0xc5, 0xf2, 0xbc,
    0xf2, 0xb4, 0x53, 0xbd, 0xf8, 0xbd, 0x19, 0xb6, 0x38, 0xc6, 0x17, 0xce,
    0xef, 0x7b, 0x30, 0x94, 0x74, 0xbd, 0xb1, 0xac, 0x95, 0xcd, 0xb5, 0xc5,
    0xb5, 0xcd, 0xb5, 0xcd, 0xb5, 0xcd, 0x94, 0xc5, 0x74, 0xc5, 0xd5, 0xcd,
    0xd6, 0xcd, 0xd6, 0xcd, 0xd5, 0xcd, 0x74, 0xc5, 0x70, 0xa4, 0x4f, 0x9c,
    0x70, 0xa4, 0xb1, 0xac, 0xb1, 0xac, 0x2f, 0x9c, 0x70, 0xa4, 0x33, 0xbd,
    0xd1, 0xb4, 0xb5, 0xcd, 0x37, 0xde, 0xd5, 0xcd, 0xf2, 0xb4, 0xf1, 0xb4,
    0xd1, 0xb4, 0x33, 0xbd, 0xd5, 0xcd, 0xf5, 0xd5, 0xd5, 0xcd, 0xd5, 0xd5,
    0xf5, 0xd5, 0xd5, 0xd5, 0x94, 0xcd, 0xf6, 0xd5, 0x57, 0xe6, 0x37, 0xde,
    0x57, 0xe6, 0x57, 0xde, 0x57, 0xe6, 0x57, 0xe6, 0x57, 0xe6, 0x57, 0xe6,
    0x57, 0xe6, 0x57, 0xde, 0x57, 0xde, 0x57, 0xe6, 0x57, 0xde, 0x57, 0xe6,
    0x57, 0xe6, 0x57, 0xe6, 0x57, 0xde, 0x57, 0xe6, 0x73, 0xc5, 0x37, 0xde,
    0x57, 0xe6, 0x36, 0xe6, 0x94, 0xcd, 0x94, 0xcd, 0x57, 0xe6, 0x57, 0xde,
    0x36, 0xde, 0x37, 0xde, 0x57, 0xe6, 0x56, 0xde, 0x36, 0xe6, 0x57, 0xde,
    0x37, 0xde, 0x36, 0xe6, 0x53, 0xc5, 0x74, 0xc5, 0x74, 0xcd, 0xf5, 0xd5,
    0x16, 0xde, 0x16, 0xd6, 0x36, 0xde, 0x17, 0xde, 0x36, 0xde, 0x16, 0xd6,
    0xb5, 0xcd, 0xd1, 0xb4, 0x12, 0xbd, 0x94, 0xcd, 0x17, 0xde, 0xda, 0xee,
    0xda, 0xf6, 0xfa, 0xf6, 0xfa, 0xf6, 0x77, 0xe6, 0x57, 0xde, 0x57, 0xde,
    0x78, 0xe6, 0xda, 0xf6, 0xfa, 0xf6, 0xfa, 0xf6, 0xfa, 0xf6, 0xfa, 0xf6,
    0xfa, 0xf6, 0xfa, 0xee, 0xfa, 0xf6, 0xfa, 0xf6, 0xfb, 0xf6, 0xfa, 0xf6,
    0x78, 0xe6, 0x73, 0xcd, 0x57, 0xde, 0x57, 0xe6, 0x57, 0xe6, 0x57, 0xe6,
    0x57, 0xde, 0x57, 0xe6, 0x57, 0xe6, 0x57, 0xde, 0xd1, 0xbc, 0xda, 0xf6,
    0xfa, 0xee, 0xfa, 0xf6, 0xda, 0xf6, 0xf6, 0xdd, 0x4f, 0xa4, 0x53, 0xc5,
    0xb4, 0xcd, 0xf5, 0xd5, 0x16, 0xde, 0xd5, 0xd5, 0x36, 0xde, 0x57, 0xde,
    0x57, 0xe6, 0x57, 0xe6, 0x78, 0xe6, 0x78, 0xe6, 0x57, 0xe6, 0x78, 0xde,
    0x58, 0xe6, 0x77, 0xe6, 0x77, 0xe6, 0x57, 0xe6, 0x77, 0xe6, 0x57, 0xe6,
    0x57, 0xe6, 0x77, 0xde, 0x57, 0xde, 0x57, 0xe6, 0x77, 0xde, 0x58, 0xde,
    0x57, 0xe6, 0x57, 0xde, 0xf5, 0xd5, 0x57, 0xe6, 0x37, 0xde, 0x57, 0xe6,
    0x37, 0xde, 0x37, 0xde, 0x57, 0xe6, 0x57, 0xe6, 0x57, 0xde, 0x77, 0xe6,
    0x58, 0xe6, 0x57, 0xde, 0x57, 0xe6, 0x58, 0xe6, 0x57, 0xde, 0x77, 0xe6,
    0x57, 0xe6, 0x57, 0xde, 0x57, 0xde, 0x94, 0xcd, 0x32, 0xbd, 0xf5, 0xd5,
    0x57, 0xde, 0x57, 0xde, 0x57, 0xde, 0x36, 0xde, 0x74, 0xcd, 0xda, 0xee,
    0xfa, 0xf6, 0xfa, 0xf6, 0xda, 0xee, 0xfa, 0xf6, 0xda, 0xf6, 0xfa, 0xee,
    0xfa, 0xf6, 0x95, 0xcd, 0x74, 0xc5, 0x58, 0xe6, 0x57, 0xe6, 0x57, 0xe6,
    0x37, 0xde, 0x12, 0xc5, 0xb9, 0xee, 0x94, 0xd5, 0x73, 0xcd, 0x4f, 0xac,
    0x57, 0xde, 0x57, 0xe6, 0x57, 0xde, 0x57, 0xe6, 0xf6, 0xd5, 0x16, 0xd6,
    0x57, 0xe6, 0xb5, 0xd5, 0x16, 0xde, 0x57, 0xde, 0x57, 0xde, 0x58, 0xe6,
    0x57, 0xde, 0x78, 0xe6, 0x77, 0xe6, 0x78, 0xe6, 0x16, 0xd6, 0x94, 0xc5,
    0x57, 0xde, 0x57, 0xde, 0x77, 0xe6, 0x58, 0xde, 0x77, 0xe6, 0x57, 0xe6,
    0xb5, 0xcd, 0x37, 0xde, 0x57, 0xe6, 0x57, 0xde, 0x37, 0xde, 0x57, 0xde,
    0x57, 0xde, 0x57, 0xe6, 0x57, 0xde, 0x57, 0xde, 0x74, 0xc5, 0xf1, 0xb4,
    0xb1, 0xac, 0xd2, 0xac, 0xd7, 0xb5, 0xb7, 0xa5, 0xb6, 0xbd, 0x18, 0xc6,
    0x10, 0x7c, 0xae, 0x83, 0x74, 0xc5, 0x53, 0xbd, 0x94, 0xcd, 0xb4, 0xcd,
    0xb5, 0xcd, 0xb5, 0xcd, 0xb5, 0xcd, 0x94, 0xc5, 0xb5, 0xcd, 0xd6, 0xcd,
    0xd6, 0xcd, 0xd6, 0xcd, 0xd5, 0xcd, 0xb1, 0xa4, 0x90, 0xa4, 0x70, 0xa4,
    0xb1, 0xac, 0xb1, 0xa4, 0x6f, 0x9c, 0x4f, 0x9c, 0xf2, 0xb4, 0x33, 0xbd,
    0x73, 0xc5, 0xf6, 0xd5, 0x36, 0xde, 0x70, 0xa4, 0xd1, 0xac, 0xd1, 0xb4,
    0xd1, 0xac, 0x12, 0xb5, 0xd5, 0xd5, 0xd5, 0xd5, 0xf5, 0xd5, 0xf5, 0xd5,
    0xd5, 0xd5, 0xd5, 0xcd, 0xf6, 0xd5, 0x36, 0xde, 0x57, 0xe6, 0x57, 0xe6,
    0x56, 0xe6, 0x57, 0xde, 0x57, 0xe6, 0x57, 0xe6, 0x57, 0xde, 0x57, 0xe6,
    0x57, 0xe6, 0x57, 0xe6, 0x57, 0xe6, 0x57, 0xde, 0x57, 0xe6, 0x57, 0xe6,
    0x57, 0xde, 0x57, 0xde, 0x57, 0xe6, 0x57, 0xde, 0x12, 0xbd, 0x37, 0xde,
    0x37, 0xde, 0x56, 0xe6, 0x94, 0xcd, 0xb4, 0xd5, 0x57, 0xe6, 0x57, 0xe6,
    0x57, 0xde, 0x57, 0xe6, 0x57, 0xe6, 0x57, 0xde, 0x57, 0xde, 0x37, 0xde,
    0x57, 0xde, 0x93, 0xcd, 0x93, 0xcd, 0x74, 0xc5, 0x94, 0xcd, 0x16, 0xde,
    0x16, 0xd6, 0x36, 0xde, 0x36, 0xde, 0x37, 0xde, 0x37, 0xde, 0x16, 0xde,
    0x73, 0xc5, 0xb1, 0xb4, 0x53, 0xcd, 0x37, 0xe6, 0xda, 0xf6, 0xda, 0xf6,
    0xfa, 0xee, 0xda, 0xee, 0xb9, 0xee, 0x57, 0xe6, 0x57, 0xe6, 0xd6, 0xd5,
    0xf6, 0xd5, 0xfa, 0xf6, 0xfa, 0xf6, 0xfb, 0xf6, 0xfa, 0xee, 0xfa, 0xf6,
    0xfb, 0xf6, 0xfa, 0xf6, 0xfa, 0xf6, 0xfb, 0xf6, 0xfa, 0xf6, 0xfb, 0xf6,
    0x78, 0xe6, 0x32, 0xc5, 0x57, 0xde, 0x57, 0xde, 0x57, 0xe6, 0x57, 0xe6,
    0x77, 0xde, 0x77, 0xe6, 0x77, 0xe6, 0x57, 0xe6, 0x94, 0xcd, 0xda, 0xee,
    0xda, 0xf6, 0xfa, 0xf6, 0xda, 0xee, 0xf6, 0xd5, 0xb0, 0xac, 0x12, 0xbd,
    0x94, 0xcd, 0x16, 0xde, 0xd5, 0xd5, 0x16, 0xde, 0x57, 0xe6, 0x57, 0xe6,
    0x57, 0xde, 0x77, 0xe6, 0x77, 0xe6, 0x57, 0xe6, 0x77, 0xe6, 0x77, 0xe6,
    0x57, 0xe6, 0x77, 0xe6, 0x57, 0xe6, 0x57, 0xde, 0x77, 0xe6, 0x57, 0xe6,
    0x57, 0xe6, 0x57, 0xe6, 0x57, 0xe6, 0x77, 0xe6, 0x58, 0xe6, 0x57, 0xde,
    0x57, 0xe6, 0x57, 0xe6, 0xf5, 0xd5, 0x57, 0xe6, 0x57, 0xe6, 0x37, 0xde,
    0x36, 0xde, 0x57, 0xde, 0x57, 0xe6, 0x77, 0xe6, 0x57, 0xde, 0x57, 0xe6,
    0x57, 0xe6, 0x57, 0xde, 0x57, 0xde, 0x77, 0xe6, 0x57, 0xde, 0x57, 0xe6,
    0x57, 0xe6, 0x77, 0xe6, 0x57, 0xe6, 0x12, 0xbd, 0x4f, 0xa4, 0xd5, 0xd5,
    0x57, 0xde, 0x57, 0xde, 0x57, 0xe6, 0x73, 0xcd, 0xb9, 0xee, 0xda, 0xf6,
    0xda, 0xf6, 0xfa, 0xf6, 0xfa, 0xee, 0xdb, 0xf6, 0xda, 0xf6, 0xfa, 0xee,
    0xda, 0xee, 0xf6, 0xdd, 0xd5, 0xd5, 0x78, 0xe6, 0x78, 0xe6, 0x57, 0xde,
    0xb4, 0xd5, 0x58, 0xe6, 0xb9, 0xee, 0x33, 0xc5, 0x33, 0xcd, 0x2e, 0xa4,
    0x78, 0xe6, 0x78, 0xe6, 0x57, 0xde, 0x57, 0xe6, 0xd5, 0xd5, 0xf5, 0xd5,
    0x57, 0xde, 0x53, 0xc5, 0xf6, 0xd5, 0x57, 0xde, 0x77, 0xe6, 0x57, 0xe6,
    0x58, 0xde, 0x77, 0xde, 0x57, 0xe6, 0x78, 0xe6, 0x16, 0xd6, 0xb4, 0xcd,
    0x57, 0xde, 0x58, 0xe6, 0x57, 0xe6, 0x78, 0xde, 0x57, 0xde, 0x57, 0xe6,
    0xd5, 0xd5, 0x37, 0xde, 0x57, 0xde, 0x37, 0xde, 0x36, 0xde, 0x57, 0xde,
    0x57, 0xde, 0x57, 0xe6, 0x57, 0xde, 0xf6, 0xd5, 0x33, 0xbd, 0xd1, 0xb4,
    0x90, 0xa4, 0x2f, 0x94, 0xb6, 0xb5, 0x35, 0x95, 0xb5, 0xbd, 0x38, 0xc6,
    0x52, 0x74, 0xb2, 0xa4, 0x95, 0xc5, 0xb5, 0xc5, 0xb5, 0xcd, 0xb5, 0xcd,
    0xb5, 0xcd, 0xb5, 0xcd, 0x53, 0xbd, 0x94, 0xc5, 0xd6, 0xcd, 0xd6, 0xcd,
    0xd6, 0xcd, 0xb5, 0xcd, 0x74, 0xc5, 0x90, 0xa4, 0xb1, 0xac, 0xb1, 0xac,
    0xb1, 0xac, 0x90, 0xa4, 0x0f, 0x94, 0x90, 0xa4, 0x73, 0xc5, 0x53, 0xc5,
    0xd5, 0xd5, 0x37, 0xde, 0x37, 0xde, 0x6f, 0x9c, 0xb1, 0xac, 0xd1, 0xac,
    0xd1, 0xac, 0xd1, 0xac, 0xd5, 0xd5, 0xf5, 0xd5, 0xd5, 0xd5, 0xf5, 0xd5,
    0xf5, 0xd5, 0xd5, 0xcd, 0x16, 0xde, 0x57, 0xe6, 0x57, 0xe6, 0x57, 0xde,
    0x57, 0xde, 0x57, 0xe6, 0x57, 0xde, 0x56, 0xe6, 0x57, 0xe6, 0x57, 0xde,
    0x57, 0xde, 0x56, 0xe6, 0x57, 0xe6, 0x57, 0xde, 0x57, 0xe6, 0x57, 0xe6,
    0x57, 0xde, 0x57, 0xe6, 0x57, 0xde, 0x57, 0xe6, 0x73, 0xcd, 0x36, 0xde,
    0x37, 0xde, 0x57, 0xe6, 0x94, 0xcd, 0xb4, 0xd5, 0x57, 0xe6, 0x57, 0xe6,
    0x57, 0xde, 0x56, 0xde, 0x37, 0xe6, 0x57, 0xe6, 0x57, 0xde, 0x57, 0xe6,
    0x57, 0xe6, 0xd1, 0xb4, 0x53, 0xc5, 0x73, 0xcd, 0x94, 0xcd, 0x36, 0xde,
    0x16, 0xde, 0x36, 0xde, 0x36, 0xde, 0x36, 0xd6, 0x37, 0xde, 0xf5, 0xd5,
    0x73, 0xc5, 0x74, 0xcd, 0xb5, 0xdd, 0xb9, 0xee, 0xda, 0xf6, 0xfa, 0xf6,
    0xfa, 0xf6, 0xb9, 0xee, 0x37, 0xe6, 0x57, 0xe6, 0x78, 0xe6, 0xf6, 0xdd,
    0x16, 0xde, 0xfa, 0xf6, 0xfa, 0xf6, 0xfa, 0xf6, 0xfb, 0xf6, 0xfa, 0xf6,
    0xfa, 0xf6, 0xfb, 0xf6, 0xfb, 0xf6, 0xfa, 0xf6, 0xfa, 0xee, 0xfa, 0xf6,
    0x78, 0xe6, 0x33, 0xc5, 0x57, 0xe6, 0x57, 0xde, 0x57, 0xe6, 0x57, 0xde,
    0x57, 0xe6, 0x77, 0xe6, 0x57, 0xde, 0x11, 0xbd, 0xb9, 0xee, 0xda, 0xf6,
    0xda, 0xee, 0xfa, 0xf6, 0xda, 0xee, 0xd6, 0xdd, 0x12, 0xbd, 0x12, 0xbd,
    0x53, 0xc5, 0x16, 0xde, 0xd5, 0xd5, 0x16, 0xde, 0x57, 0xde, 0x57, 0xe6,
    0x57, 0xe6, 0x57, 0xde, 0x77, 0xe6, 0x57, 0xe6, 0x57, 0xde, 0x78, 0xe6,
    0x57, 0xe6, 0x57, 0xde, 0x57, 0xe6, 0x78, 0xde, 0x77, 0xde, 0x57, 0xe6,
    0x57, 0xde, 0x57, 0xde, 0x77, 0xe6, 0x77, 0xde, 0x57, 0xe6, 0x57, 0xe6,
    0x57, 0xde, 0xd5, 0xd5, 0x57, 0xde, 0x16, 0xde, 0x57, 0xde, 0x37, 0xde,
    0x36, 0xde, 0x57, 0xe6, 0x77, 0xe6, 0x57, 0xe6, 0x57, 0xde, 0x57, 0xe6,
    0x77, 0xe6, 0x57, 0xe6, 0x57, 0xe6, 0x57, 0xe6, 0x57, 0xe6, 0x58, 0xde,
    0x78, 0xde, 0x57, 0xe6, 0x37, 0xde, 0xf2, 0xb4, 0xd1, 0xb4, 0x16, 0xde,
    0x37, 0xde, 0x57, 0xde, 0x57, 0xe6, 0xb0, 0xb4, 0x99, 0xe6, 0xda, 0xee,
    0xda, 0xf6, 0xfa, 0xf6, 0xfa, 0xf6, 0xfa, 0xee, 0xda, 0xf6, 0xfa, 0xee,
    0xda, 0xf6, 0x57, 0xe6, 0x16, 0xde, 0x57, 0xde, 0x77, 0xe6, 0x78, 0xe6,
    0x33, 0xbd, 0x74, 0xc5, 0x99, 0xe6, 0x74, 0xd5, 0x12, 0xc5, 0xac, 0x93,
    0x57, 0xe6, 0x78, 0xde, 0x57, 0xe6, 0x57, 0xde, 0xd5, 0xd5, 0xf6, 0xd5,
    0x57, 0xde, 0xb4, 0xcd, 0x16, 0xde, 0x57, 0xe6, 0x57, 0xde, 0x78, 0xe6,
    0x77, 0xe6, 0x57, 0xde, 0x58, 0xe6, 0x37, 0xde, 0xf5, 0xd5, 0x37, 0xde,
    0x57, 0xde, 0x57, 0xe6, 0x57, 0xe6, 0x78, 0xe6, 0x57, 0xde, 0x78, 0xe6,
    0x37, 0xde, 0x16, 0xd6, 0x36, 0xde, 0x37, 0xde, 0x37, 0xde, 0x57, 0xde,
    0x57, 0xe6, 0x57, 0xe6, 0x57, 0xde, 0x74, 0xc5, 0xb1, 0xac, 0xf2, 0xb4,
    0x4f, 0xa4, 0xad, 0x83, 0x55, 0xad, 0x35, 0x9d, 0xf7, 0xc5, 0x18, 0xc6,
    0x52, 0x74, 0x74, 0xbd, 0x54, 0xbd, 0xb4, 0xcd, 0xb5, 0xcd, 0xb5, 0xc5,
    0xb5, 0xcd, 0xb5, 0xcd, 0x94, 0xc5, 0xb5, 0xc5, 0xd6, 0xcd, 0xd6, 0xcd,
    0xd6, 0xcd, 0xb5, 0xcd, 0xb1, 0xa4, 0x70, 0xa4, 0xb1, 0xac, 0xb1, 0xa4,
    0xb1, 0xac, 0x70, 0xa4, 0x4f, 0x9c, 0x74, 0xc5, 0x74, 0xc5, 0x33, 0xc5,
    0xf6, 0xd5, 0x57, 0xde, 0x37, 0xde, 0xf2, 0xb4, 0xd1, 0xac, 0xd1, 0xb4,
    0xd1, 0xac, 0x90, 0xac, 0xd5, 0xd5, 0xd5, 0xd5, 0xf6, 0xd5, 0xd5, 0xd5,
    0xd5, 0xd5, 0xb5, 0xcd, 0xf6, 0xd5, 0x36, 0xde, 0x36, 0xde, 0x57, 0xe6,
    0x57, 0xe6, 0x57, 0xe6, 0x57, 0xde, 0x57, 0xe6, 0x57, 0xe6, 0x57, 0xde,
    0x57, 0xe6, 0x57, 0xe6, 0x57, 0xde, 0x57, 0xe6, 0x56, 0xe6, 0x57, 0xde,
    0x57, 0xe6, 0x57, 0xe6, 0x57, 0xde, 0x57, 0xde, 0x36, 0xde, 0x57, 0xe6,
    0x57, 0xde, 0x37, 0xe6, 0x94, 0xcd, 0xb4, 0xcd, 0x16, 0xde, 0x57, 0xde,
    0x57, 0xe6, 0x57, 0xe6, 0x37, 0xde, 0x57, 0xde, 0x56, 0xde, 0x37, 0xe6,
    0x57, 0xde, 0x2e, 0xa4, 0x53, 0xc5, 0x74, 0xcd, 0x94, 0xcd, 0x16, 0xde,
    0x36, 0xde, 0x37, 0xde, 0x17, 0xde, 0x16, 0xd6, 0xd5, 0xd5, 0xd1, 0xb4,
    0x12, 0xbd, 0x94, 0xd5, 0x57, 0xe6, 0xda, 0xee, 0xfa, 0xee, 0xfa, 0xf6,
    0xfa, 0xf6, 0xb9, 0xee, 0xf5, 0xdd, 0x57, 0xe6, 0x78, 0xe6, 0x98, 0xee,
    0xd9, 0xee, 0xfa, 0xf6, 0xfa, 0xf6, 0xfb, 0xf6, 0xfa, 0xf6, 0xfa, 0xf6,
    0xfa, 0xee, 0xda, 0xf6, 0xfa, 0xf6, 0xfa, 0xf6, 0xfb, 0xf6, 0xfa, 0xf6,
    0x78, 0xe6, 0x94, 0xcd, 0x57, 0xe6, 0x57, 0xe6, 0x57, 0xde, 0x57, 0xe6,
    0x57, 0xde, 0x57, 0xe6, 0x77, 0xe6, 0xf6, 0xdd, 0xd9, 0xee, 0xda, 0xee,
    0xda, 0xf6, 0xfa, 0xf6, 0xda, 0xee, 0xf6, 0xdd, 0x53, 0xc5, 0x73, 0xc5,
    0xb4, 0xd5, 0xd5, 0xd5, 0x15, 0xde, 0x57, 0xde, 0x57, 0xde, 0x57, 0xe6,
    0x57, 0xe6, 0x77, 0xe6, 0x58, 0xe6, 0x57, 0xde, 0x77, 0xde, 0x58, 0xe6,
    0x57, 0xe6, 0x57, 0xe6, 0x77, 0xe6, 0x57, 0xe6, 0x57, 0xe6, 0x77, 0xde,
    0x58, 0xe6, 0x57, 0xe6, 0x77, 0xde, 0x78, 0xe6, 0x58, 0xde, 0x77, 0xe6,
    0x57, 0xe6, 0x16, 0xde, 0x37, 0xde, 0xf5, 0xd5, 0x37, 0xde, 0x16, 0xde,
    0x57, 0xe6, 0x57, 0xe6, 0x57, 0xde, 0x57, 0xde, 0x57, 0xe6, 0x77, 0xde,
    0x58, 0xde, 0x57, 0xe6, 0x77, 0xe6, 0x57, 0xde, 0x57, 0xe6, 0x78, 0xe6,
    0x57, 0xde, 0x57, 0xde, 0x73, 0xc5, 0xcd, 0x93, 0x12, 0xbd, 0x37, 0xde,
    0x57, 0xde, 0x57, 0xe6, 0x57, 0xe6, 0x17, 0xde, 0xb9, 0xee, 0xda, 0xee,
    0xda, 0xee, 0xfa, 0xf6, 0xfa, 0xf6, 0xda, 0xee, 0xda, 0xee, 0xda, 0xee,
    0xda, 0xee, 0x98, 0xe6, 0x36, 0xde, 0x36, 0xde, 0x16, 0xde, 0xb4, 0xcd,
    0xeb, 0x6a, 0xf7, 0xcd, 0xda, 0xee, 0x37, 0xe6, 0x12, 0xc5, 0x6c, 0x8b,
    0x57, 0xde, 0x57, 0xde, 0x57, 0xe6, 0x57, 0xde, 0x16, 0xde, 0x36, 0xde,
    0x57, 0xe6, 0x37, 0xde, 0x57, 0xde, 0x58, 0xe6, 0x78, 0xe6, 0x77, 0xde,
    0x57, 0xe6, 0x78, 0xe6, 0x77, 0xde, 0x36, 0xde, 0xd5, 0xcd, 0x57, 0xde,
    0x57, 0xe6, 0x57, 0xde, 0x57, 0xde, 0x77, 0xde, 0x57, 0xe6, 0x57, 0xde,
    0x57, 0xde, 0x94, 0xcd, 0x36, 0xde, 0x57, 0xde, 0x57, 0xde, 0x57, 0xde,
    0x57, 0xe6, 0x78, 0xde, 0x57, 0xe6, 0x73, 0xc5, 0xb1, 0xac, 0xd1, 0xb4,
    0x2f, 0x9c, 0xce, 0x8b, 0x15, 0x9d, 0xb3, 0x8c, 0xd6, 0xbd, 0xf8, 0xb5,
    0x8e, 0x63, 0x54, 0xc5, 0xd1, 0xac, 0x95, 0xcd, 0x95, 0xcd, 0xb4, 0xcd,
    0xb5, 0xcd, 0x74, 0xc5, 0x95, 0xc5, 0xd6, 0xcd, 0xd6, 0xcd, 0xd6, 0xcd,
    0xd6, 0xcd, 0x90, 0xa4, 0x2f, 0x9c, 0x90, 0xa4, 0x91, 0xa4, 0x91, 0xa4,
    0x4f, 0x9c, 0xee, 0x93, 0x53, 0xc5, 0x32, 0xbd, 0x74, 0xc5, 0x33, 0xbd,
    0xd5, 0xd5, 0x57, 0xde, 0xf2, 0xb4, 0xd1, 0xac, 0xd1, 0xb4, 0xd1, 0xb4,
    0xb1, 0xac, 0x2f, 0x9c, 0xd5, 0xd5, 0xd5, 0xd5, 0xf5, 0xd5, 0xf5, 0xcd,
    0xd5, 0xd5, 0x94, 0xcd, 0xf6, 0xd5, 0x16, 0xde, 0x36, 0xde, 0x57, 0xe6,
    0x57, 0xe6, 0x57, 0xde, 0x57, 0xe6, 0x57, 0xde, 0x56, 0xde, 0x57, 0xe6,
    0x57, 0xe6, 0x56, 0xde, 0x57, 0xde, 0x57, 0xe6, 0x57, 0xe6, 0x57, 0xde,
    0x56, 0xde, 0x57, 0xe6, 0x57, 0xe6, 0x57, 0xe6, 0x77, 0xe6, 0x36, 0xde,
    0x37, 0xde, 0x37, 0xe6, 0x94, 0xcd, 0x94, 0xcd, 0xd5, 0xd5, 0x57, 0xde,
    0x57, 0xe6, 0x56, 0xe6, 0x57, 0xe6, 0x57, 0xe6, 0x57, 0xde, 0x37, 0xde,
    0x37, 0xde, 0xcc, 0x9b, 0x73, 0xc5, 0x74, 0xc5, 0x53, 0xc5, 0x16, 0xde,
    0x37, 0xde, 0x37, 0xde, 0x37, 0xde, 0xf5, 0xd5, 0xf2, 0xb4, 0xd1, 0xb4,
    0x73, 0xcd, 0x37, 0xe6, 0xda, 0xee, 0xda, 0xf6, 0xda, 0xf6, 0xda, 0xee,
    0xda, 0xf6, 0xda, 0xee, 0xd5, 0xd5, 0x78, 0xe6, 0x57, 0xde, 0x37, 0xe6,
    0xda, 0xee, 0xfa, 0xf6, 0xfa, 0xf6, 0xfa, 0xf6, 0xfa, 0xee, 0xfb, 0xf6,
    0xfb, 0xf6, 0xfa, 0xee, 0xfa, 0xf6, 0xfa, 0xee, 0xfa, 0xf6, 0xfa, 0xf6,
    0xb9, 0xee, 0xf5, 0xdd, 0x57, 0xe6, 0x57, 0xde, 0x57, 0xe6, 0x57, 0xe6,
    0x57, 0xe6, 0x57, 0xe6, 0x53, 0xc5, 0x78, 0xe6, 0xda, 0xf6, 0xfa, 0xf6,
    0xda, 0xee, 0xda, 0xf6, 0xb9, 0xee, 0xf5, 0xdd, 0x33, 0xbd, 0x74, 0xcd,
    0x37, 0xde, 0xd4, 0xd5, 0xd5, 0xd5, 0x57, 0xde, 0x57, 0xe6, 0x57, 0xe6,
    0x77, 0xde, 0x77, 0xde, 0x57, 0xe6, 0x57, 0xe6, 0x57, 0xe6, 0x57, 0xde,
    0x77, 0xe6, 0x77, 0xe6, 0x57, 0xde, 0x57, 0xe6, 0x57, 0xe6, 0x77, 0xde,
    0x57, 0xe6, 0x57, 0xe6, 0x77, 0xe6, 0x57, 0xde, 0x57, 0xde, 0x78, 0xe6,
    0xb4, 0xcd, 0x57, 0xde, 0x57, 0xe6, 0x37, 0xde, 0x57, 0xe6, 0x16, 0xde,
    0x57, 0xe6, 0x57, 0xde, 0x77, 0xe6, 0x57, 0xe6, 0x57, 0xe6, 0x57, 0xe6,
    0x57, 0xde, 0x57, 0xde, 0x57, 0xe6, 0x77, 0xde, 0x57, 0xe6, 0x57, 0xe6,
    0x57, 0xde, 0x57, 0xe6, 0xb5, 0xd5, 0x70, 0xac, 0x33, 0xc5, 0x57, 0xe6,
    0x37, 0xde, 0x37, 0xde, 0x12, 0xbd, 0x98, 0xe6, 0xda, 0xf6, 0xd9, 0xee,
    0xb9, 0xf6, 0xb5, 0xd5, 0xb9, 0xee, 0xfa, 0xf6, 0xda, 0xf6, 0xb9, 0xee,
    0xb2, 0xa4, 0x8d, 0x83, 0xb0, 0xac, 0xb0, 0xac, 0x70, 0xa4, 0x0b, 0x73,
    0x89, 0x5a, 0xb5, 0xc5, 0x1b, 0xf7, 0x98, 0xe6, 0x32, 0xc5, 0x6c, 0x8b,
    0x37, 0xde, 0x37, 0xde, 0x57, 0xde, 0x78, 0xe6, 0x77, 0xe6, 0x57, 0xe6,
    0x57, 0xe6, 0x57, 0xe6, 0x57, 0xde, 0x57, 0xde, 0x78, 0xe6, 0x57, 0xe6,
    0x57, 0xde, 0x78, 0xe6, 0x57, 0xde, 0x37, 0xde, 0x37, 0xde, 0x57, 0xe6,
    0x57, 0xe6, 0x78, 0xde, 0x58, 0xe6, 0x57, 0xe6, 0x57, 0xde, 0xd5, 0xd5,
    0x16, 0xde, 0xf2, 0xb4, 0x37, 0xde, 0x37, 0xde, 0x57, 0xe6, 0x57, 0xde,
    0x57, 0xde, 0x57, 0xde, 0x57, 0xde, 0xb4, 0xcd, 0xb1, 0xac, 0xb1, 0xac,
    0x2e, 0x9c, 0x0f, 0x94, 0x96, 0xad, 0x71, 0x84, 0xb6, 0xbd, 0xb3, 0x6c,
    0xae, 0x73, 0x54, 0xbd, 0xb1, 0xac, 0xb5, 0xcd, 0xb4, 0xcd, 0xb5, 0xc5,
    0x74, 0xc5, 0x74, 0xc5, 0xd5, 0xcd, 0xd6, 0xcd, 0xd6, 0xcd, 0xd6, 0xcd,
    0x33, 0xbd, 0x90, 0xa4, 0x90, 0xa4, 0x91, 0xac, 0x90, 0xa4, 0x2f, 0x9c,
    0x6c, 0x83, 0x73, 0xc5, 0x12, 0xbd, 0xb1, 0xac, 0x94, 0xcd, 0x53, 0xc5,
    0xd5, 0xcd, 0x36, 0xde, 0x2f, 0x9c, 0x91, 0xac, 0xd1, 0xb4, 0xd2, 0xb4,
    0xd1, 0xb4, 0x2f, 0x9c, 0xd6, 0xd5, 0xf5, 0xd5, 0xf5, 0xd5, 0xd5, 0xd5,
    0xf5, 0xd5, 0x94, 0xcd, 0xd5, 0xd5, 0x16, 0xde, 0x57, 0xde, 0x57, 0xde,
    0x57, 0xde, 0x57, 0xe6, 0x57, 0xe6, 0x57, 0xe6, 0x57, 0xe6, 0x57, 0xde,
    0x57, 0xe6, 0x57, 0xe6, 0x57, 0xde, 0x57, 0xe6, 0x57, 0xe6, 0x57, 0xde,
    0x57, 0xe6, 0x57, 0xde, 0x57, 0xde, 0x57, 0xe6, 0x57, 0xde, 0x32, 0xc5,
    0x57, 0xde, 0x56, 0xe6, 0x94, 0xcd, 0x73, 0xc5, 0x73, 0xc5, 0x37, 0xde,
    0x37, 0xde, 0x56, 0xde, 0x57, 0xde, 0x57, 0xe6, 0x57, 0xe6, 0x57, 0xde,
    0x37, 0xde, 0xac, 0x93, 0x74, 0xc5, 0x94, 0xcd, 0x94, 0xcd, 0x36, 0xde,
    0x36, 0xde, 0x37, 0xde, 0x36, 0xde, 0xf5, 0xd5, 0x73, 0xcd, 0x53, 0xcd,
    0x16, 0xe6, 0xb9, 0xee, 0xda, 0xf6, 0xfa, 0xf6, 0xfa, 0xf6, 0xda, 0xee,
    0xfa, 0xf6, 0xda, 0xee, 0xd5, 0xd5, 0x98, 0xe6, 0xf6, 0xd5, 0x74, 0xcd,
    0xba, 0xee, 0xda, 0xf6, 0xfa, 0xf6, 0xfb, 0xf6, 0xfa, 0xf6, 0xfa, 0xf6,
    0xfa, 0xee, 0xda, 0xf6, 0xfb, 0xf6, 0xfa, 0xf6, 0xfb, 0xf6, 0xfa, 0xf6,
    0xba, 0xee, 0x36, 0xe6, 0x57, 0xde, 0x57, 0xe6, 0x57, 0xe6, 0x77, 0xe6,
    0x77, 0xe6, 0x77, 0xe6, 0xf5, 0xd5, 0xb9, 0xee, 0xda, 0xf6, 0xda, 0xf6,
    0xda, 0xee, 0xda, 0xf6, 0xb9, 0xee, 0xb5, 0xd5, 0xf1, 0xbc, 0x32, 0xbd,
    0x57, 0xe6, 0x56, 0xe6, 0x57, 0xe6, 0x57, 0xe6, 0x57, 0xe6, 0x77, 0xe6,
    0x57, 0xde, 0x77, 0xe6, 0x77, 0xe6, 0x57, 0xe6, 0x57, 0xe6, 0x77, 0xde,
    0x77, 0xe6, 0x57, 0xe6, 0x77, 0xde, 0x57, 0xe6, 0x57, 0xde, 0x57, 0xe6,
    0x77, 0xde, 0x77, 0xe6, 0x57, 0xe6, 0x57, 0xe6, 0x77, 0xde, 0x57, 0xe6,
    0x16, 0xde, 0x57, 0xe6, 0x37, 0xde, 0x57, 0xde, 0xf5, 0xd5, 0x36, 0xde,
    0x57, 0xe6, 0x57, 0xe6, 0x57, 0xde, 0x57, 0xe6, 0x77, 0xde, 0x57, 0xe6,
    0x77, 0xe6, 0x57, 0xe6, 0x57, 0xe6, 0x57, 0xde, 0x57, 0xde, 0x57, 0xe6,
    0x57, 0xde, 0xd5, 0xd5, 0x12, 0xbd, 0x73, 0xcd, 0xd5, 0xcd, 0x57, 0xde,
    0x36, 0xe6, 0x36, 0xde, 0x32, 0xc5, 0xb9, 0xee, 0x57, 0xe6, 0x33, 0xc5,
    0xda, 0xf6, 0x99, 0xe6, 0xda, 0xee, 0x99, 0xe6, 0x71, 0x9c, 0x28, 0x4a,
    0xc7, 0x41, 0x0b, 0x73, 0xf2, 0xac, 0xf2, 0xac, 0xb1, 0xa4, 0x28, 0x52,
    0xc6, 0x41, 0x89, 0x5a, 0x89, 0x62, 0x69, 0x62, 0x2f, 0xa4, 0xac, 0x93,
    0x36, 0xde, 0x36, 0xde, 0x37, 0xde, 0x57, 0xe6, 0x78, 0xe6, 0x78, 0xe6,
    0x16, 0xde, 0x37, 0xde, 0x57, 0xe6, 0x57, 0xde, 0x57, 0xde, 0x78, 0xe6,
    0x57, 0xe6, 0x78, 0xe6, 0x37, 0xde, 0xb4, 0xcd, 0x57, 0xde, 0x58, 0xe6,
    0x77, 0xde, 0x78, 0xe6, 0x77, 0xde, 0x57, 0xde, 0x57, 0xde, 0x94, 0xc5,
    0x16, 0xde, 0xb0, 0xac, 0x37, 0xde, 0x37, 0xde, 0x57, 0xe6, 0x57, 0xde,
    0x57, 0xe6, 0x57, 0xde, 0xf6, 0xd5, 0x53, 0xbd, 0xd2, 0xb4, 0xb1, 0xac,
    0x2e, 0x9c, 0x50, 0x9c, 0xb7, 0xb5, 0x14, 0xa5, 0xb6, 0xb5, 0xf1, 0x4b,
    0x34, 0xb5, 0x54, 0xbd, 0x12, 0xb5, 0xb5, 0xcd, 0xb5, 0xcd, 0xb5, 0xcd,
    0xb5, 0xcd, 0xd5, 0xcd, 0xd6, 0xcd, 0xd6, 0xcd, 0xd6, 0xcd, 0xd6, 0xcd,
    0xf2, 0xac, 0xd2, 0xac, 0xb1, 0xac, 0xb1, 0xac, 0x90, 0xa4, 0x8c, 0x83,
    0xd1, 0xb4, 0xd4, 0xd5, 0xf2, 0xb4, 0x0e, 0x9c, 0x53, 0xc5, 0x12, 0xbd,
    0xb5, 0xcd, 0x37, 0xde, 0xd1, 0xac, 0xd1, 0xac, 0xd2, 0xb4, 0xd1, 0xb4,
    0xf2, 0xb4, 0x6f, 0xa4, 0xd5, 0xd5, 0xf5, 0xd5, 0xd5, 0xd5, 0xd6, 0xd5,
    0xf5, 0xd5, 0xb4, 0xcd, 0xf5, 0xd5, 0x57, 0xde, 0x57, 0xe6, 0x57, 0xe6,
    0x57, 0xe6, 0x57, 0xde, 0x57, 0xe6, 0x57, 0xe6, 0x57, 0xde, 0x57, 0xe6,
    0x57, 0xe6, 0x57, 0xe6, 0x57, 0xe6, 0x57, 0xde, 0x56, 0xe6, 0x57, 0xde,
    0x57, 0xe6, 0x57, 0xe6, 0x57, 0xe6, 0x57, 0xde, 0x57, 0xde, 0x6f, 0xac,
    0x57, 0xde, 0x57, 0xe6, 0x94, 0xcd, 0x73, 0xc5, 0x53, 0xc5, 0x37, 0xde,
    0x57, 0xe6, 0x57, 0xe6, 0x37, 0xde, 0x57, 0xe6, 0x57, 0xe6, 0x57, 0xde,
    0x57, 0xe6, 0x0d, 0xa4, 0x74, 0xc5, 0x32, 0xbd, 0xb4, 0xcd, 0x36, 0xde,
    0x37, 0xde, 0x36, 0xde, 0x16, 0xde, 0xd1, 0xb4, 0xb0, 0xb4, 0xd5, 0xdd,
    0x37, 0xde, 0xd6, 0xcd, 0x78, 0xe6, 0x98, 0xe6, 0x78, 0xe6, 0x98, 0xee,
    0xb9, 0xee, 0xb9, 0xee, 0x53, 0xc5, 0x36, 0xde, 0xb4, 0xd5, 0x74, 0xd5,
    0x16, 0xe6, 0xd5, 0xdd, 0x54, 0xcd, 0x12, 0xbd, 0xf2, 0xbc, 0xf2, 0xbc,
    0xb5, 0xd5, 0x98, 0xee, 0xda, 0xf6, 0x1b, 0xf7, 0xfa, 0xf6, 0xfa, 0xf6,
    0xda, 0xf6, 0x37, 0xe6, 0x56, 0xde, 0x57, 0xde, 0x57, 0xde, 0x77, 0xe6,
    0x78, 0xe6, 0x74, 0xcd, 0x57, 0xe6, 0xda, 0xee, 0xda, 0xf6, 0xda, 0xee,
    0xda, 0xee, 0xda, 0xf6, 0x99, 0xee, 0x33, 0xc5, 0x33, 0xbd, 0xd5, 0xd5,
    0xd5, 0xd5, 0xb4, 0xcd, 0x57, 0xe6, 0x57, 0xde, 0x77, 0xde, 0x57, 0xe6,
    0x57, 0xe6, 0x57, 0xe6, 0x57, 0xde, 0x57, 0xe6, 0x78, 0xe6, 0x57, 0xde,
    0x58, 0xe6, 0x57, 0xe6, 0x57, 0xde, 0x57, 0xe6, 0x57, 0xe6, 0x57, 0xe6,
    0x77, 0xde, 0x58, 0xe6, 0x78, 0xde, 0x57, 0xde, 0x77, 0xe6, 0xb5, 0xd5,
    0x57, 0xe6, 0x57, 0xde, 0xd5, 0xd5, 0x57, 0xe6, 0x57, 0xe6, 0x57, 0xde,
    0x57, 0xe6, 0x57, 0xde, 0x57, 0xe6, 0x57, 0xde, 0x57, 0xe6, 0x78, 0xde,
    0x57, 0xe6, 0x77, 0xe6, 0x58, 0xde, 0x57, 0xe6, 0x57, 0xe6, 0x57, 0xde,
    0x57, 0xde, 0x94, 0xcd, 0xd1, 0xb4, 0x16, 0xde, 0x36, 0xde, 0x37, 0xde,
    0x57, 0xde, 0x57, 0xde, 0x73, 0xd5, 0xd1, 0xbc, 0x99, 0xee, 0xba, 0xee,
    0xfa, 0xf6, 0xda, 0xee, 0xf3, 0xac, 0x08, 0x4a, 0xe8, 0x41, 0xe8, 0x39,
    0x09, 0x42, 0x6d, 0x7b, 0x13, 0xb5, 0xf2, 0xac, 0x50, 0x9c, 0xaa, 0x62,
    0x08, 0x4a, 0xc7, 0x49, 0xa6, 0x41, 0x85, 0x39, 0x07, 0x52, 0x27, 0x5a,
    0x90, 0xac, 0x2e, 0xa4, 0x4f, 0xa4, 0xb4, 0xcd, 0xf5, 0xd5, 0x77, 0xe6,
    0x73, 0xc5, 0xf6, 0xd5, 0x57, 0xe6, 0x57, 0xe6, 0x78, 0xe6, 0x77, 0xde,
    0x57, 0xde, 0x57, 0xde, 0x77, 0xe6, 0x57, 0xde, 0x57, 0xe6, 0x57, 0xde,
    0x78, 0xe6, 0x57, 0xe6, 0x57, 0xde, 0x57, 0xde, 0x57, 0xde, 0xf6, 0xd5,
    0x36, 0xde, 0x90, 0xac, 0x37, 0xde, 0x57, 0xde, 0x57, 0xde, 0x57, 0xde,
    0x57, 0xde, 0x57, 0xde, 0x74, 0xc5, 0x90, 0xac, 0xf2, 0xb4, 0xb1, 0xac,
    0x4f, 0xa4, 0x70, 0xa4, 0xb6, 0xb5, 0x75, 0xb5, 0x53, 0x6c, 0xf1, 0x53,
    0x34, 0xbd, 0x54, 0xbd, 0x94, 0xc5, 0x95, 0xcd, 0xb5, 0xcd, 0x53, 0xbd,
    0x13, 0xb5, 0xd6, 0xcd, 0xd6, 0xcd, 0xd6, 0xcd, 0xd6, 0xcd, 0xd1, 0xac,
    0xb1, 0xac, 0xb1, 0xa4, 0xb1, 0xac, 0xb1, 0xac, 0xd1, 0xac, 0xd5, 0xd5,
    0x16, 0xde, 0xf5, 0xd5, 0xd1, 0xac, 0xad, 0x8b, 0x12, 0xbd, 0xb1, 0xac,
    0x94, 0xc5, 0x37, 0xde, 0x53, 0xbd, 0xf2, 0xb4, 0xf2, 0xb4, 0xf1, 0xb4,
    0xf2, 0xb4, 0xd2, 0xac, 0xf5, 0xd5, 0xf6, 0xd5, 0xf5, 0xd5, 0xd5, 0xd5,
    0xd5, 0xd5, 0xb4, 0xcd, 0xd5, 0xcd, 0x37, 0xde, 0x57, 0xe6, 0x57, 0xe6,
    0x57, 0xde, 0x57, 0xe6, 0x57, 0xde, 0x56, 0xde, 0x57, 0xe6, 0x57, 0xde,
    0x57, 0xe6, 0x57, 0xde, 0x57, 0xe6, 0x57, 0xe6, 0x57, 0xde, 0x57, 0xe6,
    0x56, 0xde, 0x57, 0xde, 0x57, 0xe6, 0x57, 0xde, 0x57, 0xe6, 0x53, 0xc5,
    0x57, 0xde, 0x57, 0xe6, 0x94, 0xcd, 0x73, 0xcd, 0x73, 0xcd, 0x37, 0xde,
    0x56, 0xde, 0x57, 0xe6, 0x56, 0xde, 0x57, 0xde, 0x57, 0xe6, 0x57, 0xde,
    0x57, 0xe6, 0x90, 0xb4, 0x73, 0xcd, 0x74, 0xcd, 0x94, 0xcd, 0x37, 0xe6,
    0x36, 0xde, 0xd5, 0xd5, 0xd1, 0xb4, 0xf1, 0xbc, 0xb5, 0xd5, 0x78, 0xe6,
    0xda, 0xf6, 0xd2, 0xac, 0x27, 0x52, 0xb2, 0xa4, 0xfa, 0xee, 0xfb, 0xf6,
    0x1b, 0xf7, 0xb9, 0xee, 0x12, 0xbd, 0x36, 0xe6, 0x57, 0xe6, 0xb9, 0xee,
    0xd9, 0xee, 0xb9, 0xee, 0xda, 0xee, 0xb9, 0xee, 0xba, 0xee, 0xda, 0xee,
    0xfa, 0xf6, 0x1b, 0xf7, 0xb9, 0xf6, 0x74, 0xd5, 0x4f, 0xb4, 0xf1, 0xc4,
    0x93, 0xd5, 0x36, 0xe6, 0x57, 0xe6, 0x36, 0xde, 0x36, 0xde, 0x57, 0xe6,
    0x57, 0xe6, 0x74, 0xcd, 0x78, 0xe6, 0xd9, 0xee, 0xda, 0xf6, 0xfa, 0xf6,
    0xfa, 0xf6, 0xda, 0xee, 0x78, 0xe6, 0x90, 0xac, 0x73, 0xc5, 0x37, 0xde,
    0x57, 0xe6, 0x57, 0xde, 0x57, 0xde, 0x77, 0xe6, 0x57, 0xe6, 0x77, 0xde,
    0x57, 0xe6, 0x57, 0xde, 0x57, 0xe6, 0x57, 0xe6, 0x57, 0xe6, 0x57, 0xde,
    0x57, 0xe6, 0x77, 0xe6, 0x77, 0xde, 0x58, 0xe6, 0x78, 0xe6, 0x57, 0xde,
    0x77, 0xe6, 0x57, 0xe6, 0x57, 0xde, 0x57, 0xe6, 0x57, 0xde, 0x57, 0xe6,
    0x57, 0xe6, 0x57, 0xde, 0x36, 0xde, 0xd5, 0xd5, 0xf5, 0xd5, 0x57, 0xde,
    0x57, 0xde, 0x57, 0xe6, 0x77, 0xe6, 0x77, 0xe6, 0x78, 0xde, 0x57, 0xe6,
    0x77, 0xe6, 0x77, 0xde, 0x57, 0xe6, 0x57, 0xde, 0x57, 0xe6, 0x57, 0xe6,
    0x57, 0xde, 0xf5, 0xdd, 0x94, 0xd5, 0xb4, 0xd5, 0x36, 0xe6, 0x57, 0xe6,
    0x36, 0xde, 0x6f, 0xac, 0x16, 0xde, 0xb9, 0xee, 0xba, 0xee, 0xb9, 0xee,
    0x58, 0xde, 0x45, 0x31, 0x69, 0x5a, 0x49, 0x52, 0x4a, 0x4a, 0x8b, 0x4a,
    0xec, 0x5a, 0x50, 0x94, 0x13, 0xb5, 0xd2, 0xac, 0xaa, 0x62, 0x08, 0x4a,
    0x8a, 0x5a, 0xc7, 0x41, 0xa6, 0x41, 0xc6, 0x49, 0xc6, 0x49, 0xc9, 0x72,
    0xf6, 0xd5, 0x57, 0xde, 0x57, 0xe6, 0x74, 0xcd, 0x53, 0xc5, 0x37, 0xde,
    0x74, 0xc5, 0xf5, 0xd5, 0x77, 0xe6, 0x78, 0xde, 0x57, 0xe6, 0x77, 0xe6,
    0x78, 0xe6, 0x57, 0xde, 0x94, 0xcd, 0x57, 0xde, 0x78, 0xe6, 0x57, 0xde,
    0x77, 0xe6, 0x78, 0xe6, 0x57, 0xe6, 0x57, 0xde, 0x57, 0xe6, 0x57, 0xde,
    0x57, 0xde, 0x12, 0xbd, 0x37, 0xde, 0x57, 0xde, 0x57, 0xde, 0x57, 0xe6,
    0x37, 0xde, 0x57, 0xde, 0x94, 0xcd, 0x90, 0xac, 0xd1, 0xb4, 0xd1, 0xac,
    0x90, 0xa4, 0x91, 0xa4, 0x75, 0xad, 0xb3, 0x8c, 0x12, 0x5c, 0xd0, 0x53,
    0x33, 0xb5, 0x53, 0xbd, 0xb5, 0xcd, 0xb5, 0xcd, 0xb4, 0xc5, 0xb5, 0xcd,
    0xd6, 0xcd, 0xd6, 0xcd, 0xf6, 0xcd, 0xd6, 0xcd, 0x91, 0xa4, 0x90, 0xa4,
    0xb1, 0xac, 0x70, 0xa4, 0xb1, 0xa4, 0x90, 0xa4, 0xad, 0x83, 0xd5, 0xd5,
    0x16, 0xde, 0x36, 0xde, 0xd1, 0xac, 0xad, 0x8b, 0x33, 0xbd, 0x90, 0xac,
    0x74, 0xc5, 0x12, 0xb5, 0xd1, 0xb4, 0xf2, 0xb4, 0xf2, 0xb4, 0xf2, 0xb4,
    0xf2, 0xb4, 0x12, 0xb5, 0xf6, 0xd5, 0xf5, 0xd5, 0xf6, 0xd5, 0xf5, 0xd5,
    0xf5, 0xd5, 0x94, 0xc5, 0x94, 0xcd, 0x16, 0xde, 0x37, 0xde, 0x56, 0xde,
    0x57, 0xe6, 0x57, 0xde, 0x57, 0xe6, 0x57, 0xe6, 0x57, 0xde, 0x57, 0xe6,
    0x57, 0xde, 0x56, 0xe6, 0x57, 0xde, 0x57, 0xe6, 0x57, 0xe6, 0x57, 0xe6,
    0x57, 0xde, 0x57, 0xe6, 0x57, 0xde, 0x57, 0xe6, 0x57, 0xe6, 0x77, 0xe6,
    0x57, 0xe6, 0x57, 0xe6, 0x94, 0xcd, 0x93, 0xcd, 0xb4, 0xcd, 0x57, 0xde,
    0x57, 0xe6, 0x56, 0xe6, 0x37, 0xde, 0x57, 0xde, 0x56, 0xe6, 0x37, 0xde,
    0x77, 0xe6, 0x53, 0xc5, 0xf1, 0xb4, 0x74, 0xc5, 0x94, 0xcd, 0x57, 0xde,
    0xf5, 0xd5, 0x12, 0xbd, 0x32, 0xc5, 0xf2, 0xc4, 0xf6, 0xdd, 0x99, 0xe6,
    0x78, 0xe6, 0x99, 0xe6, 0x8a, 0x5a, 0x86, 0x39, 0xa6, 0x39, 0x85, 0x39,
    0x65, 0x39, 0xa6, 0x39, 0xca, 0x6a, 0x70, 0xa4, 0xf6, 0xd5, 0xfa, 0xee,
    0xda, 0xee, 0x99, 0xee, 0xb9, 0xee, 0xda, 0xf6, 0xfa, 0xf6, 0xfa, 0xf6,
    0xfa, 0xf6, 0xda, 0xf6, 0xda, 0xf6, 0xd9, 0xee, 0xd9, 0xee, 0xda, 0xf6,
    0x98, 0xee, 0x94, 0xd5, 0x53, 0xcd, 0xb4, 0xd5, 0x36, 0xde, 0x77, 0xe6,
    0xd5, 0xd5, 0x57, 0xe6, 0xb9, 0xee, 0xda, 0xee, 0xda, 0xf6, 0xda, 0xee,
    0xfa, 0xf6, 0xfa, 0xf6, 0x58, 0xe6, 0xcd, 0x9b, 0x32, 0xbd, 0xd5, 0xd5,
    0x94, 0xcd, 0x57, 0xe6, 0x57, 0xe6, 0x57, 0xe6, 0x77, 0xe6, 0x57, 0xde,
    0x57, 0xe6, 0x57, 0xe6, 0x77, 0xe6, 0x57, 0xde, 0x57, 0xe6, 0x57, 0xde,
    0x57, 0xe6, 0x57, 0xde, 0x77, 0xe6, 0x77, 0xe6, 0x57, 0xe6, 0x57, 0xde,
    0x57, 0xde, 0x77, 0xe6, 0x77, 0xe6, 0x57, 0xde, 0xf6, 0xd5, 0x57, 0xe6,
    0x57, 0xe6, 0x16, 0xde, 0x56, 0xde, 0x57, 0xe6, 0x57, 0xe6, 0x57, 0xe6,
    0x57, 0xde, 0x57, 0xe6, 0x57, 0xe6, 0x77, 0xde, 0x57, 0xe6, 0x57, 0xe6,
    0x78, 0xe6, 0x57, 0xe6, 0x77, 0xe6, 0x57, 0xe6, 0x57, 0xde, 0x57, 0xe6,
    0xb4, 0xcd, 0x2e, 0xa4, 0x53, 0xc5, 0x12, 0xbd, 0xd5, 0xd5, 0x32, 0xc5,
    0xd5, 0xd5, 0x78, 0xe6, 0xb9, 0xee, 0xda, 0xee, 0xb9, 0xee, 0xca, 0x62,
    0xa7, 0x41, 0xa7, 0x39, 0x6a, 0x4a, 0x8c, 0x4a, 0x8b, 0x52, 0x8c, 0x52,
    0xcf, 0x7b, 0x34, 0xb5, 0x30, 0x9c, 0xef, 0x8b, 0x8a, 0x62, 0xc6, 0x41,
    0xa6, 0x41, 0xa6, 0x41, 0xc7, 0x49, 0x48, 0x5a, 0x28, 0x5a, 0x68, 0x62,
    0x4f, 0xa4, 0x36, 0xde, 0x37, 0xde, 0x53, 0xc5, 0x53, 0xc5, 0x16, 0xd6,
    0xd5, 0xd5, 0x37, 0xde, 0x57, 0xe6, 0x78, 0xde, 0x77, 0xde, 0x78, 0xe6,
    0x57, 0xe6, 0x57, 0xde, 0x78, 0xe6, 0x57, 0xde, 0x57, 0xde, 0x57, 0xe6,
    0x57, 0xde, 0x57, 0xe6, 0x57, 0xde, 0x57, 0xe6, 0x16, 0xd6, 0x37, 0xde,
    0x57, 0xde, 0x94, 0xcd, 0x37, 0xde, 0x57, 0xde, 0x37, 0xde, 0x37, 0xde,
    0x57, 0xe6, 0x57, 0xde, 0xd6, 0xd5, 0x33, 0xbd, 0xd1, 0xac, 0xb1, 0xac,
    0xb1, 0xac, 0xb1, 0xac, 0xd3, 0x94, 0xf0, 0x6b, 0x31, 0x6c, 0xb0, 0x4b,
    0x33, 0xb5, 0xf2, 0xb4, 0xb5, 0xcd, 0xb5, 0xcd, 0x74, 0xc5, 0x54, 0xbd,
    0xd6, 0xcd, 0xd6, 0xcd, 0xd6, 0xcd, 0x13, 0xb5, 0xb1, 0xac, 0xb1, 0xac,
    0xb1, 0xac, 0x70, 0xa4, 0xb1, 0xa4, 0xa9, 0x62, 0xb4, 0xcd, 0xd5, 0xd5,
    0x37, 0xde, 0x36, 0xde, 0xd1, 0xac, 0xcd, 0x8b, 0x53, 0xc5, 0xb1, 0xac,
    0x74, 0xc5, 0xee, 0x93, 0x90, 0xa4, 0xf2, 0xb4, 0xf2, 0xb4, 0xf1, 0xb4,
    0xf1, 0xb4, 0xf2, 0xb4, 0xd5, 0xd5, 0xf5, 0xd5, 0xf5, 0xd5, 0xf6, 0xd5,
    0xf5, 0xd5, 0x95, 0xcd, 0xf6, 0xd5, 0x57, 0xe6, 0x37, 0xde, 0x57, 0xde,
    0x57, 0xe6, 0x57, 0xe6, 0x57, 0xe6, 0x57, 0xde, 0x57, 0xe6, 0x57, 0xde,
    0x57, 0xe6, 0x57, 0xde, 0x57, 0xe6, 0x57, 0xde, 0x57, 0xde, 0x57, 0xe6,
    0x57, 0xe6, 0x57, 0xde, 0x57, 0xe6, 0x57, 0xe6, 0x57, 0xde, 0x57, 0xde,
    0xf5, 0xd5, 0x57, 0xe6, 0x94, 0xcd, 0x94, 0xcd, 0xd5, 0xd5, 0x57, 0xe6,
    0x37, 0xe6, 0x57, 0xde, 0x57, 0xe6, 0x37, 0xde, 0x57, 0xe6, 0x36, 0xde,
    0x57, 0xe6, 0x94, 0xcd, 0x73, 0xc5, 0x73, 0xcd, 0x94, 0xcd, 0xd5, 0xd5,
    0xf1, 0xbc, 0x90, 0xac, 0x6c, 0x83, 0x74, 0xc5, 0xf3, 0xb4, 0x68, 0x5a,
    0x03, 0x29, 0x45, 0x31, 0xc6, 0x39, 0xa6, 0x39, 0xa6, 0x41, 0x04, 0x29,
    0xe4, 0x20, 0x24, 0x29, 0x69, 0x52, 0x30, 0x94, 0xaf, 0x7b, 0x0d, 0x63,
    0x4a, 0x4a, 0x08, 0x42, 0x30, 0x8c, 0x17, 0xd6, 0x79, 0xde, 0x99, 0xe6,
    0xfa, 0xf6, 0xda, 0xee, 0xda, 0xee, 0xd9, 0xf6, 0xda, 0xf6, 0xda, 0xee,
    0x78, 0xee, 0x57, 0xe6, 0x57, 0xde, 0x16, 0xde, 0x94, 0xcd, 0x32, 0xc5,
    0xb0, 0xb4, 0xb5, 0xd5, 0x99, 0xee, 0xb9, 0xf6, 0xda, 0xf6, 0xda, 0xee,
    0xda, 0xee, 0xda, 0xf6, 0x58, 0xe6, 0x4f, 0xa4, 0x16, 0xde, 0x36, 0xde,
    0x36, 0xe6, 0x57, 0xde, 0x57, 0xde, 0x57, 0xe6, 0x77, 0xe6, 0x57, 0xde,
    0x57, 0xe6, 0x77, 0xe6, 0x57, 0xde, 0x77, 0xe6, 0x57, 0xe6, 0x77, 0xe6,
    0x57, 0xe6, 0x57, 0xde, 0x57, 0xe6, 0x77, 0xe6, 0x57, 0xe6, 0x57, 0xde,
    0x77, 0xe6, 0x58, 0xde, 0x57, 0xe6, 0x16, 0xde, 0x37, 0xde, 0x57, 0xe6,
    0x57, 0xde, 0x94, 0xcd, 0x57, 0xe6, 0x36, 0xde, 0x57, 0xde, 0x57, 0xe6,
    0x57, 0xe6, 0x77, 0xe6, 0x77, 0xe6, 0x57, 0xe6, 0x57, 0xde, 0x57, 0xde,
    0x57, 0xe6, 0x77, 0xde, 0x57, 0xe6, 0x57, 0xe6, 0x77, 0xde, 0x37, 0xde,
    0xd5, 0xd5, 0xd5, 0xdd, 0x32, 0xc5, 0x6f, 0xac, 0x53, 0xc5, 0xd5, 0xd5,
    0x53, 0xc5, 0x37, 0xde, 0x79, 0xe6, 0x58, 0xde, 0x28, 0x52, 0xe8, 0x41,
    0xc7, 0x39, 0xe8, 0x41, 0x2a, 0x42, 0x2a, 0x4a, 0xc7, 0x39, 0xa6, 0x39,
    0xca, 0x62, 0x70, 0xa4, 0x2f, 0x9c, 0x48, 0x52, 0x86, 0x39, 0x45, 0x31,
    0xa6, 0x41, 0xe7, 0x49, 0xc6, 0x49, 0x48, 0x62, 0x68, 0x62, 0xaa, 0x6a,
    0x2e, 0xa4, 0x6f, 0xac, 0xf5, 0xd5, 0x94, 0xcd, 0xb5, 0xcd, 0xd5, 0xd5,
    0x16, 0xd6, 0x57, 0xe6, 0x57, 0xde, 0x57, 0xe6, 0x58, 0xe6, 0x78, 0xe6,
    0x57, 0xde, 0x94, 0xcd, 0x57, 0xde, 0x57, 0xde, 0x57, 0xe6, 0x58, 0xe6,
    0x57, 0xde, 0x57, 0xde, 0x58, 0xe6, 0x57, 0xde, 0x94, 0xcd, 0x16, 0xd6,
    0x37, 0xde, 0x57, 0xe6, 0x37, 0xde, 0x57, 0xde, 0x57, 0xde, 0x37, 0xde,
    0x57, 0xde, 0xd5, 0xcd, 0xd1, 0xb4, 0xf2, 0xb4, 0xb1, 0xac, 0xb0, 0xac,
    0x90, 0xac, 0x90, 0xac, 0x10, 0x7c, 0xaf, 0x63, 0xd0, 0x63, 0x6f, 0x43,
    0x33, 0xb5, 0xb1, 0xac, 0xb5, 0xcd, 0x94, 0xc5, 0x33, 0xbd, 0xd6, 0xcd,
    0xd6, 0xcd, 0xd6, 0xcd, 0x74, 0xc5, 0xf2, 0xb4, 0xd1, 0xac, 0xd1, 0xac,
    0xd1, 0xac, 0xb1, 0xac, 0x2f, 0x9c, 0x94, 0xc5, 0xd5, 0xd5, 0x16, 0xde,
    0x36, 0xde, 0x37, 0xde, 0xf2, 0xac, 0xee, 0x93, 0x53, 0xc5, 0xb1, 0xac,
    0x74, 0xc5, 0x2f, 0xa4, 0xb0, 0xac, 0xf2, 0xb4, 0xf2, 0xb4, 0xf2, 0xb4,
    0xd1, 0xb4, 0xd1, 0xac, 0x12, 0xb5, 0xf5, 0xd5, 0xf6, 0xd5, 0xf5, 0xd5,
    0xf5, 0xd5, 0xb4, 0xcd, 0xf6, 0xd5, 0x36, 0xde, 0x57, 0xde, 0x57, 0xde,
    0x57, 0xde, 0x57, 0xde, 0x56, 0xde, 0x57, 0xe6, 0x57, 0xde, 0x56, 0xe6,
    0x57, 0xe6, 0x57, 0xde, 0x57, 0xe6, 0x56, 0xe6, 0x57, 0xde, 0x57, 0xde,
    0x56, 0xe6, 0x57, 0xe6, 0x57, 0xde, 0x56, 0xde, 0x57, 0xde, 0x37, 0xde,
    0x8f, 0xac, 0x36, 0xe6, 0x94, 0xcd, 0x94, 0xcd, 0xd5, 0xd5, 0x56, 0xe6,
    0x57, 0xde, 0x56, 0xe6, 0x57, 0xde, 0x56, 0xe6, 0x57, 0xde, 0x16, 0xde,
    0xd5, 0xd5, 0x94, 0xcd, 0x74, 0xcd, 0x73, 0xc5, 0x53, 0xc5, 0x12, 0xbd,
    0xb1, 0xac, 0x0b, 0x73, 0x85, 0x39, 0x44, 0x31, 0x86, 0x39, 0x86, 0x39,
    0x86, 0x39, 0xe8, 0x41, 0x08, 0x4a, 0xe7, 0x41, 0xc7, 0x41, 0xa7, 0x39,
    0xa6, 0x39, 0x86, 0x39, 0x28, 0x52, 0x30, 0x8c, 0xec, 0x5a, 0x90, 0x6b,
    0x2e, 0x63, 0x0e, 0x5b, 0x2e, 0x63, 0x6a, 0x4a, 0x66, 0x31, 0x0c, 0x73,
    0xb5, 0xc5, 0x12, 0xbd, 0x17, 0xde, 0xda, 0xf6, 0xda, 0xee, 0xb9, 0xee,
    0xf6, 0xdd, 0x57, 0xe6, 0x57, 0xe6, 0x37, 0xde, 0x16, 0xde, 0x16, 0xde,
    0x37, 0xe6, 0x94, 0xd5, 0xf5, 0xe5, 0xb5, 0xd5, 0x78, 0xee, 0xd9, 0xee,
    0xda, 0xee, 0xd9, 0xee, 0x58, 0xe6, 0xb0, 0xb4, 0x16, 0xd6, 0xd5, 0xd5,
    0x57, 0xe6, 0x57, 0xe6, 0x57, 0xde, 0x57, 0xe6, 0x57, 0xe6, 0x57, 0xe6,
    0x57, 0xe6, 0x57, 0xe6, 0x57, 0xde, 0x77, 0xe6, 0x57, 0xe6, 0x57, 0xde,
    0x77, 0xe6, 0x57, 0xe6, 0x58, 0xde, 0x58, 0xde, 0x57, 0xe6, 0x78, 0xe6,
    0x78, 0xe6, 0x57, 0xe6, 0x57, 0xde, 0x37, 0xe6, 0x57, 0xde, 0x57, 0xde,
    0x36, 0xde, 0x94, 0xcd, 0x37, 0xde, 0x15, 0xd6, 0x57, 0xe6, 0x57, 0xe6,
    0x77, 0xde, 0x77, 0xe6, 0x57, 0xde, 0x77, 0xe6, 0x57, 0xe6, 0x57, 0xde,
    0x57, 0xde, 0x57, 0xe6, 0x58, 0xde, 0x57, 0xde, 0x57, 0xe6, 0xf5, 0xd5,
    0xf1, 0xbc, 0xf5, 0xe5, 0xb4, 0xd5, 0x74, 0xc5, 0x37, 0xde, 0x36, 0xde,
    0xd6, 0xd5, 0xf6, 0xd5, 0x70, 0x9c, 0x8b, 0x52, 0x4a, 0x4a, 0x29, 0x4a,
    0xc8, 0x39, 0x29, 0x4a, 0xe8, 0x41, 0x29, 0x4a, 0xec, 0x62, 0x92, 0x94,
    0x33, 0xb5, 0xf6, 0xd5, 0x74, 0xbd, 0x4d, 0x73, 0x8a, 0x52, 0xc7, 0x41,
    0xc6, 0x41, 0x69, 0x62, 0x68, 0x62, 0x48, 0x5a, 0x48, 0x62, 0xc9, 0x6a,
    0x90, 0xac, 0x2f, 0xa4, 0xb0, 0xb4, 0xd5, 0xd5, 0x16, 0xde, 0xf5, 0xd5,
    0x16, 0xde, 0x57, 0xde, 0x77, 0xe6, 0x77, 0xe6, 0x78, 0xe6, 0x77, 0xde,
    0x57, 0xde, 0x58, 0xe6, 0x57, 0xde, 0x57, 0xde, 0x57, 0xe6, 0x78, 0xe6,
    0x57, 0xde, 0x77, 0xe6, 0x78, 0xe6, 0x57, 0xde, 0x16, 0xd6, 0x37, 0xde,
    0xf6, 0xd5, 0x37, 0xde, 0x57, 0xde, 0x57, 0xe6, 0x37, 0xde, 0x57, 0xde,
    0x58, 0xde, 0x94, 0xcd, 0x4f, 0x9c, 0xd1, 0xb4, 0xb1, 0xac, 0x90, 0xa4,
    0x70, 0xa4, 0x91, 0xac, 0x2d, 0x5b, 0x4e, 0x5b, 0xd0, 0x63, 0x6f, 0x4b,
    0x34, 0xbd, 0xd1, 0xac, 0x94, 0xc5, 0x54, 0xbd, 0xd6, 0xcd, 0xd6, 0xcd,
    0xd6, 0xcd, 0xb5, 0xcd, 0x13, 0xb5, 0xd1, 0xac, 0xd2, 0xac, 0xd2, 0xac,
    0x90, 0xa4, 0x50, 0x9c, 0x8d, 0x83, 0xb4, 0xcd, 0x74, 0xc5, 0x37, 0xde,
    0x37, 0xde, 0x37, 0xde, 0x12, 0xb5, 0xee, 0x93, 0x33, 0xbd, 0xd1, 0xb4,
    0x74, 0xc5, 0xf2, 0xb4, 0xd1, 0xb4, 0xf2, 0xb4, 0xf2, 0xb4, 0xf2, 0xb4,
    0xf2, 0xac, 0xd1, 0xac, 0x6f, 0xa4, 0xf5, 0xd5, 0xf6, 0xd5, 0xf5, 0xd5,
    0xf5, 0xd5, 0xb5, 0xcd, 0x16, 0xd6, 0x93, 0xcd, 0xf5, 0xd5, 0x57, 0xe6,
    0x57, 0xe6, 0x57, 0xde, 0x57, 0xe6, 0x57, 0xe6, 0x57, 0xde, 0x57, 0xde,
    0x57, 0xe6, 0x57, 0xde, 0x57, 0xe6, 0x57, 0xe6, 0x57, 0xde, 0x57, 0xe6,
    0x57, 0xde, 0x57, 0xde, 0x57, 0xe6, 0x56, 0xde, 0x57, 0xe6, 0x57, 0xde,
    0xb0, 0xb4, 0x16, 0xde, 0x94, 0xcd, 0x94, 0xcd, 0x94, 0xcd, 0x15, 0xde,
    0x57, 0xe6, 0x57, 0xde, 0x37, 0xe6, 0x57, 0xde, 0x36, 0xde, 0x16, 0xde,
    0x53, 0xc5, 0x94, 0xcd, 0x73, 0xcd, 0x90, 0xac, 0x4f, 0xa4, 0xee, 0x93,
    0x0b, 0x73, 0x64, 0x39, 0x86, 0x41, 0x66, 0x39, 0xa7, 0x41, 0x08, 0x4a,
    0x09, 0x4a, 0xe8, 0x49, 0xe8, 0x41, 0xe8, 0x41, 0xc7, 0x41, 0xc7, 0x41,
    0xc7, 0x39, 0x86, 0x39, 0x08, 0x4a, 0x30, 0x8c, 0xac, 0x52, 0x70, 0x63,
    0x90, 0x63, 0x2f, 0x63, 0xed, 0x52, 0xcd, 0x52, 0x4a, 0x4a, 0xc8, 0x39,
    0xc7, 0x39, 0x45, 0x31, 0x8d, 0x83, 0xb5, 0xcd, 0x17, 0xde, 0xb9, 0xee,
    0xd5, 0xd5, 0x78, 0xe6, 0x78, 0xe6, 0x37, 0xde, 0x36, 0xde, 0x74, 0xcd,
    0x17, 0xde, 0xda, 0xee, 0x99, 0xee, 0x53, 0xcd, 0xd5, 0xe5, 0x57, 0xee,
    0x98, 0xee, 0xda, 0xee, 0x78, 0xee, 0xf1, 0xbc, 0x16, 0xde, 0x16, 0xde,
    0x57, 0xde, 0x57, 0xe6, 0x57, 0xe6, 0x57, 0xe6, 0x57, 0xde, 0x77, 0xe6,
    0x77, 0xe6, 0x57, 0xe6, 0x57, 0xe6, 0x57, 0xe6, 0x77, 0xe6, 0x57, 0xe6,
    0x57, 0xde, 0x57, 0xe6, 0x77, 0xe6, 0x58, 0xde, 0x77, 0xe6, 0x77, 0xe6,
    0x57, 0xde, 0x77, 0xe6, 0x16, 0xde, 0x57, 0xde, 0x57, 0xe6, 0x57, 0xde,
    0x73, 0xcd, 0x77, 0xe6, 0x36, 0xde, 0x77, 0xe6, 0x57, 0xde, 0x57, 0xe6,
    0x77, 0xde, 0x58, 0xde, 0x57, 0xe6, 0x77, 0xe6, 0x58, 0xe6, 0x77, 0xe6,
    0x57, 0xe6, 0x58, 0xe6, 0x77, 0xde, 0x57, 0xde, 0x57, 0xde, 0x73, 0xcd,
    0x12, 0xc5, 0xd5, 0xdd, 0x57, 0xe6, 0x57, 0xe6, 0x37, 0xde, 0xd5, 0xd5,
    0xb5, 0xcd, 0x4d, 0x73, 0x8b, 0x52, 0xac, 0x52, 0x4a, 0x4a, 0x08, 0x4a,
    0xa7, 0x31, 0xe8, 0x39, 0x8f, 0x73, 0x97, 0xb5, 0x97, 0xb5, 0x35, 0xad,
    0x54, 0xbd, 0x16, 0xd6, 0x13, 0xb5, 0x55, 0xb5, 0x18, 0xc6, 0x4d, 0x73,
    0x86, 0x39, 0x48, 0x5a, 0x48, 0x62, 0x48, 0x5a, 0x48, 0x5a, 0x89, 0x6a,
    0xb1, 0xac, 0x90, 0xac, 0x8f, 0xac, 0x32, 0xc5, 0x36, 0xde, 0xd5, 0xd5,
    0xf6, 0xd5, 0x57, 0xde, 0x57, 0xe6, 0x78, 0xde, 0x58, 0xe6, 0x57, 0xe6,
    0xd5, 0xcd, 0x77, 0xe6, 0x57, 0xde, 0x77, 0xe6, 0x57, 0xde, 0x78, 0xde,
    0x57, 0xde, 0x77, 0xde, 0x77, 0xe6, 0x57, 0xde, 0x57, 0xde, 0x57, 0xde,
    0x37, 0xde, 0x57, 0xde, 0x57, 0xde, 0x37, 0xde, 0x57, 0xde, 0x57, 0xe6,
    0x57, 0xde, 0xd5, 0xcd, 0xd1, 0xac, 0xb1, 0xac, 0xb1, 0xac, 0x6f, 0xa4,
    0x70, 0xa4, 0xb1, 0xac, 0x2c, 0x5b, 0x4e, 0x53, 0x2e, 0x43, 0x6f, 0x4b,
    0x34, 0xb5, 0x74, 0xbd, 0x74, 0xc5, 0xf2, 0xb4, 0xd6, 0xcd, 0xf6, 0xcd,
    0xb5, 0xcd, 0x12, 0xb5, 0xd1, 0xac, 0xd1, 0xac, 0xd1, 0xac, 0xd1, 0xac,
    0x50, 0x9c, 0x8d, 0x83, 0x94, 0xcd, 0xf5, 0xd5, 0x36, 0xde, 0x37, 0xde,
    0x57, 0xde, 0x37, 0xde, 0x12, 0xb5, 0xed, 0x93, 0x12, 0xbd, 0xf2, 0xb4,
    0x53, 0xc5, 0x33, 0xbd, 0xf2, 0xb4, 0xf1, 0xb4, 0xf1, 0xb4, 0xf2, 0xb4,
    0xf1, 0xb4, 0xd1, 0xac, 0x4f, 0xa4, 0xf6, 0xd5, 0xf5, 0xd5, 0xf5, 0xd5,
    0xd5, 0xd5, 0xd5, 0xd5, 0x16, 0xde, 0x53, 0xc5, 0xd5, 0xd5, 0x57, 0xe6,
    0x57, 0xde, 0x57, 0xe6, 0x56, 0xde, 0x57, 0xe6, 0x57, 0xe6, 0x57, 0xe6,
    0x57, 0xde, 0x56, 0xe6, 0x57, 0xe6, 0x57, 0xde, 0x57, 0xe6, 0x57, 0xe6,
    0x57, 0xde, 0x56, 0xe6, 0x57, 0xde, 0x57, 0xe6, 0x37, 0xde, 0x36, 0xde,
    0xf5, 0xdd, 0x36, 0xde, 0x73, 0xcd, 0x94, 0xcd, 0x73, 0xcd, 0x94, 0xcd,
    0x37, 0xde, 0x57, 0xe6, 0x57, 0xde, 0x57, 0xde, 0x57, 0xde, 0x36, 0xde,
    0xb0, 0xac, 0xd1, 0xb4, 0x12, 0xbd, 0xcd, 0x93, 0x0e, 0x9c, 0xcd, 0x93,
    0x86, 0x41, 0xa6, 0x41, 0x08, 0x4a, 0x29, 0x4a, 0x29, 0x4a, 0x29, 0x4a,
    0x09, 0x4a, 0xc8, 0x41, 0x87, 0x39, 0x29, 0x42, 0xc7, 0x39, 0xa7, 0x39,
    0xc7, 0x39, 0xc7, 0x39, 0x29, 0x4a, 0xef, 0x83, 0x2a, 0x42, 0xac, 0x52,
    0xcc, 0x52, 0x8b, 0x4a, 0x4b, 0x4a, 0x6b, 0x4a, 0x8b, 0x52, 0xe8, 0x41,
    0xa7, 0x39, 0xe7, 0x49, 0x08, 0x52, 0x27, 0x5a, 0xea, 0x7a, 0x54, 0xc5,
    0xd1, 0xb4, 0x57, 0xde, 0x78, 0xe6, 0x36, 0xde, 0xb5, 0xcd, 0x57, 0xe6,
    0xd9, 0xee, 0xb9, 0xee, 0xb9, 0xee, 0xb9, 0xee, 0x78, 0xee, 0x16, 0xe6,
    0xb5, 0xd5, 0x98, 0xee, 0x78, 0xe6, 0x16, 0xde, 0xf5, 0xdd, 0x57, 0xe6,
    0x57, 0xde, 0x57, 0xde, 0x57, 0xe6, 0x77, 0xde, 0x57, 0xde, 0x57, 0xe6,
    0x57, 0xe6, 0x57, 0xde, 0x77, 0xe6, 0x57, 0xde, 0x57, 0xe6, 0x57, 0xe6,
    0x57, 0xe6, 0x57, 0xe6, 0x77, 0xe6, 0x77, 0xe6, 0x57, 0xde, 0x57, 0xde,
    0x57, 0xde, 0x37, 0xde, 0x57, 0xe6, 0x57, 0xde, 0x57, 0xe6, 0x37, 0xde,
    0x12, 0xbd, 0x57, 0xde, 0xf6, 0xd5, 0x57, 0xe6, 0x57, 0xe6, 0x57, 0xe6,
    0x77, 0xe6, 0x57, 0xde, 0x58, 0xe6, 0x57, 0xde, 0x57, 0xde, 0x57, 0xde,
    0x57, 0xde, 0x57, 0xe6, 0x57, 0xe6, 0x57, 0xde, 0x16, 0xde, 0x12, 0xc5,
    0x73, 0xcd, 0xd6, 0xd5, 0xd5, 0xd5, 0x36, 0xde, 0x16, 0xde, 0xd2, 0xac,
    0xaa, 0x62, 0x8b, 0x52, 0xac, 0x52, 0x09, 0x42, 0x09, 0x42, 0x6a, 0x4a,
    0x2b, 0x3a, 0x6c, 0x3a, 0x8b, 0x4a, 0x76, 0xb5, 0x97, 0xb5, 0xb6, 0xc5,
    0xf6, 0xd5, 0xd6, 0xcd, 0xd7, 0xcd, 0x18, 0xce, 0xf8, 0xc5, 0xf8, 0xc5,
    0x6d, 0x73, 0x08, 0x52, 0x28, 0x5a, 0x48, 0x62, 0x28, 0x5a, 0x68, 0x6a,
    0xb0, 0xb4, 0xd1, 0xb4, 0xb1, 0xb4, 0x90, 0xb4, 0x12, 0xbd, 0x33, 0xc5,
    0xb5, 0xcd, 0x57, 0xe6, 0x57, 0xe6, 0x37, 0xde, 0x77, 0xde, 0x57, 0xe6,
    0x57, 0xe6, 0x78, 0xe6, 0x57, 0xde, 0x77, 0xde, 0x57, 0xe6, 0x58, 0xe6,
    0x77, 0xde, 0x57, 0xe6, 0x58, 0xde, 0xd5, 0xd5, 0xf6, 0xd5, 0x36, 0xde,
    0x37, 0xde, 0x37, 0xde, 0x57, 0xe6, 0xf6, 0xd5, 0x77, 0xe6, 0x77, 0xe6,
    0xf6, 0xd5, 0xd1, 0xb4, 0xd1, 0xb4, 0xb1, 0xac, 0xd1, 0xac, 0x6f, 0xa4,
    0x70, 0xac, 0xb1, 0xac, 0x6d, 0x63, 0x2d, 0x43, 0x4e, 0x43, 0x6f, 0x43,
    0x34, 0xbd, 0x94, 0xc5, 0x74, 0xc5, 0xd6, 0xcd, 0xf6, 0xcd, 0xb5, 0xc5,
    0xd2, 0xac, 0x91, 0xa4, 0xd1, 0xac, 0xd2, 0xac, 0xd1, 0xac, 0xb1, 0xac,
    0x0e, 0x94, 0x70, 0xa4, 0xb4, 0xd5, 0x94, 0xcd, 0x57, 0xde, 0x57, 0xde,
    0x57, 0xde, 0x57, 0xde, 0x12, 0xbd, 0xed, 0x93, 0x12, 0xbd, 0x12, 0xbd,
    0xd1, 0xac, 0xf2, 0xb4, 0xf2, 0xb4, 0xf1, 0xb4, 0xf2, 0xb4, 0xf2, 0xb4,
    0xf1, 0xb4, 0xd1, 0xb4, 0xf2, 0xb4, 0xf6, 0xd5, 0xf5, 0xd5, 0xf5, 0xd5,
    0xf5, 0xd5, 0xf5, 0xd5, 0x36, 0xde, 0x94, 0xcd, 0xd5, 0xd5, 0x36, 0xde,
    0x57, 0xde, 0x57, 0xe6, 0x37, 0xde, 0x57, 0xe6, 0x57, 0xe6, 0x56, 0xde,
    0x57, 0xe6, 0x57, 0xe6, 0x57, 0xde, 0x57, 0xe6, 0x57, 0xe6, 0x57, 0xde,
    0x57, 0xe6, 0x57, 0xe6, 0x57, 0xde, 0x37, 0xde, 0x37, 0xe6, 0x57, 0xde,
    0x57, 0xe6, 0xd5, 0xd5, 0x53, 0xc5, 0x73, 0xcd, 0x32, 0xc5, 0x33, 0xc5,
    0x36, 0xde, 0x57, 0xde, 0x57, 0xe6, 0x36, 0xe6, 0xb4, 0xcd, 0xb4, 0xcd,
    0xcd, 0x93, 0x8c, 0x8b, 0xee, 0x93, 0x2f, 0x9c, 0x0e, 0x9c, 0x4c, 0x7b,
    0x28, 0x52, 0x28, 0x52, 0xe8, 0x49, 0x09, 0x4a, 0x2a, 0x4a, 0x09, 0x42,
    0xc7, 0x39, 0x86, 0x31, 0x46, 0x29, 0xc8, 0x31, 0x09, 0x3a, 0xc9, 0x31,
    0x09, 0x32, 0x2a, 0x3a, 0xac, 0x52, 0x51, 0x8c, 0x6c, 0x3a, 0x4b, 0x3a,
    0x09, 0x3a, 0x09, 0x3a, 0xe9, 0x31, 0xc8, 0x31, 0x09, 0x42, 0x09, 0x42,
    0xe8, 0x41, 0x08, 0x4a, 0x48, 0x5a, 0x48, 0x5a, 0x48, 0x62, 0x48, 0x62,
    0x4b, 0x83, 0xd5, 0xd5, 0x36, 0xde, 0x16, 0xde, 0x94, 0xcd, 0x16, 0xde,
    0xd9, 0xee, 0xda, 0xf6, 0xda, 0xf6, 0xda, 0xee, 0xda, 0xee, 0xda, 0xf6,
    0x37, 0xe6, 0xb5, 0xd5, 0x53, 0xc5, 0x36, 0xde, 0xf5, 0xd5, 0x57, 0xe6,
    0x57, 0xe6, 0x57, 0xe6, 0x57, 0xe6, 0x57, 0xe6, 0x57, 0xe6, 0x57, 0xde,
    0x57, 0xe6, 0x57, 0xde, 0x57, 0xde, 0x77, 0xe6, 0x57, 0xe6, 0x57, 0xde,
    0x57, 0xde, 0x57, 0xe6, 0x77, 0xe6, 0x57, 0xe6, 0x78, 0xe6, 0x77, 0xe6,
    0x57, 0xe6, 0x16, 0xde, 0x57, 0xde, 0x57, 0xde, 0x57, 0xe6, 0x33, 0xbd,
    0x57, 0xde, 0x36, 0xde, 0x57, 0xe6, 0x57, 0xde, 0x57, 0xde, 0x57, 0xde,
    0x57, 0xe6, 0x57, 0xe6, 0x57, 0xe6, 0x77, 0xe6, 0x57, 0xe6, 0x57, 0xe6,
    0x57, 0xde, 0x57, 0xde, 0x77, 0xe6, 0x57, 0xde, 0xb4, 0xd5, 0x12, 0xc5,
    0x58, 0xe6, 0x37, 0xde, 0x33, 0xc5, 0xf6, 0xdd, 0x33, 0xbd, 0x2c, 0x6b,
    0x8c, 0x52, 0xad, 0x52, 0x6b, 0x52, 0x4a, 0x42, 0xad, 0x42, 0x50, 0x4b,
    0x8d, 0x3a, 0x6c, 0x3a, 0xac, 0x42, 0x72, 0x94, 0x76, 0xb5, 0x95, 0xc5,
    0x16, 0xd6, 0x74, 0xbd, 0x75, 0xb5, 0xf8, 0xc5, 0xf8, 0xc5, 0xd7, 0xc5,
    0xb7, 0xbd, 0x2c, 0x73, 0x48, 0x62, 0x48, 0x62, 0x48, 0x62, 0xc9, 0x7a,
    0xd1, 0xb4, 0xd1, 0xb4, 0x90, 0xac, 0x6f, 0xac, 0x6f, 0xac, 0x2e, 0xa4,
    0x32, 0xc5, 0xb4, 0xcd, 0xf5, 0xd5, 0xf5, 0xd5, 0x57, 0xde, 0x36, 0xde,
    0x78, 0xe6, 0x77, 0xde, 0x58, 0xe6, 0x78, 0xe6, 0x77, 0xe6, 0x57, 0xde,
    0x78, 0xe6, 0x57, 0xe6, 0x57, 0xde, 0xf5, 0xd5, 0x16, 0xde, 0x16, 0xde,
    0x37, 0xde, 0x37, 0xde, 0x16, 0xde, 0x57, 0xe6, 0x77, 0xde, 0x78, 0xde,
    0xd5, 0xcd, 0x4f, 0xa4, 0xb1, 0xac, 0xb1, 0xac, 0xb1, 0xac, 0x90, 0xac,
    0xb0, 0xac, 0xd1, 0xac, 0xef, 0x7b, 0x4f, 0x4b, 0x4f, 0x43, 0x4e, 0x43,
    0xf2, 0xb4, 0x13, 0xbd, 0x74, 0xc5, 0xd6, 0xcd, 0x95, 0xc5, 0xb1, 0xac,
    0x70, 0xa4, 0xd1, 0xb4, 0xd1, 0xb4, 0xd2, 0xac, 0xd2, 0xac, 0xd1, 0xb4,
    0x2b, 0x73, 0x94, 0xc5, 0x53, 0xc5, 0x37, 0xde, 0x57, 0xde, 0x57, 0xde,
    0x57, 0xe6, 0x37, 0xde, 0xf1, 0xb4, 0xad, 0x8b, 0x12, 0xbd, 0x12, 0xbd,
    0x2f, 0x9c, 0x90, 0xa4, 0xf1, 0xb4, 0xd2, 0xb4, 0xf1, 0xb4, 0xf2, 0xb4,
    0xf2, 0xb4, 0xf1, 0xb4, 0x33, 0xbd, 0xd5, 0xd5, 0xf6, 0xd5, 0xf5, 0xd5,
    0xf6, 0xd5, 0xf6, 0xd5, 0x36, 0xde, 0x94, 0xcd, 0x32, 0xbd, 0xf6, 0xd5,
    0x57, 0xe6, 0x57, 0xde, 0x57, 0xe6, 0x57, 0xde, 0x57, 0xde, 0x57, 0xe6,
    0x57, 0xe6, 0x57, 0xe6, 0x57, 0xe6, 0x57, 0xde, 0x56, 0xe6, 0x57, 0xde,
    0x57, 0xde, 0x57, 0xe6, 0x57, 0xde, 0x56, 0xde, 0x57, 0xe6, 0x57, 0xde,
    0x36, 0xde, 0xf1, 0xbc, 0x53, 0xc5, 0x73, 0xc5, 0x12, 0xbd, 0xd0, 0xb4,
    0x32, 0xbd, 0x73, 0xcd, 0xb4, 0xd5, 0xb4, 0xd5, 0xb0, 0xb4, 0xb1, 0xb4,
    0x4b, 0x83, 0x2f, 0x9c, 0x4f, 0xa4, 0x0e, 0x9c, 0x0a, 0x73, 0x08, 0x52,
    0x49, 0x52, 0x49, 0x52, 0x08, 0x52, 0xe8, 0x49, 0xe8, 0x41, 0xc8, 0x39,
    0x09, 0x3a, 0xc9, 0x31, 0x0a, 0x32, 0xce, 0x42, 0x91, 0x5b, 0xb2, 0x63,
    0x2f, 0x53, 0x50, 0x53, 0x12, 0x74, 0x76, 0xad, 0xf3, 0x5b, 0xf3, 0x63,
    0xf2, 0x6b, 0x90, 0x5b, 0x0f, 0x4b, 0x8c, 0x42, 0x4a, 0x42, 0x2a, 0x42,
    0xc8, 0x39, 0x08, 0x4a, 0x28, 0x52, 0x28, 0x5a, 0x48, 0x62, 0x69, 0x62,
    0xad, 0x8b, 0x53, 0xc5, 0x53, 0xc5, 0x94, 0xcd, 0x53, 0xcd, 0x17, 0xe6,
    0xb9, 0xee, 0xda, 0xee, 0xda, 0xf6, 0xda, 0xf6, 0xfa, 0xee, 0xfa, 0xf6,
    0xda, 0xf6, 0x17, 0xde, 0xd1, 0xb4, 0xf5, 0xd5, 0x57, 0xe6, 0x57, 0xe6,
    0x57, 0xde, 0x57, 0xde, 0x57, 0xe6, 0x57, 0xde, 0x77, 0xde, 0x57, 0xe6,
    0x77, 0xe6, 0x77, 0xe6, 0x57, 0xe6, 0x57, 0xe6, 0x57, 0xde, 0x77, 0xe6,
    0x57, 0xe6, 0x57, 0xde, 0x57, 0xde, 0x77, 0xde, 0x57, 0xe6, 0x57, 0xe6,
    0x57, 0xde, 0x57, 0xe6, 0x57, 0xde, 0x57, 0xe6, 0xf5, 0xd5, 0x12, 0xb5,
    0x57, 0xe6, 0xf5, 0xdd, 0x57, 0xde, 0x57, 0xe6, 0x57, 0xe6, 0x57, 0xde,
    0x57, 0xe6, 0x57, 0xde, 0x57, 0xde, 0x57, 0xde, 0x57, 0xe6, 0x57, 0xe6,
    0x57, 0xde, 0x57, 0xde, 0x57, 0xe6, 0x57, 0xde, 0xf1, 0xbc, 0x78, 0xee,
    0xd9, 0xee, 0x78, 0xee, 0xb4, 0xcd, 0x74, 0xc5, 0xee, 0x8b, 0xac, 0x5a,
    0xed, 0x5a, 0xac, 0x52, 0xed, 0x52, 0x70, 0x53, 0x51, 0x4b, 0x30, 0x4b,
    0x0f, 0x4b, 0x0a, 0x2a, 0x0a, 0x32, 0xac, 0x52, 0xb7, 0xc5, 0x33, 0xbd,
    0x94, 0xcd, 0x95, 0xc5, 0xf8, 0xc5, 0xf8, 0xc5, 0xf8, 0xc5, 0xf8, 0xc5,
    0xd8, 0xc5, 0xd7, 0xc5, 0x68, 0x6a, 0x88, 0x6a, 0x68, 0x6a, 0xea, 0x82,
    0xd1, 0xb4, 0xd1, 0xb4, 0x6f, 0xa4, 0x2e, 0xa4, 0x90, 0xac, 0x6f, 0xac,
    0xd1, 0xbc, 0x32, 0xc5, 0xb5, 0xcd, 0x37, 0xde, 0x37, 0xde, 0x37, 0xde,
    0x77, 0xde, 0x57, 0xde, 0x77, 0xe6, 0x78, 0xe6, 0x57, 0xde, 0x78, 0xde,
    0x57, 0xe6, 0x77, 0xde, 0x37, 0xde, 0x37, 0xde, 0x37, 0xde, 0x37, 0xde,
    0x37, 0xde, 0x16, 0xde, 0xf5, 0xd5, 0x77, 0xde, 0x78, 0xe6, 0x57, 0xde,
    0xd5, 0xcd, 0xd1, 0xb4, 0xb1, 0xac, 0xd1, 0xac, 0x90, 0xac, 0x90, 0xac,
    0xb1, 0xac, 0xf2, 0xb4, 0xaf, 0x6b, 0x4e, 0x43, 0x4e, 0x43, 0x4f, 0x43,
    0xf2, 0xac, 0x33, 0xbd, 0xd6, 0xcd, 0x95, 0xc5, 0xb1, 0xac, 0x70, 0xa4,
    0xf2, 0xb4, 0xf2, 0xb4, 0xd2, 0xac, 0xd1, 0xac, 0xd1, 0xac, 0xb1, 0xac,
    0xee, 0x8b, 0xd5, 0xd5, 0x12, 0xbd, 0x57, 0xde, 0x37, 0xde, 0x37, 0xe6,
    0x57, 0xde, 0xf5, 0xd5, 0x4f, 0xa4, 0xad, 0x8b, 0x12, 0xb5, 0x12, 0xbd,
    0x2f, 0x9c, 0x90, 0xa4, 0xf2, 0xb4, 0xd1, 0xb4, 0xf1, 0xac, 0xf2, 0xac,
    0xd1, 0xac, 0xf2, 0xb4, 0xf2, 0xb4, 0x33, 0xbd, 0xf5, 0xd5, 0xf5, 0xd5,
    0xd6, 0xd5, 0xf5, 0xd5, 0xf6, 0xd5, 0x94, 0xcd, 0x12, 0xbd, 0xf6, 0xd5,
    0x57, 0xe6, 0x57, 0xe6, 0x56, 0xde, 0x57, 0xe6, 0x57, 0xde, 0x57, 0xe6,
    0x57, 0xde, 0x57, 0xde, 0x57, 0xe6, 0x57, 0xe6, 0x57, 0xde, 0x57, 0xe6,
    0x57, 0xe6, 0x57, 0xde, 0x57, 0xe6, 0x57, 0xe6, 0x57, 0xde, 0x57, 0xde,
    0x37, 0xde, 0xd1, 0xb4, 0x53, 0xc5, 0x74, 0xc5, 0x32, 0xc5, 0xd1, 0xbc,
    0x12, 0xbd, 0x53, 0xc5, 0xd1, 0xb4, 0x2e, 0xa4, 0x90, 0xac, 0xf2, 0xbc,
    0x4b, 0x83, 0x2e, 0x9c, 0x4f, 0xa4, 0xee, 0x93, 0x07, 0x5a, 0xe7, 0x51,
    0xe7, 0x51, 0xe7, 0x49, 0xa6, 0x41, 0xa6, 0x39, 0xe9, 0x39, 0x6c, 0x42,
    0xee, 0x4a, 0x30, 0x53, 0x70, 0x53, 0xb1, 0x63, 0x74, 0x7c, 0xb5, 0x7c,
    0xf2, 0x63, 0x50, 0x53, 0xf2, 0x6b, 0x52, 0x7c, 0x34, 0x6c, 0xd5, 0x84,
    0x15, 0x9d, 0x33, 0x74, 0x91, 0x53, 0x91, 0x5b, 0x0f, 0x4b, 0x2b, 0x3a,
    0xc9, 0x31, 0x4a, 0x42, 0x28, 0x52, 0xe7, 0x51, 0x48, 0x5a, 0x69, 0x62,
    0xee, 0x93, 0x33, 0xbd, 0x12, 0xbd, 0xd1, 0xbc, 0xb0, 0xbc, 0x32, 0xcd,
    0x94, 0xd5, 0x78, 0xe6, 0xfa, 0xf6, 0xfa, 0xf6, 0xfa, 0xf6, 0xfa, 0xee,
    0xfa, 0xee, 0xda, 0xf6, 0xf5, 0xdd, 0xd5, 0xd5, 0x57, 0xe6, 0x57, 0xe6,
    0x57, 0xde, 0x57, 0xe6, 0x57, 0xe6, 0x57, 0xde, 0x57, 0xe6, 0x57, 0xe6,
    0x77, 0xe6, 0x78, 0xe6, 0x57, 0xe6, 0x57, 0xde, 0x57, 0xe6, 0x57, 0xe6,
    0x57, 0xe6, 0x57, 0xde, 0x58, 0xe6, 0x57, 0xe6, 0x77, 0xde, 0x37, 0xde,
    0x36, 0xde, 0x57, 0xde, 0x57, 0xe6, 0x57, 0xe6, 0xd1, 0xb4, 0x57, 0xde,
    0x36, 0xde, 0x37, 0xde, 0x57, 0xde, 0x57, 0xe6, 0x57, 0xe6, 0x57, 0xde,
    0x57, 0xe6, 0x77, 0xe6, 0x57, 0xe6, 0x57, 0xde, 0x57, 0xe6, 0x57, 0xe6,
    0x57, 0xde, 0x57, 0xde, 0x57, 0xe6, 0xb4, 0xcd, 0x53, 0xc5, 0xb9, 0xee,
    0x78, 0xee, 0xb5, 0xcd, 0x12, 0xbd, 0x90, 0xa4, 0x4e, 0x73, 0xac, 0x52,
    0xcd, 0x52, 0x2e, 0x5b, 0x91, 0x5b, 0x91, 0x53, 0x71, 0x4b, 0x70, 0x4b,
    0x30, 0x4b, 0x6c, 0x3a, 0x0b, 0x32, 0xec, 0x5a, 0x9a, 0xde, 0x16, 0xd6,
    0xf6, 0xcd, 0x18, 0xce, 0x18, 0xce, 0xf8, 0xc5, 0xf8, 0xc5, 0xf8, 0xc5,
    0xf8, 0xc5, 0xd8, 0xc5, 0x07, 0x5a, 0x68, 0x6a, 0x0a, 0x83, 0x0a, 0x83,
    0xd1, 0xb4, 0xb1, 0xb4, 0x6f, 0xac, 0x2f, 0xa4, 0x90, 0xb4, 0x12, 0xbd,
    0x94, 0xcd, 0x16, 0xde, 0x57, 0xe6, 0x57, 0xde, 0x57, 0xde, 0x57, 0xde,
    0x57, 0xe6, 0x57, 0xde, 0x78, 0xde, 0x57, 0xe6, 0x57, 0xde, 0x77, 0xe6,
    0x57, 0xde, 0x77, 0xe6, 0xd5, 0xcd, 0xf6, 0xd5, 0x36, 0xde, 0x37, 0xde,
    0x36, 0xde, 0x16, 0xd6, 0x57, 0xde, 0x77, 0xe6, 0x78, 0xe6, 0x16, 0xd6,
    0xb1, 0xac, 0xf2, 0xb4, 0xd1, 0xac, 0xb1, 0xac, 0x4f, 0xa4, 0x50, 0xa4,
    0xb1, 0xac, 0xf2, 0xb4, 0x2d, 0x53, 0x0e, 0x43, 0x2e, 0x43, 0x4e, 0x43,
    0xb1, 0xac, 0xd6, 0xcd, 0xb5, 0xc5, 0xb1, 0xac, 0x90, 0xa4, 0xf1, 0xac,
    0xf2, 0xb4, 0xf2, 0xb4, 0xd2, 0xac, 0xd1, 0xac, 0xd1, 0xac, 0xce, 0x8b,
    0xf2, 0xb4, 0xf5, 0xd5, 0xd0, 0xb4, 0x57, 0xde, 0x57, 0xe6, 0x57, 0xde,
    0x57, 0xde, 0xb4, 0xcd, 0xad, 0x8b, 0xad, 0x8b, 0x12, 0xbd, 0x12, 0xbd,
    0xb1, 0xac, 0xd1, 0xb4, 0xd2, 0xb4, 0xf2, 0xb4, 0xf1, 0xb4, 0xd1, 0xb4,
    0xf2, 0xb4, 0xf1, 0xb4, 0x90, 0xac, 0x4f, 0xa4, 0xf5, 0xd5, 0xd5, 0xd5,
    0xf5, 0xd5, 0xd5, 0xd5, 0xf6, 0xd5, 0x94, 0xcd, 0x32, 0xbd, 0xb4, 0xcd,
    0x37, 0xde, 0x57, 0xde, 0x37, 0xe6, 0x57, 0xe6, 0x57, 0xde, 0x57, 0xe6,
    0x57, 0xe6, 0x57, 0xde, 0x57, 0xe6, 0x57, 0xde, 0x57, 0xde, 0x57, 0xe6,
    0x56, 0xde, 0x57, 0xe6, 0x57, 0xe6, 0x57, 0xde, 0x57, 0xe6, 0x57, 0xe6,
    0x57, 0xde, 0xd4, 0xd5, 0x53, 0xc5, 0x74, 0xcd, 0x73, 0xc5, 0xb4, 0xcd,
    0x57, 0xe6, 0xd5, 0xd5, 0x90, 0xac, 0x6f, 0xa4, 0xf2, 0xbc, 0x12, 0xbd,
    0x8c, 0x8b, 0x4f, 0xa4, 0x0e, 0x9c, 0xca, 0x6a, 0x07, 0x5a, 0x07, 0x52,
    0x85, 0x41, 0x86, 0x39, 0xa8, 0x31, 0xe9, 0x31, 0x8d, 0x42, 0x0f, 0x4b,
    0x50, 0x53, 0xb2, 0x5b, 0x13, 0x6c, 0x74, 0x7c, 0xb5, 0x7c, 0xb5, 0x84,
    0x33, 0x74, 0x6f, 0x63, 0x70, 0x5b, 0x6f, 0x5b, 0xf2, 0x63, 0x74, 0x7c,
    0xb4, 0x8c, 0x12, 0x6c, 0x91, 0x5b, 0x91, 0x5b, 0x70, 0x53, 0xee, 0x4a,
    0x8d, 0x3a, 0x6c, 0x3a, 0xc8, 0x39, 0x30, 0x94, 0x48, 0x52, 0x48, 0x5a,
    0x2f, 0xa4, 0x32, 0xbd, 0xd1, 0xb4, 0x0e, 0xa4, 0x90, 0xb4, 0x94, 0xd5,
    0xd5, 0xd5, 0x95, 0xd5, 0xf6, 0xdd, 0xb9, 0xee, 0xda, 0xee, 0xda, 0xf6,
    0xda, 0xee, 0x78, 0xe6, 0x16, 0xde, 0x57, 0xe6, 0x57, 0xde, 0x57, 0xe6,
    0x57, 0xe6, 0x57, 0xe6, 0x57, 0xe6, 0x77, 0xe6, 0x57, 0xe6, 0x77, 0xde,
    0x57, 0xe6, 0x57, 0xde, 0x77, 0xe6, 0x77, 0xe6, 0x57, 0xde, 0x57, 0xe6,
    0x57, 0xde, 0x77, 0xe6, 0x57, 0xde, 0x58, 0xe6, 0x57, 0xe6, 0x36, 0xde,
    0x37, 0xde, 0x77, 0xde, 0x57, 0xe6, 0x33, 0xbd, 0x74, 0xc5, 0x57, 0xe6,
    0x16, 0xde, 0x57, 0xde, 0x57, 0xde, 0x57, 0xe6, 0x57, 0xde, 0x57, 0xe6,
    0x57, 0xde, 0x57, 0xe6, 0x77, 0xde, 0x57, 0xde, 0x57, 0xe6, 0x77, 0xe6,
    0x57, 0xde, 0x57, 0xde, 0x37, 0xde, 0x6f, 0xac, 0xb9, 0xee, 0xb9, 0xee,
    0x94, 0xcd, 0x90, 0xb4, 0xd1, 0xb4, 0xef, 0x8b, 0x6a, 0x52, 0xcd, 0x52,
    0x90, 0x63, 0x94, 0x7c, 0x74, 0x74, 0xb2, 0x5b, 0x71, 0x53, 0x70, 0x53,
    0x70, 0x53, 0x2f, 0x53, 0x6c, 0x3a, 0x2e, 0x63, 0x58, 0xd6, 0x58, 0xde,
    0x58, 0xde, 0x1b, 0xef, 0xba, 0xe6, 0x79, 0xd6, 0xf8, 0xc5, 0xd8, 0xc5,
    0xd7, 0xc5, 0xd7, 0xbd, 0x07, 0x5a, 0x47, 0x6a, 0x6c, 0x9b, 0x2b, 0x8b,
    0xd1, 0xb4, 0xb0, 0xb4, 0x4f, 0xa4, 0x90, 0xb4, 0x94, 0xcd, 0xf6, 0xdd,
    0x57, 0xde, 0x57, 0xde, 0x57, 0xde, 0x57, 0xde, 0x57, 0xe6, 0x57, 0xe6,
    0x57, 0xde, 0x57, 0xe6, 0x78, 0xe6, 0x57, 0xde, 0x77, 0xe6, 0x58, 0xde,
    0x57, 0xde, 0x57, 0xe6, 0x16, 0xd6, 0x16, 0xd6, 0x37, 0xde, 0x37, 0xde,
    0x73, 0xc5, 0x36, 0xde, 0x57, 0xde, 0x57, 0xde, 0x58, 0xe6, 0x16, 0xd6,
    0x4f, 0xa4, 0xd1, 0xb4, 0xd1, 0xac, 0xd1, 0xac, 0x2f, 0x9c, 0x2f, 0x9c,
    0xd1, 0xac, 0x12, 0xb5, 0xcc, 0x4a, 0x0d, 0x3b, 0x2e, 0x43, 0x4f, 0x43,
    0x54, 0xbd, 0xd5, 0xcd, 0xf2, 0xac, 0x91, 0xa4, 0xd1, 0xb4, 0xf2, 0xb4,
    0xf1, 0xac, 0xf1, 0xac, 0xd1, 0xb4, 0xd1, 0xac, 0xb1, 0xac, 0xea, 0x72,
    0x33, 0xbd, 0xf5, 0xd5, 0x53, 0xc5, 0x57, 0xde, 0x57, 0xde, 0x57, 0xe6,
    0x57, 0xde, 0xd5, 0xd5, 0x2e, 0x9c, 0xcd, 0x93, 0x12, 0xbd, 0x33, 0xbd,
    0x12, 0xbd, 0xf2, 0xb4, 0xf1, 0xb4, 0xf2, 0xb4, 0xf2, 0xb4, 0xf2, 0xb4,
    0xf2, 0xb4, 0xf1, 0xb4, 0x90, 0xa4, 0x70, 0xa4, 0xd5, 0xd5, 0xf6, 0xd5,
    0xf5, 0xd5, 0xf5, 0xd5, 0x16, 0xde, 0x94, 0xcd, 0x33, 0xbd, 0x12, 0xbd,
    0x16, 0xde, 0x57, 0xde, 0x56, 0xde, 0x57, 0xe6, 0x57, 0xde, 0x56, 0xe6,
    0x57, 0xde, 0x57, 0xe6, 0x56, 0xde, 0x57, 0xe6, 0x57, 0xe6, 0x57, 0xde,
    0x56, 0xde, 0x57, 0xe6, 0x37, 0xde, 0x57, 0xde, 0x57, 0xe6, 0x57, 0xe6,
    0x57, 0xe6, 0x36, 0xde, 0x52, 0xc5, 0x94, 0xcd, 0x94, 0xcd, 0x73, 0xcd,
    0x32, 0xc5, 0x12, 0xbd, 0x32, 0xc5, 0x74, 0xc5, 0x94, 0xcd, 0x94, 0xc5,
    0x2f, 0x9c, 0x0e, 0x9c, 0xc9, 0x72, 0xc6, 0x49, 0xa6, 0x49, 0x07, 0x52,
    0x2c, 0x6b, 0x0a, 0x3a, 0x2b, 0x3a, 0x6d, 0x3a, 0x30, 0x4b, 0x91, 0x53,
    0xb2, 0x53, 0xb2, 0x5b, 0xf2, 0x63, 0xd2, 0x63, 0x33, 0x6c, 0x53, 0x7c,
    0xf8, 0xc5, 0x96, 0xb5, 0xd0, 0x73, 0x2e, 0x5b, 0x12, 0x6c, 0x74, 0x84,
    0xb1, 0x63, 0x70, 0x53, 0x50, 0x53, 0x70, 0x53, 0x70, 0x53, 0x70, 0x53,
    0x30, 0x53, 0xad, 0x42, 0x0a, 0x32, 0xd7, 0xbd, 0x72, 0x94, 0x30, 0x9c,
    0x4f, 0xa4, 0x33, 0xc5, 0x70, 0xac, 0x0a, 0x83, 0x6c, 0x93, 0x90, 0xb4,
    0x37, 0xe6, 0x58, 0xe6, 0x17, 0xe6, 0x53, 0xcd, 0xd5, 0xd5, 0xda, 0xf6,
    0xb9, 0xee, 0x32, 0xc5, 0x15, 0xde, 0x57, 0xde, 0x57, 0xe6, 0x57, 0xde,
    0x57, 0xde, 0x57, 0xde, 0x57, 0xe6, 0x57, 0xe6, 0x57, 0xde, 0x77, 0xe6,
    0x77, 0xe6, 0x58, 0xe6, 0x77, 0xe6, 0x57, 0xe6, 0x16, 0xde, 0x57, 0xde,
    0x57, 0xe6, 0x57, 0xe6, 0x57, 0xde, 0x57, 0xde, 0x57, 0xde, 0x37, 0xde,
    0x57, 0xe6, 0x57, 0xe6, 0x57, 0xde, 0x6f, 0xa4, 0x36, 0xde, 0x57, 0xe6,
    0x37, 0xde, 0x57, 0xe6, 0x57, 0xe6, 0x57, 0xde, 0x57, 0xe6, 0x57, 0xde,
    0x57, 0xde, 0x57, 0xe6, 0x57, 0xe6, 0x57, 0xde, 0x57, 0xde, 0x57, 0xe6,
    0x57, 0xe6, 0x57, 0xde, 0xf5, 0xdd, 0x73, 0xcd, 0xda, 0xf6, 0x16, 0xde,
    0x16, 0xde, 0x12, 0xbd, 0x71, 0xa4, 0xcb, 0x5a, 0xac, 0x4a, 0x93, 0x8c,
    0xd5, 0x84, 0x57, 0x9d, 0xb5, 0x7c, 0xf3, 0x63, 0x71, 0x53, 0x50, 0x53,
    0x71, 0x53, 0x50, 0x4b, 0x4b, 0x3a, 0x2e, 0x5b, 0x17, 0xd6, 0x57, 0xde,
    0x99, 0xde, 0xfb, 0xee, 0xfb, 0xee, 0xdb, 0xe6, 0x9a, 0xde, 0x18, 0xce,
    0xf8, 0xc5, 0xd8, 0xc5, 0x88, 0x6a, 0x2b, 0x8b, 0xad, 0xa3, 0x4b, 0x8b,
    0xb0, 0xb4, 0x4f, 0xac, 0x90, 0xac, 0xd5, 0xd5, 0x36, 0xde, 0x57, 0xde,
    0x57, 0xde, 0x57, 0xde, 0x57, 0xde, 0xf6, 0xd5, 0x57, 0xde, 0x57, 0xde,
    0x57, 0xde, 0x57, 0xde, 0x57, 0xe6, 0x57, 0xde, 0x58, 0xe6, 0x57, 0xe6,
    0x57, 0xde, 0x36, 0xde, 0x36, 0xde, 0x37, 0xde, 0x57, 0xde, 0xb4, 0xcd,
    0xf1, 0xb4, 0x36, 0xde, 0x57, 0xde, 0x78, 0xe6, 0x57, 0xde, 0xd5, 0xcd,
    0xf2, 0xb4, 0xb1, 0xac, 0xb1, 0xac, 0xb1, 0xac, 0x8d, 0x83, 0xce, 0x8b,
    0xd1, 0xb4, 0x13, 0xb5, 0xec, 0x52, 0xcd, 0x3a, 0x2e, 0x43, 0x4e, 0x43,
    0xd6, 0xd5, 0x12, 0xb5, 0xb1, 0xac, 0xd1, 0xac, 0xf2, 0xb4, 0xd2, 0xb4,
    0xd1, 0xac, 0xd2, 0xb4, 0xd1, 0xac, 0xd1, 0xac, 0xb1, 0xac, 0x2b, 0x7b,
    0x53, 0xc5, 0xf5, 0xd5, 0xb5, 0xd5, 0x57, 0xde, 0x57, 0xde, 0x57, 0xe6,
    0xf6, 0xd5, 0xd1, 0xb4, 0x90, 0xac, 0x0e, 0x94, 0x13, 0xbd, 0x53, 0xc5,
    0x33, 0xbd, 0x90, 0xa4, 0xd1, 0xac, 0xf2, 0xb4, 0xf2, 0xb4, 0xf2, 0xb4,
    0xf2, 0xb4, 0xd2, 0xb4, 0xb1, 0xac, 0x32, 0xbd, 0xb5, 0xcd, 0xf6, 0xd5,
    0xf5, 0xd5, 0xf5, 0xd5, 0x36, 0xde, 0x94, 0xcd, 0x12, 0xbd, 0x12, 0xbd,
    0x36, 0xde, 0x37, 0xe6, 0x57, 0xe6, 0x57, 0xde, 0x57, 0xe6, 0x57, 0xde,
    0x57, 0xe6, 0x56, 0xde, 0x57, 0xde, 0x57, 0xe6, 0x57, 0xe6, 0x56, 0xde,
    0x57, 0xe6, 0x57, 0xde, 0x57, 0xe6, 0x57, 0xde, 0x57, 0xe6, 0x57, 0xde,
    0x57, 0xde, 0x16, 0xde, 0x6f, 0xac, 0x74, 0xcd, 0x32, 0xc5, 0x4f, 0xac,
    0x90, 0xac, 0x53, 0xc5, 0x74, 0xcd, 0x94, 0xcd, 0x94, 0xcd, 0xb4, 0xcd,
    0x70, 0xa4, 0xee, 0x9b, 0x27, 0x5a, 0xc6, 0x49, 0x28, 0x52, 0x31, 0x8c,
    0xac, 0x52, 0x4c, 0x3a, 0x8d, 0x3a, 0x0f, 0x4b, 0x91, 0x5b, 0xd2, 0x5b,
    0xd2, 0x5b, 0xd2, 0x53, 0xd2, 0x5b, 0xb1, 0x5b, 0xf2, 0x5b, 0xb2, 0x9c,
    0x1b, 0xef, 0xda, 0xe6, 0xd7, 0xcd, 0xb3, 0x9c, 0x53, 0x7c, 0xb3, 0x94,
    0x70, 0x53, 0x50, 0x53, 0x50, 0x53, 0x50, 0x53, 0x70, 0x53, 0x50, 0x53,
    0x71, 0x53, 0x4b, 0x3a, 0x4b, 0x3a, 0x0d, 0x63, 0xd7, 0xbd, 0x96, 0xbd,
    0x53, 0xc5, 0x53, 0xc5, 0x2f, 0x9c, 0x0a, 0x83, 0x2b, 0x8b, 0x4b, 0x93,
    0x70, 0xb4, 0x37, 0xe6, 0xb9, 0xf6, 0x16, 0xe6, 0x16, 0xe6, 0xb5, 0xd5,
    0x57, 0xe6, 0x12, 0xbd, 0x57, 0xe6, 0x57, 0xe6, 0x57, 0xe6, 0x57, 0xe6,
    0x57, 0xe6, 0x57, 0xe6, 0x77, 0xe6, 0x77, 0xe6, 0x77, 0xe6, 0x57, 0xe6,
    0x77, 0xde, 0x57, 0xe6, 0x58, 0xe6, 0x57, 0xe6, 0x37, 0xde, 0x57, 0xde,
    0x57, 0xe6, 0x77, 0xe6, 0x57, 0xe6, 0x37, 0xde, 0x36, 0xde, 0x57, 0xde,
    0x57, 0xe6, 0x57, 0xde, 0x73, 0xc5, 0x94, 0xcd, 0x37, 0xde, 0xf6, 0xd5,
    0x57, 0xde, 0x57, 0xe6, 0x57, 0xde, 0x57, 0xde, 0x57, 0xe6, 0x77, 0xe6,
    0x57, 0xe6, 0x77, 0xde, 0x57, 0xe6, 0x57, 0xe6, 0x77, 0xde, 0x77, 0xe6,
    0x57, 0xe6, 0x36, 0xde, 0x6f, 0xb4, 0xba, 0xee, 0x37, 0xe6, 0x78, 0xee,
    0xd6, 0xd5, 0x13, 0xb5, 0x4d, 0x73, 0x6b, 0x42, 0xd1, 0x6b, 0x15, 0x9d,
    0xd5, 0x84, 0x53, 0x7c, 0xf2, 0x63, 0xb1, 0x5b, 0xb1, 0x5b, 0x91, 0x53,
    0x50, 0x53, 0x2f, 0x4b, 0x0a, 0x32, 0xec, 0x5a, 0x16, 0xd6, 0x37, 0xd6,
    0xfb, 0xee, 0xfb, 0xee, 0xfb, 0xee, 0xfb, 0xee, 0x1b, 0xef, 0xba, 0xde,
    0x18, 0xc6, 0xf8, 0xc5, 0xa9, 0x7a, 0xce, 0xab, 0xcd, 0xab, 0x6b, 0x93,
    0x90, 0xb4, 0x4f, 0xac, 0x12, 0xc5, 0x16, 0xde, 0x16, 0xde, 0x57, 0xde,
    0x57, 0xe6, 0x57, 0xde, 0x57, 0xe6, 0x37, 0xde, 0x57, 0xde, 0x57, 0xde,
    0x57, 0xde, 0x57, 0xe6, 0x57, 0xde, 0x57, 0xde, 0x57, 0xe6, 0x57, 0xde,
    0x57, 0xde, 0xf6, 0xd5, 0xf6, 0xd5, 0x57, 0xde, 0x57, 0xe6, 0xd5, 0xd5,
    0xf1, 0xb4, 0x37, 0xde, 0x57, 0xe6, 0x77, 0xe6, 0x16, 0xd6, 0x2f, 0x9c,
    0xf2, 0xb4, 0xb1, 0xac, 0xb1, 0xac, 0xb1, 0xac, 0x2b, 0x6b, 0x8d, 0x7b,
    0xf2, 0xb4, 0x12, 0xb5, 0xec, 0x4a, 0xac, 0x32, 0x2e, 0x43, 0x2e, 0x43,
    0x33, 0xb5, 0xd2, 0xac, 0xd2, 0xb4, 0xf1, 0xac, 0xf2, 0xac, 0xd1, 0xb4,
    0xf2, 0xac, 0xf2, 0xb4, 0xd2, 0xac, 0xb1, 0xac, 0xb1, 0xac, 0xad, 0x8b,
    0x94, 0xc5, 0x53, 0xc5, 0xb4, 0xd5, 0x37, 0xde, 0x57, 0xde, 0x57, 0xde,
    0xd5, 0xd5, 0xf2, 0xb4, 0xb1, 0xac, 0x4f, 0x9c, 0x12, 0xb5, 0x33, 0xbd,
    0x12, 0xb5, 0xee, 0x93, 0x90, 0xac, 0xf1, 0xb4, 0xf2, 0xb4, 0xf1, 0xb4,
    0xf1, 0xac, 0xf2, 0xb4, 0xd1, 0xb4, 0x12, 0xbd, 0x12, 0xbd, 0xf6, 0xd5,
    0xf6, 0xd5, 0xf6, 0xd5, 0x36, 0xde, 0xd5, 0xd5, 0x33, 0xc5, 0x32, 0xbd,
    0x73, 0xc5, 0x36, 0xde, 0x37, 0xe6, 0x57, 0xde, 0x57, 0xe6, 0x57, 0xe6,
    0x57, 0xde, 0x57, 0xe6, 0x57, 0xde, 0x57, 0xde, 0x57, 0xe6, 0x57, 0xe6,
    0x57, 0xe6, 0x57, 0xe6, 0x57, 0xde, 0x57, 0xe6, 0x57, 0xde, 0x57, 0xde,
    0x57, 0xe6, 0x15, 0xd6, 0x4f, 0xac, 0x4e, 0xa4, 0x4f, 0xac, 0x8f, 0xac,
    0xb0, 0xb4, 0x74, 0xc5, 0x94, 0xc5, 0x94, 0xcd, 0x94, 0xc5, 0xb4, 0xcd,
    0xd1, 0xb4, 0xca, 0x72, 0x48, 0x62, 0xf0, 0x8b, 0x14, 0xad, 0x35, 0xa5,
    0x0a, 0x32, 0x4c, 0x3a, 0x8d, 0x3a, 0x70, 0x53, 0xd2, 0x5b, 0xd2, 0x5b,
    0xd2, 0x5b, 0xd2, 0x53, 0xd2, 0x5b, 0xd2, 0x5b, 0xd2, 0x5b, 0xb1, 0xa4,
    0xfa, 0xee, 0xfb, 0xee, 0x98, 0xde, 0xf0, 0x83, 0xd0, 0x6b, 0xd0, 0x73,
    0x50, 0x53, 0x70, 0x53, 0x50, 0x53, 0x50, 0x53, 0x70, 0x53, 0x50, 0x53,
    0x30, 0x4b, 0xcd, 0x42, 0x0b, 0x32, 0xe9, 0x39, 0xd7, 0xc5, 0xf7, 0xc5,
    0x17, 0xde, 0xb5, 0xcd, 0xee, 0x93, 0xea, 0x7a, 0xad, 0x9b, 0xcd, 0xa3,
    0xad, 0x9b, 0xb1, 0xbc, 0x37, 0xe6, 0xb9, 0xee, 0xb9, 0xee, 0x78, 0xe6,
    0x78, 0xee, 0x93, 0xcd, 0x57, 0xe6, 0x57, 0xde, 0x57, 0xe6, 0x57, 0xde,
    0x57, 0xe6, 0x57, 0xe6, 0x57, 0xde, 0x77, 0xe6, 0x57, 0xe6, 0x57, 0xde,
    0x57, 0xde, 0x57, 0xe6, 0x77, 0xde, 0xf5, 0xd5, 0x57, 0xde, 0x77, 0xe6,
    0x77, 0xde, 0x57, 0xde, 0x57, 0xe6, 0x57, 0xe6, 0x57, 0xde, 0x57, 0xe6,
    0x57, 0xe6, 0x94, 0xcd, 0x2e, 0xa4, 0xf5, 0xd5, 0x57, 0xe6, 0x37, 0xde,
    0x57, 0xe6, 0x57, 0xe6, 0x57, 0xde, 0x57, 0xe6, 0x57, 0xde, 0x57, 0xe6,
    0x77, 0xe6, 0x57, 0xde, 0x57, 0xde, 0x58, 0xe6, 0x57, 0xde, 0x57, 0xde,
    0x57, 0xde, 0x37, 0xde, 0x53, 0xcd, 0x78, 0xee, 0x99, 0xee, 0x78, 0xe6,
    0x70, 0xac, 0xad, 0x83, 0xab, 0x52, 0x6f, 0x5b, 0xd1, 0x63, 0x11, 0x74,
    0x12, 0x6c, 0xd1, 0x5b, 0xd2, 0x5b, 0xf2, 0x5b, 0xf2, 0x5b, 0xd2, 0x63,
    0x50, 0x53, 0x0f, 0x4b, 0x09, 0x32, 0x8e, 0x7b, 0xb5, 0xcd, 0xda, 0xe6,
    0xfb, 0xee, 0xfb, 0xee, 0x1b, 0xef, 0xfb, 0xee, 0x1b, 0xef, 0xfb, 0xee,
    0xf8, 0xc5, 0x14, 0xad, 0xea, 0x8a, 0xce, 0xab, 0xcd, 0xab, 0x8c, 0x93,
    0x4f, 0xac, 0x90, 0xac, 0xf1, 0xbc, 0xf5, 0xd5, 0xf6, 0xd5, 0x57, 0xde,
    0x57, 0xe6, 0x37, 0xde, 0xd5, 0xd5, 0x37, 0xe6, 0x57, 0xde, 0x57, 0xe6,
    0x57, 0xde, 0x57, 0xde, 0x57, 0xe6, 0x58, 0xe6, 0x77, 0xde, 0x57, 0xe6,
    0x57, 0xe6, 0x37, 0xde, 0x37, 0xde, 0x37, 0xde, 0xf5, 0xd5, 0xb4, 0xcd,
    0x33, 0xbd, 0x37, 0xde, 0x58, 0xde, 0x57, 0xde, 0x37, 0xde, 0x70, 0xa4,
    0xd1, 0xb4, 0xd1, 0xac, 0xd1, 0xac, 0xb1, 0xac, 0x6d, 0x73, 0x8e, 0x73,
    0xd2, 0xac, 0xb1, 0xa4, 0xab, 0x42, 0x8c, 0x32, 0x2e, 0x43, 0x2e, 0x43,
    0xf2, 0xb4, 0xd1, 0xac, 0xd1, 0xac, 0xf2, 0xb4, 0xd1, 0xb4, 0xf1, 0xac,
    0xf2, 0xb4, 0xf2, 0xb4, 0xd1, 0xac, 0xb1, 0xac, 0xb1, 0xa4, 0xee, 0x93,
    0x94, 0xcd, 0x32, 0xbd, 0x73, 0xc5, 0x57, 0xde, 0x57, 0xde, 0x37, 0xde,
    0xd5, 0xd5, 0x33, 0xbd, 0xd1, 0xb4, 0x90, 0xa4, 0x12, 0xbd, 0xd1, 0xac,
    0xb1, 0xac, 0xad, 0x8b, 0x70, 0xa4, 0xf2, 0xb4, 0xf2, 0xb4, 0xd1, 0xac,
    0xf1, 0xb4, 0xf2, 0xb4, 0xf2, 0xb4, 0xf2, 0xb4, 0x6f, 0xa4, 0xf5, 0xd5,
    0xf6, 0xd5, 0xf6, 0xd5, 0x16, 0xde, 0xd5, 0xd5, 0xf1, 0xb4, 0xf2, 0xbc,
    0xf1, 0xbc, 0x36, 0xde, 0x57, 0xde, 0x57, 0xde, 0x36, 0xe6, 0x57, 0xe6,
    0x57, 0xde, 0x57, 0xe6, 0x56, 0xe6, 0x57, 0xde, 0x57, 0xe6, 0x57, 0xde,
    0x57, 0xde, 0x57, 0xe6, 0x57, 0xde, 0x57, 0xde, 0x57, 0xe6, 0x57, 0xde,
    0x36, 0xde, 0xb0, 0xbc, 0xb0, 0xb4, 0x90, 0xb4, 0xd1, 0xb4, 0xb0, 0xb4,
    0xd1, 0xb4, 0x73, 0xc5, 0x94, 0xcd, 0x94, 0xcd, 0x74, 0xc5, 0x94, 0xcd,
    0xcd, 0x93, 0xe6, 0x51, 0x55, 0xb5, 0xb7, 0xbd, 0xd8, 0xc5, 0xf4, 0x9c,
    0x4c, 0x3a, 0x8d, 0x42, 0x30, 0x53, 0xd2, 0x5b, 0xf2, 0x5b, 0xd2, 0x5b,
    0xd2, 0x5b, 0xd2, 0x5b, 0xd2, 0x53, 0x91, 0x53, 0xf1, 0x63, 0xf1, 0x73,
    0xb2, 0xa4, 0xda, 0xe6, 0x34, 0xad, 0xb0, 0x6b, 0xb0, 0x63, 0x90, 0x63,
    0x2f, 0x53, 0x0f, 0x4b, 0x50, 0x53, 0x70, 0x53, 0x91, 0x5b, 0x50, 0x53,
    0x2f, 0x53, 0x0e, 0x4b, 0xea, 0x29, 0x2b, 0x3a, 0xf7, 0xc5, 0x38, 0xce,
    0x57, 0xde, 0x37, 0xd6, 0xb6, 0xc5, 0xd3, 0xa4, 0x0e, 0x9c, 0xcd, 0xa3,
    0xcd, 0xa3, 0x33, 0xc5, 0x94, 0xd5, 0x99, 0xee, 0xda, 0xee, 0xb9, 0xee,
    0x73, 0xcd, 0xf5, 0xdd, 0x57, 0xe6, 0x57, 0xde, 0x57, 0xe6, 0x57, 0xe6,
    0x77, 0xde, 0x57, 0xe6, 0x57, 0xe6, 0x77, 0xde, 0x77, 0xe6, 0x77, 0xe6,
    0x57, 0xe6, 0x77, 0xe6, 0x57, 0xe6, 0x56, 0xde, 0x57, 0xe6, 0x57, 0xe6,
    0x77, 0xe6, 0x57, 0xde, 0x57, 0xde, 0x37, 0xde, 0x57, 0xde, 0x57, 0xde,
    0x57, 0xde, 0x2f, 0xa4, 0xd1, 0xb4, 0x36, 0xde, 0xf6, 0xd5, 0x57, 0xe6,
    0x57, 0xe6, 0x57, 0xde, 0x57, 0xe6, 0x57, 0xe6, 0x57, 0xde, 0x58, 0xde,
    0x58, 0xe6, 0x57, 0xe6, 0x77, 0xde, 0x57, 0xe6, 0x57, 0xe6, 0x57, 0xe6,
    0x57, 0xde, 0x12, 0xc5, 0x58, 0xee, 0x98, 0xee, 0xd9, 0xee, 0x78, 0xe6,
    0x4f, 0xa4, 0xaa, 0x5a, 0x31, 0x84, 0xb4, 0x8c, 0x90, 0x63, 0xf1, 0x63,
    0xb1, 0x63, 0xf2, 0x63, 0x12, 0x64, 0x13, 0x64, 0x12, 0x64, 0xf1, 0x63,
    0x2f, 0x53, 0xee, 0x42, 0x29, 0x42, 0x12, 0xb5, 0x99, 0xe6, 0xfb, 0xee,
    0x1b, 0xef, 0x1b, 0xef, 0x1b, 0xef, 0x1b, 0xef, 0x1b, 0xef, 0xfb, 0xee,
    0xd7, 0xc5, 0x0b, 0x73, 0xad, 0xa3, 0xee, 0xab, 0xac, 0xa3, 0xcd, 0xa3,
    0x53, 0xc5, 0xd1, 0xb4, 0x12, 0xbd, 0x16, 0xde, 0x36, 0xde, 0x57, 0xde,
    0x57, 0xde, 0x57, 0xe6, 0x37, 0xde, 0x57, 0xe6, 0x57, 0xde, 0x57, 0xe6,
    0x57, 0xde, 0x57, 0xde, 0x57, 0xde, 0x57, 0xe6, 0x58, 0xde, 0x78, 0xde,
    0xf6, 0xd5, 0xd5, 0xd5, 0x57, 0xde, 0x73, 0xc5, 0xb5, 0xcd, 0x73, 0xc5,
    0xb4, 0xcd, 0x57, 0xde, 0x57, 0xde, 0x57, 0xde, 0x33, 0xbd, 0xb1, 0xb4,
    0xb1, 0xac, 0xb1, 0xac, 0xb1, 0xac, 0xd1, 0xac, 0x8e, 0x6b, 0x6d, 0x63,
    0x91, 0xa4, 0xb1, 0xac, 0xec, 0x52, 0x8c, 0x32, 0xcc, 0x32, 0xed, 0x3a,
    0xf2, 0xb4, 0xf2, 0xb4, 0xf2, 0xb4, 0xd1, 0xb4, 0xf2, 0xb4, 0xf2, 0xac,
    0xf1, 0xb4, 0xd1, 0xb4, 0xd1, 0xac, 0xb1, 0xa4, 0x91, 0xa4, 0xee, 0x93,
    0x94, 0xcd, 0x53, 0xc5, 0x53, 0xc5, 0x37, 0xde, 0x57, 0xde, 0xf5, 0xd5,
    0x90, 0xac, 0x53, 0xc5, 0x12, 0xb5, 0xd1, 0xac, 0x12, 0xbd, 0x90, 0xac,
    0x90, 0xa4, 0xee, 0x93, 0x70, 0xa4, 0xd1, 0xac, 0xf2, 0xb4, 0xf2, 0xb4,
    0xf2, 0xb4, 0xf2, 0xb4, 0x12, 0xbd, 0xf2, 0xb4, 0xd1, 0xac, 0xf5, 0xd5,
    0xf5, 0xd5, 0xf6, 0xd5, 0x16, 0xd6, 0x94, 0xc5, 0xd5, 0xd5, 0x53, 0xc5,
    0x12, 0xbd, 0xf6, 0xd5, 0x57, 0xde, 0x57, 0xde, 0x57, 0xe6, 0x56, 0xde,
    0x37, 0xde, 0x57, 0xe6, 0x57, 0xde, 0x57, 0xe6, 0x57, 0xe6, 0x57, 0xde,
    0x57, 0xe6, 0x57, 0xde, 0x56, 0xde, 0x57, 0xe6, 0x57, 0xe6, 0xf1, 0xbc,
    0xb0, 0xb4, 0x12, 0xc5, 0x32, 0xc5, 0xb0, 0xb4, 0xf1, 0xbc, 0xd1, 0xb4,
    0xf1, 0xbc, 0x94, 0xcd, 0x73, 0xc5, 0x73, 0xcd, 0x94, 0xcd, 0xf1, 0xbc,
    0x07, 0x5a, 0xf4, 0xa4, 0xd8, 0xbd, 0xd8, 0xc5, 0x97, 0xbd, 0x2d, 0x63,
    0x4b, 0x3a, 0x6c, 0x3a, 0x71, 0x53, 0xf2, 0x5b, 0xd2, 0x5b, 0xd2, 0x5b,
    0xd2, 0x5b, 0xd2, 0x5b, 0xd2, 0x5b, 0xd1, 0x63, 0xf1, 0x63, 0xd0, 0x63,
    0xd0, 0x6b, 0x31, 0x84, 0xf3, 0xa4, 0xac, 0x42, 0x8f, 0x5b, 0x90, 0x5b,
    0xb0, 0x63, 0x2f, 0x53, 0x2f, 0x4b, 0xb1, 0x5b, 0x13, 0x6c, 0x12, 0x6c,
    0xb1, 0x63, 0x30, 0x53, 0xea, 0x29, 0x6c, 0x3a, 0xb6, 0xbd, 0x78, 0xde,
    0xd5, 0xcd, 0x75, 0xbd, 0xf8, 0xc5, 0xd7, 0xc5, 0x96, 0xbd, 0x70, 0xac,
    0xad, 0xa3, 0x0e, 0xac, 0x37, 0xe6, 0x16, 0xde, 0xb8, 0xee, 0x99, 0xee,
    0x52, 0xc5, 0x57, 0xe6, 0x57, 0xe6, 0x57, 0xde, 0x57, 0xe6, 0x57, 0xe6,
    0x57, 0xe6, 0x57, 0xe6, 0x57, 0xe6, 0x77, 0xe6, 0x57, 0xe6, 0x57, 0xe6,
    0x57, 0xde, 0x57, 0xde, 0xd4, 0xd5, 0x57, 0xe6, 0x57, 0xe6, 0x57, 0xde,
    0x57, 0xe6, 0x57, 0xde, 0x16, 0xde, 0x57, 0xe6, 0x57, 0xe6, 0x57, 0xe6,
    0x90, 0xb4, 0x4b, 0x93, 0x94, 0xcd, 0x57, 0xe6, 0x57, 0xe6, 0x57, 0xde,
    0x57, 0xde, 0x57, 0xe6, 0x57, 0xde, 0x57, 0xde, 0x77, 0xe6, 0x77, 0xe6,
    0x77, 0xe6, 0x78, 0xde, 0x57, 0xde, 0x77, 0xe6, 0x57, 0xe6, 0x37, 0xde,
    0x57, 0xe6, 0xf2, 0xc4, 0x78, 0xee, 0xd9, 0xee, 0x98, 0xe6, 0xad, 0x93,
    0xae, 0x83, 0xd3, 0xa4, 0x99, 0xde, 0x35, 0xa5, 0x70, 0x5b, 0xd1, 0x63,
    0x90, 0x5b, 0x90, 0x5b, 0x12, 0x64, 0x13, 0x64, 0x12, 0x64, 0x32, 0x6c,
    0xd1, 0x63, 0x2e, 0x53, 0xaa, 0x62, 0xef, 0x83, 0x1b, 0xef, 0xfb, 0xee,
    0x1b, 0xef, 0x1b, 0xef, 0x1b, 0xef, 0x1c, 0xef, 0x1c, 0xef, 0x1b, 0xef,
    0xd7, 0xc5, 0x8d, 0x93, 0xed, 0xab, 0xcd, 0xb3, 0x0a, 0x93, 0x6f, 0xb4,
    0x33, 0xc5, 0x53, 0xc5, 0xd5, 0xd5, 0x37, 0xde, 0x57, 0xe6, 0x57, 0xde,
    0x57, 0xde, 0x37, 0xde, 0x57, 0xde, 0x57, 0xde, 0x57, 0xde, 0x57, 0xde,
    0x57, 0xde, 0x57, 0xe6, 0x57, 0xe6, 0x57, 0xde, 0x57, 0xde, 0x57, 0xe6,
    0x37, 0xde, 0x36, 0xde, 0xd5, 0xd5, 0xd5, 0xd5, 0x37, 0xde, 0x53, 0xc5,
    0x36, 0xde, 0x57, 0xe6, 0x57, 0xe6, 0x37, 0xde, 0xee, 0x93, 0xf1, 0xb4,
    0xd1, 0xac, 0xb1, 0xac, 0xd1, 0xac, 0x2f, 0x94, 0xec, 0x52, 0xec, 0x52,
    0x30, 0x94, 0xb1, 0xac, 0x6e, 0x53, 0xac, 0x32, 0x8c, 0x32, 0xed, 0x3a,
    0xf1, 0xb4, 0xf2, 0xb4, 0xf2, 0xac, 0xd1, 0xac, 0xd2, 0xac, 0xf2, 0xb4,
    0xd1, 0xac, 0x70, 0xa4, 0x70, 0xa4, 0xb1, 0xac, 0x70, 0xa4, 0xad, 0x8b,
    0x94, 0xc5, 0x94, 0xcd, 0xd5, 0xcd, 0x57, 0xde, 0x37, 0xde, 0x16, 0xd6,
    0xf2, 0xb4, 0x53, 0xc5, 0x32, 0xbd, 0xf2, 0xb4, 0x12, 0xbd, 0xd1, 0xb4,
    0xd1, 0xac, 0x90, 0xac, 0xd1, 0xac, 0xf1, 0xb4, 0xf2, 0xb4, 0xf2, 0xb4,
    0xf2, 0xb4, 0xf2, 0xb4, 0x53, 0xbd, 0xf2, 0xbc, 0x53, 0xc5, 0xb4, 0xcd,
    0xf6, 0xd5, 0xf5, 0xd5, 0x16, 0xd6, 0x53, 0xc5, 0xd5, 0xd5, 0xb1, 0xac,
    0xf1, 0xb4, 0x90, 0xac, 0x36, 0xe6, 0x57, 0xe6, 0x37, 0xde, 0x57, 0xde,
    0x56, 0xde, 0x57, 0xe6, 0x57, 0xe6, 0x37, 0xde, 0x57, 0xde, 0x57, 0xe6,
    0x77, 0xe6, 0x57, 0xe6, 0x52, 0xcd, 0x4e, 0xac, 0xf1, 0xbc, 0xf1, 0xbc,
    0xf1, 0xbc, 0x12, 0xbd, 0x12, 0xc5, 0xd1, 0xbc, 0x12, 0xbd, 0xf1, 0xb4,
    0x12, 0xbd, 0x74, 0xcd, 0x74, 0xc5, 0x73, 0xc5, 0x8f, 0xac, 0x0e, 0x9c,
    0x55, 0xb5, 0xb7, 0xbd, 0xd8, 0xc5, 0xd8, 0xc5, 0x96, 0xb5, 0x6b, 0x42,
    0x4c, 0x3a, 0x8c, 0x3a, 0xd1, 0x5b, 0xf2, 0x63, 0xd2, 0x5b, 0xb2, 0x5b,
    0xd2, 0x5b, 0xd2, 0x5b, 0x90, 0x5b, 0xd1, 0x63, 0xd1, 0x63, 0xb0, 0x63,
    0xb0, 0x63, 0x4a, 0x42, 0xd6, 0xbd, 0x2a, 0x3a, 0x8c, 0x42, 0xd1, 0x63,
    0xf1, 0x6b, 0x32, 0x74, 0x53, 0x74, 0x53, 0x74, 0xf2, 0x63, 0x12, 0x6c,
    0x11, 0x7c, 0x70, 0x5b, 0xcd, 0x4a, 0x6c, 0x3a, 0x10, 0x84, 0x37, 0xd6,
    0xb9, 0xee, 0xd6, 0xcd, 0xb7, 0xc5, 0xf8, 0xc5, 0xf8, 0xc5, 0xd7, 0xc5,
    0x50, 0xa4, 0xad, 0xa3, 0x0e, 0xac, 0x58, 0xe6, 0x17, 0xe6, 0xf9, 0xf6,
    0xd5, 0xd5, 0x57, 0xe6, 0x57, 0xde, 0x57, 0xe6, 0x57, 0xde, 0x77, 0xe6,
    0x57, 0xde, 0x57, 0xe6, 0x77, 0xde, 0x57, 0xde, 0x77, 0xe6, 0x57, 0xde,
    0x57, 0xde, 0xf5, 0xd5, 0x37, 0xde, 0x57, 0xde, 0x77, 0xe6, 0x58, 0xde,
    0x57, 0xe6, 0x57, 0xe6, 0x57, 0xde, 0x57, 0xde, 0x57, 0xde, 0xd1, 0xb4,
    0xb0, 0xbc, 0x6f, 0xb4, 0xd5, 0xd5, 0xf5, 0xd5, 0x36, 0xde, 0x57, 0xde,
    0x57, 0xe6, 0x57, 0xe6, 0x57, 0xde, 0x57, 0xe6, 0x57, 0xe6, 0x77, 0xde,
    0x58, 0xe6, 0x57, 0xe6, 0x77, 0xe6, 0x58, 0xde, 0x57, 0xde, 0x57, 0xe6,
    0x73, 0xcd, 0x78, 0xe6, 0xb9, 0xee, 0xb9, 0xee, 0x16, 0xde, 0x4c, 0x8b,
    0xcf, 0x7b, 0xfb, 0xe6, 0xdb, 0xe6, 0x55, 0xa5, 0xb0, 0x5b, 0xd2, 0x5b,
    0x12, 0x6c, 0xb0, 0x63, 0xf2, 0x63, 0x12, 0x64, 0x33, 0x74, 0x33, 0x6c,
    0x12, 0x6c, 0x8f, 0x63, 0x30, 0x8c, 0x0d, 0x63, 0xda, 0xe6, 0xfb, 0xee,
    0xfb, 0xee, 0xfb, 0xee, 0x1b, 0xef, 0x1c, 0xef, 0xfb, 0xee, 0x1b, 0xef,
    0xb2, 0xac, 0xad, 0xab, 0xcd, 0xab, 0x4b, 0x9b, 0x53, 0xd5, 0x12, 0xbd,
    0x32, 0xc5, 0x94, 0xcd, 0x57, 0xde, 0x36, 0xde, 0x37, 0xde, 0x57, 0xde,
    0x57, 0xe6, 0x37, 0xde, 0x57, 0xe6, 0x37, 0xde, 0x57, 0xde, 0x57, 0xde,
    0x57, 0xe6, 0x57, 0xde, 0x57, 0xde, 0x58, 0xe6, 0x77, 0xde, 0x36, 0xde,
    0xf5, 0xd5, 0x37, 0xde, 0x57, 0xde, 0x37, 0xde, 0x37, 0xde, 0x32, 0xbd,
    0x37, 0xde, 0x57, 0xde, 0x78, 0xde, 0x77, 0xe6, 0xb1, 0xac, 0x12, 0xbd,
    0xd1, 0xac, 0xd1, 0xac, 0xb1, 0xac, 0x8d, 0x7b, 0x29, 0x32, 0x6a, 0x42,
    0xee, 0x8b, 0xb1, 0xa4, 0x4e, 0x53, 0xac, 0x32, 0x6b, 0x2a, 0x4e, 0x4b,
    0xf2, 0xac, 0xf1, 0xb4, 0xd1, 0xac, 0xf2, 0xb4, 0xf1, 0xb4, 0xd1, 0xac,
    0x53, 0xbd, 0x53, 0xbd, 0x90, 0xa4, 0xb1, 0xac, 0xb1, 0xac, 0xad, 0x83,
    0x94, 0xc5, 0xb4, 0xcd, 0xd5, 0xd5, 0x37, 0xde, 0x57, 0xde, 0x36, 0xde,
    0x73, 0xc5, 0x73, 0xc5, 0x53, 0xc5, 0x33, 0xbd, 0x12, 0xb5, 0x12, 0xbd,
    0xf2, 0xb4, 0xd1, 0xac, 0xd2, 0xac, 0xd1, 0xac, 0xf1, 0xb4, 0xf1, 0xb4,
    0xf1, 0xb4, 0x12, 0xb5, 0x73, 0xc5, 0x12, 0xbd, 0x12, 0xb5, 0xb1, 0xac,
    0xd5, 0xd5, 0xd5, 0xd5, 0x16, 0xd6, 0x33, 0xc5, 0xd5, 0xd5, 0x77, 0xe6,
    0x53, 0xc5, 0x12, 0xbd, 0x36, 0xe6, 0x37, 0xde, 0x57, 0xde, 0x57, 0xe6,
    0x37, 0xe6, 0x57, 0xde, 0x56, 0xde, 0x57, 0xe6, 0x57, 0xde, 0x57, 0xe6,
    0x57, 0xe6, 0x56, 0xe6, 0x53, 0xcd, 0x6f, 0xac, 0xed, 0x9b, 0x2e, 0xac,
    0xf1, 0xc4, 0xf1, 0xbc, 0xd1, 0xbc, 0x4e, 0xac, 0x53, 0xc5, 0xf2, 0xbc,
    0xd1, 0xb4, 0x32, 0xbd, 0x73, 0xc5, 0x2e, 0xa4, 0x4f, 0xac, 0x12, 0xbd,
    0xb7, 0xbd, 0xd8, 0xc5, 0xf8, 0xc5, 0x18, 0xc6, 0xb6, 0xbd, 0xa8, 0x29,
    0x4c, 0x3a, 0x6f, 0x5b, 0xf2, 0x63, 0x12, 0x64, 0xf2, 0x63, 0xd1, 0x5b,
    0xf1, 0x63, 0xf2, 0x63, 0xf1, 0x6b, 0xf1, 0x63, 0xd1, 0x63, 0xb0, 0x63,
    0xc9, 0x29, 0x4a, 0x3a, 0x4b, 0x3a, 0x6b, 0x42, 0xcc, 0x4a, 0xf1, 0x6b,
    0x53, 0x74, 0xd4, 0x84, 0x11, 0x74, 0x12, 0x6c, 0x53, 0x74, 0xf1, 0x6b,
    0xd1, 0x6b, 0x8f, 0x63, 0x90, 0x63, 0x2b, 0x3a, 0xab, 0x52, 0x95, 0xc5,
    0xda, 0xee, 0xfb, 0xee, 0xba, 0xe6, 0x38, 0xce, 0xf8, 0xc5, 0xf8, 0xc5,
    0xd7, 0xc5, 0x2f, 0xa4, 0xed, 0xa3, 0x4f, 0xb4, 0x98, 0xee, 0x12, 0xc5,
    0x57, 0xe6, 0x56, 0xde, 0x57, 0xe6, 0x56, 0xe6, 0x57, 0xde, 0x57, 0xe6,
    0x57, 0xe6, 0x77, 0xde, 0x57, 0xe6, 0x57, 0xe6, 0x77, 0xe6, 0x77, 0xe6,
    0x57, 0xde, 0x16, 0xde, 0x57, 0xe6, 0x77, 0xe6, 0x78, 0xe6, 0x77, 0xe6,
    0x57, 0xde, 0x57, 0xe6, 0x57, 0xe6, 0x57, 0xe6, 0xd5, 0xd5, 0xf1, 0xc4,
    0xd0, 0xbc, 0xd5, 0xdd, 0x57, 0xe6, 0x57, 0xe6, 0x57, 0xde, 0x57, 0xde,
    0x57, 0xe6, 0x57, 0xde, 0x57, 0xe6, 0x57, 0xde, 0x77, 0xe6, 0x58, 0xde,
    0x57, 0xe6, 0x77, 0xe6, 0x57, 0xde, 0x37, 0xde, 0x37, 0xde, 0x57, 0xde,
    0xd1, 0xbc, 0x98, 0xe6, 0xb9, 0xee, 0x58, 0xee, 0x48, 0x6a, 0x6a, 0x52,
    0x93, 0x84, 0x9a, 0xde, 0x76, 0xb5, 0xcc, 0x52, 0xcd, 0x4a, 0x12, 0x6c,
    0x32, 0x6c, 0xf2, 0x6b, 0x12, 0x6c, 0xd5, 0x84, 0xb4, 0x8c, 0x53, 0x74,
    0x12, 0x74, 0xcf, 0x7b, 0x6b, 0x42, 0x2d, 0x63, 0x1b, 0xef, 0xfb, 0xee,
    0xfb, 0xee, 0xfb, 0xee, 0xfb, 0xee, 0x1b, 0xef, 0x1b, 0xef, 0x1c, 0xef,
    0x6c, 0x8b, 0xad, 0xab, 0xcd, 0xab, 0x53, 0xd5, 0x53, 0xcd, 0x12, 0xbd,
    0xf1, 0xb4, 0xf2, 0xb4, 0x16, 0xde, 0x36, 0xde, 0x57, 0xde, 0x57, 0xde,
    0x16, 0xde, 0x37, 0xde, 0x57, 0xde, 0x57, 0xe6, 0x57, 0xe6, 0x57, 0xde,
    0x57, 0xe6, 0x57, 0xde, 0x58, 0xde, 0x78, 0xe6, 0x57, 0xe6, 0x37, 0xde,
    0x16, 0xd6, 0x16, 0xde, 0x16, 0xde, 0x37, 0xde, 0x37, 0xde, 0xd1, 0xb4,
    0x16, 0xd6, 0x57, 0xde, 0x57, 0xde, 0xd1, 0xac, 0xb1, 0xb4, 0xf1, 0xb4,
    0xb1, 0xac, 0xb1, 0xac, 0xb1, 0xac, 0x6d, 0x73, 0x09, 0x22, 0x09, 0x32,
    0xad, 0x7b, 0x90, 0xa4, 0x8e, 0x6b, 0x5a, 0xc6, 0xb6, 0xad, 0xf4, 0x94,
    0xf2, 0xb4, 0xf2, 0xb4, 0xd1, 0xac, 0xd1, 0xac, 0x12, 0xb5, 0x57, 0xde,
    0x57, 0xde, 0x94, 0xc5, 0xd1, 0xac, 0x91, 0xa4, 0x0e, 0x94, 0xea, 0x72,
    0xd1, 0xb4, 0xb4, 0xcd, 0xd5, 0xd5, 0xb4, 0xcd, 0x36, 0xde, 0x12, 0xbd,
    0x53, 0xc5, 0x53, 0xc5, 0x73, 0xc5, 0x53, 0xbd, 0x12, 0xbd, 0x12, 0xbd,
    0xf2, 0xb4, 0xd1, 0xac, 0x70, 0xa4, 0xd1, 0xac, 0xf2, 0xb4, 0xd2, 0xb4,
    0xf2, 0xac, 0x12, 0xb5, 0x94, 0xcd, 0x53, 0xc5, 0xd1, 0xac, 0x4f, 0x9c,
    0xd5, 0xd5, 0xf5, 0xcd, 0xf6, 0xd5, 0x33, 0xc5, 0xd5, 0xd5, 0x57, 0xe6,
    0x53, 0xc5, 0xf2, 0xbc, 0xf1, 0xbc, 0x37, 0xde, 0x56, 0xde, 0x56, 0xe6,
    0x57, 0xde, 0x57, 0xe6, 0x57, 0xe6, 0x57, 0xde, 0x57, 0xde, 0x57, 0xde,
    0x57, 0xde, 0x57, 0xde, 0x57, 0xde, 0x37, 0xde, 0x37, 0xde, 0x37, 0xde,
    0x57, 0xe6, 0x11, 0xc5, 0xcc, 0x9b, 0x6e, 0xac, 0x11, 0xbd, 0xf1, 0xbc,
    0xb0, 0xb4, 0xf1, 0xbc, 0xd1, 0xb4, 0x2e, 0xa4, 0x94, 0xcd, 0x12, 0xbd,
    0xb7, 0xc5, 0xf8, 0xc5, 0x38, 0xce, 0xfb, 0xe6, 0x79, 0xde, 0x88, 0x29,
    0x8c, 0x3a, 0x12, 0x6c, 0x12, 0x6c, 0x12, 0x6c, 0x73, 0x7c, 0x93, 0x84,
    0x12, 0x74, 0x90, 0x5b, 0xd1, 0x63, 0xd1, 0x6b, 0xf1, 0x6b, 0xd0, 0x63,
    0x2a, 0x3a, 0x6b, 0x3a, 0x6b, 0x3a, 0x4b, 0x3a, 0x8c, 0x4a, 0xd0, 0x6b,
    0xb4, 0x84, 0xd4, 0x8c, 0x73, 0x7c, 0x73, 0x7c, 0xf5, 0x8c, 0xf4, 0x8c,
    0xf1, 0x6b, 0xf1, 0x6b, 0xb1, 0x6b, 0xad, 0x42, 0x49, 0x4a, 0x74, 0xc5,
    0x95, 0xc5, 0xfb, 0xee, 0xfb, 0xee, 0xfb, 0xee, 0x79, 0xde, 0xf7, 0xc5,
    0xf8, 0xcd, 0x79, 0xe6, 0x91, 0xb4, 0x0e, 0xac, 0x57, 0xe6, 0x73, 0xcd,
    0x57, 0xe6, 0x57, 0xe6, 0x56, 0xde, 0x57, 0xde, 0x57, 0xe6, 0x57, 0xe6,
    0x57, 0xde, 0x57, 0xe6, 0x57, 0xe6, 0x57, 0xde, 0x77, 0xe6, 0x57, 0xe6,
    0x73, 0xcd, 0x36, 0xde, 0x57, 0xe6, 0x57, 0xe6, 0x77, 0xe6, 0x57, 0xde,
    0x16, 0xde, 0x57, 0xde, 0x57, 0xe6, 0x36, 0xde, 0x12, 0xc5, 0xd1, 0xbc,
    0xee, 0xa3, 0x53, 0xc5, 0xf6, 0xd5, 0x36, 0xde, 0x57, 0xe6, 0x57, 0xe6,
    0x57, 0xe6, 0x57, 0xde, 0x57, 0xe6, 0x57, 0xe6, 0x57, 0xde, 0x57, 0xe6,
    0x78, 0xde, 0x57, 0xe6, 0x57, 0xe6, 0x57, 0xde, 0x57, 0xe6, 0x94, 0xd5,
    0xb9, 0xee, 0xda, 0xf6, 0x99, 0xee, 0xac, 0x9b, 0x0b, 0x7b, 0x2e, 0x53,
    0xb0, 0x63, 0x6f, 0x5b, 0xab, 0x4a, 0x2a, 0x3a, 0x0e, 0x53, 0x12, 0x74,
    0x32, 0x74, 0x32, 0x74, 0x53, 0x74, 0xf5, 0x8c, 0x56, 0x9d, 0x73, 0x7c,
    0xaf, 0x73, 0xe9, 0x31, 0x0d, 0x53, 0x95, 0xb5, 0x1b, 0xef, 0x1b, 0xef,
    0x1b, 0xef, 0x1b, 0xef, 0x1b, 0xef, 0x1b, 0xef, 0xfb, 0xee, 0x99, 0xe6,
    0x70, 0xbc, 0xed, 0xab, 0x70, 0xbc, 0x73, 0xd5, 0x53, 0xcd, 0x12, 0xbd,
    0xd1, 0xb4, 0xf1, 0xb4, 0x37, 0xde, 0x37, 0xde, 0x57, 0xde, 0x57, 0xde,
    0x16, 0xde, 0x37, 0xde, 0x57, 0xde, 0x57, 0xde, 0x57, 0xde, 0x57, 0xde,
    0x57, 0xde, 0x57, 0xe6, 0x57, 0xe6, 0x57, 0xde, 0x37, 0xde, 0x16, 0xde,
    0xd5, 0xcd, 0xb4, 0xcd, 0x36, 0xde, 0x57, 0xde, 0x57, 0xde, 0xb0, 0xac,
    0xf5, 0xd5, 0x57, 0xde, 0x57, 0xde, 0x0e, 0x9c, 0xd1, 0xac, 0xf2, 0xb4,
    0xb1, 0xac, 0x90, 0xac, 0x90, 0xa4, 0xae, 0x73, 0x6b, 0x2a, 0x29, 0x32,
    0x8d, 0x7b, 0xb1, 0xac, 0x6e, 0x63, 0xcc, 0x3a, 0xac, 0x32, 0x4f, 0x43,
    0xf2, 0xb4, 0xf2, 0xb4, 0x33, 0xbd, 0xf6, 0xd5, 0x57, 0xde, 0x57, 0xde,
    0xd5, 0xcd, 0xf2, 0xb4, 0xb1, 0xac, 0xb1, 0xac, 0xad, 0x8b, 0xa9, 0x62,
    0x2f, 0x9c, 0xb4, 0xcd, 0xd5, 0xd5, 0x94, 0xc5, 0x16, 0xd6, 0x4f, 0xa4,
    0x53, 0xc5, 0x53, 0xc5, 0x53, 0xc5, 0x33, 0xbd, 0x12, 0xb5, 0x12, 0xb5,
    0xd1, 0xb4, 0xb1, 0xb4, 0x2f, 0x9c, 0xb1, 0xac, 0xd2, 0xb4, 0xf2, 0xb4,
    0xf2, 0xb4, 0xf2, 0xb4, 0x74, 0xc5, 0x74, 0xcd, 0x12, 0xbd, 0xf2, 0xb4,
    0xd5, 0xcd, 0xf5, 0xd5, 0xf6, 0xd5, 0x53, 0xc5, 0xf5, 0xd5, 0x57, 0xde,
    0x57, 0xde, 0xd1, 0xb4, 0x12, 0xbd, 0x16, 0xde, 0x57, 0xde, 0x57, 0xe6,
    0x57, 0xe6, 0x57, 0xde, 0x37, 0xe6, 0x36, 0xe6, 0x37, 0xde, 0x57, 0xe6,
    0x57, 0xde, 0x57, 0xe6, 0x57, 0xe6, 0x57, 0xe6, 0x57, 0xde, 0x57, 0xde,
    0x57, 0xde, 0x57, 0xde, 0x57, 0xde, 0x73, 0xcd, 0x0e, 0xa4, 0x6f, 0xac,
    0x4e, 0xac, 0x4f, 0xac, 0xd1, 0xb4, 0x6f, 0xac, 0x94, 0xcd, 0xd1, 0xb4,
    0xb6, 0xbd, 0x38, 0xce, 0x3c, 0xef, 0x1b, 0xef, 0x58, 0xd6, 0x88, 0x29,
    0x8c, 0x42, 0x32, 0x6c, 0x12, 0x6c, 0x73, 0x7c, 0xf5, 0x8c, 0xf5, 0x8c,
    0xd4, 0x8c, 0x52, 0x7c, 0x12, 0x6c, 0xf1, 0x6b, 0xd1, 0x63, 0xed, 0x4a,
    0xee, 0x42, 0xee, 0x42, 0x8c, 0x42, 0xac, 0x42, 0x6b, 0x3a, 0x0d, 0x53,
    0xd4, 0x84, 0xd4, 0x84, 0xd4, 0x8c, 0xf4, 0x94, 0x15, 0x95, 0x15, 0x95,
    0xf5, 0x94, 0x12, 0x6c, 0xd1, 0x6b, 0xad, 0x42, 0xab, 0x5a, 0x78, 0xde,
    0x1b, 0xef, 0x1b, 0xef, 0x1b, 0xef, 0x1b, 0xef, 0x1b, 0xef, 0x79, 0xde,
    0xf8, 0xc5, 0x59, 0xd6, 0xda, 0xee, 0x33, 0xc5, 0x4f, 0xac, 0x36, 0xe6,
    0x37, 0xde, 0x57, 0xe6, 0x57, 0xe6, 0x57, 0xe6, 0x57, 0xe6, 0x56, 0xe6,
    0x77, 0xe6, 0x57, 0xe6, 0x57, 0xe6, 0x57, 0xde, 0x57, 0xde, 0x36, 0xde,
    0x56, 0xe6, 0x57, 0xde, 0x57, 0xde, 0x57, 0xde, 0x57, 0xe6, 0x57, 0xde,
    0x57, 0xe6, 0x57, 0xde, 0x36, 0xde, 0xf1, 0xc4, 0x90, 0xbc, 0x53, 0xd5,
    0x52, 0xcd, 0xf5, 0xdd, 0x57, 0xde, 0x37, 0xde, 0x57, 0xde, 0x57, 0xe6,
    0x57, 0xde, 0x57, 0xe6, 0x57, 0xde, 0x57, 0xe6, 0x57, 0xde, 0x57, 0xe6,
    0x77, 0xe6, 0x77, 0xe6, 0x16, 0xd6, 0x36, 0xde, 0x36, 0xde, 0x32, 0xcd,
    0x98, 0xee, 0xd9, 0xee, 0x74, 0xd5, 0x68, 0x62, 0xcc, 0x4a, 0xb1, 0x63,
    0x6f, 0x5b, 0x8c, 0x42, 0x29, 0x3a, 0x2a, 0x3a, 0x0d, 0x5b, 0x31, 0x7c,
    0x32, 0x7c, 0x73, 0x7c, 0xb4, 0x84, 0xb4, 0x84, 0x35, 0x95, 0x93, 0x8c,
    0xf0, 0x73, 0x4b, 0x32, 0x6e, 0x63, 0x1c, 0xef, 0xfb, 0xee, 0x1b, 0xef,
    0xfb, 0xee, 0xfc, 0xee, 0x1b, 0xef, 0xfb, 0xee, 0x1c, 0xef, 0x4f, 0xa4,
    0xee, 0xb3, 0x8c, 0xa3, 0x73, 0xd5, 0x74, 0xd5, 0xf2, 0xc4, 0xf2, 0xbc,
    0x12, 0xbd, 0xb5, 0xcd, 0x57, 0xe6, 0x57, 0xde, 0x57, 0xde, 0x16, 0xde,
    0x37, 0xde, 0x57, 0xe6, 0x57, 0xde, 0x57, 0xe6, 0x57, 0xde, 0x57, 0xe6,
    0x57, 0xde, 0x58, 0xde, 0x57, 0xe6, 0x57, 0xde, 0x16, 0xd6, 0x94, 0xc5,
    0xb4, 0xcd, 0x37, 0xde, 0x36, 0xde, 0x37, 0xde, 0x36, 0xde, 0x12, 0xbd,
    0x16, 0xd6, 0x57, 0xde, 0xf6, 0xd5, 0xf2, 0xb4, 0xf2, 0xb4, 0xb0, 0xac,
    0xb1, 0xac, 0x90, 0xac, 0x0f, 0x94, 0xec, 0x52, 0x6b, 0x32, 0xec, 0x4a,
    0x2f, 0x94, 0xf2, 0xac, 0x6e, 0x5b, 0xcd, 0x3a, 0xcd, 0x3a, 0xed, 0x3a,
    0x53, 0xbd, 0x53, 0xbd, 0x57, 0xde, 0x57, 0xde, 0x58, 0xe6, 0x57, 0xe6,
    0x74, 0xc5, 0x70, 0xa4, 0x90, 0xac, 0x70, 0xa4, 0xee, 0x8b, 0x0a, 0x73,
    0x4f, 0x9c, 0x74, 0xc5, 0xd5, 0xcd, 0xd4, 0xd5, 0xf5, 0xd5, 0xb1, 0xac,
    0x33, 0xbd, 0x53, 0xbd, 0x32, 0xbd, 0xf2, 0xb4, 0xb1, 0xac, 0xd1, 0xb4,
    0xf2, 0xb4, 0xd1, 0xb4, 0x70, 0xa4, 0xd1, 0xac, 0xd1, 0xb4, 0xf1, 0xac,
    0xf1, 0xb4, 0xd1, 0xac, 0x74, 0xc5, 0x73, 0xc5, 0x33, 0xbd, 0xf2, 0xb4,
    0x33, 0xbd, 0xf5, 0xd5, 0xf6, 0xd5, 0xb4, 0xcd, 0x16, 0xd6, 0x57, 0xde,
    0x57, 0xe6, 0x57, 0xe6, 0x33, 0xbd, 0x32, 0xc5, 0x57, 0xe6, 0x57, 0xe6,
    0x57, 0xde, 0x57, 0xde, 0x57, 0xde, 0x56, 0xde, 0x37, 0xde, 0x57, 0xe6,
    0x57, 0xe6, 0x57, 0xde, 0x57, 0xe6, 0x57, 0xde, 0x56, 0xe6, 0x57, 0xde,
    0x57, 0xe6, 0x57, 0xe6, 0x57, 0xe6, 0x37, 0xe6, 0x53, 0xcd, 0x4e, 0xac,
    0x2e, 0xa4, 0x6f, 0xac, 0xd1, 0xbc, 0xf1, 0xbc, 0x32, 0xc5, 0x70, 0xa4,
    0xd7, 0xc5, 0x1b, 0xef, 0x1b, 0xef, 0x1b, 0xef, 0x59, 0xd6, 0x87, 0x29,
    0x6b, 0x3a, 0x12, 0x6c, 0x73, 0x7c, 0xf5, 0x8c, 0x15, 0x95, 0x15, 0x95,
    0x15, 0x8d, 0xf5, 0x94, 0xd4, 0x8c, 0x52, 0x74, 0xf1, 0x6b, 0x2a, 0x32,
    0x0f, 0x43, 0x2f, 0x4b, 0x90, 0x53, 0xf1, 0x63, 0xad, 0x42, 0xed, 0x52,
    0xb4, 0x84, 0xb4, 0x84, 0xb4, 0x84, 0xd4, 0x8c, 0x15, 0x95, 0x15, 0x95,
    0x15, 0x95, 0x15, 0x95, 0xb0, 0x6b, 0x8d, 0x3a, 0xae, 0x7b, 0xf6, 0xd5,
    0x1b, 0xef, 0x1b, 0xef, 0x1b, 0xef, 0x1b, 0xef, 0xfb, 0xee, 0xfb, 0xee,
    0x79, 0xd6, 0xf7, 0xcd, 0xb9, 0xe6, 0xfa, 0xee, 0x33, 0xc5, 0x36, 0xe6,
    0x56, 0xe6, 0x57, 0xde, 0x57, 0xe6, 0x56, 0xde, 0x57, 0xe6, 0x57, 0xe6,
    0x57, 0xde, 0x77, 0xe6, 0x77, 0xe6, 0x57, 0xe6, 0x36, 0xde, 0xd4, 0xd5,
    0x37, 0xde, 0x57, 0xe6, 0x57, 0xe6, 0x57, 0xe6, 0x57, 0xe6, 0x57, 0xe6,
    0x57, 0xde, 0x37, 0xde, 0x32, 0xcd, 0xb1, 0xc4, 0xb4, 0xdd, 0x12, 0xcd,
    0xd5, 0xd5, 0x16, 0xde, 0x36, 0xde, 0x57, 0xe6, 0x57, 0xe6, 0x57, 0xde,
    0x57, 0xe6, 0x57, 0xe6, 0x57, 0xde, 0x57, 0xe6, 0x57, 0xe6, 0x58, 0xde,
    0x77, 0xe6, 0x57, 0xde, 0x57, 0xde, 0x57, 0xe6, 0x73, 0xcd, 0x58, 0xe6,
    0xda, 0xee, 0x78, 0xee, 0x74, 0xcd, 0x0d, 0x5b, 0x90, 0x5b, 0xb1, 0x63,
    0x2e, 0x53, 0x2a, 0x3a, 0x4b, 0x3a, 0x2a, 0x3a, 0x4e, 0x5b, 0x73, 0x7c,
    0x73, 0x84, 0x73, 0x7c, 0xb4, 0x7c, 0x93, 0x84, 0x72, 0x84, 0x14, 0x9d,
    0xd1, 0x63, 0xcd, 0x4a, 0x4e, 0x6b, 0xfb, 0xee, 0x1b, 0xef, 0xfc, 0xee,
    0x1b, 0xef, 0x1b, 0xef, 0x1c, 0xef, 0x1b, 0xef, 0xba, 0xe6, 0xb1, 0xbc,
    0xf1, 0xcc, 0x74, 0xd5, 0x53, 0xd5, 0x53, 0xcd, 0x8c, 0x93, 0xf1, 0xb4,
    0x53, 0xc5, 0x57, 0xe6, 0x57, 0xde, 0x37, 0xde, 0x57, 0xde, 0x16, 0xde,
    0x37, 0xde, 0x57, 0xde, 0x57, 0xe6, 0x57, 0xde, 0x57, 0xde, 0x57, 0xe6,
    0x57, 0xe6, 0x57, 0xde, 0x57, 0xde, 0x37, 0xde, 0xb4, 0xcd, 0xb4, 0xcd,
    0x37, 0xde, 0x36, 0xde, 0x37, 0xde, 0x36, 0xde, 0xd5, 0xd5, 0xd5, 0xd5,
    0x37, 0xde, 0x57, 0xde, 0x70, 0xa4, 0xf2, 0xb4, 0x12, 0xb5, 0x91, 0xac,
    0x91, 0xa4, 0x90, 0xa4, 0x8d, 0x7b, 0x09, 0x32, 0xcc, 0x42, 0x4d, 0x5b,
    0x50, 0x94, 0xf2, 0xac, 0x6f, 0x53, 0xed, 0x3a, 0xcd, 0x32, 0xe9, 0x29,
    0x57, 0xe6, 0x57, 0xde, 0x77, 0xde, 0x77, 0xde, 0x58, 0xe6, 0x57, 0xde,
    0xb5, 0xcd, 0xd1, 0xac, 0xb1, 0xac, 0xee, 0x8b, 0xae, 0x83, 0xad, 0x83,
    0xd1, 0xac, 0xf2, 0xb4, 0x94, 0xcd, 0xb4, 0xcd, 0x73, 0xcd, 0x12, 0xbd,
    0x33, 0xc5, 0x53, 0xc5, 0x33, 0xc5, 0xb1, 0xac, 0x2f, 0x9c, 0xb1, 0xac,
    0xf2, 0xb4, 0xd1, 0xb4, 0xf2, 0xb4, 0xb1, 0xac, 0xd1, 0xac, 0xd1, 0xac,
    0xd1, 0xb4, 0xb1, 0xac, 0x73, 0xc5, 0x53, 0xc5, 0xf2, 0xb4, 0x70, 0xa4,
    0x70, 0xa4, 0xd5, 0xd5, 0xf5, 0xd5, 0x16, 0xde, 0x36, 0xde, 0x57, 0xde,
    0x57, 0xe6, 0x57, 0xe6, 0xb4, 0xcd, 0xd1, 0xb4, 0xf5, 0xdd, 0x57, 0xde,
    0x57, 0xe6, 0x57, 0xe6, 0x57, 0xe6, 0x57, 0xde, 0x57, 0xde, 0x57, 0xde,
    0x57, 0xe6, 0x57, 0xde, 0x57, 0xde, 0x57, 0xe6, 0x57, 0xde, 0x57, 0xde,
    0x57, 0xde, 0x57, 0xde, 0x57, 0xde, 0xf5, 0xd5, 0x11, 0xbd, 0x53, 0xc5,
    0xed, 0xa3, 0x2f, 0xac, 0xd1, 0xbc, 0x12, 0xbd, 0x90, 0xac, 0x50, 0xa4,
    0x99, 0xde, 0xfb, 0xee, 0xfb, 0xee, 0xfb, 0xee, 0x79, 0xd6, 0x88, 0x29,
    0x6c, 0x42, 0x32, 0x6c, 0xd4, 0x8c, 0x15, 0x95, 0x15, 0x95, 0x15, 0x95,
    0xd4, 0x8c, 0xd4, 0x84, 0xd4, 0x8c, 0xd4, 0x84, 0xd4, 0x84, 0x4b, 0x32,
    0x2f, 0x43, 0xb1, 0x53, 0xb4, 0x6c, 0x74, 0x6c, 0x4f, 0x53, 0x0d, 0x53,
    0xb4, 0x84, 0xb4, 0x84, 0xb4, 0x84, 0xd4, 0x8c, 0x15, 0x95, 0x35, 0x95,
    0x15, 0x95, 0xf5, 0x94, 0xd0, 0x6b, 0xad, 0x42, 0xf3, 0xac, 0xba, 0xe6,
    0x1b, 0xef, 0x1b, 0xef, 0x1b, 0xef, 0x1b, 0xef, 0xfb, 0xee, 0xfb, 0xee,
    0x1b, 0xef, 0x59, 0xde, 0xb9, 0xe6, 0xb9, 0xee, 0x36, 0xe6, 0x15, 0xde,
    0x57, 0xe6, 0x57, 0xe6, 0x56, 0xde, 0x57, 0xe6, 0x57, 0xe6, 0x57, 0xde,
    0x77, 0xe6, 0x77, 0xe6, 0x77, 0xde, 0x77, 0xe6, 0x73, 0xc5, 0x16, 0xde,
    0x57, 0xe6, 0x57, 0xe6, 0x77, 0xe6, 0x77, 0xde, 0x57, 0xde, 0x57, 0xe6,
    0x57, 0xde, 0xd5, 0xd5, 0x12, 0xcd, 0x37, 0xe6, 0xf6, 0xdd, 0x90, 0xb4,
    0x73, 0xcd, 0x36, 0xde, 0x57, 0xde, 0x57, 0xe6, 0x57, 0xde, 0x57, 0xe6,
    0x56, 0xe6, 0x57, 0xde, 0x57, 0xe6, 0x77, 0xe6, 0x57, 0xde, 0x77, 0xe6,
    0x57, 0xde, 0xf5, 0xd5, 0x16, 0xde, 0x16, 0xde, 0x94, 0xcd, 0x98, 0xe6,
    0xb9, 0xf6, 0x37, 0xe6, 0x29, 0x4a, 0xf1, 0x63, 0xd1, 0x63, 0xb0, 0x5b,
    0xcd, 0x42, 0x2e, 0x4b, 0x6f, 0x53, 0x4b, 0x3a, 0x4e, 0x5b, 0x93, 0x7c,
    0xb4, 0x84, 0x32, 0x7c, 0x93, 0x84, 0xb3, 0x8c, 0xb3, 0x8c, 0x94, 0x84,
    0xcc, 0x42, 0xed, 0x4a, 0xb6, 0xbd, 0xfb, 0xee, 0x1b, 0xef, 0x1b, 0xef,
    0x1c, 0xef, 0x1b, 0xef, 0x1b, 0xef, 0x1b, 0xef, 0x13, 0xc5, 0x70, 0xb4,
    0xb5, 0xd5, 0x74, 0xcd, 0x74, 0xd5, 0x4f, 0xac, 0x68, 0x6a, 0xb1, 0xb4,
    0xd1, 0xac, 0x37, 0xde, 0x36, 0xde, 0x37, 0xde, 0x16, 0xde, 0x36, 0xde,
    0x57, 0xde, 0x57, 0xde, 0x57, 0xe6, 0x57, 0xde, 0x57, 0xde, 0x57, 0xde,
    0x57, 0xde, 0x57, 0xde, 0x37, 0xde, 0xb4, 0xcd, 0x53, 0xc5, 0x37, 0xde,
    0x36, 0xde, 0x37, 0xde, 0x37, 0xd6, 0x16, 0xd6, 0xb4, 0xcd, 0x36, 0xde,
    0x57, 0xde, 0x16, 0xde, 0x33, 0xbd, 0xf2, 0xb4, 0xb1, 0xac, 0x90, 0xa4,
    0xb0, 0xac, 0xb1, 0xac, 0x8d, 0x7b, 0x6a, 0x3a, 0x4e, 0x53, 0xec, 0x4a,
    0xef, 0x83, 0x91, 0x9c, 0x4e, 0x53, 0xed, 0x3a, 0x8b, 0x32, 0xa7, 0x29,
    0x57, 0xe6, 0x57, 0xde, 0x58, 0xe6, 0x57, 0xde, 0x57, 0xde, 0x16, 0xd6,
    0x33, 0xbd, 0xd1, 0xac, 0xb1, 0xa4, 0x0f, 0x94, 0xce, 0x8b, 0x2f, 0x94,
    0x90, 0xa4, 0xf2, 0xb4, 0x33, 0xbd, 0xb4, 0xcd, 0x32, 0xbd, 0xb1, 0xac,
    0x32, 0xbd, 0x53, 0xc5, 0x53, 0xc5, 0x90, 0xac, 0xac, 0x8b, 0x90, 0xac,
    0xf2, 0xb4, 0xd1, 0xac, 0xd1, 0xac, 0x0e, 0x94, 0xb1, 0xac, 0xd1, 0xb4,
    0xd2, 0xac, 0xb1, 0xac, 0x74, 0xc5, 0x53, 0xc5, 0xf2, 0xbc, 0x70, 0xa4,
    0xd1, 0xac, 0xf5, 0xd5, 0xd5, 0xcd, 0x36, 0xde, 0x57, 0xe6, 0x37, 0xde,
    0x57, 0xde, 0x57, 0xe6, 0x57, 0xde, 0x12, 0xbd, 0x32, 0xc5, 0x57, 0xde,
    0x57, 0xde, 0x57, 0xe6, 0x57, 0xe6, 0x57, 0xe6, 0x36, 0xde, 0x36, 0xde,
    0x57, 0xe6, 0x57, 0xde, 0x57, 0xe6, 0x57, 0xde, 0x57, 0xde, 0x37, 0xde,
    0x57, 0xe6, 0x57, 0xde, 0x57, 0xde, 0x16, 0xde, 0x73, 0xcd, 0x16, 0xde,
    0x32, 0xc5, 0x0e, 0xa4, 0x90, 0xb4, 0xf1, 0xb4, 0xd1, 0xb4, 0xd1, 0xb4,
    0x99, 0xde, 0xfb, 0xee, 0xfb, 0xee, 0xfb, 0xee, 0x78, 0xde, 0x09, 0x3a,
    0xed, 0x4a, 0x53, 0x74, 0xf5, 0x8c, 0xf5, 0x94, 0x15, 0x95, 0x35, 0x9d,
    0x72, 0x84, 0x93, 0x84, 0xd5, 0x8c, 0x15, 0x8d, 0x36, 0x95, 0xee, 0x42,
    0x90, 0x4b, 0x94, 0x6c, 0x94, 0x6c, 0x94, 0x6c, 0x12, 0x64, 0xb0, 0x5b,
    0xf4, 0x8c, 0xd4, 0x8c, 0xd4, 0x84, 0x15, 0x95, 0x35, 0x9d, 0x35, 0x95,
    0x15, 0x95, 0x15, 0x95, 0x12, 0x7c, 0xed, 0x4a, 0xf7, 0xcd, 0xfb, 0xee,
    0x1b, 0xef, 0x1b, 0xef, 0xfb, 0xee, 0xfb, 0xee, 0x1b, 0xef, 0x1b, 0xef,
    0x1b, 0xef, 0xfb, 0xee, 0xfa, 0xee, 0xd5, 0xdd, 0x37, 0xde, 0x57, 0xde,
    0x36, 0xde, 0x57, 0xe6, 0x56, 0xe6, 0x57, 0xe6, 0x57, 0xe6, 0x57, 0xde,
    0x57, 0xe6, 0x57, 0xe6, 0x77, 0xe6, 0xf5, 0xd5, 0x12, 0xbd, 0xf5, 0xd5,
    0x57, 0xe6, 0x57, 0xe6, 0x57, 0xe6, 0x57, 0xde, 0x57, 0xde, 0x57, 0xe6,
    0x36, 0xde, 0xb4, 0xd5, 0x16, 0xde, 0xd9, 0xf6, 0x94, 0xd5, 0x32, 0xcd,
    0x15, 0xde, 0x36, 0xde, 0x37, 0xe6, 0x36, 0xde, 0x57, 0xde, 0x57, 0xe6,
    0x57, 0xde, 0x57, 0xde, 0x57, 0xe6, 0x57, 0xde, 0x57, 0xde, 0x77, 0xe6,
    0x16, 0xde, 0xf5, 0xd5, 0x57, 0xde, 0x94, 0xd5, 0x58, 0xe6, 0xda, 0xee,
    0x98, 0xee, 0x95, 0xc5, 0xcc, 0x4a, 0xf1, 0x63, 0xf1, 0x6b, 0x32, 0x74,
    0xcd, 0x42, 0xb1, 0x53, 0xf1, 0x5b, 0xed, 0x42, 0xd0, 0x6b, 0xd5, 0x8c,
    0xd4, 0x8c, 0x52, 0x7c, 0xf4, 0x94, 0x35, 0x9d, 0xf5, 0x8c, 0x73, 0x7c,
    0x8c, 0x42, 0xcc, 0x52, 0x1b, 0xef, 0xfb, 0xee, 0xfb, 0xee, 0xfb, 0xee,
    0x1c, 0xef, 0xfb, 0xee, 0x1b, 0xef, 0x99, 0xe6, 0x53, 0xcd, 0xb5, 0xd5,
    0xb9, 0xee, 0x94, 0xd5, 0x33, 0xcd, 0x47, 0x5a, 0x2a, 0x7b, 0xb0, 0xb4,
    0xb0, 0xac, 0x37, 0xde, 0x37, 0xde, 0x57, 0xde, 0x16, 0xde, 0x16, 0xde,
    0x57, 0xde, 0x57, 0xde, 0x57, 0xe6, 0x57, 0xde, 0x57, 0xe6, 0x57, 0xe6,
    0x57, 0xde, 0x37, 0xde, 0xf5, 0xd5, 0x74, 0xcd, 0x37, 0xde, 0x37, 0xde,
    0x36, 0xd6, 0x16, 0xde, 0x37, 0xde, 0xd5, 0xcd, 0xd1, 0xb4, 0xd5, 0xd5,
    0x57, 0xde, 0x53, 0xbd, 0x33, 0xbd, 0xf1, 0xb4, 0x90, 0xa4, 0x90, 0xa4,
    0xd1, 0xac, 0xf2, 0xb4, 0xef, 0x83, 0xf0, 0x73, 0xaf, 0x5b, 0x8b, 0x3a,
    0xce, 0x83, 0x0f, 0x8c, 0x0d, 0x43, 0xac, 0x32, 0xe8, 0x29, 0xc8, 0x29,
    0x77, 0xde, 0x77, 0xe6, 0x77, 0xe6, 0x78, 0xe6, 0x77, 0xde, 0xb4, 0xc5,
    0x90, 0xa4, 0xb1, 0xac, 0x2f, 0x94, 0xce, 0x8b, 0x2f, 0x94, 0xd2, 0xac,
    0x8d, 0x83, 0xd1, 0xac, 0xf1, 0xb4, 0x53, 0xc5, 0x53, 0xc5, 0xd1, 0xac,
    0x12, 0xb5, 0x32, 0xc5, 0x12, 0xb5, 0x0e, 0x94, 0x8c, 0x83, 0x90, 0xa4,
    0xd1, 0xb4, 0xd1, 0xac, 0xd1, 0xb4, 0x2f, 0x9c, 0xd1, 0xac, 0xd1, 0xb4,
    0xd1, 0xb4, 0xf1, 0xb4, 0x74, 0xc5, 0x73, 0xc5, 0x32, 0xbd, 0xb1, 0xac,
    0xd2, 0xac, 0x74, 0xc5, 0xd5, 0xcd, 0x16, 0xd6, 0x36, 0xde, 0x37, 0xde,
    0x57, 0xde, 0x57, 0xde, 0x57, 0xde, 0x57, 0xe6, 0x94, 0xcd, 0xd5, 0xd5,
    0x57, 0xde, 0x57, 0xde, 0x57, 0xde, 0x57, 0xe6, 0x57, 0xe6, 0x37, 0xde,
    0x37, 0xde, 0x57, 0xe6, 0x57, 0xe6, 0x57, 0xe6, 0x57, 0xde, 0x57, 0xe6,
    0x57, 0xe6, 0x57, 0xde, 0x57, 0xe6, 0x57, 0xde, 0x36, 0xde, 0x16, 0xde,
    0xb4, 0xcd, 0x90, 0xb4, 0x4f, 0xa4, 0xb0, 0xb4, 0xd1, 0xbc, 0x70, 0xac,
    0x79, 0xde, 0xfb, 0xee, 0xfb, 0xee, 0xfb, 0xee, 0x99, 0xe6, 0xd0, 0x73,
    0x4f, 0x53, 0x73, 0x7c, 0x15, 0x95, 0xf4, 0x94, 0xf4, 0x94, 0x34, 0x9d,
    0xd3, 0x94, 0xd4, 0x8c, 0x35, 0x95, 0x77, 0xa5, 0xd8, 0xad, 0x90, 0x53,
    0x33, 0x64, 0x94, 0x6c, 0x94, 0x6c, 0x74, 0x64, 0x53, 0x64, 0xb4, 0x7c,
    0x97, 0x9d, 0x76, 0x9d, 0x35, 0x9d, 0x96, 0xa5, 0x76, 0xa5, 0x36, 0x9d,
    0x15, 0x95, 0x36, 0x95, 0x90, 0x63, 0x4e, 0x5b, 0xfa, 0xee, 0xfb, 0xee,
    0x1b, 0xef, 0x1b, 0xef, 0x1b, 0xef, 0xfb, 0xee, 0xfb, 0xee, 0x1b, 0xef,
    0x1b, 0xef, 0xfb, 0xf6, 0xfa, 0xf6, 0x73, 0xcd, 0x36, 0xde, 0x37, 0xe6,
    0x56, 0xe6, 0x56, 0xde, 0x57, 0xe6, 0x57, 0xe6, 0x77, 0xde, 0x56, 0xe6,
    0x77, 0xe6, 0x57, 0xe6, 0x36, 0xde, 0x11, 0xbd, 0xb5, 0xd5, 0x57, 0xe6,
    0x57, 0xde, 0x57, 0xde, 0x57, 0xe6, 0x57, 0xe6, 0x57, 0xde, 0x36, 0xde,
    0xb4, 0xd5, 0x37, 0xe6, 0xda, 0xf6, 0xda, 0xf6, 0x94, 0xd5, 0x32, 0xc5,
    0x16, 0xde, 0x57, 0xde, 0x57, 0xe6, 0x57, 0xde, 0x57, 0xe6, 0x57, 0xe6,
    0x57, 0xe6, 0x57, 0xde, 0x77, 0xe6, 0x57, 0xde, 0x57, 0xde, 0x57, 0xe6,
    0x16, 0xde, 0x36, 0xde, 0xf6, 0xd5, 0xd5, 0xd5, 0x78, 0xe6, 0xda, 0xee,
    0x99, 0xee, 0x4e, 0x6b, 0xd1, 0x63, 0xb0, 0x63, 0x73, 0x7c, 0x73, 0x7c,
    0x90, 0x53, 0x53, 0x64, 0xd1, 0x53, 0x90, 0x5b, 0x15, 0x95, 0x35, 0x95,
    0xf5, 0x8c, 0xd4, 0x8c, 0x35, 0x9d, 0xf5, 0x8c, 0xd4, 0x8c, 0xd1, 0x6b,
    0xf1, 0x73, 0x92, 0x9c, 0xfb, 0xee, 0xfb, 0xee, 0xfb, 0xee, 0x1b, 0xef,
    0xfb, 0xee, 0xfb, 0xee, 0x1b, 0xef, 0xb5, 0xcd, 0xf6, 0xdd, 0xd9, 0xee,
    0x99, 0xee, 0x74, 0xd5, 0xad, 0x93, 0xa9, 0x62, 0x8d, 0x8b, 0xf2, 0xbc,
    0xd5, 0xcd, 0x36, 0xde, 0x16, 0xde, 0x16, 0xde, 0x16, 0xde, 0x57, 0xde,
    0x57, 0xde, 0x57, 0xe6, 0x58, 0xe6, 0x57, 0xde, 0x58, 0xe6, 0x57, 0xde,
    0x57, 0xde, 0x16, 0xd6, 0x94, 0xcd, 0x16, 0xd6, 0x36, 0xde, 0x36, 0xde,
    0x37, 0xde, 0x36, 0xde, 0x16, 0xd6, 0x16, 0xd6, 0x90, 0xa4, 0xb5, 0xcd,
    0x37, 0xde, 0x12, 0xb5, 0x12, 0xb5, 0x70, 0xa4, 0x90, 0xa4, 0x90, 0xa4,
    0xf2, 0xb4, 0x70, 0xa4, 0xae, 0x7b, 0xf0, 0x6b, 0xed, 0x3a, 0x6a, 0x3a,
    0xad, 0x7b, 0x8d, 0x73, 0xcc, 0x3a, 0x29, 0x32, 0x09, 0x32, 0x4a, 0x2a,
    0x78, 0xde, 0x57, 0xde, 0x58, 0xe6, 0x57, 0xde, 0x57, 0xe6, 0xb5, 0xcd,
    0xb1, 0xac, 0xb1, 0xac, 0xee, 0x93, 0x8d, 0x83, 0x71, 0x9c, 0xd2, 0xac,
    0x2b, 0x73, 0xd1, 0xac, 0x12, 0xbd, 0xf2, 0xb4, 0xd4, 0xcd, 0xb1, 0xac,
    0xb1, 0xac, 0x32, 0xc5, 0xd1, 0xb4, 0xee, 0x93, 0xcd, 0x8b, 0x70, 0xa4,
    0xd1, 0xb4, 0xb1, 0xac, 0xd1, 0xac, 0xb1, 0xac, 0xd2, 0xac, 0xf2, 0xac,
    0xf1, 0xb4, 0xf2, 0xb4, 0x74, 0xc5, 0x74, 0xc5, 0x12, 0xbd, 0x50, 0x9c,
    0x0f, 0x94, 0x90, 0xa4, 0xd5, 0xd5, 0x16, 0xd6, 0x94, 0xcd, 0x16, 0xde,
    0x57, 0xe6, 0x57, 0xde, 0x57, 0xe6, 0x57, 0xe6, 0x36, 0xde, 0x94, 0xcd,
    0x57, 0xe6, 0x57, 0xe6, 0x57, 0xde, 0x57, 0xde, 0x57, 0xe6, 0x37, 0xde,
    0x57, 0xde, 0x57, 0xde, 0x57, 0xde, 0x57, 0xe6, 0x57, 0xde, 0x57, 0xde,
    0x57, 0xde, 0x57, 0xe6, 0x57, 0xde, 0x57, 0xde, 0xf5, 0xd5, 0x94, 0xcd,
    0xb5, 0xd5, 0x52, 0xc5, 0x32, 0xbd, 0x90, 0xb4, 0xb0, 0xb4, 0xcd, 0x9b,
    0x57, 0xde, 0xfb, 0xee, 0x1b, 0xef, 0x1b, 0xef, 0x1b, 0xef, 0xf8, 0xbd,
    0x70, 0x5b, 0x73, 0x7c, 0x15, 0x95, 0x35, 0x9d, 0x14, 0x9d, 0x14, 0x9d,
    0x55, 0xa5, 0x76, 0xa5, 0xb7, 0xa5, 0xd8, 0xad, 0xd8, 0xad, 0x73, 0x74,
    0x73, 0x64, 0x94, 0x64, 0x94, 0x6c, 0x53, 0x5c, 0x33, 0x5c, 0x97, 0x9d,
    0xd8, 0xad, 0xd8, 0xad, 0x97, 0xad, 0x97, 0xad, 0xb7, 0xad, 0x56, 0x9d,
    0x15, 0x9d, 0x35, 0x95, 0x2e, 0x5b, 0x0e, 0x53, 0xfb, 0xee, 0x1b, 0xef,
    0x1b, 0xef, 0xfc, 0xee, 0x1b, 0xef, 0x1c, 0xef, 0x1c, 0xef, 0x1b, 0xef,
    0x1b, 0xef, 0xfb, 0xee, 0x57, 0xe6, 0x36, 0xe6, 0x36, 0xe6, 0x57, 0xe6,
    0x57, 0xe6, 0x57, 0xe6, 0x57, 0xde, 0x57, 0xe6, 0x56, 0xe6, 0x57, 0xe6,
    0x57, 0xde, 0x16, 0xde, 0x11, 0xbd, 0x32, 0xc5, 0x16, 0xde, 0x57, 0xde,
    0x57, 0xe6, 0x57, 0xde, 0x56, 0xde, 0x57, 0xe6, 0x36, 0xde, 0x53, 0xcd,
    0x16, 0xde, 0xfa, 0xf6, 0xda, 0xee, 0xb9, 0xee, 0xd5, 0xdd, 0xd5, 0xd5,
    0x37, 0xde, 0x57, 0xe6, 0x57, 0xde, 0x56, 0xe6, 0x57, 0xde, 0x57, 0xde,
    0x57, 0xe6, 0x57, 0xe6, 0x57, 0xde, 0x77, 0xe6, 0x57, 0xde, 0x16, 0xde,
    0x16, 0xde, 0x57, 0xde, 0xd5, 0xd5, 0x57, 0xe6, 0xda, 0xf6, 0xd9, 0xee,
    0x99, 0xe6, 0xcc, 0x52, 0x32, 0x74, 0x32, 0x74, 0x36, 0x9d, 0xb0, 0x5b,
    0x12, 0x5c, 0x74, 0x64, 0xd1, 0x53, 0x12, 0x6c, 0xd8, 0xa5, 0x97, 0xa5,
    0xd4, 0x94, 0x15, 0x9d, 0x15, 0x95, 0xd5, 0x8c, 0xb4, 0x84, 0x2e, 0x5b,
    0x8f, 0x6b, 0xfb, 0xee, 0xfb, 0xee, 0xfb, 0xee, 0x1b, 0xef, 0x1c, 0xef,
    0xfb, 0xee, 0x1b, 0xef, 0x58, 0xde, 0x95, 0xcd, 0x58, 0xe6, 0xda, 0xee,
    0xd5, 0xdd, 0xee, 0x9b, 0x69, 0x5a, 0xea, 0x6a, 0x4f, 0xa4, 0xb1, 0xb4,
    0x37, 0xde, 0x36, 0xde, 0x36, 0xde, 0xf6, 0xd5, 0x16, 0xd6, 0x57, 0xde,
    0x57, 0xde, 0x57, 0xde, 0x57, 0xde, 0x57, 0xde, 0x57, 0xde, 0x57, 0xe6,
    0x37, 0xde, 0xd5, 0xd5, 0xd5, 0xd5, 0x17, 0xde, 0x36, 0xde, 0x37, 0xde,
    0x17, 0xde, 0x16, 0xde, 0xd5, 0xd5, 0xf6, 0xd5, 0x53, 0xbd, 0xf6, 0xd5,
    0xb5, 0xcd, 0x74, 0xc5, 0xb1, 0xac, 0x70, 0xa4, 0x70, 0xa4, 0x90, 0xac,
    0x33, 0xbd, 0xb1, 0xa4, 0xf0, 0x7b, 0xec, 0x42, 0xcc, 0x3a, 0x49, 0x3a,
    0x8d, 0x7b, 0x0b, 0x63, 0x2a, 0x32, 0x09, 0x32, 0x4a, 0x32, 0x4b, 0x2a,
    0x77, 0xe6, 0x78, 0xde, 0x78, 0xde, 0x77, 0xe6, 0xf6, 0xd5, 0xf2, 0xb4,
    0xd1, 0xac, 0x2f, 0x9c, 0xad, 0x83, 0x0f, 0x94, 0xb2, 0xa4, 0x71, 0xa4,
    0x0e, 0x94, 0xd1, 0xac, 0x12, 0xbd, 0x12, 0xbd, 0xf6, 0xd5, 0xb1, 0xac,
    0xb1, 0xac, 0xb0, 0xac, 0x70, 0xa4, 0x2f, 0x9c, 0x2f, 0x9c, 0x90, 0xac,
    0xd1, 0xb4, 0xd1, 0xac, 0xd1, 0xac, 0xd1, 0xac, 0x4f, 0xa4, 0xd1, 0xb4,
    0xd1, 0xac, 0x12, 0xbd, 0x74, 0xc5, 0x73, 0xc5, 0xd1, 0xb4, 0xee, 0x93,
    0x70, 0x9c, 0xd1, 0xac, 0xd5, 0xd5, 0x16, 0xd6, 0x70, 0xa4, 0xb5, 0xcd,
    0x57, 0xde, 0x57, 0xe6, 0x57, 0xde, 0x57, 0xde, 0x57, 0xde, 0xf5, 0xd5,
    0x32, 0xc5, 0x57, 0xe6, 0x57, 0xde, 0x57, 0xe6, 0x57, 0xde, 0x57, 0xde,
    0x36, 0xde, 0x57, 0xe6, 0x57, 0xe6, 0x57, 0xe6, 0x57, 0xde, 0x57, 0xe6,
    0x57, 0xde, 0x57, 0xde, 0x57, 0xe6, 0x57, 0xe6, 0x16, 0xde, 0xd5, 0xd5,
    0x36, 0xde, 0x94, 0xcd, 0xb4, 0xd5, 0x74, 0xcd, 0xb0, 0xb4, 0xac, 0xa3,
    0xf6, 0xdd, 0xfb, 0xee, 0x1b, 0xef, 0x1c, 0xef, 0x3c, 0xf7, 0x9a, 0xd6,
    0xed, 0x4a, 0xd1, 0x6b, 0xf4, 0x8c, 0x55, 0xa5, 0x55, 0xa5, 0x56, 0x9d,
    0xd8, 0xb5, 0xf8, 0xb5, 0xd8, 0xad, 0xf8, 0xad, 0xd8, 0xad, 0xb7, 0x9d,
    0x33, 0x5c, 0x94, 0x6c, 0x94, 0x64, 0x53, 0x5c, 0x73, 0x6c, 0xf8, 0xad,
    0xf8, 0xb5, 0xf8, 0xb5, 0x55, 0x9d, 0x76, 0xa5, 0x97, 0xa5, 0x97, 0xa5,
    0x36, 0x9d, 0x16, 0x95, 0xd1, 0x63, 0x31, 0x84, 0x1b, 0xef, 0x1b, 0xef,
    0x1c, 0xef, 0x1b, 0xef, 0xfb, 0xee, 0xfb, 0xee, 0x1b, 0xef, 0x1b, 0xef,
    0xfb, 0xee, 0xfb, 0xf6, 0xb5, 0xd5, 0x15, 0xde, 0x57, 0xe6, 0x57, 0xde,
    0x57, 0xe6, 0x56, 0xe6, 0x57, 0xe6, 0x57, 0xe6, 0x76, 0xe6, 0x57, 0xde,
    0x15, 0xde, 0x11, 0xc5, 0x6f, 0xac, 0x94, 0xcd, 0x57, 0xe6, 0x57, 0xe6,
    0x57, 0xe6, 0x57, 0xe6, 0x57, 0xe6, 0x56, 0xde, 0x32, 0xc5, 0xd5, 0xd5,
    0xda, 0xf6, 0xfa, 0xf6, 0xda, 0xee, 0x16, 0xde, 0x73, 0xcd, 0x16, 0xde,
    0x56, 0xe6, 0x57, 0xde, 0x37, 0xe6, 0x57, 0xde, 0x57, 0xe6, 0x57, 0xe6,
    0x57, 0xde, 0x57, 0xe6, 0x57, 0xe6, 0x57, 0xde, 0x36, 0xde, 0x16, 0xde,
    0x16, 0xde, 0xb4, 0xcd, 0xf5, 0xd5, 0xb9, 0xee, 0xda, 0xf6, 0xba, 0xee,
    0x75, 0xb5, 0x8f, 0x5b, 0xb4, 0x84, 0x77, 0x9d, 0x97, 0x9d, 0xb0, 0x53,
    0x73, 0x64, 0x53, 0x64, 0x32, 0x64, 0x15, 0x8d, 0xb8, 0xa5, 0xb7, 0xa5,
    0x55, 0xa5, 0x55, 0xad, 0x56, 0xa5, 0x15, 0x95, 0xb4, 0x84, 0xb1, 0x63,
    0x35, 0xad, 0xfb, 0xe6, 0xfb, 0xee, 0x1b, 0xef, 0x1b, 0xef, 0x1b, 0xef,
    0x1c, 0xef, 0x1b, 0xef, 0x58, 0xde, 0x37, 0xde, 0x99, 0xee, 0xb9, 0xee,
    0x53, 0xcd, 0xa9, 0x62, 0xaa, 0x62, 0x2f, 0x94, 0xd1, 0xb4, 0xb0, 0xb4,
    0x36, 0xde, 0x16, 0xd6, 0xf6, 0xd5, 0xf6, 0xd5, 0x57, 0xde, 0x57, 0xde,
    0x57, 0xe6, 0x57, 0xe6, 0x57, 0xde, 0x57, 0xde, 0x57, 0xe6, 0x37, 0xde,
    0xf5, 0xd5, 0x94, 0xcd, 0x37, 0xde, 0x36, 0xde, 0x36, 0xde, 0x37, 0xde,
    0x16, 0xd6, 0x16, 0xd6, 0xf6, 0xd5, 0xf6, 0xdd, 0x16, 0xde, 0x36, 0xde,
    0x33, 0xbd, 0x33, 0xbd, 0x90, 0xa4, 0x70, 0xa4, 0x70, 0xa4, 0xb1, 0xac,
    0x53, 0xbd, 0x91, 0x9c, 0xcf, 0x6b, 0xcc, 0x3a, 0xac, 0x3a, 0x6a, 0x3a,
    0xce, 0x8b, 0xeb, 0x62, 0x09, 0x32, 0x2a, 0x32, 0x4a, 0x32, 0x09, 0x2a,
    0x77, 0xe6, 0x57, 0xe6, 0x77, 0xde, 0x78, 0xde, 0xd5, 0xcd, 0x90, 0xa4,
    0x90, 0xa4, 0x0e, 0x94, 0xee, 0x8b, 0xb1, 0xa4, 0xf3, 0xac, 0x30, 0x94,
    0x70, 0x9c, 0x50, 0xa4, 0xf2, 0xb4, 0x12, 0xbd, 0x16, 0xd6, 0xb1, 0xac,
    0xb1, 0xac, 0x70, 0xa4, 0x0e, 0x94, 0x2f, 0x9c, 0x70, 0x9c, 0xb1, 0xac,
    0xd1, 0xb4, 0xd1, 0xb4, 0xd1, 0xac, 0xd1, 0xb4, 0x90, 0xa4, 0xd2, 0xac,
    0xd2, 0xb4, 0x33, 0xbd, 0x54, 0xc5, 0x74, 0xc5, 0xf2, 0xb4, 0x0f, 0x94,
    0xb1, 0xac, 0xd2, 0xb4, 0x94, 0xc5, 0x16, 0xde, 0x70, 0xa4, 0xb4, 0xcd,
    0x57, 0xe6, 0x57, 0xde, 0x57, 0xde, 0x57, 0xe6, 0x57, 0xe6, 0x36, 0xde,
    0x73, 0xc5, 0xb4, 0xcd, 0x57, 0xde, 0x57, 0xe6, 0x77, 0xe6, 0x57, 0xe6,
    0x36, 0xde, 0x37, 0xde, 0x57, 0xe6, 0x57, 0xe6, 0x57, 0xde, 0x57, 0xde,
    0x57, 0xe6, 0x57, 0xde, 0x57, 0xe6, 0x57, 0xde, 0x57, 0xde, 0x36, 0xde,
    0x16, 0xde, 0x94, 0xcd, 0x94, 0xcd, 0x16, 0xde, 0x94, 0xd5, 0x2e, 0xb4,
    0xb1, 0xbc, 0xda, 0xee, 0x1b, 0xef, 0x3c, 0xef, 0x3c, 0xf7, 0x79, 0xd6,
    0x4e, 0x5b, 0x6f, 0x5b, 0xb3, 0x8c, 0x75, 0xad, 0xb7, 0xad, 0xd8, 0xad,
    0x18, 0xb6, 0x76, 0xa5, 0xb7, 0xad, 0xd8, 0xad, 0xd8, 0xad, 0xf8, 0xad,
    0xd4, 0x74, 0x33, 0x5c, 0x94, 0x64, 0x94, 0x6c, 0x77, 0x9d, 0xf8, 0xb5,
    0xf8, 0xb5, 0xf8, 0xb5, 0xb7, 0xad, 0xd7, 0xad, 0xb8, 0xa5, 0xd8, 0xad,
    0x76, 0xa5, 0xf5, 0x94, 0x94, 0x74, 0x79, 0xd6, 0xfb, 0xee, 0xfb, 0xee,
    0x1b, 0xef, 0x1c, 0xef, 0x1b, 0xef, 0x1b, 0xef, 0x1c, 0xef, 0x1b, 0xef,
    0xfb, 0xee, 0xb9, 0xee, 0x16, 0xe6, 0x36, 0xde, 0x56, 0xe6, 0x57, 0xe6,
    0x57, 0xe6, 0x77, 0xe6, 0x57, 0xde, 0x77, 0xe6, 0x57, 0xe6, 0x15, 0xde,
    0x11, 0xc5, 0x4e, 0xb4, 0x12, 0xc5, 0x16, 0xde, 0x56, 0xde, 0x56, 0xde,
    0x57, 0xe6, 0x57, 0xe6, 0x57, 0xde, 0x52, 0xcd, 0xf6, 0xdd, 0xda, 0xee,
    0xfa, 0xf6, 0xda, 0xf6, 0xfa, 0xf6, 0xf6, 0xdd, 0x94, 0xd5, 0x36, 0xe6,
    0x57, 0xde, 0x57, 0xe6, 0x57, 0xe6, 0x57, 0xde, 0x57, 0xde, 0x57, 0xe6,
    0x57, 0xe6, 0x77, 0xde, 0x77, 0xe6, 0x57, 0xde, 0xf5, 0xd5, 0x73, 0xc5,
    0x16, 0xde, 0x16, 0xde, 0x78, 0xe6, 0xda, 0xf6, 0xda, 0xee, 0xda, 0xee,
    0x8e, 0x73, 0xd4, 0x84, 0x76, 0x9d, 0xf8, 0xad, 0x97, 0xa5, 0xf1, 0x5b,
    0x53, 0x5c, 0x12, 0x5c, 0x73, 0x6c, 0xd8, 0xa5, 0xf8, 0xad, 0x76, 0x9d,
    0x76, 0x9d, 0x97, 0xa5, 0x76, 0xa5, 0xf4, 0x8c, 0x90, 0x5b, 0xaf, 0x6b,
    0xfb, 0xee, 0xfb, 0xee, 0xfb, 0xee, 0xfb, 0xee, 0xfb, 0xee, 0x1b, 0xef,
    0x1b, 0xef, 0x99, 0xe6, 0x78, 0xe6, 0xba, 0xee, 0xb9, 0xee, 0x98, 0xee,
    0x6c, 0x83, 0xaa, 0x62, 0x89, 0x5a, 0x91, 0xa4, 0x12, 0xbd, 0xd5, 0xd5,
    0x57, 0xde, 0x16, 0xde, 0xf5, 0xd5, 0x16, 0xde, 0x57, 0xde, 0x57, 0xde,
    0x57, 0xe6, 0x57, 0xde, 0x57, 0xe6, 0x57, 0xde, 0x37, 0xde, 0xf5, 0xd5,
    0x74, 0xc5, 0xf5, 0xd5, 0x37, 0xde, 0x37, 0xde, 0x37, 0xde, 0x37, 0xde,
    0x16, 0xde, 0xf5, 0xd5, 0xf6, 0xd5, 0xd5, 0xcd, 0xf6, 0xd5, 0x16, 0xde,
    0x74, 0xc5, 0xf1, 0xb4, 0xb0, 0xac, 0x90, 0xa4, 0x91, 0xa4, 0xf2, 0xb4,
    0xf2, 0xb4, 0xef, 0x83, 0xac, 0x3a, 0xac, 0x3a, 0xac, 0x3a, 0xab, 0x4a,
    0xee, 0x8b, 0xeb, 0x5a, 0x4a, 0x3a, 0x4a, 0x32, 0xe9, 0x29, 0xa7, 0x29,
    0x77, 0xde, 0x78, 0xe6, 0x57, 0xde, 0x37, 0xde, 0x94, 0xc5, 0xb1, 0xac,
    0x2f, 0x9c, 0x8d, 0x83, 0x30, 0x94, 0xf3, 0xac, 0x13, 0xad, 0x50, 0x9c,
    0x70, 0x9c, 0x4b, 0x7b, 0xf2, 0xb4, 0x12, 0xbd, 0xd5, 0xd5, 0x90, 0xa4,
    0xb0, 0xa4, 0x2f, 0x9c, 0x0f, 0x94, 0x4f, 0x9c, 0xd1, 0xac, 0xd1, 0xb4,
    0xd2, 0xb4, 0xd1, 0xac, 0xd1, 0xac, 0xd2, 0xb4, 0xd1, 0xac, 0xb0, 0xac,
    0xf1, 0xb4, 0x53, 0xc5, 0x73, 0xc5, 0x74, 0xc5, 0x12, 0xbd, 0x4f, 0x9c,
    0xb1, 0xac, 0x0f, 0x94, 0xd1, 0xb4, 0xf6, 0xd5, 0x53, 0xc5, 0xb4, 0xd5,
    0x36, 0xde, 0x37, 0xde, 0x57, 0xe6, 0x57, 0xe6, 0x57, 0xde, 0x57, 0xde,
    0x37, 0xde, 0xb4, 0xd5, 0x57, 0xde, 0x57, 0xde, 0x57, 0xe6, 0x57, 0xde,
    0x57, 0xde, 0x36, 0xde, 0x37, 0xde, 0x57, 0xde, 0x57, 0xe6, 0x57, 0xe6,
    0x57, 0xe6, 0x57, 0xe6, 0x57, 0xde, 0x57, 0xe6, 0x57, 0xe6, 0xf6, 0xd5,
    0xb4, 0xcd, 0x73, 0xcd, 0x53, 0xc5, 0xf5, 0xdd, 0x15, 0xde, 0x12, 0xc5,
    0x6f, 0xbc, 0xfb, 0xee, 0x3c, 0xf7, 0x1b, 0xef, 0x1b, 0xef, 0xda, 0xe6,
    0x96, 0xb5, 0xd1, 0x63, 0xb4, 0x8c, 0x97, 0xa5, 0xf8, 0xb5, 0xf8, 0xb5,
    0xf8, 0xb5, 0x96, 0xad, 0xb7, 0xa5, 0xd8, 0xad, 0xd8, 0xad, 0xd7, 0xad,
    0x97, 0x9d, 0x15, 0x85, 0x94, 0x74, 0xb7, 0xa5, 0xf8, 0xb5, 0xf8, 0xb5,
    0xf8, 0xad, 0x96, 0xa5, 0x96, 0xad, 0xf8, 0xb5, 0xf8, 0xad, 0xf8, 0xad,
    0x97, 0xa5, 0x33, 0x74, 0x32, 0x74, 0x1b, 0xef, 0x1b, 0xef, 0xfb, 0xee,
    0xfb, 0xee, 0x1b, 0xef, 0x1b, 0xef, 0xfc, 0xee, 0x1b, 0xef, 0x1b, 0xef,
    0xfb, 0xee, 0xf6, 0xd5, 0x15, 0xde, 0x57, 0xe6, 0x57, 0xe6, 0x57, 0xe6,
    0x57, 0xe6, 0x36, 0xde, 0x56, 0xde, 0x77, 0xe6, 0x36, 0xde, 0x73, 0xcd,
    0xd0, 0xc4, 0x4f, 0xb4, 0x32, 0xc5, 0x36, 0xde, 0x36, 0xde, 0x57, 0xe6,
    0x57, 0xde, 0x77, 0xe6, 0x53, 0xcd, 0x37, 0xe6, 0xda, 0xee, 0xfa, 0xf6,
    0xfa, 0xee, 0xda, 0xf6, 0x57, 0xe6, 0x94, 0xd5, 0x16, 0xde, 0x57, 0xde,
    0x57, 0xde, 0x57, 0xe6, 0x57, 0xe6, 0x56, 0xde, 0x57, 0xe6, 0x57, 0xde,
    0x57, 0xe6, 0x57, 0xde, 0x77, 0xe6, 0x37, 0xde, 0xb4, 0xd5, 0x94, 0xcd,
    0x94, 0xcd, 0xf6, 0xd5, 0xfa, 0xf6, 0xfa, 0xf6, 0xfa, 0xf6, 0x1b, 0xf7,
    0x8f, 0x63, 0x97, 0xa5, 0x76, 0x9d, 0xd8, 0xad, 0xb7, 0xa5, 0x12, 0x5c,
    0x53, 0x64, 0x53, 0x64, 0x77, 0x95, 0xd8, 0xad, 0xf8, 0xad, 0xb7, 0xa5,
    0xb7, 0xa5, 0xb8, 0xa5, 0x97, 0xa5, 0xb4, 0x84, 0x4f, 0x5b, 0xd7, 0xbd,
    0xfb, 0xee, 0xfb, 0xee, 0x1b, 0xef, 0xfb, 0xee, 0x1b, 0xef, 0x1b, 0xef,
    0xdb, 0xee, 0x99, 0xe6, 0xb9, 0xee, 0xda, 0xee, 0xd9, 0xee, 0xd2, 0xb4,
    0xaa, 0x62, 0x8a, 0x5a, 0x0b, 0x73, 0x2f, 0x9c, 0x8f, 0xac, 0x57, 0xde,
    0x37, 0xde, 0x16, 0xd6, 0xd5, 0xd5, 0x37, 0xde, 0x57, 0xde, 0x57, 0xde,
    0x57, 0xde, 0x57, 0xe6, 0x57, 0xde, 0x17, 0xde, 0xd5, 0xd5, 0xb4, 0xcd,
    0xd5, 0xd5, 0x37, 0xde, 0x16, 0xde, 0x36, 0xde, 0x37, 0xde, 0x57, 0xde,
    0x36, 0xde, 0xf6, 0xd5, 0x16, 0xd6, 0x32, 0xbd, 0xb5, 0xcd, 0x94, 0xcd,
    0x53, 0xc5, 0xb1, 0xac, 0xb1, 0xac, 0x90, 0xac, 0xb1, 0xac, 0x33, 0xbd,
    0xb1, 0xac, 0xec, 0x52, 0x8c, 0x32, 0xac, 0x3a, 0x6b, 0x32, 0xeb, 0x5a,
    0x0f, 0x94, 0xec, 0x52, 0x4a, 0x32, 0x29, 0x32, 0xa8, 0x21, 0xa8, 0x29,
    0x57, 0xde, 0x58, 0xde, 0x57, 0xe6, 0xf6, 0xd5, 0x91, 0xa4, 0xb1, 0xac,
    0x2f, 0x94, 0x50, 0x94, 0xf2, 0xac, 0x13, 0xb5, 0x13, 0xb5, 0xb1, 0xa4,
    0x70, 0x9c, 0xcd, 0x8b, 0x6f, 0xa4, 0xf2, 0xb4, 0x94, 0xcd, 0x0e, 0x9c,
    0x90, 0xa4, 0x2f, 0x9c, 0x70, 0xa4, 0xd1, 0xac, 0xf2, 0xb4, 0xf2, 0xb4,
    0xd1, 0xac, 0xd1, 0xac, 0xd1, 0xac, 0xd2, 0xb4, 0xf2, 0xb4, 0xee, 0x93,
    0xd1, 0xb4, 0x53, 0xc5, 0x74, 0xc5, 0x74, 0xc5, 0x12, 0xb5, 0x2f, 0x9c,
    0xd1, 0xac, 0x91, 0xa4, 0x33, 0xbd, 0xf5, 0xd5, 0xf6, 0xd5, 0xf1, 0xb4,
    0xf6, 0xdd, 0x57, 0xde, 0x57, 0xe6, 0x58, 0xe6, 0x57, 0xde, 0x57, 0xe6,
    0x57, 0xde, 0xf5, 0xd5, 0xb4, 0xd5, 0x58, 0xe6, 0x57, 0xde, 0x57, 0xe6,
    0x57, 0xe6, 0x37, 0xde, 0x57, 0xe6, 0x57, 0xe6, 0x57, 0xde, 0x57, 0xde,
    0x57, 0xde, 0x57, 0xde, 0x57, 0xe6, 0x57, 0xde, 0x57, 0xe6, 0x37, 0xde,
    0x36, 0xde, 0x16, 0xde, 0x73, 0xcd, 0xb4, 0xd5, 0x16, 0xde, 0x73, 0xc5,
    0x57, 0xe6, 0x75, 0xcd, 0xfb, 0xee, 0x1b, 0xef, 0xfb, 0xee, 0xfb, 0xee,
    0x18, 0xce, 0x6f, 0x5b, 0xb4, 0x7c, 0xd8, 0xad, 0xf8, 0xb5, 0xf8, 0xb5,
    0xf8, 0xb5, 0xf8, 0xb5, 0xb7, 0xa5, 0xd8, 0xad, 0xf8, 0xad, 0xf8, 0xad,
    0xf8, 0xb5, 0xd8, 0xb5, 0xb7, 0xad, 0xf8, 0xb5, 0xf8, 0xb5, 0xd8, 0xb5,
    0xf8, 0xb5, 0xd7, 0xb5, 0xd7, 0xb5, 0xf8, 0xb5, 0x19, 0xb6, 0xf9, 0xad,
    0xb7, 0xa5, 0x39, 0xc6, 0x97, 0xb5, 0x1b, 0xef, 0x1b, 0xef, 0x1c, 0xef,
    0x1b, 0xef, 0x1c, 0xef, 0xfb, 0xee, 0x1b, 0xef, 0x1c, 0xef, 0x1b, 0xef,
    0xfa, 0xf6, 0x57, 0xe6, 0x36, 0xe6, 0x57, 0xe6, 0x56, 0xde, 0x56, 0xde,
    0x57, 0xe6, 0x56, 0xe6, 0x57, 0xe6, 0x56, 0xde, 0xf5, 0xdd, 0x16, 0xde,
    0xb5, 0xdd, 0x32, 0xcd, 0xd5, 0xd5, 0x56, 0xe6, 0x36, 0xde, 0x57, 0xe6,
    0x56, 0xde, 0x52, 0xcd, 0x77, 0xe6, 0xfa, 0xee, 0xda, 0xf6, 0xfa, 0xf6,
    0xfa, 0xee, 0xda, 0xf6, 0x36, 0xe6, 0x73, 0xcd, 0x57, 0xde, 0x57, 0xe6,
    0x57, 0xde, 0x57, 0xe6, 0x57, 0xe6, 0x57, 0xde, 0x57, 0xde, 0x77, 0xe6,
    0x57, 0xde, 0x57, 0xde, 0x36, 0xde, 0xd5, 0xdd, 0xf1, 0xbc, 0x16, 0xde,
    0x36, 0xe6, 0x99, 0xee, 0xfa, 0xf6, 0xfb, 0xf6, 0xfa, 0xf6, 0xfb, 0xee,
    0x73, 0x74, 0xb7, 0xa5, 0x56, 0x9d, 0xf8, 0xb5, 0xd8, 0xa5, 0xb0, 0x5b,
    0xf2, 0x63, 0x76, 0x95, 0xd8, 0xa5, 0xf8, 0xad, 0xb7, 0xa5, 0xd8, 0xa5,
    0xf8, 0xad, 0xd8, 0xad, 0x36, 0x95, 0xf1, 0x73, 0x35, 0xad, 0xfa, 0xe6,
    0xfb, 0xee, 0xfb, 0xee, 0x1b, 0xef, 0x1b, 0xef, 0x1c, 0xef, 0xfb, 0xee,
    0xda, 0xee, 0xda, 0xee, 0xda, 0xee, 0xda, 0xee, 0xd9, 0xf6, 0x8d, 0x83,
    0xaa, 0x62, 0xaa, 0x62, 0x70, 0x9c, 0xcd, 0x8b, 0x90, 0xac, 0x37, 0xde,
    0x16, 0xd6, 0x94, 0xcd, 0x37, 0xde, 0x57, 0xde, 0x57, 0xe6, 0x57, 0xe6,
    0x57, 0xde, 0x57, 0xde, 0x17, 0xde, 0xd5, 0xd5, 0xb4, 0xcd, 0xb4, 0xcd,
    0x36, 0xde, 0x37, 0xde, 0x37, 0xde, 0x36, 0xde, 0x37, 0xde, 0x57, 0xde,
    0x36, 0xde, 0x16, 0xd6, 0x16, 0xde, 0x73, 0xc5, 0xd5, 0xd5, 0x53, 0xc5,
    0xd1, 0xac, 0xb1, 0xac, 0xb1, 0xac, 0xb1, 0xac, 0xd1, 0xac, 0x53, 0xbd,
    0xd2, 0xa4, 0x6a, 0x3a, 0x8b, 0x3a, 0x4b, 0x32, 0x09, 0x32, 0x4d, 0x6b,
    0x70, 0xa4, 0x0d, 0x53, 0x4a, 0x32, 0xe8, 0x29, 0x87, 0x21, 0x2a, 0x42,
    0x57, 0xe6, 0x57, 0xde, 0x57, 0xde, 0x16, 0xd6, 0xd1, 0xac, 0x50, 0x9c,
    0x0f, 0x94, 0xd2, 0xac, 0x13, 0xb5, 0x13, 0xad, 0xf2, 0xac, 0x91, 0xa4,
    0x91, 0xa4, 0x2f, 0x9c, 0xb1, 0xac, 0xd1, 0xb4, 0xb4, 0xcd, 0xd1, 0xb4,
    0x2f, 0x9c, 0x70, 0xa4, 0xd1, 0xb4, 0x12, 0xb5, 0x12, 0xb5, 0xf2, 0xb4,
    0xd1, 0xac, 0xb1, 0xac, 0xd1, 0xb4, 0xf2, 0xb4, 0xd2, 0xb4, 0x90, 0xa4,
    0x70, 0xa4, 0x12, 0xbd, 0x74, 0xc5, 0x94, 0xc5, 0xf2, 0xb4, 0x2f, 0x9c,
    0xb1, 0xac, 0xb1, 0xac, 0xb1, 0xac, 0x73, 0xc5, 0x36, 0xde, 0xd1, 0xb4,
    0x16, 0xde, 0x57, 0xde, 0x57, 0xe6, 0x57, 0xe6, 0x57, 0xde, 0x57, 0xe6,
    0x57, 0xde, 0x16, 0xde, 0x53, 0xc5, 0x53, 0xc5, 0x57, 0xde, 0x57, 0xe6,
    0x77, 0xe6, 0x57, 0xde, 0x16, 0xd6, 0x57, 0xde, 0x57, 0xe6, 0x57, 0xe6,
    0x57, 0xde, 0x57, 0xe6, 0x57, 0xe6, 0x57, 0xde, 0x57, 0xe6, 0x57, 0xe6,
    0x15, 0xde, 0xf6, 0xdd, 0xb4, 0xd5, 0xd4, 0xd5, 0x36, 0xde, 0x53, 0xc5,
    0xb9, 0xee, 0x98, 0xee, 0x1b, 0xf7, 0xfb, 0xee, 0x1b, 0xef, 0x1b, 0xef,
    0xdb, 0xe6, 0x76, 0xa5, 0x73, 0x74, 0x97, 0xa5, 0xf8, 0xb5, 0xf8, 0xb5,
    0xf8, 0xb5, 0x18, 0xb6, 0xd8, 0xad, 0xd8, 0xad, 0xf8, 0xb5, 0x17, 0xc6,
    0x37, 0xd6, 0x37, 0xd6, 0x57, 0xd6, 0x37, 0xce, 0xf7, 0xbd, 0xf7, 0xb5,
    0x76, 0xa5, 0x95, 0xad, 0x17, 0xbe, 0x18, 0xb6, 0x19, 0xb6, 0x18, 0xb6,
    0x15, 0x95, 0xba, 0xde, 0xdb, 0xe6, 0xfb, 0xee, 0xfb, 0xee, 0xfb, 0xee,
    0x1b, 0xef, 0x1c, 0xef, 0x1b, 0xef, 0x1b, 0xef, 0xfb, 0xee, 0xfb, 0xee,
    0xd5, 0xd5, 0xf5, 0xdd, 0x57, 0xe6, 0x57, 0xe6, 0x57, 0xe6, 0x36, 0xe6,
    0x36, 0xde, 0x56, 0xe6, 0x36, 0xde, 0xd5, 0xdd, 0x98, 0xee, 0xd9, 0xee,
    0xd5, 0xd5, 0x53, 0xcd, 0x57, 0xe6, 0x57, 0xde, 0x56, 0xe6, 0x56, 0xde,
    0x73, 0xcd, 0x78, 0xee, 0xda, 0xf6, 0xda, 0xee, 0xfa, 0xf6, 0xfa, 0xf6,
    0xfa, 0xee, 0x99, 0xee, 0xd5, 0xd5, 0x36, 0xde, 0x56, 0xe6, 0x57, 0xde,
    0x57, 0xe6, 0x57, 0xde, 0x57, 0xe6, 0x57, 0xde, 0x57, 0xde, 0x57, 0xe6,
    0x57, 0xde, 0x15, 0xde, 0x15, 0xde, 0x90, 0xb4, 0xb4, 0xd5, 0xf5, 0xd5,
    0xf6, 0xd5, 0xda, 0xf6, 0xda, 0xee, 0xfa, 0xf6, 0xfb, 0xee, 0xf8, 0xc5,
    0x56, 0x8d, 0xb7, 0xa5, 0x36, 0x9d, 0x19, 0xb6, 0xf8, 0xb5, 0x97, 0xa5,
    0xb8, 0xad, 0x18, 0xb6, 0xf8, 0xad, 0xb8, 0xa5, 0xb7, 0xa5, 0xf8, 0xad,
    0xf8, 0xad, 0xf8, 0xad, 0xb4, 0x7c, 0x18, 0xbe, 0xba, 0xe6, 0xfb, 0xee,
    0xfb, 0xee, 0x1b, 0xef, 0x1b, 0xef, 0x1b, 0xef, 0xfb, 0xee, 0xfb, 0xee,
    0xda, 0xee, 0xb9, 0xee, 0xda, 0xee, 0xda, 0xee, 0x0f, 0x9c, 0xca, 0x6a,
    0xca, 0x62, 0x0b, 0x6b, 0xb1, 0xa4, 0x2e, 0x9c, 0xd5, 0xd5, 0x36, 0xde,
    0x16, 0xde, 0xf6, 0xdd, 0x57, 0xde, 0x57, 0xde, 0x57, 0xe6, 0x57, 0xe6,
    0x58, 0xde, 0x16, 0xd6, 0xd5, 0xd5, 0xd5, 0xcd, 0xb4, 0xcd, 0xf6, 0xd5,
    0x57, 0xde, 0x57, 0xde, 0x37, 0xde, 0x37, 0xde, 0x37, 0xde, 0x94, 0xc5,
    0x33, 0xb5, 0x37, 0xde, 0x16, 0xd6, 0xf6, 0xd5, 0xb4, 0xcd, 0x12, 0xb5,
    0xb1, 0xac, 0xb1, 0xa4, 0xb1, 0xac, 0xb1, 0xa4, 0xd1, 0xac, 0xf2, 0xb4,
    0xd3, 0x9c, 0x8b, 0x32, 0x8b, 0x3a, 0x2a, 0x32, 0x09, 0x32, 0x8e, 0x7b,
    0x70, 0x94, 0x2d, 0x53, 0x4a, 0x32, 0xa7, 0x21, 0xa7, 0x29, 0x14, 0xa5,
    0x77, 0xde, 0x57, 0xde, 0x16, 0xd6, 0xb1, 0xac, 0xb1, 0xac, 0x0f, 0x94,
    0x2f, 0x94, 0xf3, 0xac, 0x13, 0xad, 0x13, 0xb5, 0x91, 0x9c, 0x71, 0x9c,
    0x91, 0xa4, 0x4f, 0x9c, 0xd2, 0xb4, 0x4f, 0xa4, 0x53, 0xc5, 0xf1, 0xb4,
    0xcd, 0x8b, 0x2f, 0x9c, 0x12, 0xbd, 0xd1, 0xb4, 0xd1, 0xac, 0xb1, 0xac,
    0x90, 0xac, 0xd1, 0xac, 0xd1, 0xb4, 0xd1, 0xb4, 0xf1, 0xb4, 0xf2, 0xb4,
    0x90, 0xa4, 0x53, 0xc5, 0x73, 0xc5, 0x73, 0xc5, 0xf1, 0xb4, 0x2f, 0x9c,
    0xd2, 0xac, 0xb1, 0xa4, 0xee, 0x8b, 0xd1, 0xb4, 0x16, 0xd6, 0xcd, 0x8b,
    0xf2, 0xb4, 0x37, 0xde, 0x57, 0xde, 0x57, 0xe6, 0x57, 0xde, 0x57, 0xde,
    0x57, 0xde, 0x57, 0xe6, 0xd5, 0xd5, 0xf1, 0xbc, 0x94, 0xcd, 0x78, 0xe6,
    0x77, 0xde, 0x57, 0xe6, 0x57, 0xe6, 0x57, 0xe6, 0x57, 0xe6, 0x57, 0xde,
    0x57, 0xde, 0x57, 0xe6, 0x57, 0xde, 0x57, 0xde, 0x57, 0xe6, 0x57, 0xde,
    0xf5, 0xd5, 0xd5, 0xd5, 0x94, 0xcd, 0xb4, 0xcd, 0x36, 0xde, 0x12, 0xc5,
    0x79, 0xe6, 0xda, 0xee, 0xda, 0xee, 0x1b, 0xef, 0x1b, 0xef, 0x1b, 0xef,
    0x1b, 0xef, 0xd7, 0xc5, 0xf1, 0x6b, 0x56, 0x95, 0x18, 0xb6, 0x18, 0xb6,
    0x19, 0xbe, 0x18, 0xb6, 0x18, 0xb6, 0x55, 0x9d, 0xd7, 0xb5, 0x57, 0xde,
    0x57, 0xde, 0x57, 0xde, 0x57, 0xde, 0x57, 0xde, 0x37, 0xd6, 0x96, 0xad,
    0x55, 0x9d, 0xd7, 0xb5, 0xf8, 0xb5, 0x19, 0xb6, 0x18, 0xb6, 0x19, 0xb6,
    0xd5, 0x74, 0x18, 0xc6, 0xfb, 0xee, 0x1b, 0xef, 0x1b, 0xef, 0xfb, 0xee,
    0x1c, 0xef, 0x1b, 0xef, 0x1c, 0xef, 0x1c, 0xef, 0x1b, 0xf7, 0xfb, 0xf6,
    0x98, 0xee, 0x57, 0xe6, 0x57, 0xe6, 0x77, 0xe6, 0x77, 0xe6, 0xd5, 0xd5,
    0x36, 0xde, 0x16, 0xde, 0x93, 0xcd, 0xda, 0xf6, 0xda, 0xf6, 0xda, 0xf6,
    0x37, 0xe6, 0xd5, 0xd5, 0x57, 0xe6, 0x57, 0xe6, 0x57, 0xde, 0x93, 0xd5,
    0x78, 0xee, 0xda, 0xee, 0xda, 0xee, 0xfa, 0xf6, 0xfa, 0xf6, 0xfa, 0xf6,
    0xda, 0xee, 0x58, 0xe6, 0x94, 0xd5, 0x57, 0xde, 0x37, 0xde, 0x56, 0xe6,
    0x57, 0xde, 0x57, 0xe6, 0x77, 0xde, 0x57, 0xe6, 0x36, 0xde, 0x57, 0xde,
    0x36, 0xde, 0x15, 0xde, 0x0d, 0xa4, 0x11, 0xbd, 0xd5, 0xd5, 0xb5, 0xcd,
    0xb9, 0xee, 0xda, 0xee, 0xfa, 0xf6, 0xfa, 0xf6, 0xfa, 0xf6, 0x14, 0x9d,
    0xb7, 0x9d, 0xd8, 0xad, 0x76, 0x9d, 0xf8, 0xb5, 0x39, 0xbe, 0x18, 0xbe,
    0x39, 0xbe, 0x18, 0xb6, 0xd8, 0xad, 0xb7, 0xad, 0xd8, 0xad, 0xd8, 0xad,
    0xf8, 0xad, 0x97, 0xa5, 0xb0, 0x63, 0x59, 0xce, 0xfb, 0xee, 0xfb, 0xee,
    0xfb, 0xee, 0xfb, 0xee, 0xfb, 0xee, 0xfb, 0xe6, 0xfb, 0xee, 0xfa, 0xee,
    0xba, 0xee, 0xb9, 0xee, 0xb9, 0xee, 0x98, 0xee, 0xae, 0x83, 0xca, 0x62,
    0xeb, 0x6a, 0x91, 0xa4, 0x71, 0xa4, 0x90, 0xac, 0x36, 0xde, 0xf5, 0xd5,
    0x32, 0xbd, 0x57, 0xde, 0x57, 0xe6, 0x57, 0xde, 0x57, 0xde, 0x57, 0xe6,
    0xf5, 0xd5, 0xd5, 0xd5, 0xd5, 0xd5, 0xb4, 0xcd, 0xd5, 0xcd, 0x37, 0xde,
    0x57, 0xde, 0x37, 0xde, 0x36, 0xde, 0x36, 0xde, 0xb5, 0xc5, 0x71, 0x9c,
    0x53, 0xb5, 0x37, 0xde, 0xd5, 0xd5, 0xf6, 0xd5, 0x53, 0xc5, 0xf2, 0xb4,
    0xb1, 0xac, 0xb0, 0xac, 0xb0, 0xac, 0xb1, 0xac, 0x53, 0xbd, 0x33, 0xbd,
    0xb2, 0x94, 0x6b, 0x32, 0x29, 0x32, 0xe8, 0x29, 0xe8, 0x31, 0x4d, 0x73,
    0x6c, 0x73, 0x6a, 0x3a, 0xe9, 0x31, 0x87, 0x29, 0x97, 0xb5, 0x6b, 0x3a,
    0x78, 0xe6, 0x57, 0xde, 0x16, 0xd6, 0xd1, 0xac, 0x91, 0xa4, 0x50, 0x9c,
    0x13, 0xad, 0x13, 0xad, 0x13, 0xb5, 0x13, 0xb5, 0x70, 0x9c, 0x70, 0x9c,
    0x90, 0xa4, 0x4f, 0x9c, 0xf2, 0xb4, 0xd1, 0xb4, 0x33, 0xc5, 0xf1, 0xbc,
    0x4f, 0xa4, 0x12, 0xbd, 0x12, 0xbd, 0x70, 0xa4, 0x50, 0xa4, 0xd2, 0xb4,
    0xb1, 0xac, 0xd1, 0xac, 0xd1, 0xb4, 0xd1, 0xac, 0xf2, 0xb4, 0xf2, 0xb4,
    0x90, 0xa4, 0x4f, 0xa4, 0x94, 0xcd, 0x74, 0xcd, 0x12, 0xbd, 0x70, 0xa4,
    0xd2, 0xac, 0xb1, 0xac, 0x0f, 0x94, 0xf2, 0xb4, 0x16, 0xd6, 0x0e, 0x94,
    0x2e, 0x9c, 0x16, 0xde, 0x57, 0xe6, 0x57, 0xe6, 0x57, 0xde, 0x57, 0xe6,
    0x57, 0xe6, 0x57, 0xde, 0x57, 0xe6, 0x57, 0xe6, 0xb4, 0xd5, 0xd5, 0xd5,
    0x78, 0xde, 0x57, 0xde, 0x57, 0xe6, 0xd4, 0xd5, 0x37, 0xde, 0x57, 0xe6,
    0x57, 0xe6, 0x57, 0xe6, 0x57, 0xde, 0x57, 0xe6, 0x57, 0xde, 0x57, 0xe6,
    0x57, 0xe6, 0x57, 0xe6, 0xf5, 0xd5, 0x74, 0xcd, 0xf5, 0xd5, 0xd2, 0xbc,
    0x78, 0xe6, 0xda, 0xf6, 0xda, 0xf6, 0xfb, 0xee, 0xfb, 0xee, 0xfb, 0xee,
    0xfb, 0xee, 0xda, 0xe6, 0x7a, 0xd6, 0x18, 0xbe, 0xd7, 0xb5, 0x18, 0xbe,
    0x18, 0xbe, 0x18, 0xbe, 0x18, 0xbe, 0x17, 0xbe, 0x75, 0xad, 0x57, 0xce,
    0x57, 0xde, 0x77, 0xde, 0x98, 0xe6, 0x57, 0xde, 0x36, 0xce, 0x95, 0xbd,
    0xf8, 0xbd, 0xf8, 0xb5, 0xf8, 0xb5, 0xf8, 0xb5, 0xf8, 0xad, 0x56, 0x8d,
    0x53, 0x64, 0xbb, 0xde, 0x1b, 0xef, 0x1b, 0xef, 0xfb, 0xee, 0x1c, 0xef,
    0x1b, 0xef, 0x1b, 0xf7, 0x1b, 0xef, 0x1c, 0xef, 0x1b, 0xef, 0xf5, 0xd5,
    0xf5, 0xd5, 0x77, 0xe6, 0x77, 0xe6, 0x97, 0xee, 0xd0, 0xbc, 0x57, 0xe6,
    0x57, 0xe6, 0xf1, 0xbc, 0xd9, 0xee, 0xfa, 0xf6, 0xfa, 0xf6, 0x57, 0xe6,
    0x94, 0xd5, 0x56, 0xde, 0x56, 0xde, 0x57, 0xe6, 0x93, 0xd5, 0x78, 0xee,
    0xda, 0xf6, 0xda, 0xee, 0xfa, 0xf6, 0xda, 0xf6, 0xfa, 0xee, 0xfa, 0xf6,
    0x99, 0xee, 0xd5, 0xdd, 0x56, 0xde, 0x56, 0xe6, 0x57, 0xe6, 0x57, 0xde,
    0x57, 0xe6, 0x57, 0xe6, 0x57, 0xe6, 0x77, 0xe6, 0x57, 0xe6, 0x57, 0xe6,
    0x57, 0xe6, 0xed, 0xa3, 0x99, 0xee, 0x36, 0xde, 0x78, 0xee, 0xb9, 0xf6,
    0xda, 0xee, 0xda, 0xf6, 0xfa, 0xf6, 0xfa, 0xee, 0xfb, 0xf6, 0x72, 0x84,
    0x97, 0xa5, 0xd8, 0xad, 0x75, 0xad, 0x18, 0xb6, 0x58, 0xd6, 0x58, 0xd6,
    0x58, 0xce, 0x18, 0xbe, 0xd7, 0xbd, 0x18, 0xbe, 0xf8, 0xad, 0xf8, 0xad,
    0xf8, 0xa5, 0x9b, 0xce, 0x9a, 0xde, 0xfb, 0xe6, 0xfb, 0xee, 0xfb, 0xee,
    0xfb, 0xee, 0xfb, 0xee, 0xfb, 0xee, 0xfb, 0xee, 0x79, 0xde, 0xd5, 0xd5,
    0xb9, 0xee, 0xda, 0xee, 0xb9, 0xee, 0x8d, 0x8b, 0x68, 0x5a, 0xaa, 0x62,
    0xea, 0x6a, 0xd2, 0xac, 0x91, 0xa4, 0xf2, 0xb4, 0x37, 0xde, 0x16, 0xde,
    0x16, 0xde, 0x57, 0xde, 0x57, 0xe6, 0x57, 0xde, 0x57, 0xde, 0xb5, 0xcd,
    0xb4, 0xcd, 0xd5, 0xd5, 0xb4, 0xcd, 0x16, 0xd6, 0x37, 0xde, 0x37, 0xde,
    0x57, 0xde, 0x37, 0xde, 0x37, 0xde, 0x16, 0xd6, 0x33, 0xb5, 0x50, 0x94,
    0xb1, 0xa4, 0x16, 0xde, 0x74, 0xc5, 0xb5, 0xcd, 0xd5, 0xcd, 0xf1, 0xb4,
    0xb1, 0xac, 0x90, 0xa4, 0x90, 0xa4, 0xb1, 0xac, 0x54, 0xc5, 0x12, 0xb5,
    0x6e, 0x6b, 0xc8, 0x29, 0xe8, 0x29, 0xc8, 0x29, 0xc8, 0x31, 0x0b, 0x73,
    0xcb, 0x5a, 0x09, 0x32, 0x87, 0x29, 0xd7, 0xbd, 0xab, 0x42, 0x09, 0x2a,
    0x57, 0xde, 0x37, 0xde, 0xf2, 0xb4, 0x91, 0xa4, 0xee, 0x8b, 0xd2, 0xac,
    0xf3, 0xac, 0x13, 0xb5, 0x13, 0xb5, 0x13, 0xad, 0xb1, 0xa4, 0x91, 0xa4,
    0x91, 0xa4, 0x70, 0x9c, 0x12, 0xb5, 0x12, 0xb5, 0xf5, 0xd5, 0xd1, 0xb4,
    0xd1, 0xb4, 0x90, 0xac, 0x12, 0xb5, 0x2f, 0x9c, 0xee, 0x93, 0xd1, 0xac,
    0xb1, 0xac, 0xd1, 0xb4, 0xd2, 0xb4, 0xf1, 0xb4, 0xf2, 0xb4, 0xf1, 0xb4,
    0x2f, 0x9c, 0xb1, 0xac, 0x94, 0xc5, 0x94, 0xcd, 0x32, 0xbd, 0x70, 0x9c,
    0xd2, 0xac, 0xd1, 0xac, 0x91, 0xa4, 0x2f, 0x9c, 0x74, 0xc5, 0xd1, 0xac,
    0x0f, 0x9c, 0xd5, 0xd5, 0x57, 0xde, 0x57, 0xde, 0x57, 0xde, 0x57, 0xe6,
    0x57, 0xde, 0x57, 0xe6, 0x57, 0xde, 0xb4, 0xcd, 0x93, 0xcd, 0x16, 0xde,
    0x36, 0xde, 0x57, 0xe6, 0x57, 0xde, 0x57, 0xde, 0x57, 0xe6, 0x57, 0xde,
    0x57, 0xe6, 0x57, 0xde, 0x57, 0xe6, 0x57, 0xe6, 0x57, 0xde, 0x57, 0xde,
    0x57, 0xe6, 0x93, 0xcd, 0xb4, 0xcd, 0xb5, 0xd5, 0xd5, 0xd5, 0xd1, 0xbc,
    0x78, 0xe6, 0xda, 0xee, 0xda, 0xee, 0xfa, 0xf6, 0x1b, 0xef, 0x1b, 0xef,
    0xfb, 0xee, 0xfb, 0xee, 0xfb, 0xee, 0xda, 0xe6, 0x59, 0xce, 0xf8, 0xb5,
    0x18, 0xbe, 0x19, 0xbe, 0x19, 0xbe, 0x18, 0xc6, 0x37, 0xde, 0x57, 0xde,
    0x74, 0xb5, 0x58, 0xde, 0x78, 0xde, 0xb5, 0xc5, 0x57, 0xde, 0x57, 0xde,
    0x78, 0xde, 0x38, 0xce, 0x18, 0xb6, 0xf8, 0xb5, 0xf8, 0xad, 0x16, 0x7d,
    0x19, 0xbe, 0xfb, 0xe6, 0x1b, 0xef, 0x1c, 0xef, 0x1c, 0xef, 0x1b, 0xef,
    0x1c, 0xef, 0x1b, 0xef, 0x1b, 0xef, 0x1b, 0xef, 0xba, 0xee, 0x57, 0xe6,
    0x56, 0xe6, 0x57, 0xe6, 0x52, 0xc5, 0xb9, 0xee, 0x57, 0xee, 0x57, 0xe6,
    0x32, 0xc5, 0xda, 0xf6, 0xda, 0xf6, 0xda, 0xf6, 0xda, 0xee, 0x37, 0xe6,
    0xb4, 0xd5, 0x56, 0xde, 0x36, 0xe6, 0x53, 0xcd, 0x57, 0xe6, 0xda, 0xee,
    0xda, 0xee, 0xfa, 0xf6, 0xda, 0xf6, 0xda, 0xee, 0xda, 0xee, 0xda, 0xf6,
    0x98, 0xee, 0xd5, 0xd5, 0x56, 0xe6, 0x57, 0xe6, 0x57, 0xe6, 0x57, 0xde,
    0x57, 0xe6, 0x57, 0xde, 0x56, 0xde, 0x36, 0xde, 0x57, 0xde, 0x36, 0xde,
    0xcc, 0x9b, 0xb9, 0xee, 0x32, 0xc5, 0xd5, 0xd5, 0x53, 0xc5, 0xda, 0xee,
    0xfa, 0xee, 0xfa, 0xf6, 0xfa, 0xf6, 0xda, 0xee, 0xfa, 0xee, 0x51, 0x8c,
    0x96, 0xad, 0xf8, 0xb5, 0x17, 0xc6, 0x37, 0xce, 0x37, 0xde, 0x78, 0xde,
    0x37, 0xd6, 0xd6, 0xbd, 0x38, 0xce, 0x18, 0xbe, 0xf8, 0xad, 0xf8, 0xad,
    0x16, 0x8d, 0x35, 0x9d, 0x99, 0xde, 0xfb, 0xee, 0xfb, 0xee, 0xfb, 0xee,
    0xfb, 0xee, 0xfb, 0xe6, 0x1b, 0xef, 0xfb, 0xee, 0xda, 0xee, 0xfa, 0xee,
    0xda, 0xee, 0xda, 0xee, 0x37, 0xde, 0xce, 0x8b, 0xaa, 0x62, 0x89, 0x5a,
    0x70, 0x9c, 0xf2, 0xac, 0xb1, 0xa4, 0x57, 0xe6, 0x16, 0xde, 0xd1, 0xb4,
    0x57, 0xde, 0x57, 0xde, 0x57, 0xde, 0x57, 0xde, 0x74, 0xcd, 0x53, 0xc5,
    0xb4, 0xcd, 0xb4, 0xcd, 0x16, 0xd6, 0x37, 0xde, 0x37, 0xde, 0x57, 0xde,
    0x57, 0xde, 0x16, 0xde, 0x37, 0xde, 0xd5, 0xc5, 0xb2, 0x9c, 0x50, 0x94,
    0x90, 0xa4, 0x16, 0xd6, 0xf5, 0xd5, 0x12, 0xbd, 0x33, 0xbd, 0x6f, 0xa4,
    0x50, 0xa4, 0x90, 0xa4, 0x90, 0xa4, 0x90, 0xa4, 0xb1, 0xac, 0x91, 0x9c,
    0x6a, 0x4a, 0x87, 0x21, 0xa7, 0x29, 0xc8, 0x29, 0x28, 0x42, 0x6c, 0x7b,
    0xeb, 0x5a, 0x4a, 0x3a, 0xd7, 0xb5, 0xab, 0x42, 0xe9, 0x29, 0x09, 0x2a,
    0x57, 0xde, 0x16, 0xd6, 0xb1, 0xac, 0x91, 0xa4, 0x70, 0x9c, 0x13, 0xad,
    0x13, 0xb5, 0x13, 0xad, 0xf3, 0xac, 0xd2, 0xac, 0x91, 0xa4, 0x70, 0xa4,
    0x50, 0x9c, 0xb1, 0xac, 0xd2, 0xac, 0x32, 0xbd, 0x94, 0xcd, 0x12, 0xbd,
    0x73, 0xc5, 0xf2, 0xb4, 0xf1, 0xb4, 0xed, 0x93, 0xad, 0x8b, 0xb1, 0xac,
    0xd1, 0xac, 0xd1, 0xb4, 0xf2, 0xb4, 0xf2, 0xac, 0xf2, 0xb4, 0xf2, 0xb4,
    0xb0, 0xac, 0x90, 0xac, 0xd1, 0xac, 0x74, 0xc5, 0x33, 0xbd, 0x70, 0xa4,
    0xb1, 0xac, 0xd1, 0xac, 0x70, 0xa4, 0xee, 0x93, 0x74, 0xc5, 0x16, 0xd6,
    0x53, 0xc5, 0x0e, 0x9c, 0x36, 0xde, 0x57, 0xde, 0x37, 0xde, 0x57, 0xe6,
    0x57, 0xde, 0x57, 0xe6, 0x57, 0xde, 0x36, 0xde, 0x16, 0xde, 0x36, 0xde,
    0x16, 0xde, 0x37, 0xde, 0x57, 0xde, 0x57, 0xde, 0xd5, 0xd5, 0x57, 0xde,
    0x57, 0xde, 0x57, 0xe6, 0x57, 0xde, 0x57, 0xe6, 0x57, 0xde, 0x57, 0xe6,
    0x57, 0xde, 0x57, 0xe6, 0x36, 0xe6, 0x53, 0xc5, 0x94, 0xcd, 0x6f, 0xac,
    0x78, 0xe6, 0xda, 0xf6, 0xda, 0xf6, 0xb9, 0xee, 0xda, 0xf6, 0x1b, 0xef,
    0x1b, 0xef, 0x1b, 0xef, 0x1b, 0xef, 0xb6, 0xbd, 0x52, 0x7c, 0x56, 0x9d,
    0x18, 0xb6, 0x38, 0xbe, 0x38, 0xbe, 0x17, 0xc6, 0x57, 0xde, 0x77, 0xe6,
    0x57, 0xe6, 0x98, 0xe6, 0x98, 0xe6, 0x78, 0xe6, 0x57, 0xde, 0x77, 0xde,
    0x77, 0xe6, 0x58, 0xd6, 0x38, 0xbe, 0x19, 0xb6, 0xd5, 0x84, 0x52, 0x74,
    0x9a, 0xde, 0x1b, 0xef, 0x1b, 0xef, 0xfb, 0xee, 0x1b, 0xf7, 0x1b, 0xef,
    0x1c, 0xf7, 0x1c, 0xef, 0x1b, 0xf7, 0xfb, 0xee, 0x57, 0xe6, 0x16, 0xde,
    0xb4, 0xd5, 0x57, 0xe6, 0xd9, 0xee, 0xb4, 0xd5, 0x36, 0xe6, 0x57, 0xe6,
    0xfa, 0xf6, 0xfa, 0xf6, 0xfa, 0xf6, 0xfa, 0xf6, 0x99, 0xee, 0x16, 0xde,
    0x56, 0xde, 0x36, 0xde, 0x32, 0xc5, 0xf6, 0xdd, 0xda, 0xee, 0xda, 0xee,
    0xda, 0xf6, 0xfa, 0xf6, 0xfa, 0xee, 0xda, 0xf6, 0xda, 0xf6, 0x99, 0xee,
    0x94, 0xcd, 0x56, 0xde, 0x57, 0xe6, 0x57, 0xe6, 0x56, 0xde, 0x57, 0xe6,
    0x56, 0xe6, 0x36, 0xde, 0xd5, 0xd5, 0x36, 0xde, 0xf5, 0xd5, 0x2e, 0xa4,
    0xfa, 0xf6, 0xb9, 0xee, 0xf6, 0xdd, 0xb5, 0xcd, 0xda, 0xee, 0xfa, 0xf6,
    0xfa, 0xf6, 0xfa, 0xee, 0xfa, 0xf6, 0xfa, 0xf6, 0xfa, 0xf6, 0xfa, 0xee,
    0x38, 0xc6, 0x18, 0xbe, 0x17, 0xc6, 0x16, 0xd6, 0x57, 0xde, 0x98, 0xe6,
    0x57, 0xde, 0x37, 0xd6, 0x37, 0xc6, 0x38, 0xc6, 0x18, 0xb6, 0x36, 0x8d,
    0x11, 0x74, 0x17, 0xce, 0xfb, 0xee, 0xfb, 0xee, 0xfb, 0xee, 0xfb, 0xee,
    0xfb, 0xee, 0xfb, 0xee, 0xfb, 0xee, 0x99, 0xe6, 0x37, 0xde, 0xda, 0xee,
    0xda, 0xf6, 0xda, 0xee, 0x0f, 0x9c, 0x89, 0x62, 0xca, 0x62, 0x4c, 0x7b,
    0x91, 0xa4, 0xd2, 0xac, 0x0e, 0x94, 0x36, 0xde, 0xd5, 0xd5, 0x57, 0xe6,
    0x57, 0xde, 0x57, 0xde, 0x37, 0xde, 0x94, 0xcd, 0x53, 0xc5, 0xb5, 0xcd,
    0xb4, 0xcd, 0x16, 0xde, 0x37, 0xde, 0x37, 0xde, 0x37, 0xde, 0x37, 0xde,
    0x36, 0xde, 0x36, 0xde, 0xd5, 0xcd, 0x92, 0x9c, 0xf3, 0xa4, 0x91, 0xa4,
    0x54, 0xbd, 0x16, 0xd6, 0x16, 0xde, 0x94, 0xcd, 0x73, 0xc5, 0xb1, 0xac,
    0x70, 0xa4, 0x70, 0xa4, 0x90, 0xa4, 0x12, 0xb5, 0x91, 0xa4, 0x6e, 0x73,
    0x29, 0x42, 0x87, 0x29, 0xa8, 0x29, 0xe8, 0x29, 0xec, 0x5a, 0x0f, 0x94,
    0x2c, 0x5b, 0x35, 0xa5, 0x0d, 0x53, 0x09, 0x2a, 0x09, 0x2a, 0x09, 0x2a,
    0x37, 0xde, 0xd1, 0xac, 0x90, 0xa4, 0xce, 0x8b, 0x13, 0xad, 0x13, 0xb5,
    0x13, 0xb5, 0x13, 0xad, 0xf2, 0xac, 0x70, 0x9c, 0x50, 0x9c, 0x70, 0xa4,
    0x90, 0xa4, 0x91, 0xa4, 0x4f, 0x9c, 0x32, 0xbd, 0xd1, 0xb4, 0x94, 0xcd,
    0xb4, 0xcd, 0x94, 0xcd, 0x12, 0xbd, 0xcd, 0x93, 0x8c, 0x83, 0xb1, 0xac,
    0x53, 0xbd, 0x12, 0xb5, 0xf1, 0xb4, 0xf1, 0xb4, 0xf2, 0xb4, 0x12, 0xbd,
    0xd1, 0xb4, 0x70, 0xa4, 0x12, 0xb5, 0x32, 0xbd, 0x33, 0xbd, 0xd2, 0xac,
    0xb1, 0xac, 0x70, 0x9c, 0x2f, 0x94, 0xb1, 0xac, 0x94, 0xc5, 0x36, 0xde,
    0xf2, 0xb4, 0x2f, 0x9c, 0xd5, 0xd5, 0x37, 0xde, 0x57, 0xe6, 0x57, 0xde,
    0x57, 0xe6, 0x57, 0xe6, 0x57, 0xe6, 0x57, 0xde, 0xb5, 0xd5, 0x94, 0xcd,
    0xf5, 0xdd, 0x15, 0xde, 0x16, 0xde, 0x37, 0xde, 0x57, 0xe6, 0xd5, 0xd5,
    0x57, 0xe6, 0x57, 0xe6, 0x57, 0xde, 0x57, 0xde, 0x57, 0xe6, 0x57, 0xe6,
    0x57, 0xde, 0x57, 0xde, 0xb4, 0xcd, 0x32, 0xc5, 0x73, 0xcd, 0x8f, 0xb4,
    0x58, 0xe6, 0xda, 0xee, 0xd9, 0xee, 0x74, 0xcd, 0xb9, 0xf6, 0xfb, 0xee,
    0x1b, 0xef, 0xfb, 0xee, 0xfb, 0xee, 0xfb, 0xee, 0xf8, 0xbd, 0x56, 0x95,
    0xd8, 0xad, 0x18, 0xc6, 0x38, 0xc6, 0x57, 0xde, 0x77, 0xe6, 0x77, 0xe6,
    0x77, 0xe6, 0x77, 0xe6, 0x98, 0xe6, 0x98, 0xe6, 0x77, 0xe6, 0x57, 0xe6,
    0x77, 0xde, 0x77, 0xde, 0x38, 0xc6, 0x77, 0x9d, 0xd5, 0x84, 0x9a, 0xd6,
    0x1b, 0xef, 0x1b, 0xef, 0x1b, 0xef, 0x1b, 0xef, 0x1b, 0xef, 0x1b, 0xef,
    0x1b, 0xef, 0x1b, 0xef, 0x1b, 0xef, 0x58, 0xe6, 0x94, 0xcd, 0x57, 0xe6,
    0xfb, 0xf6, 0xfa, 0xf6, 0x37, 0xde, 0xd5, 0xdd, 0xb9, 0xf6, 0xda, 0xee,
    0xfa, 0xf6, 0xfa, 0xee, 0xfa, 0xf6, 0xfa, 0xf6, 0x57, 0xe6, 0x94, 0xcd,
    0x36, 0xde, 0x53, 0xcd, 0xf6, 0xdd, 0xda, 0xee, 0xda, 0xf6, 0xfa, 0xf6,
    0xfa, 0xee, 0xda, 0xf6, 0xfa, 0xf6, 0xda, 0xee, 0xd9, 0xee, 0x98, 0xee,
    0x36, 0xe6, 0x57, 0xe6, 0x57, 0xe6, 0x57, 0xde, 0x57, 0xe6, 0x57, 0xe6,
    0x36, 0xde, 0xd4, 0xd5, 0x36, 0xde, 0xf5, 0xdd, 0xd1, 0xbc, 0xd9, 0xee,
    0xda, 0xf6, 0x53, 0xc5, 0x57, 0xe6, 0xfa, 0xf6, 0xda, 0xee, 0xda, 0xf6,
    0xfa, 0xf6, 0xda, 0xee, 0xfa, 0xf6, 0xfa, 0xee, 0xda, 0xf6, 0x38, 0xce,
    0x18, 0xbe, 0x18, 0xbe, 0x77, 0xde, 0x57, 0xe6, 0x99, 0xe6, 0x78, 0xe6,
    0x57, 0xe6, 0x57, 0xde, 0x38, 0xce, 0x18, 0xc6, 0x96, 0xa5, 0x72, 0x84,
    0xd7, 0xbd, 0xfb, 0xee, 0xfb, 0xee, 0xfb, 0xee, 0x1b, 0xef, 0xfb, 0xee,
    0xfb, 0xee, 0xfa, 0xee, 0xda, 0xee, 0xb9, 0xee, 0xd9, 0xee, 0xda, 0xee,
    0xda, 0xf6, 0x17, 0xde, 0x91, 0xa4, 0x2c, 0x73, 0xca, 0x62, 0x50, 0x9c,
    0xd2, 0xa4, 0x91, 0xa4, 0xf2, 0xb4, 0xf6, 0xd5, 0x12, 0xbd, 0x57, 0xde,
    0x37, 0xde, 0x37, 0xde, 0xb5, 0xd5, 0x73, 0xc5, 0xb4, 0xcd, 0xf5, 0xd5,
    0x37, 0xde, 0x37, 0xde, 0x37, 0xde, 0x37, 0xde, 0x57, 0xde, 0x37, 0xde,
    0x16, 0xd6, 0x94, 0xc5, 0x0f, 0x8c, 0x34, 0xad, 0xf3, 0xac, 0x33, 0xb5,
    0xf6, 0xd5, 0x94, 0xc5, 0xd1, 0xb4, 0x12, 0xb5, 0xf2, 0xb4, 0x70, 0xa4,
    0x70, 0xa4, 0x90, 0xa4, 0x90, 0xa4, 0x54, 0xbd, 0x10, 0x94, 0xaf, 0x73,
    0x29, 0x42, 0xa7, 0x29, 0x87, 0x29, 0xa7, 0x29, 0x0b, 0x63, 0x0f, 0x8c,
    0xd3, 0x9c, 0xec, 0x52, 0x09, 0x2a, 0x09, 0x2a, 0x09, 0x2a, 0x09, 0x2a,
    0x16, 0xd6, 0xb1, 0xac, 0x91, 0xa4, 0xf2, 0xac, 0xf3, 0xac, 0x13, 0xb5,
    0xf3, 0xb4, 0x13, 0xb5, 0x13, 0xb5, 0x50, 0x9c, 0x50, 0x9c, 0x70, 0x9c,
    0x91, 0xa4, 0x91, 0xa4, 0x0b, 0x73, 0x12, 0xbd, 0xd1, 0xb4, 0xb4, 0xcd,
    0xb4, 0xcd, 0x73, 0xc5, 0x12, 0xbd, 0x2e, 0x9c, 0xad, 0x8b, 0xb1, 0xac,
    0x94, 0xc5, 0x53, 0xc5, 0xf2, 0xb4, 0xf2, 0xb4, 0xf2, 0xb4, 0x12, 0xbd,
    0xd1, 0xb4, 0x0e, 0x9c, 0xd1, 0xb4, 0x90, 0xa4, 0x32, 0xbd, 0xb1, 0xac,
    0xd2, 0xac, 0x91, 0xa4, 0x70, 0x9c, 0xd2, 0xac, 0x50, 0x9c, 0x94, 0xcd,
    0xee, 0x93, 0xf2, 0xb4, 0x2e, 0x9c, 0x37, 0xe6, 0x57, 0xe6, 0x57, 0xde,
    0x57, 0xde, 0x57, 0xe6, 0x57, 0xde, 0x57, 0xe6, 0x57, 0xde, 0xd1, 0xbc,
    0xf1, 0xbc, 0xb4, 0xd5, 0x73, 0xcd, 0xd5, 0xd5, 0x37, 0xde, 0x57, 0xe6,
    0x36, 0xde, 0x57, 0xe6, 0x57, 0xe6, 0x57, 0xde, 0x57, 0xde, 0x57, 0xe6,
    0x57, 0xde, 0x57, 0xde, 0x16, 0xde, 0x15, 0xde, 0x94, 0xd5, 0xd0, 0xbc,
    0x58, 0xe6, 0xd9, 0xee, 0xda, 0xee, 0xda, 0xee, 0xda, 0xee, 0xfa, 0xf6,
    0xda, 0xee, 0xfb, 0xee, 0xfb, 0xee, 0xfb, 0xee, 0xfb, 0xe6, 0x18, 0xbe,
    0x97, 0xa5, 0xf8, 0xbd, 0x38, 0xce, 0x57, 0xde, 0x56, 0xe6, 0x57, 0xe6,
    0x57, 0xe6, 0x97, 0xe6, 0x98, 0xe6, 0x77, 0xe6, 0x78, 0xe6, 0x77, 0xe6,
    0x57, 0xde, 0x57, 0xde, 0xd7, 0xb5, 0x56, 0x95, 0x9a, 0xce, 0x1b, 0xef,
    0x1b, 0xef, 0xfb, 0xee, 0x1b, 0xef, 0xfb, 0xee, 0x1c, 0xef, 0x1b, 0xef,
    0x1b, 0xef, 0x1c, 0xef, 0xfa, 0xee, 0xd9, 0xee, 0xfa, 0xf6, 0xfb, 0xf6,
    0xfa, 0xf6, 0xb9, 0xee, 0x37, 0xde, 0xb9, 0xee, 0xda, 0xee, 0xda, 0xf6,
    0xfa, 0xf6, 0xfa, 0xee, 0xda, 0xee, 0xd9, 0xee, 0x57, 0xe6, 0x57, 0xe6,
    0xd5, 0xdd, 0x16, 0xde, 0xda, 0xf6, 0xda, 0xee, 0xda, 0xf6, 0xfa, 0xf6,
    0xfa, 0xee, 0xda, 0xf6, 0xda, 0xf6, 0xda, 0xee, 0xb9, 0xee, 0x52, 0xc5,
    0x16, 0xde, 0x56, 0xde, 0x56, 0xe6, 0x56, 0xe6, 0x57, 0xe6, 0x57, 0xde,
    0xf5, 0xd5, 0x16, 0xde, 0x16, 0xde, 0x94, 0xcd, 0xb9, 0xee, 0xda, 0xee,
    0x78, 0xe6, 0xf5, 0xdd, 0x37, 0xde, 0xfa, 0xee, 0xda, 0xf6, 0xda, 0xee,
    0xfa, 0xee, 0xfa, 0xf6, 0xfa, 0xf6, 0xda, 0xee, 0xfa, 0xee, 0xf4, 0x9c,
    0xd8, 0xb5, 0x58, 0xd6, 0x77, 0xe6, 0x57, 0xe6, 0x98, 0xe6, 0x77, 0xe6,
    0x57, 0xde, 0x57, 0xde, 0x17, 0xce, 0x96, 0xad, 0xd3, 0x94, 0xf7, 0xc5,
    0xfb, 0xee, 0xfb, 0xee, 0xfb, 0xee, 0xfb, 0xee, 0x1b, 0xef, 0x1b, 0xef,
    0xfb, 0xee, 0xda, 0xee, 0xb9, 0xee, 0xd9, 0xee, 0xb9, 0xee, 0xb9, 0xee,
    0xb9, 0xee, 0x91, 0xac, 0x0b, 0x73, 0xea, 0x6a, 0xce, 0x83, 0xb2, 0xa4,
    0xd2, 0xac, 0xee, 0x93, 0x16, 0xd6, 0xb4, 0xcd, 0x36, 0xde, 0x37, 0xde,
    0x36, 0xde, 0xf5, 0xd5, 0x94, 0xcd, 0xb4, 0xcd, 0xd5, 0xd5, 0x57, 0xde,
    0x57, 0xde, 0x37, 0xde, 0x57, 0xde, 0x57, 0xde, 0x37, 0xde, 0x36, 0xde,
    0x12, 0xb5, 0xce, 0x83, 0xf3, 0xa4, 0xd3, 0xa4, 0x50, 0x94, 0x12, 0xad,
    0x16, 0xd6, 0x73, 0xc5, 0x12, 0xbd, 0x12, 0xbd, 0xd2, 0xb4, 0x4f, 0x9c,
    0x70, 0xa4, 0x90, 0xac, 0xb1, 0xac, 0x70, 0xa4, 0x08, 0x3a, 0x6e, 0x6b,
    0x49, 0x42, 0x87, 0x21, 0xa7, 0x29, 0xe8, 0x39, 0x4c, 0x73, 0x91, 0x9c,
    0x0c, 0x5b, 0x09, 0x2a, 0x0a, 0x32, 0x2a, 0x32, 0x09, 0x2a, 0x87, 0x29,
    0xb1, 0xa4, 0x50, 0x9c, 0xd2, 0xa4, 0xf2, 0xac, 0x13, 0xb5, 0x13, 0xad,
    0xf2, 0xac, 0xf3, 0xac, 0xf2, 0xac, 0xb1, 0xa4, 0x70, 0xa4, 0x91, 0xa4,
    0xb1, 0xa4, 0xb1, 0xac, 0x6c, 0x7b, 0xf2, 0xb4, 0x12, 0xbd, 0x94, 0xcd,
    0xb4, 0xd5, 0x94, 0xcd, 0x33, 0xc5, 0x0e, 0x9c, 0xad, 0x8b, 0xb1, 0xac,
    0x94, 0xc5, 0x16, 0xde, 0x12, 0xbd, 0xd1, 0xac, 0xf2, 0xb4, 0x12, 0xb5,
    0xf1, 0xb4, 0xf2, 0xb4, 0xb1, 0xac, 0xd1, 0xb4, 0xd1, 0xb4, 0xb1, 0xac,
    0x91, 0xa4, 0xb1, 0xa4, 0xf2, 0xac, 0xf2, 0xac, 0xb1, 0xac, 0x94, 0xcd,
    0x4f, 0x9c, 0xd2, 0xac, 0xb1, 0xac, 0x73, 0xc5, 0x57, 0xe6, 0x57, 0xe6,
    0x57, 0xde, 0x57, 0xde, 0x57, 0xde, 0x57, 0xe6, 0x37, 0xde, 0xb0, 0xb4,
    0xee, 0x9b, 0x12, 0xbd, 0x53, 0xc5, 0xf1, 0xbc, 0xd5, 0xd5, 0x57, 0xde,
    0xd5, 0xd5, 0x16, 0xde, 0x57, 0xde, 0x57, 0xe6, 0x57, 0xde, 0x57, 0xe6,
    0x57, 0xde, 0x37, 0xe6, 0x37, 0xde, 0xf5, 0xd5, 0x52, 0xc5, 0x32, 0xc5,
    0x78, 0xee, 0xd9, 0xee, 0xda, 0xf6, 0xda, 0xf6, 0xda, 0xf6, 0xb9, 0xee,
    0xb9, 0xf6, 0xfa, 0xee, 0xfb, 0xee, 0xfb, 0xee, 0x1b, 0xef, 0x1b, 0xef,
    0xd8, 0xb5, 0x76, 0xa5, 0xd6, 0xc5, 0x56, 0xde, 0x56, 0xe6, 0x56, 0xe6,
    0x77, 0xe6, 0x98, 0xe6, 0x98, 0xe6, 0x78, 0xe6, 0x77, 0xe6, 0x98, 0xe6,
    0x57, 0xde, 0xd6, 0xbd, 0x97, 0xa5, 0x59, 0xc6, 0xfb, 0xee, 0x1b, 0xef,
    0xfb, 0xee, 0x1c, 0xef, 0x1c, 0xef, 0xfb, 0xee, 0x1b, 0xef, 0x1b, 0xef,
    0x1b, 0xef, 0x1b, 0xf7, 0xfb, 0xf6, 0xfa, 0xf6, 0xfa, 0xf6, 0xfa, 0xf6,
    0xb9, 0xee, 0xda, 0xee, 0xfa, 0xf6, 0xfa, 0xf6, 0xfa, 0xee, 0xda, 0xf6,
    0xda, 0xf6, 0xfa, 0xf6, 0xda, 0xee, 0x37, 0xe6, 0xd5, 0xd5, 0x77, 0xee,
    0xb9, 0xee, 0xda, 0xf6, 0xda, 0xee, 0xda, 0xf6, 0xda, 0xee, 0xfa, 0xee,
    0xda, 0xf6, 0xfa, 0xf6, 0xfa, 0xf6, 0xda, 0xee, 0x57, 0xe6, 0x16, 0xde,
    0x36, 0xde, 0x57, 0xde, 0x57, 0xe6, 0x36, 0xde, 0x36, 0xde, 0x15, 0xde,
    0x16, 0xde, 0x57, 0xe6, 0x36, 0xe6, 0xb9, 0xee, 0xda, 0xf6, 0x78, 0xe6,
    0xf1, 0xb4, 0x53, 0xc5, 0xda, 0xf6, 0xfa, 0xee, 0xd9, 0xf6, 0xda, 0xf6,
    0xfa, 0xee, 0xda, 0xee, 0xda, 0xf6, 0xfa, 0xf6, 0xda, 0xee, 0xb6, 0xbd,
    0xd7, 0xbd, 0x77, 0xde, 0x77, 0xe6, 0x77, 0xe6, 0x98, 0xe6, 0x77, 0xe6,
    0x57, 0xde, 0x16, 0xd6, 0x54, 0xad, 0xb3, 0x94, 0xb6, 0xbd, 0x1b, 0xef,
    0xfb, 0xee, 0xfb, 0xee, 0xfb, 0xee, 0xfb, 0xee, 0x1b, 0xef, 0xfb, 0xee,
    0xfa, 0xee, 0xb9, 0xee, 0x57, 0xe6, 0xb9, 0xee, 0xb9, 0xee, 0xb9, 0xee,
    0xd6, 0xd5, 0xd2, 0xb4, 0xce, 0x8b, 0x2b, 0x73, 0x70, 0x9c, 0xf2, 0xac,
    0xf2, 0xac, 0x4f, 0x9c, 0x94, 0xcd, 0xb5, 0xd5, 0x37, 0xde, 0x16, 0xde,
    0xd5, 0xd5, 0xb4, 0xcd, 0xb4, 0xcd, 0xb5, 0xcd, 0x37, 0xde, 0x37, 0xde,
    0x57, 0xde, 0x57, 0xde, 0x57, 0xde, 0x57, 0xde, 0x36, 0xde, 0x33, 0xbd,
    0xad, 0x8b, 0xf3, 0xac, 0xd3, 0xa4, 0x91, 0xa4, 0x71, 0x9c, 0x70, 0x9c,
    0xf6, 0xd5, 0x53, 0xc5, 0x12, 0xbd, 0xf2, 0xb4, 0xd1, 0xac, 0x2f, 0x9c,
    0x90, 0xa4, 0x91, 0xac, 0xf2, 0xb4, 0xce, 0x83, 0xc8, 0x29, 0xcb, 0x5a,
    0xcb, 0x52, 0x67, 0x21, 0xc8, 0x29, 0xec, 0x5a, 0x50, 0x9c, 0x4d, 0x73,
    0x29, 0x32, 0xe9, 0x29, 0x09, 0x2a, 0x09, 0x2a, 0xc8, 0x31, 0x46, 0x21,
    0x90, 0xa4, 0x0f, 0x94, 0xf3, 0xac, 0xf2, 0xac, 0x13, 0xad, 0xf3, 0xac,
    0xf2, 0xac, 0xf2, 0xac, 0x70, 0x9c, 0x70, 0xa4, 0x91, 0xa4, 0x91, 0xa4,
    0x90, 0xac, 0x90, 0xa4, 0x90, 0xa4, 0xb1, 0xb4, 0x12, 0xbd, 0x73, 0xc5,
    0xb4, 0xcd, 0xb4, 0xcd, 0x53, 0xc5, 0xcd, 0x8b, 0xcd, 0x8b, 0xb1, 0xac,
    0x74, 0xc5, 0xf5, 0xd5, 0x33, 0xbd, 0xd1, 0xb4, 0xd1, 0xb4, 0xf2, 0xb4,
    0xf2, 0xb4, 0x12, 0xbd, 0x90, 0xa4, 0xd2, 0xac, 0xf2, 0xb4, 0xd2, 0xac,
    0x90, 0xa4, 0x91, 0xa4, 0xf2, 0xac, 0xf2, 0xb4, 0xf2, 0xb4, 0x13, 0xb5,
    0x74, 0xc5, 0xf2, 0xb4, 0x12, 0xb5, 0x2e, 0x9c, 0x16, 0xde, 0x37, 0xde,
    0x57, 0xde, 0x37, 0xe6, 0x57, 0xe6, 0x37, 0xde, 0x37, 0xde, 0x32, 0xbd,
    0x90, 0xac, 0x4f, 0xa4, 0x33, 0xbd, 0x52, 0xc5, 0x11, 0xbd, 0x16, 0xde,
    0x56, 0xe6, 0xb4, 0xd5, 0x37, 0xde, 0x57, 0xde, 0x57, 0xe6, 0x57, 0xde,
    0x57, 0xde, 0x37, 0xe6, 0x37, 0xde, 0x16, 0xde, 0x73, 0xcd, 0x53, 0xcd,
    0x98, 0xee, 0xda, 0xf6, 0xda, 0xee, 0xda, 0xf6, 0xd9, 0xee, 0x78, 0xe6,
    0xb9, 0xf6, 0xd9, 0xee, 0xfa, 0xee, 0xfb, 0xee, 0x1b, 0xef, 0x1b, 0xef,
    0x1c, 0xef, 0x96, 0xb5, 0x55, 0xad, 0x94, 0xc5, 0xf6, 0xd5, 0x57, 0xe6,
    0x77, 0xe6, 0x98, 0xe6, 0x98, 0xe6, 0x98, 0xe6, 0xb9, 0xe6, 0xb9, 0xe6,
    0xb6, 0xc5, 0x14, 0x95, 0x59, 0xc6, 0x1b, 0xef, 0xfb, 0xee, 0x1b, 0xef,
    0xfb, 0xee, 0x1b, 0xef, 0x1b, 0xef, 0x1b, 0xef, 0x1b, 0xef, 0x1b, 0xef,
    0x1b, 0xef, 0xfb, 0xf6, 0xda, 0xee, 0xfa, 0xf6, 0xfa, 0xf6, 0xda, 0xee,
    0xda, 0xf6, 0xda, 0xee, 0xda, 0xf6, 0xfa, 0xf6, 0xda, 0xf6, 0xfa, 0xee,
    0xda, 0xf6, 0xfa, 0xf6, 0x98, 0xee, 0xd5, 0xd5, 0x16, 0xde, 0xfa, 0xf6,
    0xda, 0xf6, 0xfa, 0xf6, 0xfa, 0xf6, 0xfa, 0xee, 0xfa, 0xf6, 0xda, 0xee,
    0xda, 0xee, 0xfa, 0xf6, 0xfa, 0xee, 0x37, 0xde, 0xf5, 0xd5, 0x36, 0xde,
    0x36, 0xe6, 0x36, 0xe6, 0x16, 0xde, 0xf5, 0xd5, 0xf5, 0xdd, 0x94, 0xcd,
    0x16, 0xde, 0xb9, 0xee, 0xda, 0xf6, 0xda, 0xf6, 0xd9, 0xf6, 0x73, 0xc5,
    0x73, 0xc5, 0xda, 0xf6, 0xda, 0xf6, 0xfa, 0xf6, 0xfa, 0xee, 0xda, 0xf6,
    0xfa, 0xf6, 0xda, 0xee, 0xda, 0xee, 0xfa, 0xf6, 0xfa, 0xf6, 0xda, 0xe6,
    0xf3, 0xa4, 0x36, 0xd6, 0x77, 0xe6, 0x78, 0xde, 0x77, 0xe6, 0x98, 0xe6,
    0x37, 0xde, 0x13, 0xad, 0xd3, 0x9c, 0xd7, 0xc5, 0xfb, 0xee, 0xfb, 0xee,
    0xfb, 0xee, 0x1b, 0xef, 0x1b, 0xef, 0x1b, 0xef, 0xfb, 0xee, 0xfa, 0xee,
    0xd9, 0xee, 0xb9, 0xee, 0xda, 0xee, 0xda, 0xee, 0xb9, 0xee, 0xb9, 0xee,
    0xf2, 0xbc, 0xee, 0x93, 0xad, 0x83, 0xef, 0x8b, 0xd2, 0xac, 0xd2, 0xac,
    0xb2, 0xa4, 0x94, 0xcd, 0x33, 0xc5, 0x37, 0xde, 0x16, 0xde, 0xb4, 0xcd,
    0x94, 0xcd, 0x16, 0xde, 0xd5, 0xd5, 0x37, 0xde, 0x37, 0xde, 0x36, 0xde,
    0x37, 0xde, 0x57, 0xde, 0x57, 0xde, 0x57, 0xde, 0x73, 0xc5, 0xae, 0x83,
    0x13, 0xad, 0xf3, 0xac, 0xd2, 0xa4, 0x30, 0x94, 0x70, 0x9c, 0x70, 0xa4,
    0x74, 0xcd, 0xf1, 0xb4, 0xd1, 0xb4, 0xb1, 0xac, 0xd1, 0xac, 0x0f, 0x94,
    0x90, 0xa4, 0xb1, 0xac, 0x90, 0xa4, 0xe8, 0x39, 0x87, 0x21, 0x08, 0x42,
    0xd0, 0x7b, 0x87, 0x21, 0x09, 0x3a, 0xce, 0x7b, 0xb1, 0xa4, 0x2c, 0x63,
    0x2a, 0x32, 0x2a, 0x2a, 0xe9, 0x29, 0xc8, 0x29, 0x66, 0x21, 0x46, 0x21,
    0x91, 0xa4, 0xf3, 0xac, 0x13, 0xb5, 0xf2, 0xb4, 0xf2, 0xac, 0xf2, 0xac,
    0xb1, 0xac, 0xb1, 0xa4, 0x50, 0x9c, 0x50, 0xa4, 0x91, 0xa4, 0xb1, 0xa4,
    0xb1, 0xac, 0x91, 0xac, 0x90, 0xa4, 0xee, 0x93, 0x12, 0xbd, 0x32, 0xbd,
    0x94, 0xcd, 0xd5, 0xd5, 0x73, 0xc5, 0x0e, 0x94, 0xad, 0x8b, 0xb1, 0xac,
    0x73, 0xc5, 0xf5, 0xd5, 0xf6, 0xd5, 0xb1, 0xac, 0xd1, 0xac, 0xd1, 0xb4,
    0xf2, 0xb4, 0x33, 0xbd, 0xb0, 0xac, 0xf2, 0xb4, 0xf2, 0xb4, 0xb1, 0xac,
    0xb1, 0xa4, 0xf2, 0xac, 0xf2, 0xac, 0xf2, 0xac, 0xf2, 0xb4, 0x70, 0xa4,
    0x16, 0xd6, 0xd1, 0xac, 0x12, 0xb5, 0x12, 0xbd, 0xd1, 0xb4, 0x37, 0xde,
    0x57, 0xde, 0x57, 0xde, 0x57, 0xe6, 0x57, 0xde, 0x57, 0xde, 0x36, 0xde,
    0x33, 0xbd, 0xd1, 0xac, 0xb1, 0xac, 0x74, 0xc5, 0xb0, 0xb4, 0x32, 0xc5,
    0x36, 0xde, 0x15, 0xde, 0x16, 0xde, 0x37, 0xde, 0x37, 0xde, 0x37, 0xde,
    0x57, 0xde, 0x57, 0xe6, 0x57, 0xde, 0x36, 0xde, 0xf5, 0xdd, 0xf1, 0xbc,
    0xf6, 0xdd, 0xb9, 0xee, 0xd9, 0xee, 0xd9, 0xf6, 0xda, 0xee, 0xd9, 0xee,
    0xda, 0xf6, 0xd9, 0xee, 0xda, 0xee, 0xda, 0xee, 0xda, 0xee, 0xfb, 0xee,
    0x1b, 0xef, 0xfb, 0xee, 0x99, 0xde, 0xd6, 0xc5, 0x17, 0xd6, 0x98, 0xe6,
    0x78, 0xe6, 0x78, 0xe6, 0x77, 0xde, 0x77, 0xe6, 0xda, 0xee, 0xfb, 0xee,
    0x17, 0xce, 0x18, 0xce, 0x1b, 0xef, 0xfb, 0xee, 0x1c, 0xef, 0x1b, 0xef,
    0x1b, 0xef, 0x1b, 0xef, 0x1c, 0xef, 0xfb, 0xee, 0x1b, 0xef, 0xfb, 0xf6,
    0xfb, 0xf6, 0xfa, 0xf6, 0xfa, 0xf6, 0xfa, 0xee, 0xda, 0xf6, 0xda, 0xee,
    0xda, 0xf6, 0xda, 0xf6, 0xfa, 0xee, 0xda, 0xf6, 0xda, 0xee, 0xfa, 0xf6,
    0xfa, 0xf6, 0xda, 0xee, 0xb9, 0xee, 0x98, 0xee, 0xfa, 0xf6, 0xda, 0xee,
    0xda, 0xee, 0xfa, 0xf6, 0xfa, 0xf6, 0xfa, 0xee, 0xfa, 0xf6, 0xfa, 0xf6,
    0xda, 0xee, 0xda, 0xf6, 0xd9, 0xee, 0x94, 0xcd, 0x36, 0xe6, 0x57, 0xe6,
    0x16, 0xde, 0xf5, 0xdd, 0x16, 0xde, 0xb4, 0xd5, 0xb4, 0xd5, 0x94, 0xd5,
    0x98, 0xee, 0xfa, 0xf6, 0xda, 0xee, 0xfa, 0xee, 0x37, 0xde, 0xb5, 0xd5,
    0xda, 0xee, 0xda, 0xf6, 0xfa, 0xf6, 0xfa, 0xee, 0xfa, 0xf6, 0xfa, 0xf6,
    0xda, 0xee, 0xda, 0xf6, 0xfa, 0xf6, 0xda, 0xee, 0xda, 0xee, 0xfb, 0xf6,
    0x54, 0xb5, 0x37, 0xde, 0x57, 0xde, 0x77, 0xe6, 0x57, 0xe6, 0xb9, 0xe6,
    0x78, 0xde, 0x75, 0xad, 0x79, 0xd6, 0xfb, 0xee, 0xfb, 0xee, 0x1b, 0xef,
    0x1b, 0xef, 0xfb, 0xee, 0xfb, 0xee, 0x99, 0xe6, 0xda, 0xee, 0xd9, 0xee,
    0xd9, 0xee, 0xba, 0xee, 0xda, 0xf6, 0xd9, 0xf6, 0xd9, 0xee, 0x37, 0xe6,
    0xf2, 0xbc, 0x91, 0xa4, 0xee, 0x8b, 0x30, 0x9c, 0xd2, 0xac, 0xd2, 0xac,
    0x70, 0xa4, 0x12, 0xbd, 0x57, 0xde, 0x36, 0xde, 0xb4, 0xcd, 0x94, 0xcd,
    0xf5, 0xd5, 0x37, 0xde, 0x37, 0xde, 0x37, 0xde, 0x37, 0xde, 0x37, 0xde,
    0x57, 0xde, 0x57, 0xde, 0x36, 0xde, 0xd5, 0xd5, 0x50, 0x9c, 0x14, 0xad,
    0x13, 0xad, 0xf3, 0xa4, 0x71, 0x9c, 0xd2, 0xa4, 0xf2, 0xac, 0x74, 0xc5,
    0x53, 0xc5, 0xd1, 0xb4, 0xf2, 0xb4, 0xb1, 0xac, 0xd1, 0xac, 0xee, 0x93,
    0xb1, 0xa4, 0xd2, 0xac, 0xee, 0x8b, 0x87, 0x21, 0x66, 0x21, 0x29, 0x42,
    0x15, 0xa5, 0xa7, 0x29, 0xcb, 0x5a, 0xf2, 0xac, 0xce, 0x83, 0x4a, 0x3a,
    0x29, 0x32, 0x09, 0x2a, 0xa8, 0x29, 0x67, 0x29, 0x46, 0x21, 0x46, 0x21,
    0xf2, 0xac, 0x13, 0xad, 0x13, 0xb5, 0xf2, 0xac, 0xd2, 0xac, 0xd1, 0xac,
    0x91, 0xac, 0x70, 0xa4, 0x70, 0x9c, 0x91, 0xa4, 0x90, 0xac, 0xb1, 0xa4,
    0xb1, 0xac, 0xb1, 0xac, 0x70, 0x9c, 0x2f, 0x9c, 0xd1, 0xb4, 0x12, 0xbd,
    0x32, 0xbd, 0xb4, 0xcd, 0xb4, 0xcd, 0x4f, 0xa4, 0xad, 0x8b, 0xf2, 0xb4,
    0xb4, 0xcd, 0xf5, 0xd5, 0xf5, 0xd5, 0x32, 0xbd, 0xf2, 0xbc, 0xf1, 0xb4,
    0xf2, 0xb4, 0x32, 0xbd, 0x12, 0xbd, 0xd1, 0xac, 0xf2, 0xb4, 0xb1, 0xa4,
    0x91, 0xa4, 0xf2, 0xac, 0xd2, 0xac, 0x91, 0xa4, 0xd1, 0xac, 0x12, 0xb5,
    0x74, 0xc5, 0x70, 0x9c, 0x12, 0xb5, 0xf2, 0xb4, 0x2f, 0x9c, 0x32, 0xc5,
    0x57, 0xde, 0x57, 0xde, 0x57, 0xe6, 0x57, 0xe6, 0x57, 0xde, 0x57, 0xe6,
    0xf1, 0xb4, 0x91, 0xac, 0xd1, 0xb4, 0xd1, 0xac, 0xd1, 0xb4, 0x0e, 0x9c,
    0x74, 0xcd, 0xf5, 0xd5, 0xd4, 0xd5, 0xf5, 0xd5, 0x37, 0xde, 0x57, 0xde,
    0x57, 0xe6, 0x57, 0xde, 0x37, 0xde, 0x37, 0xde, 0x16, 0xde, 0x6f, 0xac,
    0xd1, 0xc4, 0x99, 0xee, 0xd9, 0xf6, 0xda, 0xee, 0xd9, 0xee, 0xd9, 0xf6,
    0xda, 0xf6, 0xd9, 0xee, 0xd9, 0xee, 0x99, 0xee, 0xf6, 0xdd, 0x57, 0xde,
    0xfa, 0xee, 0xfb, 0xee, 0xfa, 0xee, 0xfa, 0xee, 0xfb, 0xee, 0xfa, 0xee,
    0xb9, 0xe6, 0xb9, 0xe6, 0x99, 0xe6, 0x99, 0xe6, 0xda, 0xe6, 0xfb, 0xee,
    0x1b, 0xef, 0x1b, 0xef, 0x1b, 0xef, 0x1b, 0xef, 0x1b, 0xef, 0xfc, 0xee,
    0x1b, 0xef, 0x1b, 0xef, 0xfb, 0xee, 0x1b, 0xf7, 0xfb, 0xee, 0xfa, 0xf6,
    0xfa, 0xf6, 0xfa, 0xee, 0xda, 0xf6, 0xfa, 0xf6, 0xfa, 0xf6, 0xda, 0xf6,
    0xda, 0xee, 0xfa, 0xf6, 0xda, 0xf6, 0xfa, 0xf6, 0xda, 0xf6, 0xda, 0xee,
    0xfa, 0xf6, 0xfa, 0xee, 0xfa, 0xf6, 0xfa, 0xf6, 0xfa, 0xf6, 0xfa, 0xf6,
    0xfa, 0xf6, 0xfa, 0xee, 0xda, 0xf6, 0xda, 0xf6, 0xda, 0xf6, 0xfa, 0xf6,
    0xda, 0xee, 0xfa, 0xf6, 0x57, 0xe6, 0x36, 0xe6, 0xb4, 0xd5, 0x36, 0xde,
    0x78, 0xee, 0x16, 0xde, 0x16, 0xde, 0x36, 0xe6, 0x36, 0xde, 0x78, 0xe6,
    0xda, 0xee, 0xda, 0xf6, 0xda, 0xee, 0xf5, 0xd5, 0xf6, 0xd5, 0xd9, 0xee,
    0xda, 0xf6, 0xfa, 0xf6, 0xda, 0xee, 0xda, 0xee, 0xfa, 0xf6, 0xfa, 0xf6,
    0xda, 0xee, 0xfa, 0xf6, 0xfa, 0xf6, 0xda, 0xee, 0xfa, 0xf6, 0xfa, 0xf6,
    0xfb, 0xee, 0xb9, 0xe6, 0x98, 0xe6, 0x99, 0xe6, 0x98, 0xe6, 0xba, 0xe6,
    0xfa, 0xee, 0xfb, 0xee, 0xfb, 0xee, 0xfb, 0xee, 0xfb, 0xee, 0xfb, 0xee,
    0x1b, 0xef, 0xfb, 0xee, 0x16, 0xd6, 0x37, 0xde, 0xb9, 0xee, 0xb9, 0xee,
    0xda, 0xee, 0xb9, 0xee, 0xb9, 0xee, 0xda, 0xee, 0xda, 0xf6, 0x74, 0xcd,
    0xee, 0x93, 0x50, 0x9c, 0x2f, 0x9c, 0xb1, 0xa4, 0xb2, 0xa4, 0xd2, 0xac,
    0xb1, 0xac, 0x94, 0xc5, 0x37, 0xde, 0x94, 0xcd, 0xd5, 0xd5, 0x16, 0xde,
    0x37, 0xde, 0x37, 0xde, 0x37, 0xde, 0x36, 0xde, 0x37, 0xde, 0x57, 0xde,
    0x37, 0xde, 0xf5, 0xd5, 0x74, 0xc5, 0xf2, 0xac, 0xf2, 0xac, 0x14, 0xad,
    0x14, 0xad, 0xf3, 0xac, 0x50, 0x9c, 0xd2, 0xa4, 0x13, 0xb5, 0xd5, 0xd5,
    0x53, 0xc5, 0xf2, 0xb4, 0xd1, 0xac, 0xb1, 0xac, 0xd1, 0xac, 0x0e, 0x94,
    0xb1, 0xac, 0xd2, 0xac, 0x49, 0x4a, 0xa8, 0x29, 0xa7, 0x29, 0x8b, 0x52,
    0x96, 0xb5, 0x09, 0x3a, 0x10, 0x84, 0xb1, 0xa4, 0x6d, 0x73, 0x2a, 0x32,
    0x2a, 0x32, 0xc8, 0x29, 0x66, 0x29, 0x46, 0x21, 0x46, 0x21, 0x66, 0x21,
    0x13, 0xad, 0xf3, 0xb4, 0xf2, 0xac, 0xb1, 0xac, 0xb1, 0xac, 0xb1, 0xac,
    0xb1, 0xa4, 0x70, 0xa4, 0x70, 0x9c, 0xb1, 0xa4, 0x90, 0xac, 0xb1, 0xa4,
    0xb1, 0xa4, 0xb1, 0xac, 0x50, 0x9c, 0xf2, 0xac, 0xcd, 0x8b, 0xf2, 0xb4,
    0xb0, 0xac, 0x12, 0xbd, 0x12, 0xbd, 0x2f, 0x9c, 0xad, 0x8b, 0x53, 0xbd,
    0xd5, 0xd5, 0xd5, 0xd5, 0xf5, 0xd5, 0xf5, 0xd5, 0x12, 0xbd, 0xf2, 0xb4,
    0xf2, 0xbc, 0x33, 0xbd, 0x12, 0xbd, 0x70, 0xa4, 0xf2, 0xb4, 0xb1, 0xac,
    0xd2, 0xac, 0xd2, 0xac, 0xd2, 0xac, 0x50, 0x9c, 0x13, 0xbd, 0x53, 0xbd,
    0xd2, 0xb4, 0x33, 0xbd, 0x12, 0xb5, 0xf2, 0xb4, 0xd1, 0xac, 0x90, 0xac,
    0x36, 0xde, 0x57, 0xde, 0x37, 0xde, 0x37, 0xe6, 0x57, 0xde, 0x57, 0xde,
    0x33, 0xc5, 0xd1, 0xb4, 0xd1, 0xac, 0xd1, 0xac, 0xd1, 0xac, 0x4f, 0xa4,
    0xb1, 0xac, 0x12, 0xbd, 0xf5, 0xdd, 0xd4, 0xd5, 0x73, 0xc5, 0x57, 0xe6,
    0x57, 0xde, 0x57, 0xe6, 0x36, 0xde, 0x36, 0xde, 0x36, 0xde, 0x32, 0xc5,
    0x6f, 0xb4, 0x99, 0xee, 0xda, 0xee, 0xd9, 0xee, 0xba, 0xf6, 0xda, 0xee,
    0xb9, 0xee, 0xda, 0xf6, 0xd9, 0xf6, 0xb9, 0xee, 0x17, 0xe6, 0x53, 0xd5,
    0x33, 0xcd, 0x58, 0xe6, 0xfa, 0xee, 0x1b, 0xef, 0x1b, 0xef, 0x1b, 0xef,
    0x1b, 0xef, 0x1b, 0xef, 0x1b, 0xef, 0xfb, 0xee, 0xfb, 0xee, 0x1b, 0xef,
    0x1b, 0xef, 0x1b, 0xef, 0x1c, 0xef, 0x1b, 0xef, 0xfb, 0xee, 0x1b, 0xef,
    0xfb, 0xee, 0xfb, 0xee, 0xda, 0xee, 0xfb, 0xf6, 0xfa, 0xf6, 0xfa, 0xee,
    0xda, 0xee, 0xda, 0xf6, 0xfa, 0xf6, 0xfa, 0xee, 0xda, 0xf6, 0xda, 0xf6,
    0xfa, 0xee, 0xfa, 0xf6, 0xda, 0xf6, 0xfa, 0xf6, 0xfa, 0xf6, 0xda, 0xf6,
    0xda, 0xee, 0xfa, 0xf6, 0xfa, 0xf6, 0xda, 0xf6, 0xfa, 0xee, 0xfa, 0xf6,
    0xda, 0xf6, 0xda, 0xee, 0xfa, 0xee, 0xfa, 0xf6, 0xda, 0xee, 0xda, 0xee,
    0xd9, 0xf6, 0x16, 0xde, 0xd5, 0xd5, 0x98, 0xee, 0x16, 0xde, 0x78, 0xe6,
    0xd9, 0xee, 0x16, 0xde, 0xd5, 0xd5, 0x98, 0xee, 0xda, 0xee, 0xda, 0xee,
    0xfa, 0xf6, 0xda, 0xee, 0x99, 0xee, 0xf6, 0xd5, 0xb9, 0xee, 0xda, 0xee,
    0xfa, 0xf6, 0xfa, 0xf6, 0xda, 0xee, 0xda, 0xf6, 0xfa, 0xf6, 0xda, 0xee,
    0xfa, 0xf6, 0xda, 0xee, 0xda, 0xf6, 0xfa, 0xf6, 0xda, 0xee, 0xda, 0xee,
    0xda, 0xee, 0xda, 0xee, 0xfb, 0xee, 0xfb, 0xee, 0xfa, 0xe6, 0xdb, 0xee,
    0xfb, 0xee, 0xfb, 0xee, 0x1b, 0xef, 0x1b, 0xef, 0x1b, 0xef, 0xfb, 0xee,
    0x17, 0xde, 0x74, 0xcd, 0x95, 0xd5, 0x98, 0xee, 0xb9, 0xee, 0xb9, 0xee,
    0xd9, 0xee, 0xd9, 0xee, 0xd9, 0xee, 0xda, 0xee, 0xb9, 0xee, 0x75, 0xcd,
    0x50, 0xa4, 0x0f, 0x94, 0x30, 0x9c, 0xd2, 0xac, 0xd2, 0xa4, 0x50, 0x9c,
    0x12, 0xbd, 0x32, 0xc5, 0x16, 0xde, 0xb4, 0xcd, 0x37, 0xde, 0x37, 0xde,
    0x57, 0xde, 0x57, 0xde, 0x57, 0xde, 0x57, 0xde, 0x57, 0xde, 0x57, 0xde,
    0xb4, 0xcd, 0xd1, 0xb4, 0xb1, 0xa4, 0xd2, 0xa4, 0xf3, 0xac, 0x13, 0xad,
    0x13, 0xad, 0x50, 0x94, 0xd2, 0xa4, 0x92, 0xa4, 0x91, 0xa4, 0xd5, 0xd5,
    0x73, 0xc5, 0xf2, 0xb4, 0xd1, 0xac, 0xd1, 0xac, 0xb1, 0xac, 0x0f, 0x94,
    0x90, 0xa4, 0x91, 0xa4, 0xa7, 0x29, 0xe8, 0x29, 0xc8, 0x31, 0x4a, 0x42,
    0x55, 0xad, 0xf0, 0x7b, 0x8d, 0x73, 0x2f, 0x94, 0x0c, 0x5b, 0x4a, 0x3a,
    0x09, 0x32, 0x87, 0x29, 0x66, 0x21, 0x46, 0x21, 0x46, 0x21, 0x46, 0x21,
    0x13, 0xb5, 0xb1, 0xa4, 0xd2, 0xac, 0xb1, 0xac, 0xd1, 0xac, 0xb1, 0xac,
    0xb1, 0xa4, 0x90, 0xa4, 0xb1, 0xac, 0xb1, 0xac, 0xb1, 0xac, 0xb1, 0xac,
    0x90, 0xac, 0xb1, 0xa4, 0x91, 0xa4, 0xb1, 0xa4, 0x0f, 0x94, 0xb1, 0xac,
    0xb0, 0xac, 0xd1, 0xb4, 0x90, 0xac, 0x2e, 0x9c, 0xcd, 0x8b, 0x53, 0xc5,
    0xd5, 0xd5, 0xf6, 0xd5, 0xf6, 0xd5, 0xf6, 0xd5, 0xb5, 0xcd, 0x12, 0xbd,
    0x12, 0xbd, 0x12, 0xbd, 0x12, 0xbd, 0xd1, 0xac, 0xb1, 0xac, 0x2f, 0x9c,
    0xd2, 0xac, 0xd2, 0xb4, 0xd2, 0xac, 0x2f, 0x9c, 0xb5, 0xc5, 0x13, 0xb5,
    0xf2, 0xb4, 0xf6, 0xd5, 0xf2, 0xb4, 0x12, 0xb5, 0x13, 0xbd, 0xd1, 0xac,
    0x12, 0xbd, 0x57, 0xe6, 0x57, 0xde, 0x57, 0xde, 0x57, 0xe6, 0x57, 0xde,
    0x16, 0xde, 0x33, 0xbd, 0xd1, 0xb4, 0xd1, 0xac, 0xd2, 0xac, 0xd1, 0xac,
    0xb1, 0xac, 0x2f, 0x9c, 0xf2, 0xb4, 0x36, 0xde, 0xb4, 0xcd, 0x16, 0xde,
    0x57, 0xe6, 0x36, 0xde, 0x37, 0xe6, 0x36, 0xde, 0x57, 0xde, 0x16, 0xde,
    0x90, 0xb4, 0x98, 0xee, 0xd9, 0xee, 0xd9, 0xf6, 0xda, 0xee, 0xd9, 0xf6,
    0xb9, 0xee, 0xb9, 0xf6, 0xba, 0xee, 0xd9, 0xee, 0x57, 0xe6, 0x33, 0xd5,
    0xf2, 0xcc, 0x74, 0xd5, 0xf2, 0xc4, 0xb5, 0xd5, 0xfb, 0xf6, 0x1b, 0xef,
    0xfb, 0xee, 0xfb, 0xee, 0xfb, 0xee, 0x1b, 0xef, 0xfb, 0xee, 0xfb, 0xee,
    0xfb, 0xee, 0x1b, 0xef, 0x1b, 0xf7, 0xfb, 0xf6, 0xfb, 0xee, 0xda, 0xee,
    0xda, 0xee, 0xda, 0xf6, 0xda, 0xf6, 0xfa, 0xf6, 0xfa, 0xf6, 0xda, 0xf6,
    0xda, 0xee, 0xfa, 0xf6, 0xdb, 0xf6, 0xda, 0xee, 0xfa, 0xf6, 0xfa, 0xf6,
    0xda, 0xee, 0xda, 0xee, 0xda, 0xee, 0xfa, 0xf6, 0xda, 0xee, 0xfa, 0xf6,
    0xfa, 0xf6, 0xfa, 0xf6, 0xda, 0xf6, 0xfa, 0xee, 0xfa, 0xf6, 0xfa, 0xee,
    0xda, 0xf6, 0xfa, 0xf6, 0xfa, 0xf6, 0xfa, 0xee, 0xfa, 0xf6, 0x78, 0xe6,
    0xd9, 0xf6, 0x57, 0xe6, 0x78, 0xe6, 0xfa, 0xf6, 0xda, 0xee, 0xd9, 0xee,
    0x58, 0xe6, 0xb5, 0xd5, 0x98, 0xe6, 0xda, 0xee, 0xda, 0xf6, 0xda, 0xf6,
    0xfa, 0xee, 0xda, 0xf6, 0xb9, 0xee, 0xd9, 0xee, 0xda, 0xf6, 0xfa, 0xee,
    0xfa, 0xee, 0xfa, 0xf6, 0xfa, 0xf6, 0xfa, 0xee, 0xda, 0xf6, 0xda, 0xf6,
    0xfa, 0xee, 0xda, 0xf6, 0xda, 0xf6, 0xda, 0xee, 0xda, 0xf6, 0xda, 0xf6,
    0xd9, 0xee, 0xda, 0xee, 0x38, 0xde, 0xba, 0xe6, 0xfa, 0xee, 0xfb, 0xee,
    0xfb, 0xee, 0xfa, 0xee, 0xfb, 0xee, 0xfa, 0xee, 0x37, 0xde, 0x74, 0xcd,
    0xf1, 0xc4, 0xed, 0xab, 0xf6, 0xdd, 0xb9, 0xee, 0xb9, 0xee, 0xda, 0xee,
    0xb9, 0xf6, 0xb9, 0xf6, 0xba, 0xee, 0xb9, 0xf6, 0xf6, 0xd5, 0x2f, 0x9c,
    0xb1, 0xac, 0x70, 0x9c, 0xb1, 0xa4, 0xd2, 0xac, 0x91, 0xa4, 0x12, 0xb5,
    0xd0, 0xb4, 0x73, 0xcd, 0x36, 0xde, 0x37, 0xde, 0x37, 0xde, 0x36, 0xde,
    0x36, 0xde, 0x57, 0xde, 0x57, 0xde, 0x57, 0xde, 0xf5, 0xd5, 0xb4, 0xcd,
    0x32, 0xbd, 0x70, 0xa4, 0xb1, 0xa4, 0xf3, 0xac, 0xf3, 0xac, 0x14, 0xad,
    0x13, 0xad, 0x71, 0x9c, 0xd2, 0xa4, 0x91, 0xa4, 0x4f, 0x9c, 0x53, 0xbd,
    0xf2, 0xb4, 0xd1, 0xac, 0xd1, 0xac, 0xd2, 0xac, 0xb1, 0xac, 0x2f, 0x9c,
    0x70, 0xa4, 0xca, 0x5a, 0xe8, 0x29, 0xc8, 0x29, 0xe8, 0x31, 0x6a, 0x4a,
    0x59, 0xce, 0x34, 0xa5, 0xa9, 0x5a, 0x6c, 0x7b, 0x4a, 0x3a, 0x4a, 0x32,
    0xc8, 0x29, 0x66, 0x21, 0x66, 0x21, 0x66, 0x21, 0x46, 0x21, 0x66, 0x21,
    0xd2, 0xac, 0xb1, 0xac, 0xb1, 0xac, 0xb1, 0xac, 0xb1, 0xa4, 0xd1, 0xac,
    0x91, 0xa4, 0x90, 0xa4, 0xb1, 0xac, 0xb1, 0xac, 0xb1, 0xac, 0xb1, 0xac,
    0xb1, 0xa4, 0x90, 0xa4, 0x70, 0xa4, 0xb1, 0xa4, 0x70, 0xa4, 0x4c, 0x7b,
    0xf1, 0xb4, 0xf1, 0xb4, 0xf1, 0xb4, 0x4f, 0x9c, 0xad, 0x8b, 0x53, 0xbd,
    0xf5, 0xd5, 0xf6, 0xd5, 0xf5, 0xd5, 0xf6, 0xd5, 0xf6, 0xd5, 0x12, 0xb5,
    0xf2, 0xb4, 0x12, 0xb5, 0x12, 0xbd, 0xd1, 0xb4, 0x4f, 0x9c, 0x50, 0x9c,
    0xf2, 0xac, 0xf2, 0xb4, 0xf2, 0xac, 0x50, 0x9c, 0xb5, 0xcd, 0xb5, 0xcd,
    0x33, 0xb5, 0xd1, 0xac, 0x2f, 0x9c, 0x12, 0xb5, 0x13, 0xb5, 0xd2, 0xac,
    0x70, 0xa4, 0xd1, 0xb4, 0x57, 0xe6, 0x57, 0xe6, 0x57, 0xde, 0x57, 0xde,
    0x57, 0xe6, 0xb1, 0xac, 0x90, 0xac, 0xd1, 0xac, 0xd1, 0xb4, 0xd1, 0xb4,
    0xf1, 0xb4, 0xb1, 0xac, 0xb1, 0xac, 0x53, 0xc5, 0xb4, 0xcd, 0x16, 0xde,
    0x36, 0xde, 0x36, 0xde, 0x37, 0xe6, 0x57, 0xe6, 0x57, 0xde, 0x57, 0xe6,
    0xb4, 0xd5, 0xd5, 0xdd, 0xb9, 0xee, 0xd9, 0xee, 0xda, 0xf6, 0xda, 0xee,
    0xb9, 0xf6, 0xd9, 0xf6, 0xda, 0xee, 0xb9, 0xf6, 0x98, 0xee, 0x78, 0xe6,
    0x78, 0xe6, 0x57, 0xe6, 0xf6, 0xdd, 0x58, 0xe6, 0x16, 0xe6, 0x58, 0xee,
    0xb5, 0xd5, 0x94, 0xcd, 0xb5, 0xcd, 0xd6, 0xd5, 0x37, 0xde, 0x78, 0xe6,
    0x99, 0xe6, 0xfa, 0xee, 0x99, 0xee, 0xb9, 0xee, 0xda, 0xf6, 0xda, 0xee,
    0xda, 0xf6, 0xda, 0xf6, 0xfa, 0xf6, 0xfa, 0xf6, 0xfa, 0xee, 0xda, 0xf6,
    0xfa, 0xf6, 0xfa, 0xf6, 0xda, 0xee, 0xfa, 0xf6, 0xfa, 0xf6, 0xda, 0xee,
    0xda, 0xf6, 0xfa, 0xf6, 0xfa, 0xf6, 0xda, 0xee, 0xda, 0xf6, 0xfa, 0xee,
    0xfb, 0xf6, 0xda, 0xf6, 0xda, 0xee, 0xda, 0xf6, 0xda, 0xf6, 0xda, 0xee,
    0xfa, 0xf6, 0xfa, 0xf6, 0xda, 0xee, 0xda, 0xf6, 0xfa, 0xee, 0xb9, 0xee,
    0xda, 0xee, 0xda, 0xee, 0xfa, 0xf6, 0xfa, 0xee, 0xda, 0xee, 0xb9, 0xee,
    0x78, 0xee, 0x98, 0xe6, 0xda, 0xee, 0xfa, 0xf6, 0xfa, 0xf6, 0xfa, 0xee,
    0xda, 0xee, 0xfa, 0xf6, 0xfa, 0xee, 0xda, 0xee, 0xda, 0xf6, 0xda, 0xf6,
    0xda, 0xf6, 0xda, 0xee, 0xda, 0xee, 0xda, 0xf6, 0xda, 0xee, 0xda, 0xee,
    0xfa, 0xf6, 0xda, 0xee, 0xda, 0xee, 0xda, 0xee, 0xda, 0xf6, 0xd9, 0xf6,
    0xd9, 0xee, 0xda, 0xf6, 0x98, 0xe6, 0xb9, 0xee, 0xda, 0xee, 0xb9, 0xee,
    0xb9, 0xe6, 0xb9, 0xee, 0x78, 0xee, 0x37, 0xe6, 0x74, 0xd5, 0xd5, 0xdd,
    0x17, 0xde, 0xd5, 0xd5, 0x78, 0xee, 0xb9, 0xee, 0xb9, 0xee, 0xb9, 0xee,
    0xb9, 0xee, 0xb9, 0xf6, 0xb9, 0xee, 0xb9, 0xee, 0xb5, 0xcd, 0xce, 0x93,
    0x70, 0x9c, 0x70, 0x9c, 0xd3, 0xac, 0xd2, 0xac, 0x90, 0xa4, 0xd1, 0xb4,
    0x73, 0xc5, 0x37, 0xde, 0x37, 0xde, 0x37, 0xde, 0x37, 0xde, 0x57, 0xde,
    0x37, 0xde, 0x37, 0xde, 0x37, 0xde, 0x94, 0xcd, 0xf1, 0xb4, 0x53, 0xc5,
    0xf2, 0xb4, 0xd2, 0xa4, 0xd3, 0xac, 0xf3, 0xac, 0xf3, 0xac, 0x14, 0xad,
    0x30, 0x94, 0xb2, 0xa4, 0xb2, 0xa4, 0xd2, 0xa4, 0x32, 0xbd, 0x33, 0xbd,
    0x91, 0xac, 0xd1, 0xac, 0xd2, 0xac, 0xd1, 0xac, 0xd1, 0xac, 0x70, 0xa4,
    0x70, 0x9c, 0xe8, 0x31, 0xc8, 0x29, 0xc8, 0x29, 0x49, 0x3a, 0x51, 0x8c,
    0x51, 0x84, 0xb6, 0xc5, 0xae, 0x83, 0x0c, 0x6b, 0x09, 0x2a, 0xe8, 0x29,
    0x87, 0x21, 0x67, 0x21, 0x66, 0x21, 0x46, 0x21, 0x66, 0x29, 0x09, 0x3a,
    0xb1, 0xac, 0xb1, 0xac, 0xb1, 0xa4, 0xb1, 0xac, 0xb1, 0xac, 0xf2, 0xac,
    0xf2, 0xb4, 0xb1, 0xac, 0xd1, 0xac, 0xb1, 0xa4, 0xb1, 0xa4, 0x91, 0xa4,
    0xb1, 0xac, 0x0f, 0x94, 0x90, 0xa4, 0x91, 0xa4, 0x0f, 0x94, 0xce, 0x8b,
    0x4f, 0x9c, 0x6f, 0xa4, 0xd1, 0xb4, 0x0f, 0x9c, 0xcd, 0x8b, 0x12, 0xbd,
    0xd5, 0xd5, 0xf5, 0xd5, 0xf5, 0xd5, 0xf5, 0xd5, 0xf6, 0xd5, 0xb4, 0xcd,
    0xd1, 0xb4, 0xf2, 0xb4, 0xf2, 0xbc, 0xf1, 0xb4, 0x4f, 0xa4, 0x70, 0xa4,
    0xd1, 0xac, 0xf2, 0xac, 0xf2, 0xb4, 0xb1, 0xa4, 0xb5, 0xcd, 0x16, 0xd6,
    0x12, 0xb5, 0xd1, 0xac, 0x53, 0xc5, 0xf2, 0xb4, 0x12, 0xb5, 0xd2, 0xb4,
    0xd1, 0xac, 0xb0, 0xac, 0x94, 0xcd, 0x57, 0xde, 0x57, 0xde, 0x57, 0xe6,
    0x57, 0xe6, 0xb5, 0xcd, 0xf2, 0xb4, 0xd1, 0xac, 0xd2, 0xb4, 0xd2, 0xb4,
    0xf1, 0xac, 0xd1, 0xac, 0x90, 0xa4, 0x13, 0xb5, 0xd1, 0xac, 0x6f, 0xac,
    0x94, 0xcd, 0x36, 0xde, 0x36, 0xde, 0x57, 0xde, 0x57, 0xe6, 0x57, 0xde,
    0x57, 0xe6, 0x32, 0xc5, 0x99, 0xee, 0xb9, 0xee, 0xda, 0xf6, 0xd9, 0xee,
    0x99, 0xee, 0xd9, 0xee, 0xb9, 0xf6, 0xd9, 0xee, 0xda, 0xee, 0xda, 0xee,
    0xd9, 0xf6, 0xda, 0xf6, 0xfa, 0xee, 0xfa, 0xf6, 0x98, 0xee, 0x99, 0xee,
    0x78, 0xee, 0x57, 0xe6, 0x78, 0xe6, 0x98, 0xe6, 0xb9, 0xee, 0xb9, 0xee,
    0xda, 0xee, 0xda, 0xf6, 0xb9, 0xf6, 0xd9, 0xee, 0xda, 0xee, 0xda, 0xf6,
    0xda, 0xee, 0xda, 0xee, 0xda, 0xf6, 0xda, 0xee, 0xda, 0xf6, 0xda, 0xee,
    0xda, 0xf6, 0xfa, 0xee, 0xfa, 0xf6, 0xfa, 0xf6, 0xda, 0xee, 0xfa, 0xf6,
    0xda, 0xf6, 0xda, 0xf6, 0xda, 0xee, 0xfa, 0xf6, 0xdb, 0xf6, 0xfa, 0xee,
    0xda, 0xf6, 0xfa, 0xf6, 0xfa, 0xf6, 0xda, 0xee, 0xda, 0xf6, 0xfa, 0xf6,
    0xfa, 0xf6, 0xda, 0xee, 0xda, 0xf6, 0xda, 0xf6, 0xfa, 0xee, 0xfa, 0xf6,
    0xfa, 0xf6, 0xfa, 0xf6, 0xfa, 0xf6, 0xda, 0xee, 0x57, 0xe6, 0xda, 0xee,
    0xd9, 0xee, 0xda, 0xf6, 0xda, 0xee, 0xda, 0xf6, 0xfa, 0xee, 0xda, 0xee,
    0xda, 0xf6, 0xfa, 0xf6, 0xda, 0xf6, 0xda, 0xee, 0xda, 0xee, 0xda, 0xf6,
    0xda, 0xf6, 0xfa, 0xf6, 0xda, 0xee, 0xda, 0xf6, 0xda, 0xee, 0xda, 0xf6,
    0xda, 0xf6, 0xda, 0xee, 0xda, 0xf6, 0xfa, 0xf6, 0xda, 0xee, 0xda, 0xf6,
    0xda, 0xf6, 0xda, 0xee, 0xda, 0xee, 0xd9, 0xee, 0xd9, 0xee, 0xb9, 0xee,
    0xb9, 0xee, 0xb9, 0xee, 0xb9, 0xee, 0x98, 0xee, 0x78, 0xe6, 0xb9, 0xee,
    0xb9, 0xee, 0xd9, 0xee, 0xda, 0xee, 0xd9, 0xee, 0xda, 0xee, 0xb9, 0xee,
    0xb9, 0xf6, 0xb9, 0xee, 0xb9, 0xee, 0x98, 0xee, 0xb5, 0xd5, 0x91, 0xac,
    0xb2, 0xac, 0xd2, 0xac, 0xf3, 0xac, 0x70, 0x9c, 0x33, 0xbd, 0xd5, 0xcd,
    0x16, 0xde, 0x37, 0xde, 0x37, 0xde, 0x36, 0xde, 0x57, 0xde, 0x57, 0xde,
    0x37, 0xde, 0xd5, 0xd5, 0xf1, 0xb4, 0x12, 0xbd, 0x12, 0xbd, 0xb1, 0xa4,
    0x91, 0xa4, 0xf3, 0xac, 0xf3, 0xa4, 0xf3, 0xac, 0x14, 0xad, 0x54, 0xad,
    0xb1, 0xa4, 0xb2, 0xa4, 0xb1, 0xa4, 0x91, 0xa4, 0x53, 0xc5, 0x74, 0xc5,
    0xb1, 0xac, 0xd1, 0xac, 0xd1, 0xac, 0xd2, 0xb4, 0xd2, 0xac, 0x90, 0xa4,
    0x2c, 0x6b, 0xc8, 0x29, 0xa8, 0x21, 0xc8, 0x29, 0x51, 0x84, 0xae, 0x73,
    0x29, 0x3a, 0xcf, 0x7b, 0x70, 0x9c, 0x4a, 0x42, 0xe9, 0x29, 0x87, 0x21,
    0x67, 0x21, 0x67, 0x21, 0x67, 0x21, 0x66, 0x21, 0x87, 0x29, 0x4a, 0x32,
    0xb1, 0xac, 0xb1, 0xac, 0xb1, 0xa4, 0xb1, 0xa4, 0x91, 0xa4, 0x70, 0x9c,
    0x4f, 0x9c, 0xb1, 0xa4, 0xb1, 0xac, 0xb1, 0xac, 0xb1, 0xac, 0xb1, 0xac,
    0x2f, 0x9c, 0x4f, 0x9c, 0xb1, 0xa4, 0x2f, 0x94, 0x30, 0x94, 0x0f, 0x94,
    0x6c, 0x7b, 0x0e, 0x9c, 0xf1, 0xb4, 0x4f, 0xa4, 0xee, 0x93, 0x12, 0xb5,
    0xd5, 0xd5, 0xd6, 0xd5, 0xd5, 0xd5, 0xf6, 0xd5, 0xf5, 0xd5, 0xf5, 0xd5,
    0x12, 0xbd, 0xf1, 0xb4, 0x12, 0xbd, 0x33, 0xbd, 0x33, 0xbd, 0x2f, 0x9c,
    0xd2, 0xac, 0xf2, 0xb4, 0xf2, 0xac, 0xf2, 0xac, 0x95, 0xc5, 0x16, 0xd6,
    0x16, 0xde, 0x12, 0xb5, 0x70, 0xa4, 0xd1, 0xac, 0x12, 0xb5, 0xd2, 0xb4,
    0xd1, 0xac, 0xd1, 0xac, 0x53, 0xc5, 0x37, 0xde, 0x57, 0xde, 0x57, 0xe6,
    0x57, 0xde, 0x57, 0xde, 0xd1, 0xb4, 0xd1, 0xac, 0xd1, 0xac, 0xf2, 0xb4,
    0xf2, 0xb4, 0xd1, 0xac, 0xd1, 0xac, 0x33, 0xbd, 0xf2, 0xb4, 0xd1, 0xac,
    0xd1, 0xb4, 0x94, 0xcd, 0xd5, 0xd5, 0x16, 0xd6, 0x57, 0xde, 0x57, 0xe6,
    0x57, 0xde, 0xd4, 0xd5, 0x33, 0xcd, 0xda, 0xee, 0xda, 0xf6, 0xb9, 0xee,
    0x98, 0xee, 0xba, 0xee, 0xb9, 0xee, 0xda, 0xf6, 0xda, 0xf6, 0xd9, 0xf6,
    0xda, 0xf6, 0xda, 0xee, 0xda, 0xf6, 0xda, 0xf6, 0xd9, 0xee, 0xd9, 0xf6,
    0xd9, 0xf6, 0xda, 0xee, 0xda, 0xf6, 0xda, 0xf6, 0xda, 0xf6, 0xda, 0xf6,
    0xfa, 0xf6, 0xda, 0xf6, 0xfa, 0xf6, 0xda, 0xf6, 0xda, 0xf6, 0xd9, 0xf6,
    0xda, 0xf6, 0xfa, 0xf6, 0xd9, 0xee, 0xda, 0xf6, 0xda, 0xf6, 0xda, 0xf6,
    0xda, 0xee, 0xda, 0xf6, 0xda, 0xf6, 0xfa, 0xee, 0xfa, 0xf6, 0xda, 0xee,
    0xda, 0xf6, 0xda, 0xee, 0xda, 0xee, 0xfa, 0xf6, 0xfa, 0xf6, 0xda, 0xf6,
    0xda, 0xf6, 0xfa, 0xee, 0xfa, 0xf6, 0xda, 0xee, 0xda, 0xee, 0xfa, 0xf6,
    0xda, 0xee, 0xfa, 0xf6, 0xfa, 0xf6, 0xda, 0xee, 0xda, 0xf6, 0xda, 0xf6,
    0xfa, 0xee, 0xfa, 0xf6, 0xda, 0xee, 0xda, 0xf6, 0xb9, 0xee, 0xda, 0xee,
    0xda, 0xf6, 0xda, 0xf6, 0xda, 0xee, 0xda, 0xf6, 0xfa, 0xf6, 0xda, 0xee,
    0xda, 0xf6, 0xfa, 0xf6, 0xda, 0xee, 0xda, 0xf6, 0xfa, 0xf6, 0xda, 0xee,
    0xfa, 0xee, 0xfa, 0xf6, 0xda, 0xf6, 0xda, 0xee, 0xfa, 0xf6, 0xda, 0xf6,
    0xda, 0xee, 0xfa, 0xf6, 0xda, 0xf6, 0xd9, 0xee, 0xda, 0xf6, 0xda, 0xf6,
    0xda, 0xee, 0xda, 0xf6, 0xda, 0xf6, 0xda, 0xf6, 0xba, 0xee, 0xda, 0xee,
    0xb9, 0xee, 0xb9, 0xee, 0xd9, 0xee, 0xb9, 0xee, 0xb9, 0xee, 0xb9, 0xee,
    0xb9, 0xf6, 0xb9, 0xee, 0xd9, 0xf6, 0xda, 0xf6, 0xd9, 0xee, 0x78, 0xee,
    0xb9, 0xee, 0xb9, 0xee, 0xb9, 0xf6, 0xf6, 0xdd, 0xce, 0x93, 0x70, 0xa4,
    0x50, 0x9c, 0xd2, 0xac, 0x50, 0x9c, 0x33, 0xbd, 0x36, 0xde, 0x57, 0xde,
    0x37, 0xde, 0x57, 0xde, 0x37, 0xde, 0x57, 0xde, 0x56, 0xde, 0x16, 0xd6,
    0xb0, 0xb4, 0x32, 0xbd, 0xd1, 0xb4, 0xf1, 0xb4, 0x2f, 0x9c, 0x0f, 0x94,
    0xd2, 0xa4, 0xf3, 0xac, 0xf3, 0xac, 0x13, 0xad, 0x14, 0xad, 0x2f, 0x94,
    0xd2, 0xa4, 0xd2, 0xa4, 0x71, 0x9c, 0xee, 0x93, 0x53, 0xbd, 0x90, 0xa4,
    0xb1, 0xac, 0xd1, 0xac, 0xd1, 0xac, 0xd2, 0xac, 0xd2, 0xac, 0x90, 0xa4,
    0x08, 0x3a, 0xa8, 0x29, 0xa7, 0x21, 0x6e, 0x6b, 0x4a, 0x42, 0xcb, 0x52,
    0x09, 0x32, 0x8d, 0x7b, 0x50, 0x94, 0x4a, 0x3a, 0xc8, 0x21, 0x66, 0x21,
    0x46, 0x21, 0x66, 0x21, 0x66, 0x21, 0x87, 0x29, 0x09, 0x2a, 0x2a, 0x22,
    0xb1, 0xac, 0xb1, 0xac, 0xb1, 0xac, 0x90, 0xa4, 0xd1, 0xac, 0x74, 0xc5,
    0xb1, 0xac, 0xb1, 0xac, 0xb1, 0xa4, 0x91, 0xac, 0xb1, 0xac, 0x90, 0xa4,
    0xb1, 0xa4, 0x91, 0xa4, 0x2f, 0x9c, 0x30, 0x94, 0x50, 0x9c, 0x50, 0x94,
    0x2f, 0x9c, 0x90, 0xa4, 0xd1, 0xb4, 0x70, 0xa4, 0xee, 0x93, 0x12, 0xbd,
    0xf5, 0xd5, 0xd5, 0xd5, 0xf6, 0xd5, 0xf5, 0xd5, 0xd6, 0xd5, 0xf5, 0xd5,
    0xd5, 0xcd, 0xb0, 0xac, 0x12, 0xbd, 0xf2, 0xb4, 0xd5, 0xd5, 0xd1, 0xac,
    0xf2, 0xb4, 0xf2, 0xb4, 0xf2, 0xac, 0xf2, 0xac, 0x53, 0xbd, 0x16, 0xd6,
    0x57, 0xe6, 0xd1, 0xac, 0x12, 0xb5, 0x91, 0xac, 0x12, 0xb5, 0xf2, 0xb4,
    0xd1, 0xac, 0xf2, 0xb4, 0xb1, 0xac, 0x53, 0xbd, 0x36, 0xde, 0x57, 0xe6,
    0x57, 0xe6, 0x57, 0xde, 0xf1, 0xb4, 0xd1, 0xb4, 0xd1, 0xac, 0xf2, 0xb4,
    0xd1, 0xb4, 0xd1, 0xac, 0xd1, 0xac, 0xb1, 0xac, 0x12, 0xb5, 0x13, 0xb5,
    0x33, 0xb5, 0xf2, 0xb4, 0x94, 0xcd, 0x93, 0xcd, 0xf5, 0xd5, 0x37, 0xde,
    0x36, 0xde, 0x36, 0xde, 0x36, 0xe6, 0xda, 0xf6, 0xb9, 0xf6, 0xd9, 0xf6,
    0xba, 0xf6, 0xd9, 0xee, 0xda, 0xee, 0x99, 0xee, 0x98, 0xee, 0xda, 0xf6,
    0xda, 0xee, 0xd9, 0xf6, 0xb9, 0xf6, 0xd9, 0xee, 0xd9, 0xee, 0xda, 0xf6,
    0xda, 0xf6, 0xd9, 0xee, 0xda, 0xf6, 0xfa, 0xf6, 0xda, 0xf6, 0xda, 0xee,
    0xda, 0xf6, 0xda, 0xee, 0xfa, 0xf6, 0xda, 0xf6, 0xfa, 0xee, 0xda, 0xee,
    0xda, 0xf6, 0xd9, 0xf6, 0xfa, 0xee, 0xda, 0xf6, 0xfa, 0xee, 0xda, 0xf6,
    0xda, 0xf6, 0xda, 0xee, 0xda, 0xee, 0xda, 0xf6, 0xda, 0xf6, 0xfa, 0xf6,
    0xda, 0xee, 0xda, 0xf6, 0xda, 0xf6, 0xfa, 0xf6, 0xda, 0xf6, 0xfa, 0xee,
    0xda, 0xf6, 0xda, 0xf6, 0xda, 0xee, 0xda, 0xf6, 0xfa, 0xf6, 0xda, 0xf6,
    0xda, 0xee, 0xfa, 0xf6, 0xfa, 0xee, 0xda, 0xee, 0xda, 0xee, 0xda, 0xf6,
    0xfa, 0xee, 0xda, 0xf6, 0xda, 0xf6, 0xfa, 0xf6, 0xfa, 0xee, 0xda, 0xf6,
    0xfa, 0xf6, 0xda, 0xee, 0xfa, 0xf6, 0xfa, 0xee, 0xda, 0xf6, 0xda, 0xee,
    0xda, 0xee, 0xfa, 0xf6, 0xfa, 0xee, 0xfa, 0xf6, 0xfa, 0xf6, 0xda, 0xee,
    0xda, 0xee, 0xfa, 0xf6, 0xfa, 0xee, 0xd9, 0xee, 0xda, 0xf6, 0xda, 0xee,
    0xda, 0xf6, 0xda, 0xee, 0xda, 0xf6, 0xda, 0xee, 0xfa, 0xf6, 0xda, 0xee,
    0xda, 0xf6, 0xda, 0xee, 0xda, 0xee, 0xda, 0xf6, 0xd9, 0xee, 0xda, 0xf6,
    0xb9, 0xee, 0xb9, 0xee, 0xda, 0xee, 0xb9, 0xf6, 0xb9, 0xee, 0xb9, 0xf6,
    0xb9, 0xee, 0xb9, 0xee, 0x99, 0xee, 0xb9, 0xee, 0xb9, 0xee, 0x99, 0xee,
    0xb9, 0xee, 0xb9, 0xee, 0xb9, 0xf6, 0x17, 0xde, 0x0f, 0x9c, 0xd2, 0xac,
    0xb1, 0xa4, 0x0f, 0x94, 0xf1, 0xb4, 0x16, 0xd6, 0x37, 0xde, 0x37, 0xde,
    0x57, 0xde, 0x57, 0xde, 0x37, 0xde, 0x36, 0xde, 0x6f, 0xa4, 0x12, 0xbd,
    0xf1, 0xb4, 0x12, 0xb5, 0xf2, 0xb4, 0x90, 0xac, 0xee, 0x8b, 0x71, 0x9c,
    0xf3, 0xa4, 0xf3, 0xac, 0x13, 0xad, 0x13, 0xad, 0x13, 0xad, 0xb1, 0xa4,
    0x91, 0xa4, 0x91, 0xa4, 0x91, 0x9c, 0x13, 0xb5, 0x73, 0xc5, 0x70, 0xa4,
    0xb1, 0xac, 0xd2, 0xac, 0xd2, 0xac, 0xf1, 0xac, 0xd2, 0xac, 0x30, 0x94,
    0x09, 0x32, 0xe9, 0x29, 0xab, 0x4a, 0x09, 0x3a, 0x6a, 0x42, 0xa7, 0x21,
    0x29, 0x3a, 0xce, 0x8b, 0x10, 0x84, 0x31, 0x7c, 0x67, 0x21, 0x66, 0x21,
    0x66, 0x21, 0x67, 0x21, 0x87, 0x29, 0xc8, 0x21, 0x2a, 0x22, 0x4b, 0x2a,
    0xb1, 0xa4, 0xb1, 0xac, 0xb1, 0xa4, 0xd1, 0xac, 0x94, 0xc5, 0x0f, 0x94,
    0x91, 0xa4, 0x91, 0xa4, 0xb1, 0xa4, 0xb1, 0xa4, 0xb1, 0xa4, 0x91, 0xa4,
    0x91, 0xa4, 0x2f, 0x9c, 0x50, 0x9c, 0x50, 0x9c, 0x50, 0x9c, 0x2f, 0x94,
    0xce, 0x8b, 0xb1, 0xac, 0x4f, 0xa4, 0xb0, 0xac, 0x4f, 0x9c, 0x12, 0xbd,
    0xd5, 0xd5, 0xf6, 0xd5, 0xf6, 0xd5, 0xf5, 0xd5, 0xf6, 0xd5, 0xf6, 0xd5,
    0xd5, 0xd5, 0xb5, 0xcd, 0x53, 0xc5, 0x37, 0xde, 0x57, 0xde, 0xd5, 0xcd,
    0x13, 0xb5, 0xf2, 0xac, 0xf2, 0xac, 0xf2, 0xac, 0x91, 0xa4, 0xb5, 0xcd,
    0x57, 0xde, 0x78, 0xe6, 0x33, 0xbd, 0x70, 0xa4, 0x12, 0xb5, 0x12, 0xb5,
    0xf2, 0xb4, 0xd1, 0xac, 0xd1, 0xac, 0x4f, 0xa4, 0xf1, 0xb4, 0x57, 0xe6,
    0x57, 0xde, 0x57, 0xde, 0x57, 0xe6, 0xf2, 0xbc, 0xd1, 0xac, 0xf1, 0xb4,
    0xd2, 0xac, 0xd1, 0xac, 0xb1, 0xac, 0x90, 0xa4, 0x13, 0xb5, 0x13, 0xb5,
    0x33, 0xbd, 0xf2, 0xac, 0x12, 0xbd, 0x90, 0xb4, 0x8f, 0xb4, 0xd5, 0xd5,
    0x36, 0xde, 0x36, 0xde, 0x53, 0xc5, 0xb0, 0xb4, 0xd9, 0xee, 0x98, 0xee,
    0xda, 0xf6, 0xda, 0xf6, 0xd9, 0xee, 0x98, 0xee, 0x99, 0xee, 0xda, 0xee,
    0xda, 0xee, 0xda, 0xee, 0x57, 0xe6, 0xb9, 0xee, 0xda, 0xf6, 0xd9, 0xee,
    0xda, 0xf6, 0xda, 0xf6, 0xda, 0xf6, 0xfa, 0xf6, 0xda, 0xf6, 0xda, 0xee,
    0xda, 0xf6, 0xd9, 0xee, 0xfa, 0xee, 0xfa, 0xf6, 0xda, 0xf6, 0xda, 0xf6,
    0xfa, 0xf6, 0xda, 0xee, 0xd9, 0xf6, 0xda, 0xee, 0xda, 0xee, 0xf9, 0xf6,
    0xda, 0xee, 0xfa, 0xf6, 0xda, 0xf6, 0xfa, 0xf6, 0xfa, 0xf6, 0xda, 0xf6,
    0xda, 0xee, 0xda, 0xf6, 0xfa, 0xf6, 0xda, 0xee, 0xfa, 0xf6, 0xfa, 0xee,
    0xda, 0xf6, 0xfa, 0xf6, 0xda, 0xee, 0xfa, 0xf6, 0xfa, 0xf6, 0xfb, 0xf6,
    0xda, 0xee, 0xfa, 0xf6, 0xfa, 0xf6, 0xfa, 0xf6, 0xfa, 0xf6, 0xda, 0xee,
    0xfa, 0xee, 0xda, 0xee, 0xda, 0xf6, 0xfa, 0xee, 0xfa, 0xf6, 0xda, 0xf6,
    0xfa, 0xee, 0xfa, 0xf6, 0xfa, 0xee, 0xda, 0xf6, 0xfa, 0xf6, 0xfa, 0xee,
    0xfa, 0xf6, 0xda, 0xf6, 0xda, 0xee, 0xfa, 0xf6, 0xda, 0xf6, 0xfa, 0xf6,
    0xda, 0xee, 0xda, 0xf6, 0xfa, 0xee, 0xfa, 0xf6, 0xd9, 0xee, 0xda, 0xee,
    0xda, 0xf6, 0xda, 0xee, 0xfa, 0xf6, 0xda, 0xf6, 0xd9, 0xee, 0xda, 0xee,
    0xda, 0xf6, 0xda, 0xee, 0xda, 0xf6, 0xd9, 0xee, 0xd9, 0xf6, 0xda, 0xee,
    0xda, 0xf6, 0xb9, 0xee, 0x99, 0xee, 0xb9, 0xee, 0xb9, 0xf6, 0xb9, 0xee,
    0xda, 0xee, 0xb9, 0xee, 0x78, 0xee, 0xb9, 0xee, 0xb9, 0xee, 0x57, 0xe6,
    0xd9, 0xf6, 0xb9, 0xee, 0x78, 0xee, 0x57, 0xde, 0xb1, 0xac, 0x70, 0xa4,
    0x13, 0xb5, 0xf5, 0xd5, 0x16, 0xde, 0x36, 0xde, 0x37, 0xde, 0x37, 0xde,
    0x57, 0xde, 0x73, 0xcd, 0x6f, 0xac, 0x33, 0xbd, 0x12, 0xbd, 0xf2, 0xb4,
    0xf2, 0xb4, 0xb5, 0xcd, 0xb1, 0xac, 0xb1, 0xa4, 0x50, 0x9c, 0x91, 0x9c,
    0xf3, 0xac, 0xf3, 0xac, 0x13, 0xad, 0x13, 0xad, 0xce, 0x83, 0xb2, 0xa4,
    0xb2, 0xa4, 0x30, 0x94, 0x28, 0x4a, 0xd5, 0xcd, 0xb1, 0xac, 0x2f, 0x9c,
    0xb1, 0xac, 0xd1, 0xac, 0xd2, 0xb4, 0xf2, 0xb4, 0x91, 0xa4, 0x29, 0x42,
    0xa8, 0x21, 0x09, 0x32, 0x8a, 0x42, 0xe9, 0x29, 0xeb, 0x52, 0xa7, 0x21,
    0x68, 0x52, 0x6c, 0x7b, 0xa8, 0x29, 0xd0, 0x73, 0x10, 0x84, 0x66, 0x29,
    0x46, 0x21, 0x67, 0x29, 0xe9, 0x29, 0x2a, 0x22, 0x2a, 0x22, 0x4b, 0x2a,
    0xb1, 0xac, 0xb1, 0xac, 0xb1, 0xac, 0x37, 0xde, 0x74, 0xc5, 0xb1, 0xac,
    0xb1, 0xac, 0xb0, 0xa4, 0x90, 0xa4, 0x90, 0xa4, 0x70, 0xa4, 0x90, 0xa4,
    0xee, 0x8b, 0x50, 0x9c, 0x50, 0x9c, 0x50, 0x94, 0x50, 0x9c, 0x0f, 0x94,
    0xea, 0x6a, 0x70, 0xa4, 0xd1, 0xb4, 0xd1, 0xac, 0x90, 0xac, 0x33, 0xbd,
    0xd5, 0xd5, 0xf5, 0xd5, 0xf6, 0xd5, 0xf6, 0xd5, 0xf6, 0xd5, 0xf5, 0xd5,
    0xf6, 0xd5, 0xb5, 0xcd, 0x6f, 0xa4, 0x57, 0xde, 0x57, 0xe6, 0x94, 0xc5,
    0x70, 0x9c, 0xf2, 0xac, 0xf2, 0xb4, 0xf3, 0xac, 0xee, 0x93, 0x74, 0xc5,
    0x57, 0xde, 0x78, 0xe6, 0x53, 0xbd, 0x12, 0xb5, 0xee, 0x93, 0x12, 0xb5,
    0xd2, 0xb4, 0xd1, 0xac, 0xd1, 0xac, 0xf2, 0xb4, 0x2f, 0x9c, 0xf1, 0xbc,
    0x37, 0xde, 0x57, 0xde, 0x57, 0xde, 0x4f, 0xa4, 0xb1, 0xac, 0xd1, 0xac,
    0xd1, 0xac, 0xd1, 0xb4, 0xd2, 0xb4, 0xf2, 0xb4, 0x33, 0xb5, 0x13, 0xb5,
    0x33, 0xb5, 0x33, 0xb5, 0x4f, 0xa4, 0x90, 0xac, 0x12, 0xbd, 0x8f, 0xac,
    0xf5, 0xd5, 0x36, 0xde, 0x16, 0xde, 0x36, 0xe6, 0xd5, 0xdd, 0x99, 0xee,
    0xda, 0xf6, 0xd9, 0xee, 0xda, 0xf6, 0xd9, 0xf6, 0xda, 0xf6, 0xda, 0xf6,
    0xd9, 0xf6, 0xd9, 0xf6, 0x78, 0xee, 0xb9, 0xf6, 0xda, 0xf6, 0xda, 0xee,
    0xd9, 0xee, 0x37, 0xe6, 0xda, 0xf6, 0xda, 0xee, 0xda, 0xee, 0xb8, 0xee,
    0x98, 0xee, 0xfa, 0xf6, 0xda, 0xf6, 0xfa, 0xf6, 0x98, 0xee, 0xd9, 0xee,
    0xd9, 0xf6, 0xfa, 0xf6, 0x98, 0xee, 0xda, 0xf6, 0xda, 0xf6, 0xd9, 0xf6,
    0xda, 0xee, 0xda, 0xf6, 0xda, 0xf6, 0xb9, 0xee, 0xb9, 0xee, 0xfa, 0xee,
    0xda, 0xee, 0xda, 0xf6, 0xfa, 0xf6, 0xda, 0xee, 0xda, 0xf6, 0xfa, 0xf6,
    0xfa, 0xee, 0xda, 0xf6, 0xda, 0xf6, 0xfa, 0xf6, 0xda, 0xee, 0xda, 0xf6,
    0xfa, 0xf6, 0xda, 0xee, 0xda, 0xf6, 0xfa, 0xf6, 0xfa, 0xf6, 0xda, 0xf6,
    0xda, 0xee, 0xfa, 0xf6, 0xda, 0xf6, 0xda, 0xee, 0xfa, 0xf6, 0xda, 0xee,
    0xda, 0xee, 0xda, 0xf6, 0xda, 0xee, 0xfa, 0xf6, 0xda, 0xee, 0xda, 0xf6,
    0xf9, 0xee, 0xda, 0xf6, 0xda, 0xf6, 0xfa, 0xee, 0xda, 0xee, 0xfa, 0xf6,
    0xfa, 0xf6, 0xda, 0xee, 0xd9, 0xf6, 0xda, 0xee, 0xda, 0xf6, 0xda, 0xf6,
    0xd9, 0xee, 0xd9, 0xf6, 0xda, 0xee, 0xda, 0xf6, 0xda, 0xf6, 0xd9, 0xee,
    0xfa, 0xf6, 0xd9, 0xf6, 0xda, 0xee, 0xda, 0xee, 0xd9, 0xf6, 0xb9, 0xf6,
    0xda, 0xee, 0xb9, 0xee, 0x78, 0xee, 0xd9, 0xee, 0xb9, 0xee, 0xb9, 0xee,
    0xb9, 0xee, 0xb9, 0xee, 0x78, 0xee, 0xb9, 0xee, 0xd9, 0xf6, 0x78, 0xee,
    0xba, 0xee, 0xb9, 0xee, 0xd5, 0xd5, 0xce, 0x93, 0x70, 0x9c, 0x90, 0xa4,
    0x57, 0xde, 0x37, 0xde, 0x16, 0xde, 0x57, 0xde, 0xd5, 0xd5, 0x90, 0xac,
    0x12, 0xbd, 0x12, 0xbd, 0x12, 0xb5, 0x12, 0xb5, 0xd1, 0xb4, 0x36, 0xde,
    0xb5, 0xcd, 0xb1, 0xac, 0xd2, 0xac, 0xb1, 0xa4, 0xb2, 0xa4, 0xf3, 0xac,
    0x13, 0xad, 0xf3, 0xac, 0xf3, 0xac, 0xd2, 0xa4, 0xb2, 0xa4, 0xd2, 0xa4,
    0xb1, 0xa4, 0x86, 0x29, 0x69, 0x52, 0x73, 0xc5, 0x0e, 0x94, 0x70, 0xa4,
    0xd1, 0xac, 0xd1, 0xac, 0xd2, 0xac, 0xd1, 0xac, 0x0f, 0x8c, 0x29, 0x32,
    0xa8, 0x21, 0x8b, 0x42, 0x09, 0x2a, 0xec, 0x52, 0xc8, 0x29, 0x29, 0x3a,
    0xce, 0x83, 0xc8, 0x31, 0xcc, 0x4a, 0xcf, 0x7b, 0x8f, 0x73, 0xcf, 0x7b,
    0x29, 0x42, 0xe9, 0x29, 0x2a, 0x22, 0x2a, 0x22, 0x2a, 0x22, 0x4b, 0x2a,
    0xb1, 0xac, 0xb1, 0xac, 0x77, 0xde, 0xd5, 0xcd, 0x2f, 0x9c, 0xb0, 0xa4,
    0xb1, 0xa4, 0x91, 0xa4, 0x90, 0xa4, 0x50, 0xa4, 0x70, 0xa4, 0x2f, 0x94,
    0xee, 0x8b, 0x50, 0x9c, 0x70, 0x9c, 0x70, 0x9c, 0x50, 0x9c, 0x50, 0x9c,
    0x70, 0xa4, 0x2e, 0x9c, 0xee, 0x93, 0x6c, 0x7b, 0xb1, 0xac, 0x33, 0xbd,
    0xd5, 0xd5, 0xf5, 0xd5, 0xf5, 0xd5, 0xf6, 0xd5, 0xf6, 0xd5, 0xf6, 0xd5,
    0xf5, 0xd5, 0x16, 0xde, 0x37, 0xde, 0x57, 0xe6, 0x57, 0xe6, 0x78, 0xe6,
    0xb5, 0xcd, 0xd2, 0xac, 0xf3, 0xac, 0xf3, 0xb4, 0x50, 0x9c, 0x95, 0xc5,
    0x57, 0xde, 0x78, 0xe6, 0x78, 0xe6, 0xd1, 0xb4, 0xb1, 0xac, 0xf2, 0xb4,
    0x12, 0xb5, 0xf2, 0xb4, 0xf2, 0xb4, 0xd2, 0xac, 0xf1, 0xb4, 0x0e, 0x9c,
    0x32, 0xbd, 0x57, 0xe6, 0x57, 0xe6, 0x57, 0xe6, 0xd1, 0xb4, 0xd1, 0xac,
    0xd1, 0xb4, 0xf2, 0xac, 0xd1, 0xac, 0xd1, 0xac, 0xb1, 0xac, 0x33, 0xb5,
    0x13, 0xb5, 0x12, 0xb5, 0x12, 0xb5, 0xb1, 0xac, 0xd1, 0xb4, 0x53, 0xc5,
    0xd1, 0xbc, 0x94, 0xcd, 0xf6, 0xdd, 0x53, 0xc5, 0x57, 0xe6, 0xb9, 0xf6,
    0xd9, 0xf6, 0xda, 0xee, 0xb9, 0xee, 0xb9, 0xf6, 0xda, 0xee, 0xda, 0xee,
    0xda, 0xf6, 0xd9, 0xf6, 0xda, 0xf6, 0xda, 0xf6, 0xd9, 0xf6, 0xda, 0xf6,
    0xda, 0xf6, 0x57, 0xe6, 0xda, 0xf6, 0xda, 0xf6, 0xda, 0xf6, 0xb9, 0xf6,
    0xb9, 0xf6, 0xda, 0xee, 0xda, 0xf6, 0xda, 0xf6, 0xd9, 0xf6, 0xda, 0xf6,
    0xda, 0xee, 0xda, 0xee, 0xb9, 0xee, 0xda, 0xf6, 0xda, 0xf6, 0xda, 0xee,
    0xfa, 0xf6, 0xfa, 0xf6, 0xfa, 0xee, 0xda, 0xf6, 0xda, 0xf6, 0xfa, 0xf6,
    0xda, 0xf6, 0xfa, 0xee, 0xfa, 0xf6, 0xda, 0xf6, 0xfa, 0xee, 0xda, 0xf6,
    0xfa, 0xf6, 0xda, 0xf6, 0xfa, 0xf6, 0xda, 0xf6, 0xfa, 0xf6, 0xda, 0xf6,
    0xda, 0xee, 0xfa, 0xf6, 0xda, 0xee, 0xda, 0xee, 0xfa, 0xf6, 0xda, 0xf6,
    0xda, 0xf6, 0xda, 0xf6, 0xfa, 0xf6, 0xfa, 0xf6, 0xda, 0xf6, 0xfa, 0xf6,
    0xda, 0xee, 0xda, 0xf6, 0xfa, 0xf6, 0xfa, 0xee, 0xda, 0xf6, 0xfa, 0xf6,
    0xfa, 0xee, 0xfa, 0xf6, 0xda, 0xf6, 0xda, 0xee, 0xfa, 0xf6, 0xda, 0xf6,
    0xda, 0xee, 0xda, 0xee, 0xda, 0xf6, 0xfa, 0xee, 0xda, 0xee, 0xda, 0xee,
    0xda, 0xee, 0xda, 0xf6, 0xda, 0xee, 0xda, 0xee, 0xd9, 0xf6, 0xda, 0xf6,
    0xd9, 0xee, 0xda, 0xee, 0xda, 0xf6, 0xda, 0xee, 0xd9, 0xf6, 0xda, 0xf6,
    0xda, 0xee, 0xb9, 0xee, 0x99, 0xee, 0xb9, 0xee, 0xb9, 0xf6, 0xb9, 0xf6,
    0xb9, 0xee, 0xb9, 0xee, 0x78, 0xee, 0xb9, 0xee, 0xb9, 0xee, 0x99, 0xf6,
    0xd9, 0xee, 0x98, 0xee, 0xb5, 0xd5, 0x4b, 0x83, 0xd5, 0xd5, 0xf5, 0xd5,
    0xd5, 0xd5, 0xb0, 0xac, 0x4f, 0xa4, 0x12, 0xbd, 0x12, 0xbd, 0x32, 0xbd,
    0x12, 0xbd, 0x33, 0xbd, 0xd1, 0xb4, 0xf5, 0xd5, 0x37, 0xde, 0xd5, 0xcd,
    0x90, 0xa4, 0x13, 0xb5, 0xd1, 0xac, 0xd2, 0xa4, 0xf2, 0xac, 0x13, 0xad,
    0x13, 0xad, 0x13, 0xad, 0x13, 0xad, 0xef, 0x8b, 0x91, 0x9c, 0xb2, 0xa4,
    0x0c, 0x63, 0xe8, 0x31, 0x54, 0xbd, 0x53, 0xbd, 0xb1, 0xac, 0xd2, 0xac,
    0xd2, 0xac, 0xd2, 0xb4, 0xd2, 0xac, 0xd2, 0xac, 0x8d, 0x7b, 0x4a, 0x32,
    0x8b, 0x3a, 0xe9, 0x21, 0x6a, 0x42, 0x49, 0x42, 0xa7, 0x21, 0x49, 0x42,
    0xef, 0x7b, 0xe9, 0x21, 0xc8, 0x21, 0x87, 0x21, 0xab, 0x52, 0x14, 0xa5,
    0xf7, 0xc5, 0x10, 0x7c, 0xab, 0x42, 0xcc, 0x4a, 0x31, 0x7c, 0x59, 0xc6,
    0xd1, 0xac, 0x57, 0xde, 0x36, 0xd6, 0xf2, 0xb4, 0x91, 0xa4, 0x90, 0xa4,
    0x90, 0xa4, 0x70, 0xa4, 0x2f, 0x9c, 0x2f, 0x94, 0x50, 0x9c, 0x50, 0x94,
    0x30, 0x94, 0x50, 0x9c, 0x50, 0x9c, 0x50, 0x94, 0x2f, 0x94, 0x4c, 0x7b,
    0xd1, 0xb4, 0xad, 0x83, 0xea, 0x6a, 0x4c, 0x7b, 0x2f, 0x9c, 0x33, 0xbd,
    0xf5, 0xd5, 0xf5, 0xd5, 0xf5, 0xd5, 0xf5, 0xd5, 0xf6, 0xd5, 0xf6, 0xd5,
    0xf5, 0xd5, 0x73, 0xc5, 0x37, 0xde, 0x57, 0xde, 0x57, 0xde, 0x58, 0xe6,
    0x94, 0xc5, 0xb1, 0xa4, 0xf3, 0xac, 0xf2, 0xac, 0xd2, 0xac, 0xf6, 0xcd,
    0x57, 0xe6, 0x77, 0xe6, 0x78, 0xe6, 0x16, 0xd6, 0xd1, 0xac, 0x4f, 0x9c,
    0x12, 0xb5, 0xf2, 0xb4, 0xd1, 0xb4, 0xd1, 0xac, 0xf2, 0xb4, 0xd2, 0xb4,
    0x4f, 0xa4, 0x53, 0xc5, 0x37, 0xde, 0x57, 0xde, 0x90, 0xac, 0xd1, 0xb4,
    0xd2, 0xac, 0xd1, 0xac, 0xf2, 0xb4, 0xb1, 0xac, 0x6f, 0x9c, 0x13, 0xb5,
    0x12, 0xb5, 0x12, 0xb5, 0xf3, 0xb4, 0x13, 0xb5, 0xd1, 0xac, 0xf6, 0xdd,
    0x94, 0xd5, 0x73, 0xcd, 0xb0, 0xb4, 0xd5, 0xd5, 0x16, 0xde, 0xf5, 0xdd,
    0x98, 0xee, 0xda, 0xee, 0x99, 0xee, 0x78, 0xee, 0xd9, 0xf6, 0xda, 0xee,
    0xda, 0xee, 0x98, 0xee, 0xb9, 0xee, 0xfa, 0xf6, 0xfa, 0xf6, 0xda, 0xee,
    0xd9, 0xf6, 0xd9, 0xf6, 0xd9, 0xee, 0xda, 0xee, 0xf9, 0xf6, 0xd9, 0xf6,
    0xfa, 0xf6, 0xda, 0xf6, 0xd9, 0xee, 0xd9, 0xf6, 0xda, 0xf6, 0xda, 0xf6,
    0xda, 0xf6, 0xd9, 0xf6, 0xd9, 0xee, 0xda, 0xee, 0xfa, 0xee, 0xd9, 0xf6,
    0xfa, 0xf6, 0xda, 0xee, 0xda, 0xf6, 0xfa, 0xee, 0xb9, 0xee, 0xb9, 0xf6,
    0xda, 0xf6, 0xfa, 0xee, 0xda, 0xf6, 0xda, 0xf6, 0xfa, 0xf6, 0xfa, 0xf6,
    0xfa, 0xee, 0xda, 0xf6, 0xfa, 0xee, 0xfa, 0xee, 0xfa, 0xf6, 0xda, 0xf6,
    0xfa, 0xee, 0xfa, 0xf6, 0xda, 0xf6, 0xfa, 0xf6, 0xda, 0xee, 0xda, 0xee,
    0xda, 0xee, 0xda, 0xf6, 0xfa, 0xee, 0xfa, 0xee, 0xda, 0xf6, 0xfa, 0xf6,
    0xda, 0xf6, 0xf9, 0xee, 0xda, 0xee, 0xda, 0xf6, 0xda, 0xf6, 0xda, 0xf6,
    0xda, 0xee, 0xda, 0xee, 0xfa, 0xf6, 0xfa, 0xf6, 0xda, 0xee, 0xda, 0xee,
    0xfa, 0xf6, 0xda, 0xf6, 0xfa, 0xee, 0xda, 0xf6, 0xda, 0xf6, 0xfa, 0xf6,
    0xda, 0xf6, 0xd9, 0xee, 0xd9, 0xf6, 0xda, 0xee, 0xda, 0xf6, 0xd9, 0xee,
    0xda, 0xee, 0xda, 0xf6, 0xd9, 0xf6, 0xda, 0xee, 0xd9, 0xf6, 0xd9, 0xf6,
    0xda, 0xf6, 0xb9, 0xf6, 0x98, 0xee, 0xb9, 0xee, 0xb9, 0xf6, 0xb9, 0xee,
    0xd9, 0xf6, 0xb9, 0xf6, 0x58, 0xee, 0x98, 0xee, 0x78, 0xe6, 0x78, 0xee,
    0xb9, 0xf6, 0xb5, 0xd5, 0x73, 0xcd, 0x12, 0xbd, 0x4f, 0x9c, 0x70, 0xa4,
    0xd1, 0xac, 0xf2, 0xb4, 0x32, 0xbd, 0x12, 0xbd, 0x12, 0xbd, 0x33, 0xc5,
    0x12, 0xb5, 0x16, 0xd6, 0x57, 0xde, 0x37, 0xde, 0xf6, 0xdd, 0x12, 0xb5,
    0xf2, 0xb4, 0xb1, 0xa4, 0xd2, 0xac, 0x91, 0x9c, 0x91, 0x9c, 0xf3, 0xac,
    0x13, 0xad, 0x14, 0xad, 0xb2, 0xa4, 0xb1, 0xa4, 0xb1, 0x9c, 0x30, 0x8c,
    0x87, 0x29, 0x08, 0x42, 0x33, 0xbd, 0x8d, 0x83, 0xb1, 0xac, 0xd2, 0xac,
    0xd1, 0xac, 0xd2, 0xac, 0xd2, 0xb4, 0xb1, 0xac, 0xca, 0x5a, 0xe9, 0x29,
    0xc8, 0x21, 0x29, 0x3a, 0x4c, 0x6b, 0x87, 0x19, 0xe8, 0x31, 0xef, 0x8b,
    0xe8, 0x29, 0xc8, 0x21, 0x87, 0x21, 0x67, 0x21, 0x87, 0x29, 0xa8, 0x29,
    0xc9, 0x21, 0x8b, 0x3a, 0xf0, 0x6b, 0xd3, 0x8c, 0x8f, 0x5b, 0x8b, 0x2a,
    0x57, 0xde, 0x37, 0xde, 0x74, 0xc5, 0x90, 0xa4, 0xb1, 0xac, 0x91, 0xa4,
    0x70, 0xa4, 0x2f, 0x9c, 0x2f, 0x94, 0x30, 0x94, 0x30, 0x94, 0x2f, 0x94,
    0x30, 0x94, 0x50, 0x9c, 0x50, 0x94, 0x30, 0x94, 0xee, 0x8b, 0x90, 0xa4,
    0x53, 0xc5, 0xce, 0x8b, 0xaa, 0x62, 0xa9, 0x62, 0x6c, 0x83, 0x32, 0xbd,
    0xd5, 0xd5, 0xd6, 0xd5, 0xf5, 0xd5, 0xf5, 0xd5, 0xf6, 0xd5, 0xf5, 0xd5,
    0xd5, 0xd5, 0x57, 0xe6, 0x57, 0xde, 0x57, 0xe6, 0x57, 0xde, 0x77, 0xe6,
    0x58, 0xe6, 0x95, 0xc5, 0xd2, 0xac, 0xf2, 0xac, 0xf3, 0xb4, 0xf6, 0xd5,
    0x77, 0xde, 0x77, 0xe6, 0x57, 0xde, 0x57, 0xde, 0xd1, 0xac, 0xb1, 0xac,
    0xd1, 0xac, 0xd2, 0xb4, 0xf1, 0xb4, 0xf1, 0xb4, 0xd1, 0xac, 0xf2, 0xb4,
    0xf2, 0xb4, 0x4f, 0xa4, 0x53, 0xc5, 0x37, 0xde, 0x57, 0xde, 0xb1, 0xb4,
    0xd1, 0xb4, 0xf1, 0xb4, 0xd1, 0xb4, 0xd1, 0xac, 0xd1, 0xac, 0x13, 0xb5,
    0x13, 0xb5, 0x12, 0xb5, 0xf2, 0xac, 0x12, 0xb5, 0x2a, 0x7b, 0xd1, 0xb4,
    0x57, 0xe6, 0x94, 0xcd, 0x73, 0xc5, 0x32, 0xc5, 0x32, 0xc5, 0xf5, 0xd5,
    0x73, 0xcd, 0x78, 0xe6, 0xb9, 0xee, 0xb9, 0xee, 0xd9, 0xf6, 0xd9, 0xee,
    0xda, 0xf6, 0x58, 0xee, 0xb9, 0xee, 0xda, 0xf6, 0xda, 0xf6, 0xda, 0xee,
    0xb9, 0xf6, 0xd9, 0xf6, 0xda, 0xee, 0xda, 0xf6, 0xb9, 0xee, 0x98, 0xee,
    0xda, 0xf6, 0xfa, 0xf6, 0xda, 0xee, 0x98, 0xee, 0xb9, 0xee, 0xfa, 0xee,
    0xda, 0xf6, 0xd9, 0xf6, 0xda, 0xf6, 0xfa, 0xf6, 0xfa, 0xf6, 0xd9, 0xf6,
    0xda, 0xf6, 0xda, 0xf6, 0xfa, 0xf6, 0xda, 0xee, 0xb9, 0xee, 0xb9, 0xee,
    0xda, 0xf6, 0xda, 0xf6, 0xfa, 0xf6, 0xfa, 0xee, 0xfa, 0xf6, 0xfa, 0xf6,
    0xfa, 0xf6, 0xda, 0xf6, 0xda, 0xee, 0xfa, 0xf6, 0xfa, 0xf6, 0xda, 0xf6,
    0xda, 0xee, 0xfa, 0xf6, 0xda, 0xf6, 0xfa, 0xf6, 0xda, 0xf6, 0xda, 0xf6,
    0xf9, 0xf6, 0xfa, 0xee, 0xda, 0xf6, 0xda, 0xf6, 0xda, 0xee, 0xda, 0xee,
    0xda, 0xee, 0xd9, 0xee, 0xda, 0xf6, 0xda, 0xf6, 0xda, 0xee, 0xda, 0xee,
    0xda, 0xf6, 0xda, 0xf6, 0xfa, 0xee, 0xda, 0xf6, 0xfa, 0xf6, 0xda, 0xf6,
    0xda, 0xee, 0xda, 0xf6, 0xda, 0xee, 0xda, 0xee, 0xd9, 0xf6, 0xda, 0xee,
    0xda, 0xee, 0xda, 0xf6, 0xda, 0xf6, 0xd9, 0xee, 0xda, 0xf6, 0xd9, 0xee,
    0xd9, 0xf6, 0xda, 0xf6, 0xda, 0xf6, 0xd9, 0xee, 0x99, 0xee, 0xd9, 0xee,
    0xda, 0xee, 0xd9, 0xf6, 0xb9, 0xf6, 0xb9, 0xee, 0xb9, 0xf6, 0xb9, 0xee,
    0xb9, 0xee, 0xb9, 0xee, 0x37, 0xe6, 0xf6, 0xdd, 0xb5, 0xd5, 0xf5, 0xdd,
    0xb9, 0xf6, 0x99, 0xee, 0xf2, 0xbc, 0x13, 0xb5, 0xf2, 0xac, 0xd2, 0xac,
    0x91, 0xac, 0xf1, 0xb4, 0x53, 0xc5, 0x53, 0xc5, 0x53, 0xc5, 0x16, 0xd6,
    0x37, 0xde, 0x57, 0xde, 0x57, 0xe6, 0x57, 0xde, 0x94, 0xcd, 0xb1, 0xac,
    0x70, 0x9c, 0xd2, 0xac, 0xd2, 0xac, 0x50, 0x9c, 0x71, 0x9c, 0xf3, 0xac,
    0x13, 0xad, 0xd3, 0xa4, 0x91, 0x9c, 0x91, 0xa4, 0x30, 0x8c, 0x66, 0x29,
    0xa7, 0x29, 0x70, 0x94, 0xd2, 0xac, 0xcd, 0x83, 0x90, 0xa4, 0xd1, 0xac,
    0xd2, 0xac, 0xd2, 0xac, 0xf1, 0xac, 0x90, 0xa4, 0xaa, 0x52, 0xe9, 0x21,
    0x29, 0x32, 0xd2, 0xa4, 0xe8, 0x29, 0x87, 0x19, 0xcb, 0x62, 0x2c, 0x5b,
    0xa8, 0x21, 0x67, 0x21, 0x67, 0x21, 0x87, 0x21, 0xa8, 0x21, 0xe9, 0x21,
    0x0a, 0x22, 0x0a, 0x1a, 0x2a, 0x22, 0x4b, 0x32, 0x8b, 0x32, 0xcc, 0x2a,
    0x57, 0xde, 0xd5, 0xcd, 0x0e, 0x9c, 0x90, 0xa4, 0x91, 0xa4, 0x70, 0xa4,
    0x0f, 0x94, 0x0f, 0x94, 0x2f, 0x94, 0x30, 0x94, 0x2f, 0x94, 0x0f, 0x94,
    0x30, 0x94, 0x30, 0x94, 0x50, 0x9c, 0x50, 0x9c, 0x6c, 0x7b, 0x33, 0xbd,
    0x53, 0xbd, 0xad, 0x83, 0xaa, 0x62, 0xca, 0x6a, 0x6c, 0x7b, 0xf2, 0xb4,
    0xf5, 0xd5, 0xf5, 0xd5, 0xd6, 0xd5, 0xf5, 0xd5, 0xf5, 0xd5, 0xd6, 0xd5,
    0x53, 0xc5, 0x57, 0xde, 0x57, 0xde, 0x57, 0xe6, 0x57, 0xe6, 0x77, 0xde,
    0x78, 0xe6, 0x94, 0xc5, 0xd2, 0xac, 0xf2, 0xac, 0xf2, 0xac, 0xb5, 0xcd,
    0x57, 0xde, 0x58, 0xe6, 0x57, 0xde, 0x77, 0xe6, 0x57, 0xe6, 0xb1, 0xac,
    0x4f, 0xa4, 0xf2, 0xb4, 0xf2, 0xb4, 0xf2, 0xb4, 0xf2, 0xb4, 0xf2, 0xb4,
    0xf1, 0xac, 0xf1, 0xac, 0x6f, 0xa4, 0x53, 0xc5, 0x36, 0xde, 0xd1, 0xac,
    0xd1, 0xb4, 0xd1, 0xac, 0xf2, 0xac, 0xd1, 0xb4, 0xd1, 0xac, 0xd2, 0xac,
    0x13, 0xb5, 0x12, 0xb5, 0x13, 0xad, 0x13, 0xb5, 0x6c, 0x83, 0xcd, 0x93,
    0x94, 0xcd, 0x57, 0xe6, 0xd5, 0xd5, 0x73, 0xcd, 0x12, 0xc5, 0x32, 0xc5,
    0xd5, 0xd5, 0x94, 0xd5, 0x78, 0xee, 0xd9, 0xf6, 0xda, 0xee, 0xd9, 0xf6,
    0xd9, 0xf6, 0xb9, 0xee, 0xd9, 0xf6, 0xd9, 0xee, 0xda, 0xf6, 0xfa, 0xf6,
    0x57, 0xe6, 0xda, 0xee, 0xda, 0xf6, 0xda, 0xee, 0x99, 0xee, 0x57, 0xe6,
    0xda, 0xf6, 0xda, 0xf6, 0xda, 0xee, 0x58, 0xe6, 0x99, 0xee, 0xda, 0xf6,
    0xd9, 0xee, 0xd9, 0xf6, 0xda, 0xf6, 0xda, 0xf6, 0xda, 0xee, 0xda, 0xf6,
    0xda, 0xf6, 0xda, 0xee, 0xda, 0xf6, 0xfa, 0xf6, 0xda, 0xf6, 0xda, 0xf6,
    0xda, 0xee, 0xfa, 0xf6, 0xda, 0xf6, 0xda, 0xee, 0xda, 0xf6, 0xda, 0xf6,
    0xfa, 0xee, 0xda, 0xf6, 0xfa, 0xf6, 0xda, 0xf6, 0xfa, 0xf6, 0xda, 0xee,
    0xfa, 0xf6, 0xda, 0xee, 0xfa, 0xee, 0xda, 0xf6, 0xda, 0xee, 0xda, 0xee,
    0xda, 0xf6, 0xda, 0xee, 0xda, 0xf6, 0xda, 0xf6, 0xfa, 0xf6, 0xda, 0xee,
    0xd9, 0xf6, 0xda, 0xf6, 0xda, 0xf6, 0xfa, 0xf6, 0xfa, 0xee, 0xda, 0xf6,
    0xfa, 0xf6, 0xda, 0xee, 0xda, 0xf6, 0xda, 0xee, 0xfa, 0xf6, 0xda, 0xf6,
    0xfa, 0xee, 0xd9, 0xf6, 0xfa, 0xee, 0xda, 0xf6, 0xd9, 0xee, 0xfa, 0xee,
    0xda, 0xf6, 0xda, 0xee, 0xda, 0xee, 0xda, 0xee, 0xda, 0xee, 0xda, 0xf6,
    0xd9, 0xee, 0xda, 0xee, 0xda, 0xee, 0xd9, 0xf6, 0x78, 0xee, 0xda, 0xee,
    0xd9, 0xee, 0xda, 0xf6, 0xd9, 0xf6, 0xd9, 0xee, 0xb9, 0xf6, 0xb9, 0xee,
    0xb9, 0xee, 0xd9, 0xf6, 0x57, 0xe6, 0xb9, 0xee, 0xd9, 0xee, 0xb9, 0xf6,
    0xd9, 0xee, 0x58, 0xe6, 0x0b, 0x83, 0xd2, 0xac, 0xf2, 0xac, 0xd2, 0xac,
    0xf2, 0xb4, 0x73, 0xc5, 0xb5, 0xcd, 0x37, 0xde, 0x37, 0xde, 0x37, 0xde,
    0x57, 0xde, 0x57, 0xde, 0x57, 0xde, 0xb5, 0xcd, 0x90, 0xa4, 0x50, 0x9c,
    0xd2, 0xa4, 0xb2, 0xa4, 0xd2, 0xac, 0xb1, 0xa4, 0xb2, 0x9c, 0xf3, 0xa4,
    0xf3, 0xac, 0x71, 0x9c, 0xee, 0x8b, 0x71, 0x9c, 0x49, 0x4a, 0x87, 0x21,
    0xe8, 0x31, 0x95, 0xc5, 0xca, 0x62, 0xb1, 0xac, 0x90, 0xa4, 0xd2, 0xac,
    0xd2, 0xac, 0xf2, 0xb4, 0xf2, 0xb4, 0xb1, 0xac, 0xcc, 0x52, 0xc8, 0x21,
    0x6e, 0x6b, 0x8e, 0x6b, 0xe8, 0x21, 0xe7, 0x31, 0xad, 0x83, 0x87, 0x21,
    0x87, 0x19, 0x66, 0x21, 0x87, 0x21, 0xc8, 0x21, 0x09, 0x22, 0x09, 0x22,
    0x0a, 0x22, 0x0a, 0x22, 0x0a, 0x22, 0x2a, 0x2a, 0x6b, 0x2a, 0x8c, 0x2a,
    0x57, 0xde, 0x33, 0xbd, 0xb1, 0xa4, 0x90, 0xa4, 0x70, 0xa4, 0x0f, 0x94,
    0xee, 0x8b, 0x2f, 0x9c, 0x30, 0x94, 0x30, 0x94, 0x2f, 0x94, 0x2f, 0x94,
    0x30, 0x94, 0x50, 0x9c, 0x50, 0x9c, 0xad, 0x83, 0x12, 0xb5, 0x73, 0xc5,
    0x12, 0xb5, 0xca, 0x62, 0xaa, 0x62, 0x0b, 0x73, 0x2b, 0x73, 0xd1, 0xac,
    0xd5, 0xd5, 0xf5, 0xd5, 0xd5, 0xcd, 0xd5, 0xd5, 0xf5, 0xd5, 0xb5, 0xcd,
    0xd5, 0xd5, 0x78, 0xe6, 0x57, 0xde, 0x57, 0xde, 0x58, 0xe6, 0x77, 0xde,
    0x78, 0xe6, 0x78, 0xe6, 0x94, 0xc5, 0xf2, 0xac, 0xf3, 0xac, 0xf2, 0xb4,
    0x57, 0xde, 0x78, 0xe6, 0x58, 0xe6, 0x78, 0xe6, 0x57, 0xde, 0x33, 0xbd,
    0xd2, 0xac, 0xf2, 0xb4, 0xf2, 0xb4, 0xf2, 0xb4, 0xd1, 0xac, 0xd1, 0xac,
    0xf2, 0xb4, 0xd1, 0xb4, 0xf2, 0xb4, 0x4f, 0xa4, 0x52, 0xc5, 0x57, 0xde,
    0x12, 0xbd, 0xd1, 0xac, 0xd1, 0xac, 0xd1, 0xb4, 0x90, 0xa4, 0x70, 0x9c,
    0x13, 0xb5, 0x13, 0xb5, 0x13, 0xb5, 0x33, 0xb5, 0x4f, 0x9c, 0x33, 0xc5,
    0xd1, 0xbc, 0x36, 0xde, 0x57, 0xe6, 0x36, 0xde, 0x53, 0xc5, 0x4e, 0xac,
    0x36, 0xe6, 0x36, 0xe6, 0xb4, 0xd5, 0x78, 0xee, 0xda, 0xee, 0xda, 0xee,
    0xd9, 0xf6, 0xd9, 0xf6, 0xda, 0xee, 0xda, 0xee, 0xd9, 0xee, 0xd9, 0xf6,
    0x78, 0xee, 0xd9, 0xee, 0xd9, 0xf6, 0xda, 0xf6, 0xb9, 0xee, 0x78, 0xee,
    0xfa, 0xf6, 0xd9, 0xee, 0xd9, 0xf6, 0x78, 0xee, 0xb9, 0xee, 0xda, 0xf6,
    0xda, 0xee, 0xb9, 0xee, 0xda, 0xee, 0xda, 0xf6, 0xda, 0xee, 0xd9, 0xf6,
    0xfa, 0xf6, 0xda, 0xee, 0xda, 0xee, 0xda, 0xf6, 0xda, 0xf6, 0xd9, 0xee,
    0xda, 0xee, 0xfa, 0xf6, 0xda, 0xf6, 0xfa, 0xf6, 0xfa, 0xf6, 0xda, 0xee,
    0xda, 0xf6, 0xfa, 0xee, 0xfa, 0xf6, 0xda, 0xf6, 0xda, 0xee, 0xfa, 0xf6,
    0xda, 0xf6, 0xda, 0xf6, 0xda, 0xf6, 0xfa, 0xf6, 0xda, 0xf6, 0xda, 0xee,
    0xda, 0xf6, 0xd9, 0xf6, 0xfa, 0xee, 0xda, 0xf6, 0xd9, 0xee, 0xda, 0xf6,
    0xd9, 0xee, 0xda, 0xee, 0xda, 0xf6, 0xda, 0xee, 0xda, 0xf6, 0xda, 0xf6,
    0xda, 0xee, 0xda, 0xf6, 0xda, 0xf6, 0xfa, 0xf6, 0xd9, 0xf6, 0xfa, 0xee,
    0xfa, 0xf6, 0xfa, 0xf6, 0xfa, 0xee, 0xda, 0xf6, 0xda, 0xf6, 0xda, 0xf6,
    0xda, 0xf6, 0xd9, 0xee, 0xd9, 0xf6, 0xda, 0xf6, 0xd9, 0xf6, 0xd9, 0xee,
    0xb9, 0xf6, 0xd9, 0xee, 0xda, 0xf6, 0xd9, 0xee, 0x57, 0xe6, 0xba, 0xee,
    0xd9, 0xf6, 0xd9, 0xf6, 0xda, 0xee, 0xda, 0xee, 0xb9, 0xf6, 0xb9, 0xee,
    0xb9, 0xee, 0xd9, 0xee, 0x58, 0xee, 0xb9, 0xee, 0xb9, 0xee, 0x99, 0xf6,
    0xd9, 0xee, 0x78, 0xe6, 0xad, 0x93, 0xf2, 0xac, 0xd2, 0xac, 0x12, 0xb5,
    0x16, 0xde, 0x36, 0xde, 0x57, 0xde, 0x37, 0xde, 0x57, 0xde, 0x37, 0xde,
    0x36, 0xde, 0x37, 0xde, 0x74, 0xc5, 0x4f, 0x9c, 0x50, 0x9c, 0xd2, 0xac,
    0xd2, 0xac, 0xd2, 0xac, 0xd2, 0xa4, 0xd2, 0xa4, 0xf3, 0xac, 0x13, 0xad,
    0xb2, 0xa4, 0xb1, 0xa4, 0x2f, 0x94, 0x8e, 0x73, 0xc8, 0x29, 0x87, 0x21,
    0x8d, 0x7b, 0x71, 0x9c, 0xe7, 0x39, 0x90, 0xa4, 0xb1, 0xac, 0xd1, 0xac,
    0xd2, 0xac, 0xd2, 0xac, 0xd2, 0xac, 0xd2, 0xac, 0xcb, 0x4a, 0xaa, 0x4a,
    0xae, 0x7b, 0xcb, 0x4a, 0xa8, 0x21, 0x4c, 0x73, 0x29, 0x3a, 0x87, 0x21,
    0x87, 0x21, 0x87, 0x21, 0xc8, 0x21, 0x09, 0x22, 0x2a, 0x22, 0x2a, 0x22,
    0x0a, 0x22, 0x29, 0x22, 0x2a, 0x22, 0x2a, 0x22, 0x4b, 0x2a, 0x2a, 0x22,
    0x53, 0xbd, 0x70, 0xa4, 0x91, 0xac, 0x90, 0xa4, 0x2f, 0x9c, 0x0f, 0x94,
    0x50, 0x9c, 0x50, 0x9c, 0x50, 0x9c, 0x4f, 0x94, 0x0f, 0x94, 0x2f, 0x94,
    0x50, 0x94, 0x30, 0x94, 0x2f, 0x9c, 0xce, 0x8b, 0x53, 0xc5, 0x53, 0xc5,
    0xb1, 0xac, 0x89, 0x62, 0xca, 0x62, 0x0b, 0x73, 0xca, 0x6a, 0x70, 0xa4,
    0xd5, 0xd5, 0xd5, 0xd5, 0xd5, 0xd5, 0xd5, 0xcd, 0xf5, 0xd5, 0x53, 0xc5,
    0x37, 0xde, 0x57, 0xde, 0x57, 0xde, 0x57, 0xe6, 0x57, 0xde, 0x78, 0xe6,
    0x77, 0xe6, 0x77, 0xe6, 0xb5, 0xcd, 0x13, 0xb5, 0xf3, 0xb4, 0x50, 0x9c,
    0x37, 0xde, 0x77, 0xe6, 0x57, 0xde, 0x77, 0xde, 0x78, 0xe6, 0x37, 0xde,
    0x12, 0xb5, 0xf1, 0xb4, 0xf1, 0xac, 0xf2, 0xb4, 0xd1, 0xac, 0xd1, 0xac,
    0xf2, 0xb4, 0xf2, 0xb4, 0xf2, 0xb4, 0xf2, 0xb4, 0x4f, 0xa4, 0x73, 0xc5,
    0xf5, 0xd5, 0x90, 0xac, 0xd2, 0xac, 0xd2, 0xb4, 0xb1, 0xac, 0x90, 0xa4,
    0x13, 0xb5, 0x13, 0xb5, 0x12, 0xb5, 0x13, 0xb5, 0xf2, 0xb4, 0x74, 0xcd,
    0xd5, 0xdd, 0x94, 0xd5, 0x57, 0xe6, 0x57, 0xde, 0x36, 0xde, 0x53, 0xc5,
    0xd5, 0xd5, 0xb9, 0xee, 0xf5, 0xdd, 0xd5, 0xd5, 0x78, 0xe6, 0xd9, 0xee,
    0x98, 0xee, 0x99, 0xee, 0xd9, 0xf6, 0xda, 0xf6, 0xda, 0xf6, 0xd9, 0xf6,
    0xd9, 0xf6, 0xda, 0xf6, 0xda, 0xf6, 0xd9, 0xf6, 0xd9, 0xf6, 0xd9, 0xf6,
    0xda, 0xee, 0xda, 0xee, 0xd9, 0xf6, 0xb9, 0xf6, 0xd9, 0xf6, 0xda, 0xee,
    0xda, 0xf6, 0x57, 0xee, 0xd9, 0xee, 0xfa, 0xf6, 0xfa, 0xf6, 0xd9, 0xf6,
    0xd9, 0xf6, 0xda, 0xf6, 0xd9, 0xee, 0xda, 0xf6, 0xfa, 0xf6, 0xda, 0xee,
    0xda, 0xf6, 0xda, 0xf6, 0xda, 0xee, 0xda, 0xee, 0xda, 0xf6, 0xda, 0xf6,
    0xfa, 0xee, 0xda, 0xf6, 0xfa, 0xee, 0xda, 0xf6, 0xfa, 0xf6, 0xfa, 0xee,
    0xda, 0xf6, 0xda, 0xee, 0xda, 0xf6, 0xd9, 0xee, 0xf9, 0xf6, 0xda, 0xf6,
    0xfa, 0xee, 0xd9, 0xee, 0xda, 0xf6, 0xda, 0xee, 0xd9, 0xee, 0xda, 0xf6,
    0xda, 0xee, 0xf9, 0xf6, 0xda, 0xf6, 0xda, 0xee, 0xda, 0xee, 0xd9, 0xf6,
    0xfa, 0xee, 0xda, 0xf6, 0xfa, 0xee, 0xda, 0xee, 0xd9, 0xf6, 0xda, 0xee,
    0xda, 0xee, 0xda, 0xf6, 0xfa, 0xee, 0xfa, 0xee, 0xda, 0xf6, 0xda, 0xee,
    0xda, 0xf6, 0xda, 0xf6, 0xd9, 0xee, 0xda, 0xf6, 0xda, 0xee, 0xd9, 0xf6,
    0xda, 0xf6, 0xda, 0xee, 0xd9, 0xf6, 0xda, 0xf6, 0x78, 0xee, 0xd9, 0xee,
    0xba, 0xf6, 0xb9, 0xf6, 0xda, 0xee, 0xb9, 0xee, 0x99, 0xee, 0x99, 0xf6,
    0xb9, 0xee, 0xb9, 0xf6, 0x58, 0xe6, 0xb9, 0xee, 0xd9, 0xf6, 0x98, 0xee,
    0xda, 0xee, 0xf6, 0xdd, 0xd2, 0xb4, 0xf2, 0xac, 0xd1, 0xac, 0x53, 0xc5,
    0x37, 0xde, 0x37, 0xde, 0x37, 0xde, 0x37, 0xe6, 0x57, 0xde, 0x57, 0xe6,
    0x57, 0xde, 0xb4, 0xcd, 0x2f, 0x9c, 0x70, 0x9c, 0xd2, 0xac, 0xd2, 0xa4,
    0xd2, 0xac, 0xd2, 0xac, 0x91, 0xa4, 0xb2, 0xa4, 0x13, 0xad, 0xd3, 0xa4,
    0x70, 0x9c, 0x71, 0x9c, 0x6d, 0x73, 0xa7, 0x29, 0x87, 0x21, 0xc7, 0x31,
    0x94, 0xc5, 0x29, 0x42, 0x28, 0x42, 0x70, 0xa4, 0xb2, 0xac, 0xb1, 0xac,
    0xd1, 0xac, 0xb1, 0xac, 0xb1, 0xac, 0x2f, 0x94, 0x4d, 0x63, 0x91, 0x9c,
    0x4a, 0x3a, 0xae, 0x6b, 0x4a, 0x3a, 0x6d, 0x6b, 0xc9, 0x21, 0xa8, 0x21,
    0xa8, 0x21, 0xe9, 0x21, 0x2a, 0x22, 0x0a, 0x22, 0x0a, 0x22, 0x2a, 0x22,
    0x2a, 0x22, 0x0a, 0x22, 0x2a, 0x22, 0x2a, 0x22, 0x2a, 0x22, 0x2a, 0x22,
    0x2f, 0x9c, 0x90, 0xa4, 0x70, 0xa4, 0x50, 0x9c, 0x2f, 0x94, 0x50, 0x9c,
    0x50, 0x94, 0x50, 0x9c, 0x2f, 0x94, 0x50, 0x9c, 0x2f, 0x94, 0x30, 0x9c,
    0x50, 0x9c, 0x2f, 0x94, 0x8d, 0x83, 0x32, 0xbd, 0x32, 0xbd, 0x32, 0xbd,
    0x70, 0xa4, 0xca, 0x6a, 0x0b, 0x73, 0x0b, 0x73, 0xa9, 0x62, 0x4f, 0x9c,
    0xd5, 0xcd, 0xd5, 0xd5, 0xd5, 0xd5, 0xd5, 0xd5, 0xd5, 0xcd, 0x94, 0xcd,
    0x78, 0xde, 0x57, 0xde, 0x36, 0xde, 0x57, 0xde, 0x78, 0xe6, 0x78, 0xe6,
    0x77, 0xde, 0x57, 0xe6, 0x37, 0xde, 0x74, 0xc5, 0xf2, 0xb4, 0x4f, 0x9c,
    0x16, 0xd6, 0x77, 0xde, 0x57, 0xde, 0x78, 0xe6, 0x77, 0xe6, 0x77, 0xde,
    0xb5, 0xcd, 0x4f, 0xa4, 0xd1, 0xac, 0xf2, 0xb4, 0x12, 0xb5, 0xd1, 0xb4,
    0xd1, 0xac, 0xf2, 0xac, 0xf2, 0xac, 0xf2, 0xb4, 0xd2, 0xac, 0xb0, 0xac,
    0x74, 0xcd, 0xd1, 0xb4, 0x90, 0xa4, 0xf2, 0xb4, 0xd1, 0xac, 0xf2, 0xb4,
    0x13, 0xb5, 0x13, 0xb5, 0x13, 0xb5, 0x13, 0xb5, 0x12, 0xad, 0x91, 0xb4,
    0x58, 0xe6, 0xf6, 0xdd, 0x53, 0xc5, 0x77, 0xe6, 0x77, 0xe6, 0x36, 0xde,
    0x74, 0xcd, 0xd9, 0xf6, 0x98, 0xee, 0x16, 0xde, 0xd5, 0xd5, 0x57, 0xe6,
    0x78, 0xee, 0x99, 0xee, 0xda, 0xf6, 0xd9, 0xee, 0xda, 0xf6, 0x78, 0xee,
    0xda, 0xee, 0xda, 0xf6, 0xda, 0xee, 0xd9, 0xee, 0xb9, 0xf6, 0xda, 0xf6,
    0xda, 0xee, 0xda, 0xf6, 0xd9, 0xf6, 0xd9, 0xf6, 0xda, 0xf6, 0xda, 0xee,
    0xda, 0xf6, 0x37, 0xe6, 0xda, 0xee, 0xda, 0xee, 0xda, 0xf6, 0xb8, 0xf6,
    0xda, 0xee, 0xfa, 0xf6, 0xfa, 0xf6, 0xfa, 0xf6, 0xda, 0xf6, 0xfa, 0xf6,
    0xda, 0xf6, 0xda, 0xee, 0xda, 0xf6, 0xda, 0xf6, 0xda, 0xee, 0xda, 0xf6,
    0xda, 0xee, 0xda, 0xee, 0xda, 0xf6, 0xfa, 0xf6, 0xda, 0xf6, 0xfa, 0xf6,
    0xda, 0xee, 0xda, 0xf6, 0xfa, 0xee, 0xda, 0xf6, 0xda, 0xee, 0xda, 0xf6,
    0xda, 0xf6, 0xd9, 0xee, 0xd9, 0xee, 0xda, 0xf6, 0xda, 0xf6, 0xd9, 0xee,
    0xda, 0xf6, 0xda, 0xf6, 0xda, 0xee, 0xfa, 0xf6, 0xda, 0xf6, 0xda, 0xee,
    0xda, 0xee, 0xda, 0xf6, 0xda, 0xf6, 0xd9, 0xf6, 0xda, 0xf6, 0xda, 0xf6,
    0xda, 0xee, 0xda, 0xf6, 0xda, 0xf6, 0xfa, 0xf6, 0xf9, 0xee, 0xda, 0xee,
    0xfa, 0xf6, 0xd9, 0xee, 0xda, 0xee, 0xda, 0xf6, 0xda, 0xee, 0xda, 0xee,
    0xd9, 0xee, 0xda, 0xee, 0xd9, 0xee, 0xda, 0xf6, 0xb9, 0xf6, 0xb9, 0xee,
    0xb9, 0xee, 0xb9, 0xee, 0xd9, 0xf6, 0xd9, 0xf6, 0x78, 0xee, 0x98, 0xee,
    0xd9, 0xee, 0xda, 0xf6, 0x57, 0xe6, 0xb9, 0xee, 0xd9, 0xf6, 0x78, 0xee,
    0xba, 0xee, 0xee, 0x9b, 0xf2, 0xb4, 0x13, 0xb5, 0x53, 0xbd, 0xf6, 0xd5,
    0x36, 0xde, 0x36, 0xde, 0x37, 0xde, 0x37, 0xde, 0x57, 0xde, 0x57, 0xde,
    0x32, 0xbd, 0xb1, 0xac, 0x91, 0xa4, 0xb2, 0xa4, 0xb2, 0xa4, 0xd2, 0xac,
    0xd2, 0xa4, 0xd2, 0xa4, 0x71, 0x9c, 0x71, 0x9c, 0x13, 0xad, 0xb2, 0xa4,
    0x91, 0xa4, 0xce, 0x83, 0xc7, 0x31, 0x67, 0x21, 0x87, 0x21, 0xce, 0x7b,
    0x2f, 0x8c, 0x66, 0x21, 0x0b, 0x63, 0x70, 0xa4, 0xd2, 0xac, 0xb1, 0xac,
    0xb1, 0xac, 0xb1, 0xac, 0x90, 0xa4, 0x0f, 0x94, 0xb1, 0xa4, 0xae, 0x73,
    0x2a, 0x2a, 0xaf, 0x73, 0xeb, 0x52, 0x09, 0x22, 0xc8, 0x21, 0xc8, 0x21,
    0xe9, 0x21, 0x2a, 0x22, 0x2a, 0x22, 0x2a, 0x22, 0x2a, 0x22, 0x0a, 0x22,
    0x29, 0x1a, 0x0a, 0x22, 0x0a, 0x22, 0x09, 0x22, 0x4a, 0x2a, 0x8b, 0x3a,
    0x90, 0xa4, 0x4f, 0x9c, 0x70, 0xa4, 0x4f, 0x9c, 0x50, 0x9c, 0x50, 0x9c,
    0x50, 0x9c, 0x50, 0x9c, 0x50, 0x94, 0x2f, 0x94, 0x50, 0x9c, 0x50, 0x9c,
    0x50, 0x9c, 0x2f, 0x94, 0xd1, 0xac, 0x32, 0xbd, 0x33, 0xc5, 0x73, 0xc5,
    0xee, 0x93, 0xeb, 0x6a, 0x2b, 0x73, 0x2b, 0x73, 0xca, 0x6a, 0x70, 0xa4,
    0xd5, 0xd5, 0xf5, 0xd5, 0xf5, 0xd5, 0xf5, 0xd5, 0x73, 0xc5, 0x16, 0xd6,
    0x58, 0xe6, 0x57, 0xde, 0xf6, 0xdd, 0x37, 0xde, 0x77, 0xde, 0x78, 0xe6,
    0x78, 0xe6, 0x57, 0xde, 0x37, 0xde, 0xd5, 0xd5, 0x13, 0xb5, 0xb1, 0xa4,
    0x37, 0xde, 0x57, 0xde, 0x78, 0xe6, 0x78, 0xe6, 0x77, 0xe6, 0x78, 0xe6,
    0x16, 0xd6, 0x33, 0xbd, 0xf2, 0xb4, 0xf2, 0xb4, 0xf2, 0xb4, 0xd1, 0xb4,
    0xd2, 0xb4, 0xd1, 0xac, 0xd1, 0xac, 0xf2, 0xb4, 0xd2, 0xac, 0xd1, 0xac,
    0xf2, 0xb4, 0x12, 0xbd, 0x2e, 0x9c, 0xb1, 0xac, 0x12, 0xb5, 0xf2, 0xb4,
    0x12, 0xad, 0x13, 0xb5, 0x33, 0xb5, 0x13, 0xb5, 0x12, 0xad, 0x6c, 0x8b,
    0x17, 0xde, 0xda, 0xee, 0xd5, 0xd5, 0x53, 0xc5, 0x78, 0xe6, 0x57, 0xe6,
    0x16, 0xde, 0xb5, 0xd5, 0xb9, 0xf6, 0xb9, 0xf6, 0x57, 0xe6, 0x57, 0xe6,
    0x16, 0xe6, 0x78, 0xee, 0xd9, 0xee, 0xda, 0xee, 0xda, 0xf6, 0x57, 0xe6,
    0xda, 0xee, 0xd9, 0xf6, 0xda, 0xee, 0xb9, 0xee, 0x57, 0xe6, 0xd9, 0xf6,
    0xda, 0xf6, 0xda, 0xee, 0x98, 0xee, 0xb9, 0xee, 0xda, 0xf6, 0xda, 0xf6,
    0xfa, 0xee, 0x37, 0xe6, 0xda, 0xf6, 0xda, 0xee, 0xd9, 0xee, 0x78, 0xee,
    0xda, 0xee, 0xfa, 0xf6, 0xfa, 0xf6, 0xda, 0xee, 0xda, 0xf6, 0xf9, 0xee,
    0xda, 0xee, 0xd9, 0xf6, 0xfa, 0xf6, 0xfa, 0xee, 0xda, 0xf6, 0xfa, 0xf6,
    0xda, 0xee, 0xda, 0xf6, 0xda, 0xf6, 0xda, 0xee, 0xda, 0xee, 0xda, 0xf6,
    0xda, 0xf6, 0xd9, 0xf6, 0xfa, 0xf6, 0xda, 0xee, 0xd9, 0xf6, 0xfa, 0xf6,
    0xda, 0xf6, 0xda, 0xee, 0xfa, 0xf6, 0xd9, 0xf6, 0xda, 0xf6, 0xfa, 0xee,
    0xda, 0xf6, 0xda, 0xf6, 0xfa, 0xee, 0xda, 0xee, 0xda, 0xf6, 0xfa, 0xf6,
    0xd9, 0xee, 0xda, 0xee, 0xfa, 0xf6, 0xda, 0xee, 0xda, 0xf6, 0xfa, 0xf6,
    0xd9, 0xee, 0xda, 0xf6, 0xfa, 0xf6, 0x1b, 0xf7, 0xfa, 0xf6, 0xda, 0xee,
    0xda, 0xf6, 0xfa, 0xee, 0xda, 0xf6, 0xd9, 0xf6, 0xd9, 0xf6, 0xd9, 0xee,
    0xda, 0xf6, 0xb9, 0xee, 0xda, 0xf6, 0xda, 0xf6, 0xda, 0xf6, 0xd9, 0xee,
    0xb9, 0xee, 0x78, 0xee, 0xda, 0xee, 0xda, 0xee, 0x78, 0xee, 0x78, 0xee,
    0xda, 0xee, 0xd9, 0xee, 0x58, 0xe6, 0xb9, 0xee, 0xda, 0xee, 0x78, 0xee,
    0xb9, 0xee, 0x0b, 0x7b, 0xb1, 0xac, 0xd1, 0xac, 0xf6, 0xd5, 0x16, 0xde,
    0x37, 0xde, 0x36, 0xde, 0x36, 0xde, 0x37, 0xde, 0x37, 0xde, 0x12, 0xbd,
    0x50, 0x9c, 0x91, 0xa4, 0xb1, 0xa4, 0xb1, 0xa4, 0xd2, 0xac, 0xd2, 0xac,
    0xd2, 0xac, 0xd2, 0xa4, 0x91, 0xa4, 0x91, 0x9c, 0xb2, 0xa4, 0x70, 0x9c,
    0x91, 0xa4, 0x8a, 0x5a, 0x87, 0x21, 0x86, 0x21, 0x29, 0x42, 0xb5, 0xc5,
    0xe8, 0x31, 0x87, 0x21, 0x0f, 0x94, 0x90, 0xa4, 0xd2, 0xac, 0xd1, 0xac,
    0xb1, 0xac, 0xb1, 0xac, 0xb1, 0xac, 0xd1, 0xac, 0x30, 0x8c, 0x8b, 0x3a,
    0x49, 0x32, 0x4c, 0x63, 0x4a, 0x32, 0xe9, 0x21, 0xa8, 0x21, 0xe8, 0x21,
    0x0a, 0x22, 0x2a, 0x22, 0x2a, 0x22, 0x2a, 0x2a, 0x2a, 0x22, 0x09, 0x22,
    0x0a, 0x22, 0x29, 0x22, 0x2a, 0x22, 0x4a, 0x2a, 0xcc, 0x42, 0x0d, 0x43,
    0x70, 0xa4, 0x6f, 0x9c, 0x0f, 0x94, 0x50, 0x9c, 0x4f, 0x9c, 0x50, 0x9c,
    0x50, 0x9c, 0x50, 0x9c, 0x50, 0x9c, 0x2f, 0x9c, 0x50, 0x9c, 0x50, 0x9c,
    0x0f, 0x94, 0x8c, 0x83, 0x37, 0xde, 0x53, 0xc5, 0x94, 0xcd, 0x94, 0xc5,
    0x2b, 0x73, 0x2b, 0x73, 0x2c, 0x73, 0x2c, 0x73, 0xea, 0x72, 0x90, 0xa4,
    0xf6, 0xd5, 0xf5, 0xd5, 0xf5, 0xd5, 0xf6, 0xd5, 0xb5, 0xcd, 0x37, 0xde,
    0x57, 0xde, 0x57, 0xde, 0xf5, 0xdd, 0x57, 0xde, 0x57, 0xde, 0x77, 0xe6,
    0x78, 0xe6, 0x77, 0xde, 0x57, 0xde, 0x37, 0xde, 0xd5, 0xcd, 0x33, 0xbd,
    0x37, 0xde, 0x57, 0xde, 0x78, 0xe6, 0x78, 0xe6, 0x77, 0xe6, 0x57, 0xde,
    0x78, 0xe6, 0x16, 0xde, 0x33, 0xbd, 0xf1, 0xb4, 0xd2, 0xb4, 0xd1, 0xac,
    0xb1, 0xac, 0x33, 0xbd, 0xf2, 0xb4, 0xf2, 0xac, 0xf2, 0xb4, 0xf2, 0xac,
    0xf2, 0xac, 0xf2, 0xb4, 0xb1, 0xac, 0x90, 0xa4, 0x0e, 0x94, 0xb1, 0xac,
    0x91, 0xa4, 0x13, 0xb5, 0x13, 0xb5, 0x33, 0xb5, 0x13, 0xb5, 0x0a, 0x7b,
    0x16, 0xd6, 0xda, 0xee, 0xda, 0xee, 0xf6, 0xdd, 0x16, 0xe6, 0x77, 0xe6,
    0x16, 0xde, 0xf6, 0xdd, 0xb9, 0xf6, 0xd9, 0xee, 0xda, 0xee, 0xd9, 0xf6,
    0x58, 0xe6, 0x98, 0xee, 0xf6, 0xdd, 0x98, 0xee, 0xd9, 0xf6, 0x99, 0xee,
    0xda, 0xf6, 0xd9, 0xee, 0xda, 0xf6, 0xb9, 0xee, 0x57, 0xee, 0xda, 0xee,
    0xd9, 0xee, 0xda, 0xf6, 0x57, 0xe6, 0x78, 0xee, 0xda, 0xee, 0xda, 0xf6,
    0xd9, 0xee, 0x98, 0xee, 0xda, 0xf6, 0xda, 0xf6, 0xda, 0xee, 0x37, 0xe6,
    0xda, 0xf6, 0xda, 0xee, 0xda, 0xee, 0xda, 0xf6, 0xfa, 0xf6, 0xda, 0xee,
    0xda, 0xf6, 0xda, 0xf6, 0xda, 0xee, 0xda, 0xee, 0xda, 0xf6, 0xda, 0xee,
    0xfa, 0xf6, 0xfa, 0xf6, 0xda, 0xf6, 0xda, 0xee, 0xda, 0xee, 0xfa, 0xf6,
    0xda, 0xee, 0xd9, 0xee, 0xda, 0xf6, 0xda, 0xf6, 0xda, 0xee, 0xf9, 0xf6,
    0xda, 0xee, 0xda, 0xf6, 0xda, 0xf6, 0xda, 0xee, 0xda, 0xee, 0xda, 0xee,
    0xda, 0xee, 0xda, 0xf6, 0xf9, 0xf6, 0xda, 0xee, 0xd9, 0xee, 0xfa, 0xf6,
    0xda, 0xf6, 0xda, 0xee, 0xfa, 0xee, 0xda, 0xf6, 0xda, 0xee, 0xfa, 0xf6,
    0xda, 0xee, 0xfa, 0xee, 0xfa, 0xf6, 0x1b, 0xf7, 0x1b, 0xf7, 0xfa, 0xee,
    0xda, 0xf6, 0xda, 0xee, 0xfa, 0xf6, 0xda, 0xee, 0xda, 0xee, 0xd9, 0xf6,
    0xda, 0xf6, 0xd9, 0xee, 0xd9, 0xee, 0xb9, 0xf6, 0xba, 0xee, 0xda, 0xee,
    0xb9, 0xee, 0x78, 0xee, 0xd9, 0xee, 0xda, 0xee, 0x78, 0xee, 0x78, 0xe6,
    0xb9, 0xee, 0xda, 0xf6, 0x78, 0xee, 0xb9, 0xee, 0xda, 0xf6, 0xb9, 0xee,
    0xd9, 0xf6, 0x2f, 0x9c, 0x70, 0x9c, 0x94, 0xcd, 0x36, 0xde, 0x37, 0xde,
    0x37, 0xde, 0x57, 0xde, 0x37, 0xde, 0x57, 0xde, 0xb4, 0xcd, 0x91, 0xa4,
    0xb1, 0xac, 0xb1, 0xa4, 0xb2, 0xa4, 0xd2, 0xac, 0xd2, 0xac, 0xd2, 0xac,
    0xd2, 0xac, 0xd2, 0xac, 0xd2, 0xac, 0xf3, 0xac, 0xd2, 0xa4, 0x90, 0x9c,
    0x2f, 0x94, 0x08, 0x42, 0x66, 0x19, 0x45, 0x19, 0x70, 0x9c, 0x8d, 0x7b,
    0x47, 0x19, 0xe8, 0x31, 0xb1, 0xa4, 0xb1, 0xac, 0xb1, 0xac, 0xd1, 0xac,
    0xd2, 0xac, 0xd2, 0xac, 0x33, 0xbd, 0x53, 0xb5, 0x2d, 0x5b, 0x6b, 0x32,
    0x6d, 0x63, 0x6a, 0x42, 0xc8, 0x21, 0xa8, 0x21, 0xe8, 0x21, 0x0a, 0x22,
    0x2a, 0x22, 0x2a, 0x22, 0x2a, 0x22, 0x2a, 0x22, 0x2a, 0x22, 0x0a, 0x22,
    0x0a, 0x22, 0x2a, 0x22, 0x6b, 0x2a, 0xcc, 0x3a, 0x2d, 0x4b, 0x2e, 0x3b,
    0x90, 0xa4, 0x4f, 0x9c, 0x0f, 0x94, 0x4f, 0x9c, 0x50, 0x9c, 0x50, 0x9c,
    0x70, 0x9c, 0x70, 0x9c, 0x4f, 0x94, 0x50, 0x9c, 0x50, 0x9c, 0x0f, 0x8c,
    0x70, 0xa4, 0xf2, 0xb4, 0xb4, 0xcd, 0xf1, 0xb4, 0xd5, 0xd5, 0x53, 0xc5,
    0x89, 0x62, 0x2b, 0x73, 0x2b, 0x73, 0x2c, 0x73, 0x0b, 0x73, 0xb0, 0xac,
    0xf6, 0xd5, 0xf6, 0xd5, 0xf5, 0xd5, 0x94, 0xc5, 0x16, 0xd6, 0x37, 0xde,
    0x57, 0xde, 0x16, 0xde, 0x16, 0xde, 0x57, 0xde, 0x57, 0xe6, 0x78, 0xe6,
    0x77, 0xde, 0x57, 0xe6, 0x57, 0xde, 0x37, 0xde, 0x37, 0xde, 0x12, 0xbd,
    0x36, 0xde, 0x58, 0xde, 0x99, 0xe6, 0x77, 0xe6, 0x57, 0xde, 0x78, 0xe6,
    0x78, 0xe6, 0x57, 0xde, 0x73, 0xc5, 0x70, 0xa4, 0xf1, 0xb4, 0xf2, 0xb4,
    0x90, 0xac, 0x74, 0xc5, 0xb5, 0xcd, 0xf1, 0xb4, 0xf2, 0xac, 0xd2, 0xac,
    0xf2, 0xb4, 0xf2, 0xb4, 0xf2, 0xb4, 0xd1, 0xac, 0x70, 0xa4, 0x6f, 0xa4,
    0x4f, 0x9c, 0x13, 0xb5, 0x33, 0xb5, 0x13, 0xb5, 0x33, 0xb5, 0xce, 0x93,
    0x37, 0xde, 0xb9, 0xee, 0xd9, 0xee, 0xb9, 0xf6, 0x78, 0xee, 0x77, 0xe6,
    0x37, 0xde, 0x16, 0xde, 0xb5, 0xd5, 0xda, 0xee, 0xda, 0xf6, 0xb9, 0xee,
    0xb9, 0xee, 0xb9, 0xee, 0x58, 0xe6, 0xd9, 0xf6, 0x78, 0xee, 0x16, 0xde,
    0x78, 0xe6, 0xda, 0xf6, 0xda, 0xf6, 0xd9, 0xf6, 0xb9, 0xf6, 0xda, 0xee,
    0xda, 0xf6, 0xd9, 0xee, 0x78, 0xee, 0x99, 0xee, 0xda, 0xee, 0xda, 0xf6,
    0xd9, 0xf6, 0xd9, 0xf6, 0xda, 0xf6, 0xda, 0xf6, 0xd9, 0xee, 0x37, 0xe6,
    0xda, 0xf6, 0xfa, 0xf6, 0xda, 0xee, 0xd9, 0xf6, 0xda, 0xf6, 0xda, 0xee,
    0xf9, 0xf6, 0xda, 0xf6, 0xda, 0xf6, 0xda, 0xf6, 0xda, 0xee, 0xda, 0xf6,
    0xda, 0xf6, 0xda, 0xee, 0xfa, 0xf6, 0xda, 0xf6, 0xda, 0xf6, 0xfa, 0xf6,
    0xfa, 0xf6, 0xda, 0xee, 0xda, 0xee, 0xfa, 0xf6, 0xda, 0xf6, 0xda, 0xee,
    0xda, 0xf6, 0xfa, 0xf6, 0xd9, 0xee, 0xda, 0xf6, 0xda, 0xf6, 0xfa, 0xf6,
    0xd9, 0xf6, 0xda, 0xee, 0xda, 0xf6, 0xda, 0xf6, 0xda, 0xee, 0xda, 0xee,
    0xda, 0xf6, 0xda, 0xf6, 0xda, 0xf6, 0xda, 0xf6, 0xf9, 0xee, 0xda, 0xf6,
    0xda, 0xee, 0xda, 0xf6, 0xda, 0xee, 0xfa, 0xee, 0x1a, 0xf7, 0xfa, 0xf6,
    0xfa, 0xee, 0xda, 0xf6, 0xda, 0xee, 0xd9, 0xee, 0xda, 0xee, 0xda, 0xee,
    0xd9, 0xee, 0xda, 0xee, 0xba, 0xee, 0x78, 0xee, 0xd9, 0xee, 0xda, 0xf6,
    0xb9, 0xee, 0x78, 0xee, 0xba, 0xf6, 0xd9, 0xee, 0x78, 0xee, 0x78, 0xee,
    0xd9, 0xee, 0xb9, 0xee, 0x98, 0xee, 0xb9, 0xee, 0xda, 0xee, 0xda, 0xee,
    0xb5, 0xd5, 0x70, 0xa4, 0x94, 0xcd, 0x37, 0xde, 0x57, 0xde, 0x57, 0xde,
    0x37, 0xde, 0x57, 0xde, 0x36, 0xde, 0x94, 0xcd, 0x12, 0xb5, 0xd2, 0xac,
    0xd2, 0xac, 0x70, 0x9c, 0xb2, 0xa4, 0xd2, 0xac, 0xf2, 0xac, 0xd2, 0xa4,
    0xd2, 0xac, 0xb2, 0xa4, 0x91, 0x9c, 0xb2, 0xa4, 0x91, 0xa4, 0xee, 0x8b,
    0x0f, 0x94, 0x29, 0x42, 0x46, 0x21, 0xef, 0x83, 0xd5, 0xcd, 0xa7, 0x29,
    0xc8, 0x21, 0xc7, 0x31, 0x90, 0xa4, 0xb1, 0xac, 0xb1, 0xac, 0xb2, 0xac,
    0xd1, 0xac, 0xf2, 0xb4, 0x13, 0xb5, 0xcf, 0x7b, 0x8b, 0x3a, 0x6b, 0x32,
    0xcf, 0x73, 0x2a, 0x2a, 0xc8, 0x21, 0xc8, 0x21, 0xe9, 0x21, 0x0a, 0x22,
    0x2a, 0x22, 0x2a, 0x22, 0x2a, 0x22, 0x2a, 0x22, 0x2a, 0x22, 0x2a, 0x22,
    0x2a, 0x22, 0x6b, 0x2a, 0xac, 0x3a, 0x0d, 0x43, 0x0e, 0x43, 0xcd, 0x32,
    0xb1, 0xac, 0xce, 0x8b, 0x4f, 0x94, 0x4f, 0x9c, 0x50, 0x9c, 0x50, 0x9c,
    0x50, 0x9c, 0x50, 0x9c, 0x50, 0x9c, 0x50, 0x9c, 0x2f, 0x94, 0x70, 0x9c,
    0xcd, 0x8b, 0xd5, 0xd5, 0xf1, 0xb4, 0xb4, 0xcd, 0xf6, 0xd5, 0x73, 0xc5,
    0x69, 0x5a, 0x2b, 0x73, 0x2b, 0x73, 0x2b, 0x73, 0x2b, 0x73, 0x90, 0xa4,
    0xd5, 0xd5, 0xb5, 0xcd, 0xd5, 0xd5, 0xb5, 0xcd, 0x16, 0xde, 0x36, 0xde,
    0x37, 0xde, 0x16, 0xde, 0x37, 0xde, 0x57, 0xde, 0x57, 0xde, 0x78, 0xde,
    0x78, 0xe6, 0x57, 0xe6, 0x37, 0xde, 0x37, 0xde, 0x36, 0xde, 0xd5, 0xd5,
    0xb5, 0xcd, 0x57, 0xde, 0xda, 0xee, 0x57, 0xe6, 0x78, 0xe6, 0x77, 0xe6,
    0x77, 0xe6, 0x78, 0xe6, 0x37, 0xde, 0x73, 0xc5, 0xf2, 0xb4, 0x33, 0xbd,
    0x12, 0xbd, 0x32, 0xbd, 0xd5, 0xd5, 0xb5, 0xcd, 0x94, 0xc5, 0xd1, 0xac,
    0xd1, 0xac, 0xd1, 0xac, 0xf2, 0xb4, 0x12, 0xb5, 0xd2, 0xac, 0x70, 0xa4,
    0x70, 0x9c, 0x33, 0xb5, 0x33, 0xb5, 0x33, 0xb5, 0x13, 0xb5, 0xd1, 0xb4,
    0x78, 0xe6, 0xda, 0xf6, 0xda, 0xee, 0xd9, 0xee, 0xb9, 0xee, 0x37, 0xde,
    0x57, 0xe6, 0x57, 0xde, 0x57, 0xe6, 0xda, 0xf6, 0xda, 0xee, 0xb9, 0xee,
    0xb9, 0xee, 0xda, 0xee, 0xda, 0xf6, 0xda, 0xf6, 0x78, 0xee, 0x98, 0xee,
    0xb9, 0xee, 0xda, 0xf6, 0xd9, 0xee, 0xb9, 0xf6, 0xda, 0xf6, 0xda, 0xee,
    0xda, 0xf6, 0xda, 0xf6, 0xd9, 0xf6, 0xda, 0xf6, 0xda, 0xee, 0xfa, 0xf6,
    0xd9, 0xf6, 0xda, 0xf6, 0xda, 0xf6, 0xda, 0xee, 0xd9, 0xee, 0x58, 0xee,
    0xfa, 0xee, 0xda, 0xf6, 0xda, 0xf6, 0xd9, 0xee, 0xda, 0xf6, 0xfa, 0xf6,
    0xda, 0xee, 0xda, 0xee, 0xfa, 0xf6, 0xfa, 0xf6, 0xd9, 0xee, 0xda, 0xf6,
    0xda, 0xee, 0xda, 0xf6, 0xfa, 0xf6, 0xda, 0xee, 0xda, 0xf6, 0xda, 0xee,
    0xd9, 0xf6, 0xda, 0xf6, 0xfa, 0xee, 0xd9, 0xf6, 0xd9, 0xf6, 0xda, 0xee,
    0xf9, 0xf6, 0xda, 0xee, 0xda, 0xf6, 0xfa, 0xee, 0xda, 0xee, 0xd9, 0xf6,
    0xda, 0xf6, 0xda, 0xee, 0xfa, 0xf6, 0xda, 0xf6, 0xfa, 0xf6, 0xda, 0xf6,
    0xfa, 0xee, 0xda, 0xee, 0xda, 0xf6, 0xfa, 0xee, 0xda, 0xee, 0xfa, 0xf6,
    0xda, 0xf6, 0xda, 0xf6, 0xda, 0xee, 0xda, 0xee, 0xda, 0xee, 0xda, 0xee,
    0xda, 0xee, 0xda, 0xee, 0xd9, 0xf6, 0xd9, 0xee, 0xd9, 0xf6, 0xda, 0xf6,
    0xb9, 0xee, 0xb9, 0xee, 0xda, 0xf6, 0x57, 0xe6, 0xda, 0xee, 0xd9, 0xf6,
    0xb9, 0xee, 0x98, 0xee, 0xda, 0xee, 0xd9, 0xee, 0x99, 0xee, 0x99, 0xee,
    0xda, 0xee, 0xda, 0xee, 0xb9, 0xee, 0xb9, 0xf6, 0xd9, 0xee, 0xb9, 0xee,
    0xea, 0x82, 0xd5, 0xcd, 0x37, 0xde, 0x37, 0xde, 0x37, 0xde, 0x57, 0xde,
    0x57, 0xde, 0x94, 0xcd, 0xf2, 0xb4, 0x33, 0xbd, 0x13, 0xb5, 0xd2, 0xac,
    0xb2, 0xa4, 0x91, 0xa4, 0xd2, 0xac, 0xd2, 0xac, 0xd2, 0xac, 0xd2, 0xac,
    0xf2, 0xac, 0x91, 0x9c, 0x2f, 0x94, 0x91, 0xa4, 0x91, 0xa4, 0x70, 0x9c,
    0x91, 0xa4, 0x8a, 0x4a, 0xae, 0x7b, 0xb5, 0xcd, 0x4c, 0x6b, 0x66, 0x19,
    0xe8, 0x29, 0xaa, 0x5a, 0x70, 0xa4, 0xb1, 0xac, 0xb1, 0xac, 0xd1, 0xac,
    0xb1, 0xac, 0xd2, 0xb4, 0xb1, 0xa4, 0x2d, 0x5b, 0x8b, 0x32, 0x6a, 0x42,
    0x6a, 0x3a, 0x09, 0x22, 0xc8, 0x21, 0xc9, 0x21, 0xe9, 0x21, 0x09, 0x22,
    0x0a, 0x22, 0x2a, 0x22, 0x2a, 0x22, 0x4a, 0x22, 0x4a, 0x22, 0x2a, 0x22,
    0x8b, 0x32, 0xcc, 0x42, 0x0d, 0x43, 0x0d, 0x3b, 0xac, 0x32, 0x8c, 0x2a,
    0x70, 0xa4, 0x2f, 0x94, 0x50, 0x9c, 0x50, 0x94, 0x50, 0x9c, 0x4f, 0x9c,
    0x50, 0x94, 0x2f, 0x94, 0x2f, 0x94, 0x50, 0x9c, 0x70, 0xa4, 0xd1, 0xac,
    0x4f, 0x9c, 0xf5, 0xd5, 0x4f, 0xa4, 0x16, 0xd6, 0x16, 0xd6, 0x74, 0xc5,
    0x89, 0x62, 0x4c, 0x7b, 0x4c, 0x7b, 0x0b, 0x73, 0x2b, 0x73, 0x2f, 0x9c,
    0x94, 0xcd, 0xb4, 0xcd, 0xd5, 0xd5, 0x16, 0xde, 0x36, 0xde, 0x37, 0xde,
    0x37, 0xde, 0x36, 0xde, 0x36, 0xde, 0x37, 0xde, 0x57, 0xde, 0x57, 0xde,
    0x77, 0xe6, 0x57, 0xde, 0x37, 0xde, 0x37, 0xde, 0x37, 0xde, 0x16, 0xde,
    0x53, 0xc5, 0x37, 0xde, 0xd9, 0xee, 0xb9, 0xe6, 0x57, 0xde, 0x78, 0xe6,
    0x77, 0xe6, 0x78, 0xe6, 0x78, 0xe6, 0x36, 0xde, 0x53, 0xc5, 0x33, 0xbd,
    0x33, 0xbd, 0xd1, 0xb4, 0xb4, 0xcd, 0xf6, 0xd5, 0xf6, 0xd5, 0xf5, 0xd5,
    0x91, 0xa4, 0xd1, 0xac, 0xf2, 0xac, 0xf2, 0xb4, 0xd1, 0xac, 0xd2, 0xac,
    0xf2, 0xb4, 0x53, 0xbd, 0x34, 0xb5, 0x33, 0xb5, 0x33, 0xb5, 0xf2, 0xb4,
    0x74, 0xc5, 0xb9, 0xee, 0xda, 0xf6, 0xda, 0xf6, 0xda, 0xee, 0x78, 0xee,
    0xd5, 0xd5, 0x77, 0xe6, 0xf6, 0xd5, 0xd5, 0xd5, 0xd9, 0xf6, 0xda, 0xf6,
    0xda, 0xf6, 0xda, 0xee, 0xda, 0xf6, 0xd9, 0xf6, 0x98, 0xee, 0xda, 0xee,
    0xda, 0xf6, 0xda, 0xee, 0xb9, 0xee, 0x57, 0xe6, 0xda, 0xf6, 0xda, 0xf6,
    0xd9, 0xee, 0xd9, 0xf6, 0xda, 0xf6, 0xda, 0xf6, 0xfa, 0xf6, 0xda, 0xee,
    0x78, 0xee, 0xd9, 0xee, 0xfa, 0xf6, 0xfa, 0xf6, 0xda, 0xee, 0x99, 0xee,
    0xd9, 0xf6, 0xda, 0xee, 0xda, 0xee, 0xfa, 0xf6, 0xfa, 0xf6, 0xfa, 0xee,
    0xda, 0xf6, 0xda, 0xf6, 0xfa, 0xf6, 0xda, 0xee, 0xd9, 0xee, 0xda, 0xf6,
    0xfa, 0xee, 0xda, 0xf6, 0xd9, 0xee, 0xda, 0xf6, 0xfa, 0xee, 0xda, 0xf6,
    0xda, 0xee, 0xda, 0xf6, 0xda, 0xee, 0xda, 0xf6, 0xd9, 0xee, 0xda, 0xee,
    0xda, 0xf6, 0xda, 0xf6, 0xda, 0xee, 0xda, 0xf6, 0xda, 0xf6, 0xfa, 0xee,
    0xda, 0xee, 0xda, 0xf6, 0xda, 0xee, 0xfa, 0xee, 0xda, 0xf6, 0xda, 0xf6,
    0xd9, 0xf6, 0xd9, 0xee, 0xda, 0xf6, 0xda, 0xf6, 0xda, 0xee, 0xda, 0xf6,
    0xf9, 0xee, 0xda, 0xf6, 0xda, 0xee, 0xda, 0xf6, 0xd9, 0xee, 0xb9, 0xee,
    0xda, 0xee, 0xda, 0xf6, 0xda, 0xee, 0xda, 0xee, 0xb9, 0xee, 0xda, 0xf6,
    0xd9, 0xf6, 0xda, 0xf6, 0xda, 0xee, 0x58, 0xee, 0xd9, 0xee, 0xda, 0xee,
    0xb9, 0xf6, 0xb9, 0xf6, 0xda, 0xee, 0xd9, 0xf6, 0xb9, 0xf6, 0xb9, 0xf6,
    0xda, 0xf6, 0xda, 0xee, 0xda, 0xf6, 0xda, 0xf6, 0xda, 0xee, 0x99, 0xee,
    0x74, 0xcd, 0x57, 0xde, 0x37, 0xde, 0x37, 0xde, 0x56, 0xde, 0x37, 0xde,
    0x33, 0xbd, 0x50, 0x9c, 0xd2, 0xac, 0xf2, 0xb4, 0xf2, 0xac, 0xd2, 0xac,
    0xd2, 0xac, 0xd2, 0xac, 0xd2, 0xac, 0xf2, 0xac, 0xf2, 0xac, 0xd3, 0xac,
    0xf2, 0xac, 0xf2, 0xac, 0xd2, 0xa4, 0x90, 0xa4, 0x0f, 0x94, 0x50, 0x9c,
    0xd2, 0xa4, 0x6d, 0x73, 0x53, 0xbd, 0x37, 0xd6, 0xe8, 0x31, 0xa8, 0x21,
    0xc8, 0x21, 0x0f, 0x94, 0x91, 0xa4, 0xb1, 0xac, 0xb1, 0xac, 0xd2, 0xac,
    0xf2, 0xb4, 0x12, 0xb5, 0xce, 0x83, 0x0c, 0x53, 0xab, 0x3a, 0x30, 0x84,
    0x8b, 0x32, 0x09, 0x22, 0xc8, 0x19, 0xc9, 0x21, 0xe9, 0x21, 0xe9, 0x21,
    0x4a, 0x2a, 0x2a, 0x22, 0x2a, 0x22, 0x4a, 0x22, 0x2a, 0x22, 0x2a, 0x22,
    0x8b, 0x32, 0x0d, 0x4b, 0x2d, 0x4b, 0x0d, 0x43, 0xcd, 0x32, 0x8c, 0x2a,
    0x8d, 0x83, 0x2f, 0x9c, 0x50, 0x9c, 0x4f, 0x94, 0x50, 0x9c, 0x50, 0x9c,
    0x50, 0x9c, 0x4f, 0x9c, 0x50, 0x9c, 0x70, 0x9c, 0xb1, 0xac, 0xd1, 0xac,
    0xf5, 0xd5, 0x16, 0xde, 0xb5, 0xcd, 0x16, 0xd6, 0x16, 0xde, 0x74, 0xc5,
    0xaa, 0x62, 0x4c, 0x73, 0x2b, 0x73, 0x0b, 0x73, 0x2b, 0x73, 0x8d, 0x83,
    0x32, 0xbd, 0xf5, 0xd5, 0x94, 0xcd, 0x16, 0xd6, 0x37, 0xde, 0x37, 0xde,
    0x16, 0xde, 0x37, 0xde, 0x37, 0xde, 0x37, 0xde, 0x57, 0xde, 0x57, 0xe6,
    0x77, 0xe6, 0x57, 0xde, 0x37, 0xde, 0x37, 0xde, 0x36, 0xde, 0x16, 0xde,
    0x4f, 0xa4, 0x16, 0xd6, 0xb9, 0xee, 0xb9, 0xe6, 0x57, 0xde, 0x57, 0xe6,
    0x78, 0xde, 0x78, 0xe6, 0x77, 0xe6, 0x78, 0xde, 0x33, 0xbd, 0xb1, 0xac,
    0xf2, 0xb4, 0xf2, 0xb4, 0x94, 0xcd, 0xf5, 0xd5, 0x16, 0xde, 0x16, 0xde,
    0xf6, 0xd5, 0xb5, 0xcd, 0x90, 0xa4, 0x12, 0xb5, 0x12, 0xb5, 0x12, 0xb5,
    0x33, 0xb5, 0x34, 0xbd, 0x33, 0xb5, 0x33, 0xb5, 0x13, 0xb5, 0xd2, 0xac,
    0xce, 0x93, 0x78, 0xe6, 0xda, 0xf6, 0xda, 0xf6, 0xda, 0xf6, 0xda, 0xf6,
    0x37, 0xde, 0x32, 0xc5, 0x57, 0xe6, 0x98, 0xee, 0xda, 0xf6, 0xda, 0xee,
    0xda, 0xf6, 0xda, 0xf6, 0xfa, 0xee, 0xfa, 0xee, 0xd9, 0xee, 0xfa, 0xf6,
    0xfa, 0xf6, 0xda, 0xee, 0xb9, 0xee, 0x58, 0xe6, 0xda, 0xee, 0xda, 0xf6,
    0xda, 0xf6, 0x98, 0xee, 0x99, 0xee, 0xfa, 0xee, 0xfa, 0xf6, 0xda, 0xee,
    0x16, 0xde, 0xb9, 0xee, 0xda, 0xf6, 0xda, 0xf6, 0xd9, 0xf6, 0xd9, 0xf6,
    0xda, 0xf6, 0xd9, 0xee, 0xda, 0xf6, 0xfa, 0xee, 0xda, 0xf6, 0xda, 0xf6,
    0xda, 0xee, 0xd9, 0xee, 0xfa, 0xf6, 0xda, 0xf6, 0xda, 0xee, 0xda, 0xf6,
    0xd9, 0xf6, 0xd9, 0xee, 0xda, 0xee, 0xfa, 0xf6, 0xda, 0xf6, 0xda, 0xf6,
    0xda, 0xf6, 0xf9, 0xee, 0xda, 0xee, 0xda, 0xf6, 0xfa, 0xf6, 0xda, 0xee,
    0xda, 0xf6, 0xf9, 0xee, 0xda, 0xf6, 0xda, 0xf6, 0xfa, 0xf6, 0xfa, 0xee,
    0xda, 0xf6, 0xda, 0xf6, 0xfa, 0xee, 0xda, 0xf6, 0xda, 0xee, 0xda, 0xee,
    0xda, 0xee, 0xd9, 0xf6, 0xfa, 0xee, 0xda, 0xf6, 0xda, 0xf6, 0xda, 0xee,
    0xd9, 0xee, 0xfa, 0xf6, 0xda, 0xf6, 0xda, 0xee, 0x98, 0xee, 0x37, 0xe6,
    0xb9, 0xee, 0xd9, 0xf6, 0xda, 0xee, 0xda, 0xf6, 0xda, 0xee, 0xda, 0xee,
    0xda, 0xee, 0xda, 0xee, 0xd9, 0xee, 0x99, 0xee, 0xd9, 0xf6, 0xda, 0xee,
    0xda, 0xf6, 0xda, 0xf6, 0xda, 0xee, 0xd9, 0xf6, 0xda, 0xf6, 0xda, 0xf6,
    0xda, 0xee, 0xd9, 0xee, 0xda, 0xf6, 0xda, 0xee, 0xd9, 0xf6, 0x16, 0xde,
    0x37, 0xde, 0x57, 0xde, 0x37, 0xde, 0x57, 0xde, 0xd5, 0xd5, 0x12, 0xb5,
    0xf2, 0xb4, 0xd1, 0xac, 0x12, 0xb5, 0x13, 0xb5, 0xf2, 0xac, 0xf2, 0xac,
    0xf3, 0xac, 0xd2, 0xac, 0xd2, 0xac, 0xd2, 0xac, 0xf2, 0xac, 0xd2, 0xac,
    0xf3, 0xac, 0xf2, 0xb4, 0xb1, 0xa4, 0x70, 0xa4, 0x91, 0xa4, 0xb1, 0xa4,
    0xcd, 0x83, 0x12, 0xb5, 0x16, 0xde, 0xaa, 0x5a, 0x09, 0x2a, 0xc8, 0x21,
    0xc8, 0x29, 0x90, 0xa4, 0x91, 0xa4, 0xb1, 0xac, 0xb1, 0xac, 0xf2, 0xb4,
    0x33, 0xb5, 0xd1, 0xac, 0x0b, 0x6b, 0x09, 0x32, 0x29, 0x32, 0x49, 0x3a,
    0x09, 0x2a, 0xc9, 0x19, 0xc9, 0x21, 0xe9, 0x19, 0xe8, 0x19, 0x09, 0x22,
    0x2a, 0x2a, 0x4a, 0x2a, 0x2a, 0x22, 0x6b, 0x2a, 0x6c, 0x2a, 0x4b, 0x2a,
    0xac, 0x3a, 0x0d, 0x43, 0x0d, 0x4b, 0x0d, 0x43, 0xac, 0x2a, 0x8b, 0x2a,
    0x50, 0x9c, 0x50, 0x9c, 0x50, 0x9c, 0x50, 0x9c, 0x50, 0x9c, 0x50, 0x9c,
    0x4f, 0x9c, 0x50, 0x9c, 0x70, 0x9c, 0xb0, 0xa4, 0xd1, 0xac, 0x2f, 0x9c,
    0xb5, 0xcd, 0xd5, 0xd5, 0x16, 0xde, 0x16, 0xd6, 0x16, 0xde, 0x74, 0xc5,
    0xa9, 0x62, 0x4b, 0x73, 0x4c, 0x7b, 0x2b, 0x7b, 0x4c, 0x7b, 0x0a, 0x73,
    0xb1, 0xac, 0xf5, 0xd5, 0xb4, 0xd5, 0x16, 0xde, 0x37, 0xde, 0x37, 0xde,
    0x36, 0xde, 0x37, 0xde, 0x16, 0xde, 0x37, 0xde, 0x57, 0xde, 0x37, 0xde,
    0x37, 0xde, 0x57, 0xde, 0x37, 0xde, 0x37, 0xde, 0x36, 0xde, 0x36, 0xde,
    0x2e, 0x9c, 0x16, 0xd6, 0x99, 0xe6, 0xd9, 0xee, 0xd9, 0xee, 0xb9, 0xe6,
    0x78, 0xe6, 0x77, 0xe6, 0x78, 0xe6, 0x77, 0xe6, 0x77, 0xde, 0x12, 0xbd,
    0x90, 0xac, 0x74, 0xc5, 0x90, 0xac, 0xb5, 0xcd, 0x16, 0xd6, 0x16, 0xde,
    0x16, 0xde, 0x16, 0xde, 0xf6, 0xd5, 0x53, 0xc5, 0xf2, 0xb4, 0xf2, 0xb4,
    0xf2, 0xac, 0xf2, 0xac, 0x33, 0xb5, 0x33, 0xb5, 0x13, 0xb5, 0xd1, 0xb4,
    0x2a, 0x7b, 0x78, 0xe6, 0xfa, 0xf6, 0xfa, 0xee, 0xfa, 0xf6, 0xda, 0xf6,
    0xb9, 0xee, 0x57, 0xe6, 0x16, 0xde, 0xd5, 0xd5, 0xf6, 0xd5, 0xd9, 0xee,
    0xd9, 0xee, 0xda, 0xf6, 0xda, 0xf6, 0xfa, 0xf6, 0xda, 0xf6, 0xda, 0xf6,
    0xfa, 0xee, 0xda, 0xf6, 0xd9, 0xf6, 0xd9, 0xf6, 0xda, 0xee, 0xda, 0xf6,
    0xd9, 0xee, 0x78, 0xe6, 0x99, 0xee, 0xfa, 0xf6, 0xfa, 0xf6, 0xfa, 0xf6,
    0x37, 0xe6, 0xb9, 0xee, 0xda, 0xf6, 0xda, 0xf6, 0xfa, 0xf6, 0xfa, 0xf6,
    0xda, 0xf6, 0xda, 0xf6, 0xda, 0xf6, 0xd9, 0xee, 0xfa, 0xee, 0xfa, 0xf6,
    0xfa, 0xf6, 0xfa, 0xf6, 0xda, 0xee, 0xfa, 0xee, 0xfa, 0xf6, 0xda, 0xee,
    0xda, 0xf6, 0xfa, 0xee, 0xda, 0xf6, 0xda, 0xee, 0xfa, 0xf6, 0xda, 0xee,
    0xd9, 0xf6, 0xda, 0xee, 0xd9, 0xf6, 0xda, 0xf6, 0xda, 0xee, 0xda, 0xf6,
    0xfa, 0xf6, 0xda, 0xee, 0xda, 0xee, 0xda, 0xf6, 0xda, 0xee, 0xda, 0xf6,
    0xd9, 0xee, 0xfa, 0xf6, 0xda, 0xf6, 0xda, 0xee, 0xfa, 0xf6, 0xda, 0xf6,
    0xfa, 0xf6, 0xda, 0xee, 0xda, 0xf6, 0xd9, 0xee, 0xda, 0xee, 0xda, 0xf6,
    0xda, 0xf6, 0xda, 0xee, 0xda, 0xf6, 0xd9, 0xee, 0xda, 0xee, 0xda, 0xee,
    0xda, 0xf6, 0xda, 0xee, 0xba, 0xf6, 0xd9, 0xf6, 0xda, 0xee, 0xba, 0xee,
    0xd9, 0xf6, 0xda, 0xee, 0xda, 0xf6, 0xd9, 0xf6, 0xd9, 0xee, 0xb9, 0xf6,
    0xd9, 0xee, 0xd9, 0xee, 0xda, 0xee, 0xda, 0xee, 0xda, 0xf6, 0xda, 0xee,
    0xda, 0xf6, 0xda, 0xf6, 0xda, 0xee, 0xb8, 0xee, 0x36, 0xe6, 0x16, 0xde,
    0x36, 0xde, 0x36, 0xde, 0x16, 0xd6, 0x33, 0xbd, 0x91, 0xa4, 0xf2, 0xac,
    0xf2, 0xac, 0x13, 0xb5, 0x13, 0xb5, 0xf3, 0xac, 0xf3, 0xac, 0x12, 0xb5,
    0x50, 0x94, 0xd2, 0xa4, 0xd2, 0xac, 0xd2, 0xac, 0xd2, 0xac, 0xf2, 0xac,
    0xb1, 0xac, 0xee, 0x93, 0x2f, 0x9c, 0x70, 0xa4, 0x70, 0xa4, 0x0f, 0x94,
    0x12, 0xb5, 0x16, 0xd6, 0x17, 0xd6, 0x4a, 0x42, 0xc9, 0x21, 0xa8, 0x19,
    0x86, 0x29, 0x70, 0xa4, 0xb1, 0xac, 0xb1, 0xac, 0xd1, 0xac, 0xd1, 0xac,
    0xb1, 0xac, 0xb1, 0xac, 0x0c, 0x5b, 0xe9, 0x21, 0x0f, 0x7c, 0x8b, 0x3a,
    0xe9, 0x21, 0xe9, 0x21, 0xe9, 0x21, 0xe9, 0x21, 0xe9, 0x21, 0xe9, 0x21,
    0x09, 0x2a, 0x4b, 0x2a, 0x4b, 0x2a, 0x8c, 0x32, 0xec, 0x42, 0x0d, 0x4b,
    0xed, 0x3a, 0xed, 0x3a, 0xed, 0x3a, 0x8c, 0x2a, 0x8c, 0x2a, 0xac, 0x2a,
    0x50, 0x9c, 0x50, 0x94, 0x50, 0x9c, 0x50, 0x94, 0x50, 0x9c, 0x4f, 0x9c,
    0x4f, 0x9c, 0x2f, 0x9c, 0x70, 0xa4, 0xb1, 0xac, 0xf1, 0xb4, 0x4b, 0x7b,
    0x94, 0xc5, 0xf1, 0xb4, 0x16, 0xd6, 0x16, 0xde, 0x36, 0xde, 0x74, 0xc5,
    0x48, 0x5a, 0x2b, 0x73, 0x4c, 0x73, 0x8d, 0x83, 0x4f, 0x9c, 0x8c, 0x83,
    0xb1, 0xac, 0xd5, 0xcd, 0x53, 0xc5, 0xf5, 0xd5, 0x36, 0xde, 0x37, 0xde,
    0x37, 0xde, 0x36, 0xde, 0x36, 0xde, 0x37, 0xde, 0x57, 0xe6, 0x57, 0xde,
    0x37, 0xde, 0x37, 0xde, 0x36, 0xde, 0x36, 0xde, 0x37, 0xde, 0x36, 0xde,
    0xb0, 0xb4, 0x37, 0xde, 0x99, 0xe6, 0xda, 0xee, 0xda, 0xee, 0xb9, 0xe6,
    0x98, 0xe6, 0x78, 0xe6, 0x78, 0xe6, 0x77, 0xe6, 0x77, 0xe6, 0x57, 0xe6,
    0x94, 0xc5, 0x12, 0xbd, 0xd1, 0xb4, 0xd5, 0xd5, 0x16, 0xd6, 0x16, 0xd6,
    0x16, 0xde, 0x16, 0xd6, 0x16, 0xde, 0x16, 0xde, 0xb4, 0xcd, 0xd1, 0xac,
    0x70, 0xa4, 0x91, 0xa4, 0x13, 0xb5, 0x33, 0xb5, 0x13, 0xb5, 0xf2, 0xb4,
    0x2f, 0x9c, 0x99, 0xe6, 0xda, 0xf6, 0xda, 0xf6, 0xfa, 0xee, 0xda, 0xf6,
    0xb9, 0xee, 0x57, 0xe6, 0x98, 0xee, 0x36, 0xe6, 0x78, 0xe6, 0xd9, 0xf6,
    0xda, 0xf6, 0xda, 0xee, 0xda, 0xf6, 0xda, 0xee, 0xda, 0xf6, 0xda, 0xf6,
    0xda, 0xf6, 0xda, 0xf6, 0xd9, 0xf6, 0xda, 0xf6, 0xda, 0xee, 0xda, 0xee,
    0xda, 0xf6, 0xd9, 0xf6, 0xd9, 0xee, 0xfa, 0xf6, 0xda, 0xf6, 0xda, 0xf6,
    0x98, 0xee, 0xda, 0xf6, 0xda, 0xee, 0xfa, 0xf6, 0xda, 0xee, 0xd9, 0xee,
    0xfa, 0xf6, 0xda, 0xee, 0xda, 0xf6, 0xda, 0xee, 0xfa, 0xf6, 0xda, 0xf6,
    0xda, 0xee, 0xfa, 0xf6, 0xda, 0xf6, 0xfa, 0xf6, 0xda, 0xee, 0xfa, 0xf6,
    0xda, 0xee, 0xfa, 0xf6, 0xda, 0xee, 0xda, 0xf6, 0xf9, 0xee, 0xda, 0xf6,
    0xda, 0xee, 0xda, 0xf6, 0xda, 0xee, 0xd9, 0xee, 0xda, 0xee, 0xd9, 0xf6,
    0xda, 0xf6, 0xfa, 0xf6, 0xfa, 0xf6, 0xda, 0xee, 0xda, 0xf6, 0xf9, 0xee,
    0xda, 0xee, 0xda, 0xf6, 0xda, 0xee, 0xfa, 0xf6, 0xd9, 0xf6, 0xd9, 0xee,
    0xda, 0xee, 0xda, 0xf6, 0xda, 0xf6, 0xda, 0xee, 0xfa, 0xf6, 0xda, 0xee,
    0xda, 0xee, 0xda, 0xf6, 0xd9, 0xee, 0xda, 0xf6, 0xda, 0xee, 0xda, 0xee,
    0xda, 0xf6, 0xda, 0xee, 0xda, 0xf6, 0xda, 0xee, 0xda, 0xee, 0xd9, 0xf6,
    0xda, 0xee, 0xda, 0xee, 0xda, 0xf6, 0xda, 0xee, 0xda, 0xee, 0xba, 0xee,
    0xda, 0xf6, 0xda, 0xf6, 0xda, 0xf6, 0xda, 0xee, 0xd9, 0xee, 0xda, 0xf6,
    0xda, 0xf6, 0xd9, 0xee, 0xd5, 0xd5, 0x36, 0xde, 0x16, 0xd6, 0x16, 0xd6,
    0x16, 0xde, 0x32, 0xbd, 0x2f, 0x9c, 0xf2, 0xac, 0xf2, 0xac, 0xd2, 0xac,
    0xf2, 0xac, 0x13, 0xb5, 0xf2, 0xac, 0xf2, 0xac, 0x94, 0xc5, 0xf2, 0xac,
    0xb2, 0xac, 0xd2, 0xac, 0xd2, 0xac, 0xd2, 0xa4, 0xf3, 0xac, 0xf3, 0xb4,
    0x13, 0xb5, 0x90, 0xa4, 0xb1, 0xa4, 0xb1, 0xa4, 0x2f, 0x94, 0xf2, 0xb4,
    0xf5, 0xd5, 0x15, 0xd6, 0x49, 0x4a, 0xa7, 0x21, 0xc8, 0x19, 0x09, 0x22,
    0xeb, 0x6a, 0x91, 0xa4, 0xb1, 0xac, 0xb1, 0xac, 0xf2, 0xb4, 0x12, 0xb5,
    0xd2, 0xac, 0xb1, 0xa4, 0x0c, 0x53, 0xe8, 0x29, 0xa7, 0x29, 0xc8, 0x21,
    0xc9, 0x21, 0x0a, 0x22, 0x09, 0x1a, 0x09, 0x1a, 0xe9, 0x21, 0x09, 0x22,
    0x2a, 0x2a, 0x6b, 0x3a, 0xec, 0x42, 0xed, 0x42, 0x0c, 0x4b, 0x0d, 0x3b,
    0xed, 0x3a, 0xcd, 0x3a, 0xac, 0x32, 0x8c, 0x2a, 0x6b, 0x2a, 0x8b, 0x2a,
    0x50, 0x94, 0x50, 0x9c, 0x4f, 0x9c, 0x50, 0x9c, 0x50, 0x9c, 0x50, 0x9c,
    0x2f, 0x94, 0x4f, 0x9c, 0xb1, 0xac, 0xd1, 0xac, 0xf2, 0xb4, 0x2b, 0x7b,
    0x73, 0xc5, 0x73, 0xc5, 0x16, 0xde, 0x37, 0xde, 0x36, 0xde, 0x74, 0xc5,
    0x68, 0x5a, 0x2b, 0x73, 0x6c, 0x7b, 0x2f, 0x9c, 0xd1, 0xac, 0x2f, 0x9c,
    0x33, 0xbd, 0x94, 0xcd, 0x32, 0xbd, 0x94, 0xcd, 0x16, 0xde, 0x37, 0xde,
    0x16, 0xde, 0x37, 0xde, 0x37, 0xde, 0x36, 0xde, 0x37, 0xde, 0x57, 0xde,
    0x37, 0xde, 0x37, 0xde, 0x36, 0xde, 0x36, 0xde, 0x37, 0xde, 0x36, 0xde,
    0xf1, 0xb4, 0x78, 0xe6, 0x98, 0xe6, 0xd9, 0xe6, 0xda, 0xee, 0xda, 0xee,
    0xb9, 0xe6, 0x57, 0xde, 0x77, 0xe6, 0x78, 0xe6, 0x78, 0xde, 0x77, 0xe6,
    0x53, 0xbd, 0x90, 0xac, 0x33, 0xbd, 0xf1, 0xb4, 0xf6, 0xd5, 0x16, 0xde,
    0x16, 0xde, 0x16, 0xd6, 0x16, 0xd6, 0x16, 0xde, 0xf6, 0xd5, 0x33, 0xbd,
    0x4f, 0x9c, 0x50, 0x9c, 0x33, 0xb5, 0x13, 0xb5, 0xf2, 0xb4, 0xf2, 0xb4,
    0xf2, 0xb4, 0xba, 0xee, 0xfa, 0xee, 0xfa, 0xf6, 0xda, 0xf6, 0xda, 0xee,
    0xda, 0xf6, 0xb9, 0xee, 0x57, 0xe6, 0xd5, 0xd5, 0x16, 0xde, 0x78, 0xe6,
    0xda, 0xf6, 0xda, 0xee, 0xd9, 0xf6, 0xda, 0xf6, 0xfa, 0xee, 0xfa, 0xf6,
    0xda, 0xee, 0xda, 0xee, 0x78, 0xee, 0xda, 0xee, 0xda, 0xee, 0xd9, 0xf6,
    0xda, 0xf6, 0xda, 0xf6, 0xfa, 0xf6, 0xfa, 0xf6, 0xfa, 0xee, 0xfa, 0xf6,
    0xd9, 0xf6, 0xda, 0xf6, 0xda, 0xf6, 0xda, 0xee, 0xda, 0xf6, 0xda, 0xf6,
    0xd9, 0xee, 0xfa, 0xf6, 0xfa, 0xf6, 0xda, 0xf6, 0xda, 0xee, 0xda, 0xf6,
    0xfa, 0xee, 0xda, 0xee, 0xda, 0xf6, 0xfa, 0xf6, 0xd9, 0xee, 0xda, 0xee,
    0xf9, 0xf6, 0xda, 0xf6, 0xda, 0xee, 0xda, 0xf6, 0xda, 0xf6, 0xda, 0xee,
    0xfa, 0xf6, 0xda, 0xee, 0xda, 0xf6, 0xfa, 0xf6, 0xfa, 0xee, 0xda, 0xf6,
    0xd9, 0xee, 0xfa, 0xee, 0xd9, 0xf6, 0xda, 0xf6, 0xfa, 0xf6, 0xfa, 0xf6,
    0xfa, 0xee, 0xda, 0xf6, 0xda, 0xf6, 0xda, 0xee, 0xda, 0xf6, 0xda, 0xf6,
    0xda, 0xee, 0xd9, 0xf6, 0xda, 0xee, 0xda, 0xee, 0xd9, 0xf6, 0xda, 0xee,
    0xda, 0xee, 0xd9, 0xf6, 0xda, 0xee, 0xda, 0xee, 0xd9, 0xf6, 0xda, 0xf6,
    0xda, 0xee, 0xd9, 0xf6, 0xda, 0xee, 0xda, 0xee, 0xda, 0xf6, 0xda, 0xf6,
    0xb9, 0xee, 0xd9, 0xee, 0xda, 0xee, 0xba, 0xf6, 0xda, 0xee, 0xda, 0xee,
    0xd9, 0xee, 0xda, 0xee, 0xda, 0xf6, 0xd9, 0xee, 0xda, 0xee, 0xd9, 0xee,
    0xda, 0xee, 0x33, 0xc5, 0xb4, 0xcd, 0xf5, 0xd5, 0x74, 0xc5, 0x0f, 0x94,
    0x91, 0xa4, 0xf3, 0xac, 0xd3, 0xa4, 0xf2, 0xac, 0xf2, 0xac, 0xf2, 0xac,
    0xd2, 0xac, 0xf2, 0xac, 0xf3, 0xac, 0x74, 0xc5, 0xd5, 0xcd, 0xb1, 0xac,
    0xd2, 0xac, 0xd2, 0xac, 0xf2, 0xac, 0xf2, 0xac, 0xf2, 0xac, 0x13, 0xb5,
    0x90, 0xa4, 0x70, 0x9c, 0xd1, 0xac, 0x71, 0x9c, 0x54, 0xbd, 0x36, 0xde,
    0x16, 0xde, 0x12, 0xad, 0x29, 0x3a, 0xe9, 0x21, 0x09, 0x1a, 0xe9, 0x21,
    0xd2, 0xac, 0xb1, 0xac, 0xb1, 0xac, 0xf2, 0xb4, 0x33, 0xbd, 0xb1, 0xac,
    0xd2, 0xac, 0xef, 0x8b, 0x8a, 0x42, 0x6d, 0x63, 0xab, 0x42, 0xe9, 0x19,
    0x09, 0x22, 0x0a, 0x22, 0x0a, 0x22, 0xe9, 0x19, 0xe9, 0x19, 0x0a, 0x22,
    0x4a, 0x2a, 0xac, 0x42, 0x0d, 0x4b, 0x0d, 0x4b, 0x0d, 0x43, 0xcc, 0x3a,
    0xcc, 0x3a, 0xac, 0x32, 0x8b, 0x2a, 0x6b, 0x2a, 0x8c, 0x2a, 0x8c, 0x2a,
    0x2f, 0x94, 0x50, 0x94, 0x50, 0x9c, 0x50, 0x94, 0x4f, 0x9c, 0x70, 0x9c,
    0x90, 0xa4, 0xb1, 0xac, 0xd1, 0xac, 0xd1, 0xac, 0xd1, 0xac, 0x0b, 0x7b,
    0x73, 0xc5, 0xb4, 0xcd, 0x16, 0xd6, 0x16, 0xde, 0x16, 0xd6, 0xb4, 0xc5,
    0xea, 0x72, 0xce, 0x8b, 0x90, 0xa4, 0xb1, 0xac, 0xb1, 0xac, 0x90, 0xa4,
    0x94, 0xc5, 0x36, 0xde, 0x53, 0xc5, 0x73, 0xc5, 0xd5, 0xd5, 0x16, 0xde,
    0x17, 0xde, 0x37, 0xde, 0x16, 0xde, 0x37, 0xde, 0x37, 0xde, 0x57, 0xde,
    0x57, 0xde, 0x36, 0xde, 0x37, 0xde, 0x37, 0xde, 0x37, 0xde, 0x36, 0xde,
    0xf1, 0xbc, 0x16, 0xd6, 0x98, 0xe6, 0xd9, 0xee, 0xd9, 0xe6, 0xda, 0xee,
    0xda, 0xee, 0xb9, 0xe6, 0x77, 0xe6, 0x78, 0xe6, 0x78, 0xe6, 0x78, 0xe6,
    0x57, 0xe6, 0xd1, 0xb4, 0x33, 0xbd, 0xf1, 0xb4, 0xd5, 0xd5, 0x16, 0xde,
    0x16, 0xde, 0x36, 0xde, 0x16, 0xd6, 0x16, 0xd6, 0x16, 0xd6, 0x94, 0xcd,
    0x70, 0xa4, 0x91, 0xa4, 0x13, 0xb5, 0xd2, 0xac, 0x12, 0xb5, 0x12, 0xb5,
    0xf1, 0xb4, 0xf6, 0xd5, 0xda, 0xee, 0xfa, 0xf6, 0xda, 0xf6, 0xda, 0xf6,
    0xda, 0xee, 0xd9, 0xee, 0xb9, 0xee, 0x37, 0xe6, 0x74, 0xcd, 0x37, 0xde,
    0xd9, 0xee, 0xda, 0xf6, 0xda, 0xee, 0xda, 0xf6, 0xda, 0xf6, 0xfa, 0xf6,
    0xda, 0xee, 0xda, 0xee, 0x98, 0xee, 0xda, 0xee, 0xfa, 0xf6, 0xda, 0xf6,
    0xd9, 0xee, 0xb9, 0xee, 0xda, 0xf6, 0xda, 0xf6, 0xda, 0xee, 0xda, 0xf6,
    0xda, 0xf6, 0xda, 0xee, 0xda, 0xee, 0xda, 0xee, 0xd9, 0xf6, 0xfa, 0xf6,
    0xda, 0xee, 0xd9, 0xf6, 0xda, 0xee, 0xd9, 0xee, 0xda, 0xf6, 0xfa, 0xf6,
    0xfa, 0xf6, 0xda, 0xee, 0xda, 0xf6, 0xfa, 0xee, 0xda, 0xf6, 0xda, 0xf6,
    0xfa, 0xee, 0xda, 0xee, 0xda, 0xf6, 0xfa, 0xf6, 0xda, 0xee, 0xda, 0xf6,
    0xd9, 0xee, 0xda, 0xf6, 0xfa, 0xf6, 0xda, 0xf6, 0xda, 0xf6, 0xda, 0xf6,
    0xda, 0xee, 0xda, 0xf6, 0xda, 0xee, 0xda, 0xee, 0xfa, 0xf6, 0xda, 0xee,
    0xd9, 0xf6, 0xda, 0xf6, 0xfa, 0xee, 0xda, 0xf6, 0xda, 0xf6, 0xfa, 0xee,
    0xda, 0xf6, 0xda, 0xf6, 0xda, 0xee, 0xd9, 0xee, 0xda, 0xf6, 0xda, 0xf6,
    0xda, 0xee, 0xda, 0xf6, 0xd9, 0xee, 0xda, 0xf6, 0xda, 0xf6, 0xda, 0xee,
    0xda, 0xee, 0xd9, 0xf6, 0xda, 0xf6, 0xda, 0xee, 0xda, 0xf6, 0xda, 0xee,
    0xda, 0xf6, 0xda, 0xf6, 0xda, 0xee, 0xd9, 0xf6, 0xd9, 0xf6, 0xd9, 0xee,
    0xba, 0xf6, 0xb9, 0xee, 0x99, 0xee, 0x99, 0xee, 0xb9, 0xee, 0x16, 0xde,
    0x16, 0xd6, 0x94, 0xcd, 0xb1, 0xb4, 0x68, 0x62, 0xd2, 0xa4, 0xf3, 0xac,
    0x13, 0xad, 0xf3, 0xac, 0xf3, 0xac, 0xf3, 0xac, 0xd2, 0xac, 0xd2, 0xa4,
    0xd2, 0xac, 0xd2, 0xac, 0x54, 0xbd, 0xb5, 0xcd, 0xd5, 0xcd, 0x91, 0xa4,
    0xb2, 0xa4, 0xf2, 0xac, 0xd2, 0xac, 0xf2, 0xac, 0xd1, 0xac, 0x90, 0xac,
    0xb1, 0xac, 0xf2, 0xb4, 0x90, 0xa4, 0xf2, 0xb4, 0x16, 0xd6, 0x16, 0xde,
    0x16, 0xd6, 0xcb, 0x52, 0xc8, 0x21, 0xe9, 0x19, 0xea, 0x19, 0xe8, 0x29,
    0xf1, 0xb4, 0xd1, 0xac, 0xf2, 0xb4, 0x33, 0xbd, 0xb1, 0xa4, 0xb1, 0xac,
    0xb1, 0xa4, 0x91, 0x9c, 0x6d, 0x6b, 0x09, 0x32, 0xe9, 0x21, 0x09, 0x22,
    0x2a, 0x22, 0x09, 0x22, 0xe9, 0x21, 0xe9, 0x19, 0xc9, 0x19, 0x2a, 0x2a,
    0x8b, 0x32, 0x0d, 0x43, 0x0d, 0x4b, 0x0d, 0x4b, 0xed, 0x42, 0xac, 0x32,
    0xac, 0x32, 0x8b, 0x2a, 0x6b, 0x2a, 0x6b, 0x2a, 0x4b, 0x22, 0x4b, 0x22,
    0x50, 0x9c, 0x50, 0x9c, 0x50, 0x94, 0x50, 0x9c, 0x70, 0xa4, 0xb0, 0xac,
    0x90, 0xa4, 0xb1, 0xac, 0xb1, 0xac, 0xd1, 0xac, 0xb1, 0xac, 0x4c, 0x7b,
    0x94, 0xc5, 0xb4, 0xcd, 0xf6, 0xd5, 0x16, 0xde, 0x16, 0xde, 0xb4, 0xcd,
    0x8c, 0x83, 0xd1, 0xac, 0xb1, 0xac, 0xb1, 0xac, 0xd1, 0xac, 0xf1, 0xb4,
    0x53, 0xc5, 0xf6, 0xd5, 0x53, 0xc5, 0x74, 0xc5, 0x53, 0xc5, 0xf6, 0xd5,
    0x36, 0xde, 0x36, 0xde, 0x37, 0xde, 0x37, 0xde, 0x37, 0xe6, 0x37, 0xde,
    0x36, 0xde, 0x36, 0xde, 0x36, 0xde, 0x36, 0xde, 0x37, 0xde, 0x37, 0xde,
    0xf2, 0xbc, 0x33, 0xbd, 0x78, 0xe6, 0xd9, 0xee, 0xda, 0xe6, 0xd9, 0xee,
    0xd9, 0xee, 0xda, 0xee, 0xd9, 0xe6, 0x98, 0xe6, 0x78, 0xe6, 0x78, 0xe6,
    0x78, 0xe6, 0x78, 0xe6, 0x53, 0xbd, 0x12, 0xb5, 0x53, 0xc5, 0x15, 0xd6,
    0x16, 0xd6, 0x16, 0xde, 0x16, 0xde, 0x16, 0xd6, 0x16, 0xd6, 0x94, 0xc5,
    0x90, 0xa4, 0xb1, 0xac, 0x13, 0xb5, 0xb1, 0xa4, 0xf2, 0xb4, 0xf2, 0xb4,
    0xd1, 0xb4, 0xad, 0x93, 0xb9, 0xee, 0xda, 0xf6, 0xda, 0xee, 0xda, 0xee,
    0xda, 0xf6, 0x98, 0xe6, 0x37, 0xde, 0xfa, 0xf6, 0x98, 0xee, 0x77, 0xe6,
    0xb9, 0xee, 0xda, 0xf6, 0xfa, 0xf6, 0xda, 0xee, 0xda, 0xee, 0xda, 0xf6,
    0xda, 0xf6, 0xda, 0xf6, 0xda, 0xf6, 0xfa, 0xee, 0xda, 0xf6, 0xda, 0xf6,
    0xda, 0xee, 0xda, 0xf6, 0xda, 0xf6, 0xda, 0xee, 0xda, 0xf6, 0xfa, 0xf6,
    0xda, 0xee, 0xd9, 0xee, 0xf9, 0xf6, 0xda, 0xf6, 0xda, 0xee, 0xda, 0xf6,
    0xda, 0xee, 0xda, 0xee, 0xda, 0xf6, 0xfa, 0xee, 0xd9, 0xee, 0xda, 0xf6,
    0xd9, 0xee, 0xfa, 0xf6, 0xfa, 0xf6, 0xda, 0xf6, 0xfa, 0xee, 0xda, 0xf6,
    0xfa, 0xee, 0xda, 0xf6, 0xd9, 0xee, 0xfa, 0xf6, 0xda, 0xee, 0xda, 0xee,
    0xfa, 0xf6, 0xda, 0xf6, 0xfa, 0xee, 0xda, 0xee, 0xda, 0xf6, 0xfa, 0xee,
    0xda, 0xf6, 0xda, 0xf6, 0xf9, 0xf6, 0xda, 0xf6, 0xda, 0xee, 0xda, 0xee,
    0xda, 0xf6, 0xda, 0xf6, 0xfa, 0xee, 0xda, 0xf6, 0xda, 0xee, 0xfa, 0xee,
    0xd9, 0xf6, 0xda, 0xee, 0xda, 0xf6, 0xda, 0xf6, 0xda, 0xee, 0xda, 0xf6,
    0xda, 0xf6, 0xd9, 0xee, 0xda, 0xee, 0xda, 0xf6, 0xda, 0xee, 0xda, 0xee,
    0xda, 0xf6, 0xda, 0xee, 0xda, 0xee, 0xd9, 0xf6, 0xd9, 0xee, 0xda, 0xf6,
    0xda, 0xee, 0xda, 0xf6, 0xda, 0xee, 0xda, 0xee, 0xba, 0xee, 0xda, 0xf6,
    0xb9, 0xee, 0x37, 0xde, 0xd5, 0xd5, 0x95, 0xcd, 0xf6, 0xd5, 0x78, 0xe6,
    0xfa, 0xf6, 0xda, 0xee, 0x54, 0xc5, 0x2f, 0x9c, 0xd2, 0xa4, 0xf3, 0xac,
    0xf3, 0xac, 0xf3, 0xac, 0xf3, 0xac, 0xf2, 0xac, 0xd2, 0xac, 0xd2, 0xac,
    0xf3, 0xac, 0x54, 0xbd, 0xb5, 0xcd, 0xb5, 0xcd, 0x94, 0xc5, 0xf2, 0xac,
    0xd2, 0xac, 0xd2, 0xac, 0xd2, 0xac, 0xd2, 0xac, 0x91, 0xa4, 0xb1, 0xac,
    0x2f, 0x94, 0xb1, 0xac, 0xf2, 0xb4, 0xf5, 0xd5, 0xd5, 0xd5, 0xf6, 0xd5,
    0x12, 0xb5, 0x8a, 0x4a, 0x09, 0x22, 0xea, 0x19, 0x0a, 0x22, 0xaa, 0x5a,
    0xd1, 0xac, 0xf2, 0xb4, 0x32, 0xbd, 0xf1, 0xb4, 0x91, 0xa4, 0x91, 0xac,
    0x0e, 0x94, 0xae, 0x7b, 0xef, 0x7b, 0xac, 0x3a, 0x0a, 0x22, 0x2a, 0x22,
    0x2b, 0x22, 0x09, 0x1a, 0xe9, 0x21, 0xe9, 0x21, 0xe9, 0x21, 0x8b, 0x2a,
    0xcd, 0x3a, 0xed, 0x42, 0x0d, 0x4b, 0x2d, 0x4b, 0x0e, 0x43, 0xcc, 0x32,
    0xac, 0x32, 0x8c, 0x32, 0x8b, 0x32, 0x4b, 0x22, 0x4b, 0x22, 0x6b, 0x2a,
    0x2f, 0x94, 0x50, 0x9c, 0x2f, 0x94, 0x70, 0x9c, 0xd1, 0xac, 0xb1, 0xac,
    0xb1, 0xac, 0xb1, 0xac, 0xb1, 0xac, 0xb1, 0xac, 0x70, 0xa4, 0x2f, 0x9c,
    0x94, 0xcd, 0xd5, 0xcd, 0x16, 0xde, 0x16, 0xd6, 0x16, 0xde, 0xb5, 0xcd,
    0x70, 0xa4, 0xb1, 0xac, 0xb1, 0xac, 0xd1, 0xac, 0xd1, 0xac, 0xd1, 0xb4,
    0x70, 0xa4, 0x94, 0xc5, 0x73, 0xc5, 0x74, 0xc5, 0x94, 0xc5, 0xb5, 0xd5,
    0x37, 0xde, 0x37, 0xde, 0x36, 0xde, 0x36, 0xde, 0x37, 0xde, 0x57, 0xe6,
    0x37, 0xde, 0x37, 0xde, 0x36, 0xde, 0x37, 0xde, 0x36, 0xde, 0x37, 0xde,
    0x32, 0xbd, 0x4f, 0x9c, 0x78, 0xe6, 0xb9, 0xe6, 0xda, 0xe6, 0xda, 0xee,
    0xd9, 0xe6, 0xd9, 0xe6, 0xda, 0xee, 0xb9, 0xee, 0x98, 0xe6, 0x77, 0xe6,
    0x78, 0xe6, 0x77, 0xe6, 0xb4, 0xcd, 0xf1, 0xb4, 0x90, 0xac, 0x16, 0xd6,
    0x16, 0xd6, 0x16, 0xde, 0x16, 0xde, 0x16, 0xde, 0x16, 0xde, 0xd5, 0xcd,
    0x12, 0xbd, 0xf2, 0xac, 0x13, 0xb5, 0xf2, 0xac, 0xf2, 0xb4, 0xf2, 0xb4,
    0xf2, 0xb4, 0xe9, 0x7a, 0x33, 0xcd, 0xda, 0xee, 0xda, 0xee, 0xda, 0xf6,
    0xda, 0xf6, 0xb9, 0xee, 0x58, 0xe6, 0xda, 0xee, 0x57, 0xde, 0x74, 0xcd,
    0x37, 0xde, 0xda, 0xf6, 0xda, 0xf6, 0xd9, 0xee, 0xda, 0xf6, 0xfa, 0xf6,
    0xd9, 0xee, 0xfa, 0xf6, 0xfa, 0xf6, 0xda, 0xf6, 0xda, 0xee, 0xfa, 0xf6,
    0xfa, 0xf6, 0xda, 0xf6, 0xfa, 0xee, 0xfa, 0xee, 0xda, 0xf6, 0xda, 0xf6,
    0xfa, 0xf6, 0xda, 0xf6, 0xda, 0xee, 0xda, 0xf6, 0xda, 0xf6, 0xf9, 0xee,
    0xd9, 0xf6, 0xda, 0xf6, 0xfa, 0xf6, 0xda, 0xf6, 0xda, 0xee, 0xda, 0xf6,
    0xda, 0xf6, 0xda, 0xee, 0xfa, 0xf6, 0xda, 0xf6, 0xfa, 0xee, 0xda, 0xf6,
    0xfa, 0xf6, 0xd9, 0xf6, 0xda, 0xf6, 0xda, 0xee, 0xda, 0xf6, 0xda, 0xf6,
    0xda, 0xf6, 0xda, 0xee, 0xda, 0xf6, 0xda, 0xf6, 0xda, 0xee, 0xf9, 0xf6,
    0xd9, 0xee, 0xda, 0xee, 0xda, 0xee, 0xda, 0xf6, 0xda, 0xf6, 0xfa, 0xf6,
    0xda, 0xee, 0xda, 0xee, 0xda, 0xf6, 0xd9, 0xf6, 0xda, 0xf6, 0xda, 0xf6,
    0xd9, 0xee, 0xda, 0xee, 0xda, 0xf6, 0xda, 0xee, 0xd9, 0xee, 0xda, 0xee,
    0xda, 0xee, 0xda, 0xf6, 0xda, 0xf6, 0xda, 0xee, 0xda, 0xee, 0xda, 0xf6,
    0xd9, 0xf6, 0xda, 0xee, 0xda, 0xf6, 0xda, 0xee, 0xda, 0xf6, 0xda, 0xee,
    0xda, 0xf6, 0xd9, 0xee, 0xda, 0xf6, 0xda, 0xee, 0xda, 0xee, 0xba, 0xf6,
    0xda, 0xee, 0xd9, 0xee, 0xb9, 0xee, 0xb9, 0xee, 0xb9, 0xee, 0xd9, 0xee,
    0xda, 0xee, 0x17, 0xde, 0x8d, 0x83, 0x91, 0x9c, 0xf3, 0xac, 0xf3, 0xac,
    0xf3, 0xac, 0x13, 0xad, 0xf3, 0xac, 0xf2, 0xa4, 0xd2, 0xa4, 0x13, 0xb5,
    0x74, 0xbd, 0xb5, 0xcd, 0xb4, 0xcd, 0xb4, 0xcd, 0xf2, 0xb4, 0xd2, 0xac,
    0xd2, 0xac, 0xd2, 0xac, 0xf2, 0xac, 0x90, 0xa4, 0xf2, 0xb4, 0xd1, 0xac,
    0x90, 0xa4, 0x74, 0xc5, 0x16, 0xde, 0x16, 0xd6, 0xf5, 0xd5, 0xb4, 0xc5,
    0xf3, 0xac, 0xab, 0x4a, 0x2a, 0x1a, 0x0a, 0x22, 0x29, 0x22, 0xd1, 0xa4,
    0xd2, 0xac, 0xf2, 0xb4, 0x33, 0xbd, 0x91, 0xa4, 0xb1, 0xa4, 0x90, 0xa4,
    0x4c, 0x7b, 0x0b, 0x6b, 0x2c, 0x5b, 0x2a, 0x22, 0x4a, 0x22, 0x4b, 0x22,
    0x2a, 0x22, 0x0a, 0x22, 0xe9, 0x19, 0xe9, 0x21, 0x4a, 0x32, 0xac, 0x32,
    0xac, 0x32, 0xcc, 0x3a, 0xcc, 0x42, 0xed, 0x3a, 0xed, 0x3a, 0xac, 0x32,
    0x8c, 0x2a, 0x8c, 0x2a, 0x6b, 0x2a, 0x4a, 0x2a, 0x6b, 0x22, 0x4b, 0x22,
    0x30, 0x94, 0x0f, 0x94, 0x0f, 0x94, 0x90, 0xac, 0xd1, 0xac, 0xb1, 0xac,
    0xb1, 0xac, 0xb1, 0xac, 0xd1, 0xac, 0x90, 0xa4, 0x4f, 0x9c, 0xb0, 0xac,
    0xd1, 0xac, 0xb4, 0xcd, 0x16, 0xde, 0x16, 0xd6, 0x16, 0xd6, 0xf5, 0xd5,
    0x94, 0xc5, 0xb1, 0xac, 0xb1, 0xac, 0xf2, 0xb4, 0xf2, 0xb4, 0xf2, 0xb4,
    0xcd, 0x93, 0x33, 0xbd, 0x73, 0xc5, 0x94, 0xcd, 0x94, 0xcd, 0xb4, 0xcd,
    0xf5, 0xd5, 0x37, 0xde, 0x17, 0xde, 0x16, 0xde, 0x36, 0xde, 0x37, 0xde,
    0x37, 0xde, 0x37, 0xde, 0x37, 0xde, 0x37, 0xde, 0x37, 0xde, 0x36, 0xe6,
    0x32, 0xbd, 0xcd, 0x93, 0x78, 0xe6, 0xd9, 0xe6, 0xda, 0xee, 0xd9, 0xee,
    0xba, 0xee, 0xda, 0xe6, 0xda, 0xee, 0xd9, 0xee, 0xb9, 0xe6, 0x78, 0xe6,
    0x77, 0xde, 0x78, 0xe6, 0x78, 0xe6, 0x33, 0xbd, 0x12, 0xbd, 0x94, 0xcd,
    0x16, 0xd6, 0x16, 0xde, 0x16, 0xde, 0x16, 0xde, 0x16, 0xde, 0xf6, 0xd5,
    0x94, 0xcd, 0x33, 0xbd, 0x13, 0xb5, 0x33, 0xbd, 0xf1, 0xb4, 0xf1, 0xb4,
    0xf2, 0xb4, 0x0a, 0x7b, 0xcd, 0xa3, 0x95, 0xd5, 0xda, 0xee, 0xda, 0xf6,
    0xfa, 0xee, 0xda, 0xf6, 0xd9, 0xf6, 0xda, 0xee, 0xda, 0xf6, 0x16, 0xde,
    0x57, 0xe6, 0xfa, 0xee, 0xda, 0xf6, 0xd9, 0xee, 0xda, 0xf6, 0xda, 0xf6,
    0xda, 0xee, 0xd9, 0xee, 0xda, 0xf6, 0xda, 0xee, 0xfa, 0xf6, 0xda, 0xee,
    0xda, 0xf6, 0xda, 0xf6, 0xda, 0xf6, 0xda, 0xf6, 0xda, 0xee, 0xda, 0xee,
    0xda, 0xf6, 0xd9, 0xee, 0xda, 0xf6, 0xda, 0xee, 0xda, 0xee, 0xda, 0xf6,
    0xfa, 0xf6, 0xda, 0xee, 0xda, 0xf6, 0xda, 0xee, 0xfa, 0xf6, 0xda, 0xf6,
    0xd9, 0xee, 0xda, 0xee, 0xfa, 0xf6, 0xd9, 0xf6, 0xda, 0xee, 0xfa, 0xf6,
    0xda, 0xf6, 0xda, 0xee, 0xda, 0xf6, 0xfa, 0xf6, 0xda, 0xee, 0xf9, 0xf6,
    0xda, 0xf6, 0xfa, 0xee, 0xd9, 0xf6, 0xda, 0xf6, 0xda, 0xee, 0xda, 0xf6,
    0xda, 0xf6, 0xda, 0xee, 0xfa, 0xf6, 0xd9, 0xee, 0xda, 0xee, 0xd9, 0xf6,
    0xda, 0xf6, 0xfa, 0xee, 0xda, 0xee, 0xda, 0xf6, 0xda, 0xee, 0xda, 0xee,
    0xda, 0xf6, 0xda, 0xee, 0xfa, 0xf6, 0xda, 0xf6, 0xd9, 0xee, 0xda, 0xf6,
    0xda, 0xee, 0xda, 0xee, 0xda, 0xee, 0xda, 0xf6, 0xd9, 0xee, 0xda, 0xf6,
    0xda, 0xee, 0xda, 0xf6, 0xda, 0xee, 0xda, 0xf6, 0xda, 0xee, 0xda, 0xf6,
    0xda, 0xee, 0xda, 0xee, 0xda, 0xf6, 0xd9, 0xf6, 0xb9, 0xee, 0xda, 0xf6,
    0xda, 0xee, 0xda, 0xf6, 0xda, 0xf6, 0xda, 0xee, 0xb9, 0xee, 0xb9, 0xee,
    0x98, 0xee, 0x70, 0xac, 0xb1, 0xa4, 0xf3, 0xac, 0xf3, 0xac, 0xf3, 0xac,
    0xf3, 0xac, 0x13, 0xad, 0x13, 0xad, 0xd2, 0xac, 0xd1, 0xac, 0x54, 0xbd,
    0xb4, 0xcd, 0xb5, 0xcd, 0xb5, 0xcd, 0xb4, 0xcd, 0x50, 0x9c, 0x91, 0xa4,
    0xf2, 0xac, 0xf2, 0xac, 0xd1, 0xac, 0xd2, 0xb4, 0xd1, 0xac, 0x70, 0xa4,
    0x53, 0xbd, 0x36, 0xde, 0x37, 0xde, 0x16, 0xd6, 0xd5, 0xcd, 0xb1, 0xa4,
    0x71, 0x94, 0x8b, 0x4a, 0x2a, 0x22, 0x4b, 0x22, 0xe8, 0x29, 0x13, 0xb5,
    0xd1, 0xb4, 0x12, 0xbd, 0xd2, 0xac, 0xb1, 0xac, 0xb1, 0xac, 0x90, 0xa4,
    0x0f, 0x94, 0x4c, 0x6b, 0x6b, 0x3a, 0x4a, 0x22, 0x4a, 0x22, 0x4b, 0x22,
    0x4a, 0x22, 0x2a, 0x22, 0x0a, 0x22, 0x09, 0x22, 0xec, 0x52, 0xcd, 0x32,
    0xcc, 0x3a, 0x0d, 0x4b, 0x0d, 0x4b, 0xed, 0x3a, 0xcd, 0x32, 0xac, 0x2a,
    0x8c, 0x2a, 0x6b, 0x2a, 0x6b, 0x2a, 0x6b, 0x2a, 0x4b, 0x22, 0x6b, 0x22,
    0x4f, 0x9c, 0x2f, 0x9c, 0x90, 0xa4, 0xd1, 0xac, 0xb1, 0xac, 0xd1, 0xac,
    0xb1, 0xac, 0xd1, 0xac, 0xb0, 0xac, 0x70, 0xa4, 0x70, 0xa4, 0x90, 0xa4,
    0xcd, 0x8b, 0xb5, 0xcd, 0x16, 0xde, 0x16, 0xde, 0x16, 0xde, 0x16, 0xde,
    0x16, 0xde, 0xb1, 0xac, 0xd1, 0xac, 0xf2, 0xb4, 0x12, 0xb5, 0xd1, 0xb4,
    0x0e, 0x94, 0x53, 0xc5, 0x94, 0xcd, 0x94, 0xcd, 0x94, 0xcd, 0xb4, 0xcd,
    0x94, 0xcd, 0x37, 0xde, 0x37, 0xde, 0x16, 0xde, 0x36, 0xde, 0x36, 0xde,
    0x37, 0xde, 0x36, 0xde, 0x37, 0xde, 0x37, 0xe6, 0x36, 0xde, 0xf5, 0xd5,
    0x12, 0xbd, 0xee, 0x93, 0x98, 0xe6, 0xb9, 0xee, 0xda, 0xe6, 0xda, 0xee,
    0xd9, 0xee, 0xda, 0xee, 0xd9, 0xe6, 0xd9, 0xee, 0xda, 0xee, 0x99, 0xe6,
    0x77, 0xe6, 0x78, 0xe6, 0x78, 0xe6, 0x98, 0xe6, 0x33, 0xbd, 0xd1, 0xb4,
    0x16, 0xd6, 0x16, 0xd6, 0x16, 0xd6, 0x16, 0xd6, 0x16, 0xd6, 0x16, 0xd6,
    0xf5, 0xd5, 0x74, 0xbd, 0x13, 0xb5, 0x13, 0xb5, 0x70, 0xa4, 0xb0, 0xac,
    0xd1, 0xb4, 0xee, 0x93, 0x32, 0xcd, 0x4f, 0xb4, 0x95, 0xcd, 0xda, 0xee,
    0xda, 0xee, 0xda, 0xee, 0xd9, 0xf6, 0xd9, 0xee, 0xfa, 0xee, 0x78, 0xe6,
    0x57, 0xe6, 0xb9, 0xee, 0xda, 0xf6, 0xfa, 0xf6, 0xda, 0xee, 0xda, 0xf6,
    0xfa, 0xf6, 0xda, 0xf6, 0xda, 0xee, 0xda, 0xee, 0xda, 0xf6, 0xda, 0xf6,
    0xda, 0xee, 0xfa, 0xee, 0xda, 0xf6, 0xda, 0xf6, 0xfa, 0xee, 0xfa, 0xf6,
    0xda, 0xf6, 0xda, 0xee, 0xd9, 0xf6, 0xfa, 0xee, 0xda, 0xee, 0xda, 0xf6,
    0xda, 0xee, 0xfa, 0xee, 0xda, 0xee, 0xda, 0xf6, 0xfa, 0xf6, 0xda, 0xee,
    0xda, 0xee, 0xfa, 0xf6, 0xda, 0xf6, 0xda, 0xee, 0xfa, 0xf6, 0xda, 0xf6,
    0xda, 0xee, 0xda, 0xee, 0xfa, 0xf6, 0xda, 0xee, 0xd9, 0xee, 0xda, 0xee,
    0xda, 0xf6, 0xda, 0xf6, 0xfa, 0xee, 0xda, 0xee, 0xfa, 0xf6, 0xda, 0xf6,
    0xda, 0xf6, 0xfa, 0xf6, 0xda, 0xf6, 0xda, 0xf6, 0xda, 0xee, 0xda, 0xf6,
    0xda, 0xf6, 0xda, 0xee, 0xfa, 0xf6, 0xda, 0xee, 0xda, 0xee, 0xda, 0xf6,
    0xda, 0xf6, 0xda, 0xee, 0xda, 0xee, 0xda, 0xf6, 0xda, 0xf6, 0xda, 0xee,
    0xda, 0xf6, 0xd9, 0xf6, 0xda, 0xee, 0xda, 0xf6, 0xda, 0xee, 0xda, 0xee,
    0xda, 0xf6, 0xda, 0xee, 0xda, 0xf6, 0xda, 0xee, 0xd9, 0xee, 0xda, 0xf6,
    0xda, 0xf6, 0xda, 0xee, 0xda, 0xf6, 0xda, 0xee, 0xda, 0xee, 0xd9, 0xee,
    0xda, 0xee, 0xda, 0xee, 0xda, 0xf6, 0xda, 0xee, 0xba, 0xee, 0xb9, 0xee,
    0x33, 0xc5, 0x50, 0xa4, 0xd2, 0xac, 0xf3, 0xac, 0xf3, 0xac, 0xf2, 0xac,
    0x12, 0xad, 0xf3, 0xac, 0xf3, 0xac, 0xf2, 0xac, 0x53, 0xbd, 0x95, 0xcd,
    0xb4, 0xcd, 0xb5, 0xcd, 0xb5, 0xcd, 0xb4, 0xcd, 0xf2, 0xac, 0xd2, 0xac,
    0xf2, 0xac, 0x12, 0xb5, 0xd2, 0xb4, 0xf2, 0xb4, 0x70, 0xa4, 0x90, 0xac,
    0x16, 0xde, 0x36, 0xde, 0x37, 0xde, 0x16, 0xde, 0x74, 0xbd, 0xd2, 0xa4,
    0xb2, 0x9c, 0x8a, 0x4a, 0x2a, 0x22, 0x4b, 0x22, 0xaa, 0x52, 0x12, 0xb5,
    0xd1, 0xac, 0xf2, 0xb4, 0xb1, 0xac, 0xb1, 0xac, 0xd1, 0xac, 0x12, 0xb5,
    0x12, 0xb5, 0xad, 0x73, 0x09, 0x22, 0x0a, 0x22, 0x2a, 0x22, 0x2a, 0x22,
    0x2a, 0x22, 0x4a, 0x22, 0x2a, 0x22, 0x4a, 0x22, 0x0c, 0x5b, 0xcd, 0x32,
    0xac, 0x3a, 0x0d, 0x53, 0xed, 0x3a, 0xcc, 0x3a, 0xac, 0x32, 0x8c, 0x2a,
    0x6b, 0x2a, 0x8b, 0x22, 0x6b, 0x2a, 0x6b, 0x22, 0x6b, 0x22, 0x8b, 0x22,
    0x90, 0xa4, 0x90, 0xa4, 0xb1, 0xac, 0xd1, 0xb4, 0xd1, 0xb4, 0x90, 0xac,
    0x70, 0xa4, 0x6f, 0xa4, 0x70, 0xa4, 0xb1, 0xac, 0xb0, 0xac, 0x90, 0xa4,
    0xb1, 0xac, 0x12, 0xb5, 0xf5, 0xd5, 0x16, 0xde, 0x16, 0xde, 0x36, 0xde,
    0xb5, 0xcd, 0x4f, 0xa4, 0xd1, 0xac, 0xf1, 0xb4, 0xd1, 0xb4, 0xb1, 0xac,
    0xd1, 0xac, 0xd5, 0xcd, 0xb5, 0xd5, 0x94, 0xcd, 0xb4, 0xcd, 0x94, 0xcd,
    0x94, 0xcd, 0xd5, 0xd5, 0x37, 0xde, 0x37, 0xde, 0x17, 0xde, 0x36, 0xde,
    0x37, 0xde, 0x37, 0xde, 0x37, 0xde, 0x36, 0xde, 0x37, 0xde, 0x73, 0xc5,
    0xf2, 0xb4, 0xf1, 0xb4, 0xb9, 0xe6, 0xb9, 0xe6, 0xd9, 0xee, 0xda, 0xe6,
    0xd9, 0xee, 0xda, 0xee, 0xda, 0xe6, 0xb9, 0xee, 0xd9, 0xe6, 0xd9, 0xee,
    0x98, 0xe6, 0x78, 0xe6, 0x77, 0xe6, 0x77, 0xe6, 0xb5, 0xcd, 0xd1, 0xac,
    0xb4, 0xcd, 0x16, 0xde, 0x16, 0xde, 0x16, 0xde, 0x16, 0xd6, 0x16, 0xd6,
    0xf6, 0xd5, 0x94, 0xc5, 0xf2, 0xb4, 0x12, 0xb5, 0xcd, 0x8b, 0x4f, 0xa4,
    0xd1, 0xb4, 0xd1, 0xb4, 0x53, 0xcd, 0x33, 0xcd, 0x70, 0xb4, 0x73, 0xcd,
    0xd9, 0xee, 0xda, 0xee, 0xb9, 0xee, 0xb9, 0xee, 0xda, 0xee, 0xda, 0xf6,
    0xd5, 0xd5, 0x78, 0xe6, 0xda, 0xf6, 0xfa, 0xf6, 0xfa, 0xee, 0xd9, 0xee,
    0xfa, 0xf6, 0xda, 0xf6, 0xda, 0xee, 0xfa, 0xf6, 0xda, 0xee, 0xda, 0xf6,
    0xfa, 0xf6, 0xda, 0xee, 0xda, 0xf6, 0xfa, 0xf6, 0xf9, 0xee, 0xda, 0xf6,
    0xda, 0xf6, 0xfa, 0xf6, 0xd9, 0xee, 0xda, 0xf6, 0xd9, 0xf6, 0xda, 0xee,
    0xda, 0xf6, 0xda, 0xf6, 0xf9, 0xee, 0xda, 0xf6, 0xda, 0xf6, 0xfa, 0xf6,
    0xda, 0xf6, 0xda, 0xf6, 0xd9, 0xee, 0xda, 0xf6, 0xda, 0xf6, 0xfa, 0xee,
    0xd9, 0xf6, 0xda, 0xf6, 0xda, 0xf6, 0xda, 0xf6, 0xda, 0xf6, 0xda, 0xee,
    0xd9, 0xee, 0xda, 0xf6, 0xda, 0xee, 0xd9, 0xee, 0xda, 0xf6, 0xda, 0xee,
    0xfa, 0xee, 0xda, 0xee, 0xda, 0xf6, 0xda, 0xf6, 0xfa, 0xee, 0xd9, 0xee,
    0xda, 0xf6, 0xd9, 0xee, 0xd9, 0xf6, 0xda, 0xf6, 0xda, 0xee, 0xd9, 0xf6,
    0xda, 0xee, 0xda, 0xf6, 0xda, 0xf6, 0xda, 0xee, 0xd9, 0xee, 0xda, 0xf6,
    0xda, 0xee, 0xda, 0xf6, 0xda, 0xf6, 0xfa, 0xee, 0xda, 0xf6, 0xda, 0xf6,
    0xda, 0xee, 0xd9, 0xf6, 0xda, 0xf6, 0xda, 0xee, 0xda, 0xf6, 0xda, 0xf6,
    0xda, 0xee, 0xd9, 0xee, 0xda, 0xf6, 0xda, 0xf6, 0xda, 0xee, 0xda, 0xf6,
    0xd9, 0xf6, 0xda, 0xee, 0xd9, 0xf6, 0xda, 0xee, 0xda, 0xf6, 0x74, 0xcd,
    0xee, 0x93, 0x91, 0xa4, 0x13, 0xad, 0x13, 0xad, 0xf3, 0xac, 0xf3, 0xac,
    0xf3, 0xac, 0xf3, 0xac, 0xf3, 0xac, 0xf2, 0xb4, 0xb5, 0xcd, 0xb5, 0xcd,
    0xb4, 0xcd, 0xb5, 0xcd, 0xb5, 0xcd, 0x53, 0xbd, 0xf2, 0xac, 0xd2, 0xac,
    0xf2, 0xb4, 0xf2, 0xb4, 0xd1, 0xac, 0x12, 0xb5, 0x32, 0xbd, 0xf5, 0xd5,
    0x37, 0xde, 0x16, 0xde, 0x36, 0xde, 0xb5, 0xcd, 0xf3, 0xac, 0xb2, 0xa4,
    0xb2, 0x9c, 0x8b, 0x4a, 0x0a, 0x22, 0x4a, 0x22, 0x50, 0x94, 0xd1, 0xb4,
    0xf2, 0xb4, 0x91, 0xa4, 0x90, 0xa4, 0x90, 0xa4, 0xd1, 0xb4, 0xb5, 0xcd,
    0x33, 0xb5, 0x4c, 0x63, 0x09, 0x22, 0x0a, 0x22, 0x4a, 0x32, 0x4a, 0x32,
    0x2a, 0x22, 0x4b, 0x22, 0x4b, 0x22, 0x4b, 0x2a, 0x0b, 0x5b, 0x0e, 0x3b,
    0xac, 0x3a, 0xcc, 0x42, 0xac, 0x32, 0xcd, 0x3a, 0xcd, 0x32, 0x8c, 0x2a,
    0x8c, 0x2a, 0x8c, 0x2a, 0x8c, 0x2a, 0xed, 0x32, 0xac, 0x2a, 0x8c, 0x2a,
    0x0e, 0x94, 0x2f, 0x9c, 0x70, 0xa4, 0xb1, 0xac, 0xd1, 0xb4, 0xb0, 0xac,
    0x2f, 0x9c, 0x2f, 0x9c, 0x90, 0xac, 0xb1, 0xac, 0xd1, 0xb4, 0xd1, 0xb4,
    0x12, 0xbd, 0x4f, 0x9c, 0xd5, 0xd5, 0x16, 0xd6, 0x36, 0xde, 0x37, 0xde,
    0x94, 0xc5, 0x0e, 0x94, 0xd1, 0xac, 0xd1, 0xac, 0xb1, 0xac, 0xb1, 0xac,
    0x12, 0xbd, 0xb5, 0xcd, 0xf5, 0xd5, 0x94, 0xcd, 0x94, 0xc5, 0x94, 0xc5,
    0x94, 0xcd, 0x94, 0xcd, 0x16, 0xde, 0x37, 0xde, 0x37, 0xde, 0x37, 0xde,
    0x37, 0xde, 0x37, 0xde, 0x36, 0xde, 0x37, 0xde, 0x37, 0xde, 0xf1, 0xbc,
    0xf1, 0xb4, 0xd5, 0xd5, 0xb9, 0xee, 0xda, 0xe6, 0xd9, 0xee, 0xb9, 0xee,
    0xda, 0xe6, 0xda, 0xee, 0xda, 0xee, 0xd9, 0xe6, 0xda, 0xee, 0xda, 0xee,
    0xb9, 0xe6, 0x78, 0xde, 0x78, 0xe6, 0x78, 0xe6, 0x77, 0xe6, 0x94, 0xc5,
    0xf2, 0xb4, 0x16, 0xde, 0x16, 0xde, 0x16, 0xd6, 0x16, 0xde, 0x16, 0xde,
    0x16, 0xde, 0x95, 0xc5, 0x33, 0xbd, 0x12, 0xbd, 0x6c, 0x83, 0x70, 0xa4,
    0x12, 0xbd, 0x12, 0xbd, 0x53, 0xcd, 0x33, 0xc5, 0x12, 0xc5, 0x70, 0xb4,
    0x13, 0xc5, 0xda, 0xf6, 0xb9, 0xee, 0xb9, 0xee, 0xda, 0xee, 0xda, 0xee,
    0xb5, 0xd5, 0x57, 0xe6, 0xda, 0xee, 0xfa, 0xf6, 0xda, 0xf6, 0xda, 0xf6,
    0xfa, 0xee, 0xda, 0xf6, 0xda, 0xf6, 0xfa, 0xf6, 0xda, 0xee, 0xda, 0xf6,
    0xfa, 0xf6, 0xda, 0xee, 0xda, 0xf6, 0xfa, 0xee, 0xd9, 0xf6, 0xda, 0xee,
    0xfa, 0xf6, 0xda, 0xee, 0xda, 0xf6, 0xda, 0xf6, 0xda, 0xee, 0xf9, 0xf6,
    0xda, 0xf6, 0xda, 0xee, 0xfa, 0xf6, 0xda, 0xf6, 0xda, 0xee, 0xfa, 0xee,
    0xfa, 0xf6, 0xfa, 0xee, 0xf9, 0xf6, 0xfa, 0xf6, 0xfa, 0xee, 0xda, 0xf6,
    0xfa, 0xf6, 0xda, 0xee, 0xda, 0xf6, 0xfa, 0xf6, 0xda, 0xf6, 0xda, 0xee,
    0xda, 0xf6, 0xd9, 0xf6, 0xda, 0xee, 0xda, 0xf6, 0xd9, 0xee, 0xda, 0xf6,
    0xda, 0xf6, 0xda, 0xee, 0xfa, 0xf6, 0xd9, 0xf6, 0xda, 0xee, 0xda, 0xf6,
    0xda, 0xee, 0xda, 0xee, 0xda, 0xf6, 0xda, 0xee, 0xd9, 0xf6, 0xda, 0xee,
    0xda, 0xee, 0xd9, 0xf6, 0xda, 0xee, 0xda, 0xf6, 0xda, 0xee, 0xda, 0xf6,
    0xda, 0xf6, 0xfa, 0xee, 0xda, 0xee, 0xda, 0xf6, 0xd9, 0xee, 0xda, 0xee,
    0xfa, 0xf6, 0xda, 0xee, 0xda, 0xee, 0xda, 0xf6, 0xda, 0xee, 0xda, 0xee,
    0xda, 0xee, 0xda, 0xf6, 0xfa, 0xee, 0xda, 0xf6, 0xda, 0xee, 0xda, 0xee,
    0xda, 0xf6, 0xda, 0xf6, 0xda, 0xee, 0xd9, 0xf6, 0x95, 0xcd, 0x0f, 0x9c,
    0x70, 0xa4, 0xf3, 0xac, 0xf3, 0xac, 0x13, 0xad, 0x13, 0xad, 0xf3, 0xac,
    0xf3, 0xac, 0xf3, 0xac, 0x13, 0xb5, 0x74, 0xc5, 0xb5, 0xcd, 0xb5, 0xcd,
    0xb4, 0xcd, 0xb4, 0xcd, 0xb5, 0xcd, 0xb1, 0xac, 0x91, 0xa4, 0x12, 0xb5,
    0xf2, 0xb4, 0x70, 0xa4, 0x73, 0xc5, 0x94, 0xcd, 0x16, 0xd6, 0x16, 0xd6,
    0x37, 0xde, 0x16, 0xd6, 0xd5, 0xcd, 0xb1, 0xa4, 0x91, 0x9c, 0xb3, 0xa4,
    0xd3, 0x9c, 0x8b, 0x4a, 0x2a, 0x22, 0xe8, 0x29, 0xf2, 0xb4, 0xd2, 0xb4,
    0xd1, 0xac, 0xb1, 0xac, 0xb1, 0xac, 0xb1, 0xac, 0x32, 0xbd, 0xd2, 0x9c,
    0x51, 0x7c, 0x6e, 0x63, 0x2a, 0x22, 0x2a, 0x22, 0x6a, 0x32, 0x49, 0x3a,
    0x2a, 0x2a, 0x4b, 0x22, 0x4b, 0x2a, 0x8c, 0x32, 0xcb, 0x4a, 0x2e, 0x43,
    0xac, 0x3a, 0xec, 0x3a, 0xcd, 0x32, 0xed, 0x32, 0xcd, 0x32, 0xac, 0x2a,
    0x8c, 0x2a, 0x8c, 0x2a, 0xac, 0x2a, 0x0e, 0x33, 0xac, 0x32, 0xcc, 0x3a,
    0xad, 0x8b, 0x4f, 0xa4, 0x6f, 0xa4, 0xb1, 0xac, 0xd1, 0xac, 0xb1, 0xac,
    0x4f, 0x9c, 0x90, 0xa4, 0xb1, 0xac, 0xd1, 0xac, 0xd1, 0xb4, 0xd1, 0xb4,
    0x13, 0xbd, 0xb1, 0xac, 0x4f, 0xa4, 0x37, 0xde, 0x37, 0xde, 0x36, 0xde,
    0xf6, 0xd5, 0x12, 0xb5, 0xb1, 0xac, 0xf2, 0xb4, 0xd1, 0xac, 0x90, 0xa4,
    0x8d, 0x83, 0xee, 0x93, 0xb4, 0xcd, 0x94, 0xcd, 0x94, 0xcd, 0x94, 0xcd,
    0x94, 0xcd, 0xb4, 0xcd, 0xb5, 0xd5, 0x37, 0xde, 0x36, 0xde, 0x36, 0xde,
    0x36, 0xde, 0x37, 0xde, 0x37, 0xde, 0x36, 0xde, 0x37, 0xde, 0x12, 0xbd,
    0xf1, 0xb4, 0xf6, 0xd5, 0xb9, 0xee, 0xb9, 0xe6, 0xda, 0xee, 0xba, 0xe6,
    0xd9, 0xee, 0xd9, 0xee, 0xda, 0xee, 0xda, 0xee, 0xda, 0xee, 0xd9, 0xee,
    0xd9, 0xe6, 0xb9, 0xe6, 0x77, 0xde, 0x98, 0xe6, 0x78, 0xe6, 0x57, 0xe6,
    0x90, 0xac, 0x16, 0xde, 0x16, 0xd6, 0x16, 0xd6, 0x16, 0xd6, 0x16, 0xde,
    0x16, 0xd6, 0x94, 0xc5, 0x74, 0xc5, 0x33, 0xbd, 0xed, 0x93, 0xb1, 0xac,
    0x13, 0xbd, 0x12, 0xbd, 0xb1, 0xb4, 0x33, 0xcd, 0x33, 0xcd, 0x12, 0xc5,
    0x6f, 0xac, 0xf2, 0xbc, 0xb9, 0xee, 0x99, 0xee, 0xda, 0xee, 0xda, 0xee,
    0xd5, 0xd5, 0x57, 0xe6, 0xda, 0xee, 0xda, 0xf6, 0xda, 0xf6, 0xda, 0xee,
    0xda, 0xf6, 0xda, 0xee, 0xfa, 0xee, 0xfa, 0xf6, 0xfa, 0xee, 0xfa, 0xf6,
    0xda, 0xee, 0xda, 0xf6, 0xfa, 0xf6, 0xfa, 0xf6, 0xda, 0xee, 0xda, 0xf6,
    0xda, 0xf6, 0xfa, 0xf6, 0xda, 0xee, 0xda, 0xee, 0xda, 0xee, 0xfa, 0xf6,
    0xda, 0xf6, 0xda, 0xee, 0xda, 0xf6, 0xda, 0xf6, 0xda, 0xee, 0xda, 0xf6,
    0xfa, 0xf6, 0xda, 0xee, 0xda, 0xf6, 0xda, 0xee, 0xd9, 0xf6, 0xda, 0xf6,
    0xda, 0xee, 0xda, 0xee, 0xfa, 0xf6, 0xd9, 0xee, 0xd9, 0xee, 0xfa, 0xee,
    0xda, 0xf6, 0xda, 0xee, 0xda, 0xf6, 0xda, 0xf6, 0xda, 0xf6, 0xd9, 0xee,
    0xda, 0xee, 0xda, 0xf6, 0xda, 0xf6, 0xd9, 0xee, 0xda, 0xee, 0xfa, 0xf6,
    0xda, 0xf6, 0xda, 0xf6, 0xda, 0xee, 0xda, 0xf6, 0xda, 0xee, 0xda, 0xf6,
    0xda, 0xee, 0xda, 0xee, 0xda, 0xf6, 0xda, 0xee, 0xda, 0xf6, 0xfa, 0xf6,
    0xfa, 0xee, 0xda, 0xf6, 0xda, 0xee, 0xda, 0xee, 0xda, 0xee, 0xda, 0xf6,
    0xda, 0xf6, 0xda, 0xee, 0xda, 0xf6, 0xd9, 0xf6, 0xda, 0xee, 0xda, 0xf6,
    0xda, 0xf6, 0xfa, 0xee, 0xda, 0xf6, 0xda, 0xee, 0xda, 0xf6, 0xda, 0xee,
    0xda, 0xee, 0xda, 0xee, 0xd9, 0xee, 0x95, 0xcd, 0x0e, 0x9c, 0x91, 0xa4,
    0xf3, 0xac, 0xf3, 0xac, 0xf3, 0xac, 0x13, 0xad, 0xf3, 0xac, 0x13, 0xad,
    0xf2, 0xac, 0xf2, 0xac, 0xd2, 0xac, 0xb5, 0xcd, 0xb4, 0xcd, 0xb5, 0xcd,
    0xb5, 0xcd, 0xb4, 0xcd, 0xb5, 0xcd, 0xf2, 0xb4, 0xd1, 0xac, 0x12, 0xb5,
    0x6f, 0xa4, 0x33, 0xbd, 0xf6, 0xd5, 0x16, 0xd6, 0x16, 0xde, 0x16, 0xde,
    0x37, 0xde, 0x16, 0xd6, 0x53, 0xbd, 0x50, 0x94, 0x92, 0x9c, 0xb2, 0x9c,
    0xd2, 0x9c, 0xab, 0x4a, 0x4a, 0x22, 0x0c, 0x5b, 0x53, 0xbd, 0xf1, 0xb4,
    0xb1, 0xac, 0xd1, 0xac, 0xf2, 0xb4, 0x74, 0xc5, 0x74, 0xbd, 0xcf, 0x6b,
    0xaf, 0x63, 0xaf, 0x63, 0x2b, 0x22, 0x6b, 0x32, 0x2a, 0x2a, 0x09, 0x2a,
    0x8b, 0x42, 0x6b, 0x2a, 0x6b, 0x2a, 0xac, 0x32, 0xcc, 0x42, 0x2d, 0x43,
    0xac, 0x32, 0xcd, 0x32, 0xcd, 0x32, 0xcd, 0x2a, 0xac, 0x2a, 0x8c, 0x2a,
    0x8c, 0x2a, 0xac, 0x2a, 0xac, 0x2a, 0xac, 0x32, 0x4d, 0x5b, 0xed, 0x3a,
    0xb0, 0xac, 0xd1, 0xb4, 0x4f, 0xa4, 0x90, 0xa4, 0x70, 0xa4, 0xb0, 0xac,
    0xb1, 0xac, 0xd1, 0xb4, 0xd2, 0xb4, 0xf1, 0xb4, 0xd1, 0xac, 0xd1, 0xb4,
    0xf2, 0xb4, 0xd1, 0xac, 0x90, 0xa4, 0x57, 0xde, 0x37, 0xde, 0x36, 0xde,
    0x16, 0xde, 0x94, 0xc5, 0xb1, 0xac, 0xf1, 0xb4, 0xb1, 0xac, 0x6c, 0x83,
    0x68, 0x5a, 0x48, 0x5a, 0x53, 0xbd, 0x94, 0xcd, 0x94, 0xc5, 0x94, 0xcd,
    0xb4, 0xcd, 0xb4, 0xcd, 0x94, 0xcd, 0xd5, 0xd5, 0x37, 0xde, 0xf6, 0xdd,
    0xf5, 0xd5, 0x36, 0xde, 0x37, 0xde, 0x57, 0xde, 0x57, 0xe6, 0x32, 0xc5,
    0xb0, 0xac, 0xf6, 0xd5, 0xd9, 0xee, 0xb9, 0xe6, 0xd9, 0xe6, 0xda, 0xee,
    0xd9, 0xee, 0xda, 0xe6, 0xb9, 0xe6, 0xda, 0xee, 0xd9, 0xee, 0xda, 0xee,
    0xda, 0xee, 0xda, 0xee, 0xb9, 0xe6, 0x78, 0xe6, 0x77, 0xe6, 0x98, 0xe6,
    0xd5, 0xcd, 0x53, 0xc5, 0x16, 0xd6, 0x16, 0xde, 0x16, 0xd6, 0x16, 0xd6,
    0xd5, 0xd5, 0x53, 0xc5, 0x54, 0xc5, 0x54, 0xc5, 0x4f, 0x9c, 0xf1, 0xb4,
    0xd1, 0xb4, 0xf2, 0xb4, 0xed, 0x93, 0x33, 0xcd, 0x53, 0xcd, 0x53, 0xcd,
    0x32, 0xc5, 0x70, 0xb4, 0x32, 0xc5, 0xd9, 0xee, 0xda, 0xf6, 0xfa, 0xf6,
    0xb5, 0xcd, 0xd5, 0xd5, 0xb9, 0xee, 0xda, 0xee, 0xda, 0xee, 0xda, 0xf6,
    0xda, 0xf6, 0xda, 0xf6, 0xda, 0xf6, 0xda, 0xf6, 0xda, 0xf6, 0xda, 0xee,
    0xda, 0xee, 0xda, 0xf6, 0xda, 0xf6, 0xda, 0xee, 0xda, 0xf6, 0xd9, 0xee,
    0xfa, 0xf6, 0xfa, 0xf6, 0xfa, 0xf6, 0xd9, 0xf6, 0xda, 0xee, 0xda, 0xee,
    0xda, 0xf6, 0xf9, 0xee, 0xd9, 0xee, 0xfa, 0xee, 0xfa, 0xf6, 0xda, 0xf6,
    0xda, 0xee, 0xfa, 0xf6, 0xda, 0xf6, 0xda, 0xee, 0xfa, 0xf6, 0xd9, 0xf6,
    0xfa, 0xf6, 0xda, 0xf6, 0xda, 0xf6, 0xda, 0xf6, 0xda, 0xf6, 0xda, 0xee,
    0xd9, 0xee, 0xda, 0xf6, 0xda, 0xee, 0xd9, 0xee, 0xda, 0xf6, 0xda, 0xee,
    0xf9, 0xf6, 0xda, 0xee, 0xda, 0xee, 0xd9, 0xf6, 0xda, 0xee, 0xda, 0xf6,
    0xda, 0xee, 0xda, 0xee, 0xd9, 0xee, 0xda, 0xf6, 0xfa, 0xf6, 0xda, 0xee,
    0xda, 0xf6, 0xda, 0xee, 0xda, 0xf6, 0xda, 0xee, 0xda, 0xee, 0xda, 0xf6,
    0xfa, 0xee, 0xfa, 0xf6, 0xda, 0xf6, 0xda, 0xee, 0xfa, 0xf6, 0xda, 0xf6,
    0xd9, 0xee, 0xda, 0xee, 0xda, 0xee, 0xda, 0xf6, 0xda, 0xee, 0xda, 0xee,
    0xd9, 0xf6, 0xda, 0xee, 0xfa, 0xf6, 0xda, 0xee, 0xf9, 0xee, 0xda, 0xf6,
    0xda, 0xee, 0xd9, 0xf6, 0x74, 0xcd, 0xad, 0x93, 0x91, 0xa4, 0xb2, 0xa4,
    0xd2, 0xa4, 0x13, 0xad, 0xf3, 0xac, 0xf3, 0xac, 0xf3, 0xac, 0x12, 0xad,
    0x13, 0xad, 0xf3, 0xac, 0x33, 0xbd, 0xd5, 0xcd, 0xb5, 0xcd, 0xb5, 0xcd,
    0xb5, 0xcd, 0xb5, 0xcd, 0x73, 0xc5, 0x12, 0xb5, 0xd1, 0xac, 0x53, 0xc5,
    0x73, 0xc5, 0xf6, 0xd5, 0x16, 0xd6, 0x16, 0xd6, 0x16, 0xd6, 0x16, 0xd6,
    0x36, 0xd6, 0xb5, 0xcd, 0x2f, 0x94, 0xce, 0x8b, 0x71, 0x9c, 0x92, 0x9c,
    0xb2, 0x9c, 0xab, 0x4a, 0x2a, 0x22, 0x30, 0x8c, 0x33, 0xbd, 0xb1, 0xac,
    0xb1, 0xac, 0xb1, 0xa4, 0x90, 0xa4, 0xd5, 0xcd, 0x71, 0x94, 0xec, 0x42,
    0xae, 0x73, 0x8e, 0x63, 0x4a, 0x22, 0x6a, 0x32, 0x2a, 0x22, 0xe9, 0x19,
    0x09, 0x32, 0x2a, 0x2a, 0x8c, 0x2a, 0xcd, 0x32, 0xcc, 0x3a, 0x6e, 0x53,
    0xad, 0x2a, 0xcd, 0x32, 0xcd, 0x2a, 0xac, 0x2a, 0x8c, 0x2a, 0x8c, 0x2a,
    0x8c, 0x2a, 0xac, 0x2a, 0xad, 0x2a, 0x8e, 0x5b, 0xce, 0x6b, 0xee, 0x32,
    0x12, 0xb5, 0x53, 0xc5, 0xd1, 0xb4, 0x33, 0xbd, 0xf1, 0xb4, 0xb1, 0xac,
    0xb1, 0xac, 0xd1, 0xb4, 0xd1, 0xb4, 0xd1, 0xb4, 0xd2, 0xb4, 0xd1, 0xb4,
    0xf2, 0xb4, 0xf2, 0xb4, 0xf2, 0xb4, 0xee, 0x93, 0x36, 0xde, 0x36, 0xd6,
    0x16, 0xde, 0x33, 0xbd, 0xed, 0x93, 0xb1, 0xac, 0x8d, 0x83, 0xa9, 0x62,
    0xa9, 0x62, 0x48, 0x52, 0x33, 0xbd, 0x94, 0xcd, 0x94, 0xc5, 0x94, 0xc5,
    0x94, 0xcd, 0x94, 0xcd, 0xb5, 0xcd, 0xb5, 0xcd, 0x37, 0xde, 0xf5, 0xd5,
    0xd5, 0xd5, 0x37, 0xde, 0x36, 0xde, 0x37, 0xde, 0x16, 0xde, 0x53, 0xc5,
    0x2e, 0x9c, 0xf6, 0xd5, 0xd9, 0xee, 0xb9, 0xee, 0xda, 0xee, 0xd9, 0xee,
    0xba, 0xe6, 0xd9, 0xee, 0xd9, 0xee, 0xda, 0xe6, 0xda, 0xee, 0xd9, 0xe6,
    0xb9, 0xee, 0xda, 0xee, 0xda, 0xee, 0xb9, 0xe6, 0x98, 0xe6, 0x98, 0xe6,
    0x37, 0xde, 0xb0, 0xac, 0x16, 0xde, 0x16, 0xd6, 0xf6, 0xd5, 0xf6, 0xdd,
    0x73, 0xc5, 0xd1, 0xb4, 0x53, 0xbd, 0x12, 0xb5, 0x0e, 0x9c, 0x12, 0xbd,
    0x90, 0xa4, 0xf1, 0xb4, 0x2b, 0x83, 0x53, 0xcd, 0x53, 0xcd, 0x53, 0xcd,
    0x53, 0xcd, 0x33, 0xcd, 0x12, 0xc5, 0xd5, 0xd5, 0xb9, 0xee, 0xfa, 0xf6,
    0xd5, 0xcd, 0x32, 0xc5, 0x78, 0xe6, 0xda, 0xf6, 0xfa, 0xf6, 0xf9, 0xee,
    0xda, 0xf6, 0xda, 0xee, 0xda, 0xee, 0xda, 0xf6, 0xda, 0xf6, 0xd9, 0xee,
    0xda, 0xf6, 0xf9, 0xf6, 0xda, 0xee, 0xda, 0xf6, 0xfa, 0xf6, 0xda, 0xee,
    0xf9, 0xee, 0xda, 0xee, 0xda, 0xee, 0xda, 0xf6, 0xfa, 0xf6, 0xda, 0xee,
    0xda, 0xf6, 0xda, 0xf6, 0xda, 0xf6, 0xda, 0xee, 0xd9, 0xf6, 0xfa, 0xee,
    0xd9, 0xee, 0xfa, 0xf6, 0xda, 0xee, 0xda, 0xf6, 0xfa, 0xee, 0xfa, 0xf6,
    0xda, 0xf6, 0xd9, 0xee, 0xfa, 0xee, 0xda, 0xf6, 0xfa, 0xf6, 0xda, 0xee,
    0xda, 0xf6, 0xd9, 0xf6, 0xd9, 0xee, 0xda, 0xee, 0xd9, 0xf6, 0xda, 0xee,
    0xd9, 0xf6, 0xda, 0xf6, 0xda, 0xee, 0xda, 0xee, 0xda, 0xf6, 0xd9, 0xf6,
    0xda, 0xee, 0xda, 0xf6, 0xda, 0xf6, 0xda, 0xee, 0xda, 0xee, 0xfa, 0xf6,
    0xd9, 0xee, 0xda, 0xee, 0xfa, 0xf6, 0xd9, 0xee, 0xda, 0xee, 0xda, 0xf6,
    0xda, 0xee, 0xda, 0xee, 0xda, 0xf6, 0xd9, 0xee, 0xda, 0xee, 0xda, 0xee,
    0xd9, 0xee, 0xda, 0xf6, 0xda, 0xee, 0xd9, 0xee, 0xda, 0xf6, 0xfa, 0xf6,
    0xda, 0xee, 0xda, 0xee, 0xda, 0xee, 0xd9, 0xf6, 0xda, 0xee, 0xda, 0xee,
    0xb9, 0xee, 0x74, 0xcd, 0x4c, 0x83, 0x91, 0xa4, 0xf3, 0xac, 0xf3, 0xac,
    0xf3, 0xac, 0xf3, 0xac, 0xf3, 0xac, 0xf2, 0xac, 0xf2, 0xac, 0xf3, 0xac,
    0x13, 0xad, 0xd2, 0xac, 0xb5, 0xcd, 0xd5, 0xcd, 0xd5, 0xcd, 0xb5, 0xcd,
    0xb5, 0xcd, 0xb5, 0xcd, 0x32, 0xbd, 0xf2, 0xb4, 0x74, 0xc5, 0xd5, 0xd5,
    0xf6, 0xd5, 0x16, 0xd6, 0x16, 0xde, 0x16, 0xde, 0xd5, 0xd5, 0x16, 0xd6,
    0xb5, 0xcd, 0x70, 0xa4, 0x0f, 0x8c, 0x0f, 0x8c, 0xb2, 0x9c, 0xb2, 0x9c,
    0xb2, 0x9c, 0xab, 0x4a, 0x29, 0x32, 0xb1, 0xa4, 0xd1, 0xac, 0xb1, 0xac,
    0x91, 0xa4, 0x2f, 0x9c, 0x94, 0xcd, 0x94, 0xc5, 0xcf, 0x6b, 0x0d, 0x4b,
    0x0f, 0x84, 0x2d, 0x53, 0x4a, 0x2a, 0x2a, 0x2a, 0xe9, 0x21, 0xc9, 0x19,
    0xc9, 0x19, 0x8b, 0x42, 0xcc, 0x32, 0xcd, 0x32, 0xed, 0x3a, 0x4e, 0x4b,
    0xed, 0x32, 0xee, 0x32, 0xad, 0x2a, 0x8c, 0x2a, 0xad, 0x2a, 0xac, 0x2a,
    0xac, 0x2a, 0xcd, 0x3a, 0xac, 0x32, 0x2d, 0x4b, 0x4e, 0x3b, 0xee, 0x2a,
    0x6f, 0xa4, 0xf5, 0xd5, 0x16, 0xd6, 0x16, 0xd6, 0xf6, 0xd5, 0x73, 0xc5,
    0xb1, 0xac, 0xd1, 0xac, 0xd1, 0xb4, 0xf2, 0xb4, 0xd1, 0xac, 0xd1, 0xac,
    0xf2, 0xb4, 0xf2, 0xb4, 0xf1, 0xb4, 0x90, 0xa4, 0x12, 0xbd, 0x16, 0xde,
    0x16, 0xd6, 0xd5, 0xd5, 0x12, 0xb5, 0xcd, 0x8b, 0x89, 0x62, 0x8d, 0x7b,
    0x4c, 0x7b, 0xca, 0x62, 0x33, 0xbd, 0x74, 0xc5, 0x94, 0xc5, 0x94, 0xcd,
    0x94, 0xcd, 0x94, 0xcd, 0x94, 0xcd, 0x94, 0xcd, 0xb4, 0xcd, 0xf6, 0xd5,
    0xb4, 0xd5, 0x16, 0xde, 0x36, 0xde, 0x36, 0xde, 0x73, 0xc5, 0x12, 0xb5,
    0x2f, 0x9c, 0x16, 0xde, 0xb9, 0xe6, 0xba, 0xe6, 0xb9, 0xee, 0xd9, 0xee,
    0xda, 0xe6, 0xda, 0xee, 0xd9, 0xee, 0xda, 0xee, 0xda, 0xe6, 0xd9, 0xee,
    0xd9, 0xe6, 0xb9, 0xe6, 0xd9, 0xee, 0xd9, 0xee, 0x78, 0xde, 0x78, 0xe6,
    0x57, 0xde, 0x16, 0xd6, 0xf6, 0xdd, 0xf6, 0xd5, 0x16, 0xde, 0xf5, 0xd5,
    0x32, 0xbd, 0x70, 0xa4, 0x12, 0xb5, 0x4f, 0xa4, 0xad, 0x93, 0x74, 0xcd,
    0xb5, 0xd5, 0x12, 0xbd, 0xea, 0x7a, 0x53, 0xcd, 0x53, 0xcd, 0x53, 0xcd,
    0x53, 0xcd, 0x53, 0xcd, 0x53, 0xcd, 0x12, 0xc5, 0x33, 0xcd, 0x37, 0xe6,
    0xb5, 0xcd, 0x12, 0xbd, 0x78, 0xe6, 0xda, 0xf6, 0xda, 0xf6, 0xda, 0xee,
    0xfa, 0xf6, 0xda, 0xf6, 0xfa, 0xee, 0xda, 0xee, 0xda, 0xf6, 0xfa, 0xf6,
    0xfa, 0xee, 0xfa, 0xf6, 0xfa, 0xee, 0xfa, 0xf6, 0xda, 0xf6, 0xfa, 0xee,
    0xda, 0xf6, 0xfa, 0xf6, 0xfa, 0xee, 0xda, 0xee, 0xfa, 0xf6, 0xf9, 0xf6,
    0xda, 0xee, 0xda, 0xee, 0xfa, 0xf6, 0xda, 0xf6, 0xda, 0xf6, 0xfa, 0xf6,
    0xfa, 0xf6, 0xda, 0xf6, 0xda, 0xf6, 0xd9, 0xee, 0xda, 0xf6, 0xda, 0xee,
    0xda, 0xee, 0xda, 0xee, 0xda, 0xee, 0xd9, 0xee, 0xd9, 0xf6, 0xda, 0xee,
    0xfa, 0xee, 0xda, 0xf6, 0xda, 0xee, 0xda, 0xf6, 0xda, 0xee, 0xda, 0xf6,
    0xda, 0xee, 0xda, 0xf6, 0xd9, 0xf6, 0xda, 0xf6, 0xda, 0xee, 0xda, 0xee,
    0xd9, 0xf6, 0xda, 0xf6, 0xda, 0xee, 0xd9, 0xee, 0xda, 0xf6, 0xda, 0xee,
    0xda, 0xf6, 0xda, 0xee, 0xd9, 0xf6, 0xda, 0xee, 0xda, 0xf6, 0xda, 0xf6,
    0xd9, 0xee, 0xda, 0xee, 0xda, 0xf6, 0xd9, 0xee, 0xda, 0xee, 0xda, 0xee,
    0xda, 0xf6, 0xda, 0xf6, 0xda, 0xee, 0xda, 0xf6, 0xda, 0xf6, 0xda, 0xee,
    0xda, 0xee, 0xfa, 0xf6, 0xda, 0xee, 0xda, 0xee, 0xda, 0xf6, 0x99, 0xee,
    0xd1, 0xb4, 0xa9, 0x6a, 0x4c, 0x7b, 0xf3, 0xac, 0xd2, 0xa4, 0xd2, 0xa4,
    0xf3, 0xac, 0xf2, 0xac, 0x13, 0xad, 0xf3, 0xac, 0xf3, 0xac, 0xf2, 0xac,
    0xf3, 0xac, 0x13, 0xb5, 0xb5, 0xcd, 0xb5, 0xcd, 0xd5, 0xcd, 0xb4, 0xcd,
    0xb5, 0xcd, 0x53, 0xc5, 0x94, 0xcd, 0xf5, 0xd5, 0xf6, 0xd5, 0xf6, 0xd5,
    0xf5, 0xd5, 0x16, 0xd6, 0xf6, 0xd5, 0xf6, 0xd5, 0x16, 0xd6, 0xf6, 0xd5,
    0xf2, 0xb4, 0x2f, 0x9c, 0x0f, 0x94, 0x50, 0x94, 0xb3, 0x9c, 0xb2, 0x9c,
    0xb2, 0x9c, 0x8a, 0x4a, 0x6d, 0x73, 0x33, 0xbd, 0xd1, 0xac, 0xb1, 0xac,
    0x90, 0xa4, 0xb4, 0xcd, 0xf5, 0xd5, 0xb1, 0x9c, 0x8b, 0x2a, 0x6e, 0x5b,
    0x2f, 0x8c, 0x8b, 0x3a, 0xab, 0x42, 0x4a, 0x32, 0xc9, 0x19, 0xe9, 0x19,
    0xc9, 0x19, 0xe9, 0x29, 0xcc, 0x32, 0xed, 0x32, 0xed, 0x32, 0x0e, 0x43,
    0xcd, 0x32, 0xcd, 0x2a, 0xac, 0x2a, 0xac, 0x2a, 0xad, 0x2a, 0xad, 0x2a,
    0xcd, 0x32, 0x2e, 0x4b, 0xed, 0x8b, 0x8e, 0x5b, 0xad, 0x2a, 0x8c, 0x22,
    0xf5, 0xd5, 0x36, 0xde, 0x37, 0xde, 0x36, 0xde, 0x36, 0xde, 0x36, 0xde,
    0x73, 0xc5, 0xd1, 0xac, 0xf2, 0xb4, 0xf2, 0xb4, 0xf1, 0xb4, 0xf2, 0xb4,
    0xf2, 0xb4, 0xf2, 0xb4, 0xd1, 0xac, 0xb1, 0xac, 0xd1, 0xac, 0x16, 0xde,
    0x16, 0xde, 0x16, 0xd6, 0x6f, 0xa4, 0x48, 0x52, 0x89, 0x62, 0x2b, 0x73,
    0x0b, 0x6b, 0xca, 0x62, 0xee, 0x93, 0x33, 0xbd, 0x94, 0xcd, 0x94, 0xcd,
    0x94, 0xcd, 0x94, 0xc5, 0x94, 0xc5, 0x94, 0xcd, 0x94, 0xcd, 0xf5, 0xd5,
    0x94, 0xcd, 0xb4, 0xcd, 0x37, 0xde, 0x37, 0xde, 0x12, 0xbd, 0xd1, 0xb4,
    0x33, 0xbd, 0x36, 0xde, 0xb9, 0xee, 0xb9, 0xe6, 0xda, 0xe6, 0xd9, 0xee,
    0xd9, 0xe6, 0xda, 0xe6, 0xda, 0xee, 0xd9, 0xee, 0xda, 0xee, 0xda, 0xee,
    0xda, 0xee, 0xda, 0xe6, 0xb9, 0xe6, 0xb9, 0xee, 0xb9, 0xee, 0x78, 0xe6,
    0x78, 0xe6, 0x37, 0xde, 0x53, 0xc5, 0x16, 0xde, 0xf6, 0xd5, 0x16, 0xde,
    0x53, 0xc5, 0x70, 0xac, 0xd1, 0xb4, 0x2f, 0x9c, 0xed, 0x9b, 0xb4, 0xcd,
    0x37, 0xde, 0x32, 0xbd, 0x0a, 0x7b, 0x53, 0xcd, 0x53, 0xcd, 0x53, 0xcd,
    0x53, 0xcd, 0x53, 0xcd, 0x53, 0xcd, 0x32, 0xc5, 0x32, 0xcd, 0x2f, 0xac,
    0x90, 0xac, 0x12, 0xbd, 0x78, 0xe6, 0xda, 0xee, 0xda, 0xf6, 0xda, 0xf6,
    0xda, 0xee, 0xfa, 0xf6, 0xd9, 0xf6, 0xda, 0xf6, 0xda, 0xee, 0xda, 0xf6,
    0xda, 0xf6, 0xda, 0xf6, 0xda, 0xee, 0xda, 0xf6, 0xfa, 0xf6, 0xfa, 0xee,
    0xda, 0xf6, 0xda, 0xf6, 0xda, 0xf6, 0xda, 0xee, 0xda, 0xee, 0xfa, 0xf6,
    0xda, 0xee, 0xda, 0xee, 0xf9, 0xf6, 0xd9, 0xee, 0xda, 0xee, 0xda, 0xf6,
    0xfa, 0xee, 0xfa, 0xee, 0xfa, 0xee, 0xd9, 0xf6, 0xda, 0xf6, 0xda, 0xf6,
    0xd9, 0xf6, 0xda, 0xf6, 0xda, 0xf6, 0xda, 0xf6, 0xda, 0xee, 0xda, 0xf6,
    0xda, 0xee, 0xda, 0xf6, 0xda, 0xf6, 0xda, 0xee, 0xda, 0xf6, 0xd9, 0xee,
    0xda, 0xee, 0xda, 0xf6, 0xfa, 0xf6, 0xda, 0xee, 0xda, 0xf6, 0xda, 0xee,
    0xda, 0xf6, 0xda, 0xee, 0xd9, 0xf6, 0xda, 0xf6, 0xda, 0xee, 0xda, 0xf6,
    0xda, 0xf6, 0xfa, 0xee, 0xda, 0xee, 0xda, 0xf6, 0xda, 0xee, 0xda, 0xee,
    0xda, 0xf6, 0xda, 0xee, 0xda, 0xf6, 0xda, 0xf6, 0xd9, 0xf6, 0xda, 0xee,
    0xda, 0xee, 0xd9, 0xee, 0xda, 0xee, 0xda, 0xee, 0xda, 0xee, 0xda, 0xf6,
    0xda, 0xee, 0xfa, 0xf6, 0xda, 0xee, 0xda, 0xee, 0x78, 0xe6, 0x2b, 0x83,
    0x0b, 0x73, 0x2b, 0x73, 0x2f, 0x94, 0xd3, 0xac, 0xd2, 0xac, 0xd2, 0xac,
    0xf3, 0xac, 0xf2, 0xac, 0xf2, 0xac, 0xf3, 0xac, 0x13, 0xb5, 0xf2, 0xac,
    0xd2, 0xac, 0xb4, 0xcd, 0xd5, 0xcd, 0xb5, 0xcd, 0xd5, 0xd5, 0x94, 0xcd,
    0xb4, 0xcd, 0x93, 0xc5, 0x94, 0xcd, 0x16, 0xd6, 0xf6, 0xd5, 0xf6, 0xd5,
    0xf5, 0xd5, 0xf6, 0xd5, 0x16, 0xd6, 0xd5, 0xd5, 0x16, 0xd6, 0x94, 0xcd,
    0x90, 0xa4, 0x70, 0xa4, 0x30, 0x94, 0x92, 0x9c, 0xb2, 0x9c, 0xb2, 0x9c,
    0xb2, 0x9c, 0x0c, 0x63, 0x4f, 0x9c, 0xd1, 0xac, 0xd2, 0xac, 0xd1, 0xac,
    0x12, 0xb5, 0x16, 0xd6, 0x53, 0xbd, 0xaf, 0x6b, 0x4b, 0x22, 0x4d, 0x63,
    0xcd, 0x83, 0x29, 0x2a, 0x09, 0x2a, 0xe9, 0x21, 0xe9, 0x19, 0xc9, 0x19,
    0xe9, 0x21, 0xe9, 0x21, 0x0c, 0x53, 0xee, 0x32, 0xcd, 0x32, 0xcd, 0x32,
    0xcc, 0x32, 0xad, 0x2a, 0xcd, 0x2a, 0xac, 0x2a, 0xad, 0x2a, 0xcd, 0x32,
    0xed, 0x32, 0x0e, 0x3b, 0xec, 0x42, 0xcd, 0x2a, 0x8c, 0x2a, 0x8c, 0x22,
    0x36, 0xde, 0x37, 0xde, 0x36, 0xde, 0x37, 0xde, 0x36, 0xde, 0x37, 0xde,
    0x36, 0xde, 0x94, 0xc5, 0xf2, 0xb4, 0xf2, 0xb4, 0xf1, 0xb4, 0xd1, 0xb4,
    0xd1, 0xac, 0x12, 0xb5, 0xd1, 0xac, 0xd1, 0xac, 0x90, 0xa4, 0xed, 0x93,
    0x16, 0xde, 0x16, 0xd6, 0x70, 0xa4, 0xa9, 0x62, 0xca, 0x6a, 0xca, 0x6a,
    0xa9, 0x62, 0xa9, 0x62, 0x68, 0x5a, 0x12, 0xb5, 0x94, 0xcd, 0x94, 0xcd,
    0x94, 0xcd, 0x94, 0xc5, 0x94, 0xcd, 0x94, 0xcd, 0x94, 0xc5, 0xb5, 0xcd,
    0xb5, 0xcd, 0xb4, 0xcd, 0x37, 0xde, 0x37, 0xde, 0x33, 0xc5, 0xf2, 0xbc,
    0x37, 0xde, 0x57, 0xde, 0xb9, 0xe6, 0xda, 0xee, 0xb9, 0xe6, 0xba, 0xee,
    0xb9, 0xee, 0xda, 0xee, 0xda, 0xee, 0xd9, 0xe6, 0xd9, 0xee, 0xda, 0xee,
    0xb9, 0xee, 0xda, 0xee, 0xda, 0xee, 0xda, 0xee, 0xd9, 0xe6, 0x57, 0xde,
    0xb9, 0xe6, 0x37, 0xde, 0xf5, 0xd5, 0x16, 0xde, 0x16, 0xde, 0x16, 0xde,
    0xb4, 0xcd, 0x90, 0xa4, 0x90, 0xac, 0xf1, 0xb4, 0x4f, 0xa4, 0x94, 0xcd,
    0x37, 0xde, 0xb0, 0xac, 0x4b, 0x83, 0x33, 0xcd, 0x53, 0xcd, 0x53, 0xcd,
    0x33, 0xcd, 0x53, 0xcd, 0x53, 0xcd, 0x33, 0xc5, 0x33, 0xcd, 0x32, 0xcd,
    0x53, 0xc5, 0x32, 0xc5, 0x78, 0xe6, 0xda, 0xf6, 0xda, 0xf6, 0xfa, 0xee,
    0xfa, 0xf6, 0xda, 0xf6, 0xfa, 0xee, 0xda, 0xf6, 0xda, 0xee, 0xf9, 0xee,
    0xfa, 0xf6, 0xda, 0xee, 0xfa, 0xf6, 0xda, 0xee, 0xda, 0xf6, 0xda, 0xee,
    0xf9, 0xee, 0xda, 0xee, 0xda, 0xf6, 0xd9, 0xf6, 0xda, 0xee, 0xfa, 0xf6,
    0xda, 0xf6, 0xda, 0xf6, 0xda, 0xee, 0xda, 0xee, 0xda, 0xf6, 0xda, 0xee,
    0xda, 0xf6, 0xda, 0xf6, 0xd9, 0xee, 0xda, 0xee, 0xda, 0xf6, 0xfa, 0xee,
    0xda, 0xee, 0xd9, 0xf6, 0xfa, 0xf6, 0xda, 0xee, 0xda, 0xee, 0xda, 0xf6,
    0xd9, 0xf6, 0xd9, 0xee, 0xd9, 0xee, 0xda, 0xf6, 0xda, 0xf6, 0xda, 0xee,
    0xd9, 0xf6, 0xda, 0xee, 0xda, 0xee, 0xda, 0xf6, 0xda, 0xf6, 0xda, 0xee,
    0xda, 0xee, 0xda, 0xf6, 0xda, 0xee, 0xda, 0xf6, 0xda, 0xee, 0xd9, 0xee,
    0xda, 0xf6, 0xda, 0xee, 0xda, 0xf6, 0xda, 0xf6, 0xd9, 0xee, 0xda, 0xf6,
    0xda, 0xf6, 0xd9, 0xee, 0xd9, 0xee, 0xda, 0xee, 0xda, 0xee, 0xd9, 0xf6,
    0xda, 0xf6, 0xda, 0xee, 0xd9, 0xf6, 0xda, 0xee, 0xd9, 0xee, 0xda, 0xf6,
    0xda, 0xee, 0xd9, 0xee, 0xd9, 0xf6, 0x78, 0xe6, 0x06, 0x5a, 0x0b, 0x73,
    0x0b, 0x6b, 0x8d, 0x7b, 0xd2, 0xac, 0xb1, 0xa4, 0x91, 0x9c, 0xf3, 0xac,
    0xf3, 0xac, 0xf2, 0xac, 0xf3, 0xac, 0x13, 0xad, 0xf3, 0xac, 0x13, 0xad,
    0x33, 0xb5, 0xd5, 0xd5, 0xd5, 0xcd, 0xb4, 0xd5, 0xb4, 0xcd, 0x16, 0xde,
    0x73, 0xc5, 0x53, 0xc5, 0x36, 0xde, 0xf6, 0xd5, 0xf5, 0xd5, 0xf5, 0xd5,
    0xf6, 0xd5, 0xf6, 0xd5, 0x16, 0xd6, 0xf6, 0xd5, 0xd5, 0xcd, 0xd1, 0xb4,
    0xb0, 0xa4, 0x4f, 0x9c, 0xce, 0x83, 0x92, 0x9c, 0x92, 0x9c, 0x92, 0x9c,
    0x92, 0x9c, 0x2c, 0x6b, 0x50, 0x9c, 0xb1, 0xac, 0xd1, 0xac, 0xad, 0x8b,
    0x37, 0xde, 0x16, 0xde, 0xf2, 0xac, 0x2a, 0x2a, 0x4a, 0x2a, 0x4c, 0x63,
    0xee, 0x7b, 0xec, 0x4a, 0x8b, 0x3a, 0xc9, 0x19, 0xc9, 0x19, 0xe9, 0x19,
    0xe9, 0x19, 0xea, 0x19, 0x49, 0x3a, 0xed, 0x32, 0xed, 0x32, 0xcd, 0x32,
    0xcd, 0x32, 0xac, 0x2a, 0xad, 0x2a, 0xcd, 0x2a, 0xcd, 0x32, 0xcd, 0x32,
    0xcd, 0x2a, 0xed, 0x32, 0xcd, 0x2a, 0xad, 0x2a, 0xcd, 0x2a, 0xac, 0x2a,
    0x36, 0xde, 0x37, 0xde, 0x36, 0xde, 0x37, 0xde, 0x37, 0xde, 0x36, 0xde,
    0x37, 0xde, 0x37, 0xde, 0x94, 0xc5, 0xd1, 0xb4, 0xd1, 0xb4, 0xd1, 0xb4,
    0xd1, 0xac, 0xf1, 0xb4, 0xd1, 0xb4, 0xd1, 0xac, 0xb1, 0xac, 0x6f, 0xa4,
    0xcd, 0x8b, 0x94, 0xcd, 0x53, 0xbd, 0x2f, 0x94, 0x6d, 0x7b, 0x6c, 0x7b,
    0xaa, 0x62, 0xa9, 0x62, 0x07, 0x52, 0xf2, 0xb4, 0x94, 0xc5, 0x94, 0xcd,
    0x94, 0xcd, 0x94, 0xcd, 0x74, 0xc5, 0x94, 0xc5, 0x74, 0xcd, 0x94, 0xcd,
    0xb5, 0xcd, 0xf5, 0xd5, 0x36, 0xde, 0x36, 0xde, 0x53, 0xc5, 0xb1, 0xac,
    0xf5, 0xd5, 0x36, 0xde, 0xb9, 0xe6, 0xb9, 0xee, 0xda, 0xe6, 0xd9, 0xee,
    0xda, 0xee, 0xda, 0xee, 0xd9, 0xe6, 0xda, 0xee, 0xda, 0xee, 0xd9, 0xe6,
    0xda, 0xee, 0xd9, 0xe6, 0xd9, 0xee, 0xda, 0xe6, 0xda, 0xee, 0x57, 0xde,
    0x77, 0xe6, 0x57, 0xde, 0x36, 0xde, 0x16, 0xde, 0x16, 0xd6, 0x16, 0xd6,
    0x94, 0xcd, 0x70, 0xa4, 0x70, 0xac, 0x12, 0xbd, 0x0e, 0xa4, 0x94, 0xcd,
    0x37, 0xde, 0xd1, 0xb4, 0xad, 0x93, 0x33, 0xcd, 0x33, 0xcd, 0x53, 0xc5,
    0x33, 0xcd, 0x53, 0xcd, 0x53, 0xcd, 0x33, 0xc5, 0x33, 0xc5, 0x33, 0xcd,
    0xb4, 0xd5, 0xf1, 0xbc, 0xd1, 0xbc, 0x78, 0xe6, 0xfa, 0xee, 0xda, 0xee,
    0xfa, 0xf6, 0xfa, 0xf6, 0xfa, 0xee, 0xda, 0xf6, 0xda, 0xf6, 0xda, 0xee,
    0xda, 0xf6, 0xfa, 0xee, 0xfa, 0xf6, 0xda, 0xf6, 0xda, 0xee, 0xda, 0xf6,
    0xda, 0xf6, 0xda, 0xf6, 0xd9, 0xee, 0xda, 0xee, 0xda, 0xf6, 0xd9, 0xee,
    0xda, 0xf6, 0xda, 0xf6, 0xda, 0xee, 0xda, 0xf6, 0xda, 0xee, 0xda, 0xee,
    0xd9, 0xf6, 0xda, 0xf6, 0xd9, 0xee, 0xda, 0xf6, 0xda, 0xf6, 0xda, 0xf6,
    0xfa, 0xee, 0xda, 0xee, 0xd9, 0xee, 0xd9, 0xf6, 0xda, 0xee, 0xda, 0xf6,
    0xfa, 0xf6, 0xda, 0xee, 0xda, 0xee, 0xda, 0xf6, 0xda, 0xee, 0xda, 0xf6,
    0xfa, 0xf6, 0xda, 0xee, 0xda, 0xee, 0xda, 0xf6, 0xd9, 0xee, 0xda, 0xf6,
    0xda, 0xf6, 0xd9, 0xee, 0xda, 0xee, 0xda, 0xf6, 0xda, 0xee, 0xda, 0xf6,
    0xda, 0xee, 0xda, 0xee, 0xda, 0xee, 0xda, 0xf6, 0xda, 0xee, 0xd9, 0xee,
    0xda, 0xee, 0xda, 0xee, 0xda, 0xf6, 0xda, 0xee, 0xda, 0xee, 0xda, 0xee,
    0xda, 0xee, 0xda, 0xf6, 0xda, 0xf6, 0xda, 0xee, 0xd9, 0xee, 0xd9, 0xee,
    0xda, 0xf6, 0xb9, 0xee, 0x2f, 0xa4, 0x28, 0x5a, 0x0b, 0x6b, 0x0b, 0x6b,
    0xeb, 0x6a, 0x4c, 0x73, 0xf3, 0xac, 0x91, 0xa4, 0x91, 0x9c, 0xf3, 0xac,
    0xf3, 0xac, 0xf3, 0xac, 0xf3, 0xac, 0xf2, 0xac, 0x13, 0xb5, 0xf2, 0xb4,
    0xd5, 0xd5, 0x94, 0xcd, 0xd5, 0xcd, 0x36, 0xde, 0x37, 0xde, 0x16, 0xd6,
    0x16, 0xd6, 0x37, 0xde, 0x37, 0xde, 0xf6, 0xd5, 0xf5, 0xd5, 0xf6, 0xd5,
    0x16, 0xd6, 0xf6, 0xd5, 0xb4, 0xcd, 0xf5, 0xd5, 0xcd, 0x93, 0x2f, 0x9c,
    0x90, 0xa4, 0x0f, 0x94, 0xce, 0x83, 0xb2, 0x9c, 0xb2, 0x9c, 0xb2, 0x9c,
    0x92, 0x94, 0xb1, 0xa4, 0xb1, 0xac, 0xd1, 0xac, 0x12, 0xb5, 0x17, 0xde,
    0x16, 0xde, 0x53, 0xbd, 0xcf, 0x73, 0x4b, 0x22, 0xab, 0x3a, 0x0e, 0x84,
    0xce, 0x73, 0x09, 0x2a, 0xc8, 0x21, 0xc9, 0x19, 0xc9, 0x19, 0xe9, 0x19,
    0xc9, 0x19, 0xc9, 0x19, 0xa8, 0x21, 0xec, 0x3a, 0xed, 0x32, 0xcd, 0x32,
    0xcd, 0x32, 0xcd, 0x2a, 0xac, 0x2a, 0xcd, 0x2a, 0xed, 0x32, 0xcd, 0x32,
    0xcd, 0x2a, 0xcd, 0x2a, 0xcd, 0x2a, 0xcc, 0x2a, 0xcd, 0x32, 0xcd, 0x2a,
    0x37, 0xde, 0x37, 0xde, 0x57, 0xde, 0x56, 0xde, 0x37, 0xde, 0x36, 0xde,
    0x36, 0xde, 0x37, 0xde, 0x36, 0xde, 0x53, 0xbd, 0xb1, 0xac, 0xf2, 0xb4,
    0xd1, 0xac, 0x12, 0xbd, 0xd1, 0xac, 0x90, 0xa4, 0x90, 0xa4, 0x0a, 0x73,
    0x0f, 0x9c, 0xd1, 0xac, 0xb4, 0xcd, 0x2e, 0x9c, 0x89, 0x5a, 0xa9, 0x62,
    0xca, 0x62, 0xca, 0x62, 0xca, 0x62, 0x12, 0xbd, 0x94, 0xc5, 0x94, 0xc5,
    0x94, 0xcd, 0x74, 0xc5, 0x94, 0xc5, 0x94, 0xcd, 0x94, 0xcd, 0x94, 0xc5,
    0x94, 0xcd, 0x53, 0xc5, 0xb4, 0xcd, 0x33, 0xbd, 0xd1, 0xb4, 0x4f, 0x9c,
    0xd5, 0xd5, 0xf5, 0xd5, 0xb9, 0xe6, 0xba, 0xee, 0xd9, 0xe6, 0xd9, 0xe6,
    0xda, 0xee, 0xd9, 0xee, 0xda, 0xe6, 0xda, 0xee, 0xda, 0xee, 0xd9, 0xe6,
    0xda, 0xe6, 0xda, 0xee, 0xd9, 0xee, 0xd9, 0xe6, 0xd9, 0xee, 0x99, 0xe6,
    0x78, 0xe6, 0x57, 0xe6, 0x36, 0xde, 0xf5, 0xd5, 0x16, 0xd6, 0xb5, 0xd5,
    0x12, 0xbd, 0x70, 0xa4, 0xed, 0x93, 0x90, 0xac, 0x4f, 0xa4, 0xb5, 0xcd,
    0x37, 0xde, 0xb5, 0xcd, 0xee, 0x9b, 0x33, 0xc5, 0x53, 0xcd, 0x53, 0xcd,
    0x33, 0xcd, 0x53, 0xcd, 0x53, 0xcd, 0x53, 0xc5, 0x32, 0xcd, 0x53, 0xcd,
    0xd5, 0xd5, 0xd1, 0xbc, 0xf2, 0xc4, 0x8c, 0x9b, 0x57, 0xe6, 0xb9, 0xee,
    0xda, 0xf6, 0xda, 0xf6, 0xfa, 0xee, 0xfa, 0xf6, 0xda, 0xf6, 0xfa, 0xf6,
    0xda, 0xf6, 0xda, 0xf6, 0xda, 0xee, 0xda, 0xee, 0xfa, 0xf6, 0xda, 0xf6,
    0xfa, 0xee, 0xfa, 0xf6, 0xda, 0xee, 0xfa, 0xf6, 0xda, 0xf6, 0xda, 0xf6,
    0xda, 0xee, 0xfa, 0xf6, 0xda, 0xf6, 0xfa, 0xf6, 0xda, 0xee, 0xfa, 0xf6,
    0xda, 0xf6, 0xf9, 0xee, 0xda, 0xf6, 0xfa, 0xf6, 0xfa, 0xee, 0xd9, 0xf6,
    0xfa, 0xf6, 0xda, 0xee, 0xda, 0xf6, 0xda, 0xf6, 0xd9, 0xee, 0xda, 0xee,
    0xda, 0xf6, 0xda, 0xf6, 0xd9, 0xee, 0xda, 0xee, 0xda, 0xf6, 0xda, 0xee,
    0xda, 0xf6, 0xfa, 0xee, 0xfa, 0xf6, 0xda, 0xee, 0xda, 0xee, 0xda, 0xf6,
    0xda, 0xee, 0xda, 0xee, 0xd9, 0xee, 0xd9, 0xf6, 0xda, 0xee, 0xda, 0xee,
    0xfa, 0xf6, 0xd9, 0xee, 0xd9, 0xee, 0xda, 0xf6, 0xda, 0xee, 0xda, 0xee,
    0xda, 0xf6, 0xda, 0xf6, 0xda, 0xee, 0xda, 0xf6, 0xd9, 0xf6, 0xba, 0xee,
    0xda, 0xee, 0xd9, 0xee, 0xda, 0xee, 0xda, 0xee, 0xda, 0xee, 0x99, 0xee,
    0x58, 0xe6, 0x68, 0x62, 0x0b, 0x6b, 0x0b, 0x73, 0x0b, 0x6b, 0x0b, 0x73,
    0x4c, 0x73, 0x71, 0x9c, 0xf3, 0xac, 0xf3, 0xac, 0x13, 0xad, 0x13, 0xad,
    0xf3, 0xac, 0x13, 0xad, 0x13, 0xad, 0x13, 0xad, 0x13, 0xb5, 0x74, 0xc5,
    0xf6, 0xd5, 0x16, 0xde, 0x16, 0xde, 0x36, 0xd6, 0x16, 0xde, 0x16, 0xd6,
    0x16, 0xde, 0x37, 0xde, 0x16, 0xde, 0xf6, 0xd5, 0xf6, 0xd5, 0x16, 0xd6,
    0xf6, 0xd5, 0x16, 0xd6, 0x16, 0xde, 0xf1, 0xb4, 0xb1, 0xac, 0x90, 0xac,
    0x70, 0xa4, 0x50, 0x9c, 0x92, 0x9c, 0xd3, 0x9c, 0xb3, 0x9c, 0xb2, 0x9c,
    0xae, 0x7b, 0x0f, 0x94, 0xd2, 0xac, 0xb5, 0xcd, 0xb5, 0xcd, 0x16, 0xde,
    0x16, 0xd6, 0xd1, 0xa4, 0x2a, 0x2a, 0x4b, 0x22, 0x0d, 0x4b, 0x4f, 0x94,
    0x4c, 0x63, 0x8b, 0x3a, 0xe9, 0x19, 0xe9, 0x19, 0xc9, 0x19, 0xea, 0x19,
    0xea, 0x19, 0xc9, 0x19, 0xe9, 0x19, 0x2d, 0x53, 0x0e, 0x33, 0x0d, 0x3b,
    0x0d, 0x33, 0xcd, 0x2a, 0xcd, 0x32, 0xed, 0x32, 0xed, 0x32, 0xed, 0x2a,
    0xed, 0x32, 0xcd, 0x32, 0xcd, 0x32, 0xcd, 0x32, 0xed, 0x32, 0xed, 0x32,
    0x36, 0xde, 0x36, 0xde, 0x37, 0xde, 0x37, 0xde, 0x37, 0xde, 0x37, 0xde,
    0x37, 0xde, 0x36, 0xde, 0x37, 0xde, 0x16, 0xd6, 0xd1, 0xb4, 0xd1, 0xb4,
    0xd1, 0xb4, 0xd1, 0xb4, 0xb1, 0xac, 0x6c, 0x83, 0x50, 0xa4, 0x0e, 0x94,
    0xee, 0x93, 0x0e, 0x94, 0x70, 0xa4, 0xb1, 0xb4, 0xad, 0x8b, 0xc9, 0x62,
    0x0b, 0x6b, 0xea, 0x6a, 0x50, 0x9c, 0xb1, 0xb4, 0x73, 0xc5, 0x94, 0xcd,
    0x94, 0xc5, 0x74, 0xcd, 0x94, 0xcd, 0x94, 0xcd, 0x94, 0xc5, 0x94, 0xcd,
    0xb4, 0xcd, 0x33, 0xc5, 0x94, 0xcd, 0x33, 0xbd, 0xf2, 0xb4, 0x94, 0xc5,
    0x16, 0xde, 0x94, 0xcd, 0xb9, 0xe6, 0xba, 0xee, 0xda, 0xee, 0xb9, 0xe6,
    0xd9, 0xee, 0xda, 0xee, 0xd9, 0xee, 0xda, 0xee, 0xd9, 0xee, 0xda, 0xee,
    0xda, 0xee, 0xb9, 0xee, 0xda, 0xee, 0xda, 0xe6, 0xd9, 0xee, 0x78, 0xde,
    0x37, 0xde, 0x98, 0xe6, 0x37, 0xde, 0x37, 0xde, 0x36, 0xde, 0x94, 0xcd,
    0xb0, 0xac, 0xb0, 0xac, 0x2f, 0x9c, 0xb1, 0xb4, 0x32, 0xbd, 0x16, 0xd6,
    0x37, 0xde, 0x57, 0xde, 0x4f, 0xa4, 0x33, 0xcd, 0x53, 0xcd, 0x53, 0xcd,
    0x53, 0xcd, 0x53, 0xcd, 0x73, 0xcd, 0x73, 0xcd, 0x53, 0xcd, 0xf1, 0xbc,
    0x74, 0xcd, 0xb0, 0xb4, 0xd1, 0xbc, 0x32, 0xcd, 0xd1, 0xc4, 0x95, 0xd5,
    0x57, 0xe6, 0xda, 0xf6, 0xfa, 0xee, 0xda, 0xee, 0xda, 0xee, 0xda, 0xee,
    0xda, 0xee, 0xda, 0xf6, 0xda, 0xee, 0xda, 0xf6, 0xfa, 0xf6, 0xfa, 0xee,
    0xda, 0xf6, 0xfa, 0xf6, 0xda, 0xf6, 0xda, 0xee, 0xfa, 0xf6, 0xda, 0xf6,
    0xda, 0xee, 0xfa, 0xee, 0xda, 0xf6, 0xd9, 0xee, 0xda, 0xee, 0xda, 0xf6,
    0xda, 0xf6, 0xda, 0xee, 0xda, 0xee, 0xda, 0xf6, 0xda, 0xf6, 0xda, 0xee,
    0xda, 0xf6, 0xda, 0xf6, 0xda, 0xee, 0xda, 0xf6, 0xda, 0xee, 0xda, 0xf6,
    0xda, 0xee, 0xfa, 0xf6, 0xda, 0xf6, 0xda, 0xee, 0xda, 0xee, 0xfa, 0xf6,
    0xda, 0xf6, 0xda, 0xee, 0xfa, 0xf6, 0xfa, 0xf6, 0xfa, 0xee, 0xda, 0xee,
    0xfa, 0xf6, 0xda, 0xf6, 0xda, 0xee, 0xda, 0xee, 0xda, 0xf6, 0xd9, 0xee,
    0xda, 0xf6, 0xda, 0xf6, 0xda, 0xf6, 0xda, 0xf6, 0xda, 0xee, 0xda, 0xee,
    0xd9, 0xf6, 0xda, 0xee, 0xda, 0xee, 0xda, 0xf6, 0xda, 0xee, 0xd9, 0xee,
    0xda, 0xee, 0xda, 0xee, 0xd9, 0xf6, 0xb9, 0xee, 0x37, 0xde, 0xb1, 0xb4,
    0xa9, 0x6a, 0x2b, 0x73, 0x2c, 0x73, 0x2b, 0x73, 0x2b, 0x73, 0x0b, 0x73,
    0x6c, 0x7b, 0xf3, 0xac, 0xb1, 0xa4, 0x71, 0x9c, 0x13, 0xad, 0xf3, 0xac,
    0x12, 0xad, 0x33, 0xb5, 0x13, 0xb5, 0xb5, 0xcd, 0x16, 0xd6, 0xd5, 0xcd,
    0x16, 0xd6, 0x16, 0xde, 0x16, 0xd6, 0x16, 0xde, 0xf5, 0xd5, 0xd5, 0xcd,
    0x37, 0xde, 0x37, 0xde, 0x16, 0xd6, 0xf5, 0xd5, 0xf6, 0xd5, 0x15, 0xd6,
    0x16, 0xd6, 0xd5, 0xd5, 0x74, 0xc5, 0xcd, 0x8b, 0x2f, 0x9c, 0xb1, 0xac,
    0x70, 0xa4, 0x0f, 0x8c, 0xd3, 0x9c, 0xd3, 0x9c, 0xd3, 0x9c, 0xb2, 0x9c,
    0x50, 0x9c, 0x91, 0xa4, 0xd5, 0xcd, 0xd1, 0xb4, 0xf6, 0xd5, 0x16, 0xde,
    0xd5, 0xcd, 0x92, 0x94, 0x6b, 0x22, 0x4b, 0x22, 0x2c, 0x5b, 0x0e, 0x94,
    0x49, 0x3a, 0x29, 0x2a, 0xe9, 0x19, 0xe9, 0x19, 0xea, 0x19, 0xe9, 0x19,
    0xc9, 0x19, 0xe9, 0x19, 0xe9, 0x19, 0xec, 0x52, 0x0e, 0x33, 0x0e, 0x33,
    0xcd, 0x32, 0xcd, 0x32, 0xcd, 0x2a, 0xed, 0x32, 0xee, 0x32, 0xee, 0x32,
    0xed, 0x32, 0xcd, 0x32, 0xcd, 0x32, 0xcd, 0x32, 0xed, 0x32, 0xcd, 0x32,
    0x36, 0xde, 0x36, 0xde, 0x37, 0xde, 0x36, 0xde, 0x36, 0xde, 0x36, 0xd6,
    0x36, 0xde, 0x36, 0xd6, 0xf6, 0xd5, 0x33, 0xbd, 0xb1, 0xac, 0x70, 0xa4,
    0xb1, 0xac, 0xee, 0x93, 0x70, 0xa4, 0x50, 0xa4, 0xac, 0x83, 0x0e, 0x94,
    0xee, 0x93, 0xcd, 0x8b, 0xcd, 0x93, 0xd1, 0xb4, 0x90, 0xac, 0x0b, 0x73,
    0xee, 0x93, 0xf2, 0xb4, 0x12, 0xb5, 0xad, 0x8b, 0x73, 0xc5, 0x94, 0xcd,
    0x94, 0xc5, 0x94, 0xc5, 0x94, 0xcd, 0x94, 0xc5, 0x74, 0xcd, 0x94, 0xcd,
    0x94, 0xcd, 0x53, 0xc5, 0x74, 0xc5, 0x53, 0xc5, 0xd1, 0xb4, 0xf6, 0xd5,
    0x57, 0xde, 0x74, 0xc5, 0xb9, 0xe6, 0xd9, 0xee, 0xb9, 0xe6, 0xda, 0xee,
    0xda, 0xee, 0xda, 0xe6, 0xda, 0xee, 0xd9, 0xee, 0xda, 0xe6, 0xda, 0xee,
    0xd9, 0xe6, 0xd9, 0xee, 0xda, 0xe6, 0xda, 0xee, 0xb9, 0xee, 0x37, 0xde,
    0x36, 0xde, 0x78, 0xe6, 0x37, 0xde, 0x37, 0xde, 0x37, 0xde, 0xb4, 0xc5,
    0xb0, 0xb4, 0xd1, 0xb4, 0x12, 0xbd, 0x33, 0xc5, 0xd5, 0xd5, 0x36, 0xde,
    0x37, 0xde, 0x57, 0xde, 0x6f, 0xac, 0x33, 0xc5, 0x53, 0xcd, 0x53, 0xcd,
    0x53, 0xcd, 0x53, 0xcd, 0x53, 0xcd, 0x53, 0xcd, 0x53, 0xcd, 0xb1, 0xb4,
    0x53, 0xc5, 0xf1, 0xbc, 0xf2, 0xc4, 0x33, 0xcd, 0x33, 0xcd, 0x53, 0xcd,
    0xcd, 0xa3, 0x78, 0xee, 0x98, 0xe6, 0xfa, 0xf6, 0xda, 0xf6, 0xfa, 0xee,
    0xda, 0xf6, 0xfa, 0xf6, 0xda, 0xf6, 0xda, 0xee, 0xfa, 0xf6, 0xda, 0xee,
    0xda, 0xf6, 0xfa, 0xee, 0xda, 0xf6, 0xda, 0xee, 0xda, 0xf6, 0xda, 0xee,
    0xda, 0xf6, 0xd9, 0xee, 0xda, 0xf6, 0xda, 0xf6, 0xda, 0xee, 0xda, 0xf6,
    0xfa, 0xf6, 0xda, 0xee, 0xd9, 0xee, 0xda, 0xf6, 0xda, 0xf6, 0xda, 0xee,
    0xda, 0xee, 0xda, 0xf6, 0xda, 0xf6, 0xda, 0xee, 0xda, 0xee, 0xd9, 0xf6,
    0xd9, 0xee, 0xda, 0xee, 0xda, 0xf6, 0xda, 0xf6, 0xfa, 0xee, 0xfa, 0xee,
    0xda, 0xf6, 0xda, 0xee, 0xda, 0xee, 0xda, 0xee, 0xda, 0xf6, 0xfa, 0xf6,
    0xb9, 0xee, 0x57, 0xde, 0xda, 0xf6, 0xda, 0xee, 0xda, 0xee, 0xda, 0xf6,
    0xda, 0xee, 0xda, 0xee, 0xda, 0xee, 0xda, 0xf6, 0xda, 0xee, 0xda, 0xee,
    0xd9, 0xf6, 0xda, 0xee, 0xda, 0xee, 0xda, 0xee, 0xda, 0xf6, 0xd9, 0xee,
    0xda, 0xee, 0xda, 0xf6, 0x37, 0xde, 0x95, 0xcd, 0x0a, 0x7b, 0x2b, 0x7b,
    0x0b, 0x73, 0x2c, 0x73, 0x2c, 0x73, 0x2c, 0x73, 0x2c, 0x73, 0x0b, 0x6b,
    0x4c, 0x73, 0x13, 0xad, 0xf2, 0xac, 0xf2, 0xac, 0x33, 0xb5, 0x34, 0xb5,
    0x54, 0xc5, 0xf5, 0xd5, 0x16, 0xde, 0x16, 0xde, 0x16, 0xde, 0x16, 0xde,
    0x16, 0xd6, 0x37, 0xd6, 0x16, 0xde, 0xd5, 0xcd, 0x94, 0xcd, 0x37, 0xde,
    0x37, 0xde, 0x37, 0xde, 0x16, 0xd6, 0xf6, 0xd5, 0xf5, 0xd5, 0xd5, 0xcd,
    0x94, 0xc5, 0xb1, 0xac, 0xee, 0x93, 0x4f, 0xa4, 0xb1, 0xac, 0xb1, 0xac,
    0x2f, 0x9c, 0x4c, 0x73, 0xd3, 0x9c, 0xd3, 0xa4, 0xd3, 0xa4, 0x70, 0x94,
    0x50, 0x9c, 0xb4, 0xcd, 0x74, 0xc5, 0xf5, 0xd5, 0x16, 0xd6, 0xb4, 0xcd,
    0x13, 0xb5, 0x6a, 0x3a, 0x6b, 0x22, 0x6b, 0x2a, 0x4c, 0x63, 0x2e, 0x94,
    0x6a, 0x42, 0xe9, 0x19, 0xe9, 0x19, 0xc9, 0x19, 0xca, 0x19, 0xe9, 0x21,
    0xe9, 0x19, 0xea, 0x19, 0xc9, 0x19, 0x29, 0x3a, 0x0e, 0x33, 0x0e, 0x33,
    0xcd, 0x32, 0xed, 0x32, 0xed, 0x32, 0xcd, 0x32, 0xed, 0x32, 0xcd, 0x32,
    0xee, 0x32, 0xee, 0x32, 0xed, 0x32, 0xed, 0x32, 0xcd, 0x32, 0xac, 0x2a,
    0x36, 0xde, 0x37, 0xde, 0x37, 0xde, 0x56, 0xde, 0x36, 0xde, 0x37, 0xde,
    0xf5, 0xd5, 0x32, 0xbd, 0xb1, 0xac, 0xb1, 0xac, 0x4f, 0x9c, 0xcd, 0x8b,
    0x2f, 0x94, 0x2f, 0x9c, 0xee, 0x8b, 0x6c, 0x7b, 0xee, 0x93, 0xee, 0x93,
    0x0e, 0x94, 0x0e, 0x94, 0x0e, 0x94, 0x6f, 0xa4, 0xb1, 0xac, 0x0e, 0x9c,
    0x70, 0xa4, 0xd2, 0xb4, 0x12, 0xb5, 0x2f, 0x9c, 0x94, 0xcd, 0x94, 0xc5,
    0x74, 0xcd, 0x93, 0xc5, 0x94, 0xc5, 0x94, 0xcd, 0x94, 0xcd, 0x94, 0xc5,
    0x94, 0xcd, 0x94, 0xc5, 0xf2, 0xb4, 0xd1, 0xb4, 0x4f, 0x9c, 0xb4, 0xcd,
    0x37, 0xde, 0x73, 0xc5, 0xb9, 0xe6, 0xd9, 0xee, 0xda, 0xe6, 0xd9, 0xee,
    0xd9, 0xee, 0xda, 0xe6, 0xd9, 0xee, 0xda, 0xee, 0xd9, 0xee, 0xb9, 0xe6,
    0xda, 0xee, 0xd9, 0xee, 0xd9, 0xe6, 0xda, 0xee, 0x98, 0xe6, 0x57, 0xde,
    0x57, 0xde, 0x78, 0xe6, 0x37, 0xde, 0x36, 0xde, 0x37, 0xde, 0xb5, 0xcd,
    0xd1, 0xb4, 0x6f, 0xa4, 0x90, 0xb4, 0xd1, 0xbc, 0xb5, 0xcd, 0x37, 0xde,
    0x37, 0xde, 0x37, 0xde, 0x0e, 0x9c, 0x33, 0xc5, 0x53, 0xcd, 0x33, 0xcd,
    0x53, 0xcd, 0x53, 0xc5, 0x53, 0xcd, 0x53, 0xcd, 0x33, 0xc5, 0x53, 0xcd,
    0xd5, 0xd5, 0x53, 0xcd, 0x33, 0xc5, 0x33, 0xc5, 0x33, 0xcd, 0x53, 0xcd,
    0x33, 0xcd, 0xf2, 0xc4, 0x53, 0xcd, 0xf6, 0xdd, 0xfa, 0xf6, 0xfa, 0xee,
    0xda, 0xf6, 0xda, 0xf6, 0xda, 0xee, 0xda, 0xf6, 0xfa, 0xf6, 0xda, 0xf6,
    0xda, 0xee, 0xda, 0xf6, 0xfa, 0xf6, 0xda, 0xf6, 0xd9, 0xee, 0xda, 0xee,
    0xda, 0xf6, 0xda, 0xf6, 0xda, 0xee, 0xd9, 0xee, 0xda, 0xee, 0xda, 0xf6,
    0xd9, 0xee, 0xda, 0xf6, 0xd9, 0xf6, 0xda, 0xee, 0xda, 0xee, 0xfa, 0xf6,
    0xda, 0xf6, 0xda, 0xee, 0xd9, 0xee, 0xd9, 0xee, 0xda, 0xf6, 0xda, 0xee,
    0xda, 0xee, 0xda, 0xf6, 0xda, 0xee, 0xd9, 0xee, 0xda, 0xf6, 0xda, 0xee,
    0xd9, 0xee, 0xda, 0xf6, 0x37, 0xde, 0xb5, 0xd5, 0xf6, 0xdd, 0xf6, 0xe5,
    0x12, 0xc5, 0xd1, 0xb4, 0xda, 0xee, 0xda, 0xf6, 0xda, 0xf6, 0xda, 0xee,
    0xda, 0xf6, 0xda, 0xee, 0xda, 0xee, 0xda, 0xf6, 0xd9, 0xee, 0xda, 0xee,
    0xda, 0xf6, 0xda, 0xf6, 0xda, 0xee, 0xd9, 0xee, 0xda, 0xf6, 0xd9, 0xee,
    0x78, 0xe6, 0xb5, 0xcd, 0xee, 0x9b, 0x2b, 0x7b, 0x6c, 0x83, 0x6c, 0x7b,
    0x2b, 0x73, 0x0b, 0x6b, 0x0b, 0x73, 0x2c, 0x73, 0x2b, 0x6b, 0x4c, 0x73,
    0x50, 0x94, 0xd3, 0xac, 0x13, 0xb5, 0xb5, 0xcd, 0x95, 0xc5, 0xd5, 0xcd,
    0x36, 0xde, 0x36, 0xde, 0x16, 0xd6, 0x17, 0xde, 0xf5, 0xd5, 0x16, 0xd6,
    0x16, 0xde, 0x16, 0xde, 0xd5, 0xcd, 0x94, 0xc5, 0x37, 0xde, 0x37, 0xde,
    0x37, 0xde, 0x16, 0xde, 0x16, 0xd6, 0xf5, 0xd5, 0x33, 0xbd, 0xf1, 0xb4,
    0x90, 0xa4, 0x4f, 0x9c, 0x6c, 0x83, 0x90, 0xa4, 0xb1, 0xac, 0xd1, 0xac,
    0x4f, 0x9c, 0x6d, 0x73, 0xd3, 0xa4, 0xb2, 0x9c, 0xd2, 0xa4, 0xf2, 0xac,
    0x94, 0xcd, 0xd5, 0xd5, 0xf5, 0xd5, 0xf6, 0xd5, 0xf6, 0xd5, 0xb1, 0xac,
    0x70, 0x94, 0x6b, 0x2a, 0x6b, 0x22, 0xcc, 0x3a, 0x0e, 0x8c, 0x4c, 0x6b,
    0x2a, 0x2a, 0xe9, 0x19, 0xe9, 0x21, 0xea, 0x19, 0xe9, 0x19, 0xea, 0x19,
    0xe9, 0x19, 0xe9, 0x19, 0xe9, 0x19, 0xc8, 0x29, 0x0e, 0x33, 0x0e, 0x33,
    0xed, 0x32, 0xee, 0x32, 0xee, 0x32, 0xed, 0x32, 0xed, 0x32, 0xed, 0x32,
    0xed, 0x32, 0xed, 0x32, 0xcd, 0x32, 0xed, 0x32, 0xcd, 0x32, 0xac, 0x32,
    0x36, 0xde, 0x36, 0xde, 0x36, 0xd6, 0x16, 0xd6, 0x74, 0xc5, 0x33, 0xbd,
    0xf2, 0xac, 0x4f, 0x9c, 0x0e, 0x94, 0x2f, 0x94, 0x2f, 0x9c, 0x0e, 0x94,
    0x6c, 0x7b, 0x6c, 0x7b, 0x28, 0x52, 0xca, 0x62, 0xcd, 0x8b, 0xee, 0x93,
    0xee, 0x93, 0x2e, 0x9c, 0xf2, 0xb4, 0x12, 0xbd, 0x12, 0xb5, 0xf2, 0xb4,
    0xb1, 0xac, 0xf2, 0xb4, 0xf2, 0xb4, 0xf2, 0xb4, 0x53, 0xc5, 0x73, 0xc5,
    0x74, 0xcd, 0x94, 0xcd, 0x74, 0xc5, 0x94, 0xcd, 0x94, 0xc5, 0x94, 0xcd,
    0x94, 0xcd, 0xb4, 0xcd, 0x53, 0xc5, 0xf2, 0xb4, 0x33, 0xbd, 0xf6, 0xd5,
    0x37, 0xde, 0x94, 0xcd, 0xb9, 0xe6, 0xb9, 0xe6, 0xb9, 0xee, 0xda, 0xee,
    0xd9, 0xe6, 0xd9, 0xee, 0xda, 0xee, 0xda, 0xe6, 0xda, 0xee, 0xd9, 0xee,
    0xba, 0xe6, 0xda, 0xee, 0xb9, 0xee, 0x98, 0xe6, 0x57, 0xde, 0x57, 0xde,
    0x77, 0xe6, 0x78, 0xe6, 0x57, 0xde, 0x36, 0xde, 0x16, 0xde, 0x94, 0xc5,
    0xd1, 0xac, 0x4f, 0xa4, 0x4f, 0xa4, 0x70, 0xac, 0x94, 0xcd, 0x37, 0xde,
    0x37, 0xde, 0x36, 0xde, 0x8c, 0x8b, 0x33, 0xcd, 0x53, 0xcd, 0x53, 0xcd,
    0x33, 0xc5, 0x53, 0xcd, 0x74, 0xcd, 0x74, 0xcd, 0xf2, 0xc4, 0x94, 0xcd,
    0xb4, 0xcd, 0x53, 0xcd, 0x33, 0xc5, 0x33, 0xcd, 0x52, 0xcd, 0x33, 0xcd,
    0x53, 0xc5, 0x33, 0xcd, 0xf2, 0xc4, 0x70, 0xb4, 0x16, 0xe6, 0x37, 0xde,
    0xda, 0xee, 0xda, 0xf6, 0xfa, 0xee, 0xda, 0xf6, 0xda, 0xee, 0xda, 0xee,
    0xfa, 0xf6, 0xfa, 0xf6, 0xda, 0xf6, 0xda, 0xee, 0xfa, 0xee, 0xda, 0xf6,
    0xda, 0xee, 0xda, 0xf6, 0xda, 0xf6, 0xda, 0xee, 0xda, 0xf6, 0xda, 0xee,
    0xda, 0xee, 0xda, 0xf6, 0xda, 0xee, 0xda, 0xee, 0xda, 0xf6, 0xda, 0xee,
    0xda, 0xf6, 0xda, 0xf6, 0xda, 0xee, 0xda, 0xf6, 0xda, 0xf6, 0xda, 0xf6,
    0xda, 0xf6, 0xda, 0xee, 0xfa, 0xf6, 0xda, 0xf6, 0xda, 0xee, 0xfa, 0xf6,
    0xf6, 0xdd, 0x57, 0xee, 0xd0, 0xc4, 0xed, 0xb3, 0x2e, 0xbc, 0xcd, 0xb3,
    0x4c, 0x93, 0x37, 0xde, 0xda, 0xf6, 0xda, 0xee, 0xda, 0xee, 0xd9, 0xf6,
    0xda, 0xf6, 0xda, 0xee, 0xd9, 0xf6, 0xda, 0xee, 0xda, 0xf6, 0xda, 0xf6,
    0xda, 0xee, 0xda, 0xee, 0xd9, 0xf6, 0xda, 0xee, 0xb9, 0xee, 0xd6, 0xcd,
    0x71, 0xa4, 0x4c, 0x7b, 0x2b, 0x7b, 0x6c, 0x83, 0x6c, 0x83, 0x6c, 0x83,
    0xcd, 0x8b, 0x4b, 0x7b, 0x0b, 0x73, 0x2c, 0x73, 0x0b, 0x6b, 0x2c, 0x73,
    0xd2, 0xac, 0xb1, 0xa4, 0xb1, 0xac, 0xf6, 0xd5, 0x16, 0xde, 0x37, 0xde,
    0x37, 0xde, 0x37, 0xd6, 0x16, 0xde, 0x37, 0xd6, 0x16, 0xd6, 0x16, 0xd6,
    0x16, 0xde, 0xf6, 0xd5, 0xb4, 0xcd, 0x37, 0xde, 0x36, 0xde, 0x36, 0xde,
    0x37, 0xde, 0x36, 0xde, 0x16, 0xd6, 0xf2, 0xb4, 0x4c, 0x73, 0xee, 0x93,
    0x70, 0xa4, 0x0e, 0x94, 0x0f, 0x94, 0xb1, 0xac, 0xb1, 0xac, 0xb1, 0xac,
    0x91, 0xa4, 0x51, 0x94, 0xb2, 0x9c, 0xb2, 0xa4, 0x74, 0xbd, 0x16, 0xd6,
    0xd5, 0xcd, 0x94, 0xc5, 0xf5, 0xd5, 0x16, 0xd6, 0x73, 0xc5, 0xf1, 0xb4,
    0xab, 0x4a, 0x4a, 0x22, 0x6b, 0x22, 0xec, 0x4a, 0xb0, 0xac, 0xcb, 0x52,
    0xe9, 0x19, 0xe9, 0x19, 0xc9, 0x19, 0xea, 0x21, 0xea, 0x19, 0xe9, 0x19,
    0xe9, 0x19, 0xe9, 0x19, 0xe9, 0x19, 0xc8, 0x21, 0xed, 0x32, 0xee, 0x32,
    0xed, 0x32, 0xed, 0x32, 0xee, 0x2a, 0xee, 0x32, 0x0e, 0x33, 0xee, 0x32,
    0xed, 0x32, 0xed, 0x32, 0xcd, 0x32, 0xcd, 0x32, 0xed, 0x32, 0xed, 0x3a,
    0x33, 0xbd, 0xd1, 0xac, 0x53, 0xbd, 0x33, 0xbd, 0x2f, 0x9c, 0xee, 0x8b,
    0x4f, 0x9c, 0x70, 0x9c, 0x50, 0x9c, 0xad, 0x83, 0x0b, 0x6b, 0xea, 0x6a,
    0x48, 0x52, 0xc7, 0x41, 0x24, 0x29, 0xcd, 0x8b, 0xcd, 0x8b, 0xee, 0x93,
    0x0e, 0x94, 0x12, 0xb5, 0x36, 0xde, 0xb5, 0xcd, 0x12, 0xbd, 0xb0, 0xac,
    0xd1, 0xac, 0xf1, 0xb4, 0xd1, 0xac, 0xf2, 0xb4, 0x4f, 0xa4, 0x94, 0xcd,
    0x94, 0xc5, 0x94, 0xcd, 0x94, 0xc5, 0x94, 0xcd, 0x94, 0xcd, 0x94, 0xc5,
    0x94, 0xcd, 0xb4, 0xcd, 0x53, 0xc5, 0x91, 0xa4, 0xb5, 0xcd, 0x16, 0xde,
    0x36, 0xde, 0xf6, 0xd5, 0xb9, 0xe6, 0xd9, 0xee, 0xba, 0xe6, 0xda, 0xee,
    0xda, 0xe6, 0xba, 0xee, 0xd9, 0xee, 0xd9, 0xe6, 0xda, 0xee, 0xda, 0xee,
    0xd9, 0xe6, 0xda, 0xe6, 0xb9, 0xe6, 0x37, 0xde, 0x57, 0xde, 0x57, 0xde,
    0x57, 0xe6, 0x37, 0xde, 0x57, 0xde, 0x37, 0xde, 0xf5, 0xd5, 0xf1, 0xb4,
    0xb0, 0xac, 0xd1, 0xb4, 0xb1, 0xb4, 0x32, 0xc5, 0x16, 0xd6, 0x36, 0xde,
    0x36, 0xde, 0x36, 0xde, 0x0a, 0x7b, 0x33, 0xcd, 0x53, 0xcd, 0x53, 0xcd,
    0x53, 0xcd, 0x53, 0xcd, 0x74, 0xcd, 0x94, 0xcd, 0x32, 0xc5, 0x94, 0xcd,
    0xf2, 0xbc, 0xf2, 0xbc, 0x33, 0xcd, 0x32, 0xcd, 0x33, 0xc5, 0x33, 0xc5,
    0x53, 0xcd, 0x53, 0xcd, 0x33, 0xc5, 0x33, 0xc5, 0xf1, 0xc4, 0xf1, 0xbc,
    0xf6, 0xdd, 0x99, 0xee, 0xda, 0xee, 0xfa, 0xee, 0xfa, 0xf6, 0xda, 0xee,
    0xfa, 0xee, 0xfa, 0xee, 0xda, 0xf6, 0xda, 0xee, 0xda, 0xf6, 0xda, 0xf6,
    0xd9, 0xee, 0xda, 0xee, 0xda, 0xf6, 0xd9, 0xf6, 0xda, 0xee, 0xfa, 0xf6,
    0xda, 0xf6, 0xda, 0xee, 0xda, 0xee, 0xda, 0xf6, 0xd9, 0xee, 0xd9, 0xee,
    0xda, 0xf6, 0xfa, 0xf6, 0xda, 0xee, 0xda, 0xf6, 0xda, 0xee, 0xda, 0xee,
    0xd9, 0xf6, 0xda, 0xee, 0xda, 0xee, 0xfa, 0xf6, 0xda, 0xf6, 0x57, 0xee,
    0xd0, 0xc4, 0x32, 0xdd, 0x32, 0xe5, 0x32, 0xe5, 0x12, 0xdd, 0x0e, 0xb4,
    0xd2, 0xbc, 0xda, 0xee, 0xda, 0xf6, 0xfa, 0xee, 0xda, 0xee, 0xda, 0xf6,
    0xda, 0xee, 0xda, 0xf6, 0xda, 0xee, 0xda, 0xee, 0xda, 0xee, 0xda, 0xee,
    0xd9, 0xee, 0xd9, 0xee, 0xda, 0xee, 0x37, 0xde, 0x91, 0xa4, 0xce, 0x8b,
    0xc9, 0x6a, 0x2b, 0x7b, 0x6c, 0x7b, 0x6c, 0x83, 0x6c, 0x83, 0x6c, 0x83,
    0x6c, 0x83, 0x8c, 0x83, 0x6c, 0x83, 0x2c, 0x73, 0x2c, 0x73, 0x2c, 0x73,
    0x13, 0xad, 0x54, 0xbd, 0x74, 0xc5, 0x36, 0xde, 0x36, 0xde, 0x37, 0xde,
    0x37, 0xde, 0x36, 0xde, 0x37, 0xde, 0x36, 0xde, 0x16, 0xd6, 0xb4, 0xcd,
    0x36, 0xde, 0xf6, 0xd5, 0x37, 0xde, 0x36, 0xde, 0x16, 0xde, 0x37, 0xde,
    0x36, 0xde, 0x73, 0xc5, 0x70, 0x9c, 0x8a, 0x52, 0x49, 0x4a, 0xce, 0x8b,
    0x2f, 0x9c, 0xce, 0x8b, 0x90, 0xa4, 0xb0, 0xac, 0xb0, 0xac, 0x90, 0xa4,
    0x91, 0xa4, 0xd2, 0xa4, 0x13, 0xad, 0xb5, 0xc5, 0xf6, 0xd5, 0x94, 0xcd,
    0x74, 0xc5, 0xf6, 0xd5, 0x36, 0xde, 0x74, 0xc5, 0x90, 0xac, 0x50, 0x9c,
    0x6b, 0x2a, 0xe9, 0x19, 0x6b, 0x2a, 0x0b, 0x5b, 0xed, 0x8b, 0x09, 0x2a,
    0xe9, 0x19, 0xea, 0x19, 0xe9, 0x19, 0xea, 0x19, 0xea, 0x19, 0xe9, 0x19,
    0xc9, 0x19, 0xea, 0x19, 0xea, 0x19, 0xe9, 0x21, 0xec, 0x3a, 0xee, 0x2a,
    0xed, 0x32, 0xed, 0x32, 0x0d, 0x33, 0xed, 0x32, 0x0e, 0x33, 0xee, 0x32,
    0xee, 0x32, 0xed, 0x32, 0xed, 0x32, 0xed, 0x3a, 0xcc, 0x32, 0x4a, 0x32,
    0x0f, 0x94, 0x8d, 0x83, 0x2f, 0x94, 0x4f, 0x9c, 0x4f, 0x9c, 0xee, 0x8b,
    0x0b, 0x6b, 0x89, 0x5a, 0xca, 0x62, 0x28, 0x4a, 0x85, 0x31, 0x48, 0x52,
    0x48, 0x52, 0xa6, 0x31, 0xc6, 0x41, 0xad, 0x83, 0xcd, 0x8b, 0xee, 0x93,
    0x4f, 0x9c, 0x37, 0xde, 0x57, 0xe6, 0x57, 0xde, 0xd5, 0xd5, 0x12, 0xbd,
    0xd1, 0xb4, 0xb0, 0xac, 0x4f, 0xa4, 0xf2, 0xb4, 0xcd, 0x93, 0xb4, 0xcd,
    0x74, 0xc5, 0x74, 0xc5, 0x74, 0xcd, 0x73, 0xc5, 0x94, 0xc5, 0x94, 0xcd,
    0x94, 0xc5, 0x94, 0xcd, 0x53, 0xbd, 0xb1, 0xac, 0xb5, 0xcd, 0x16, 0xd6,
    0x37, 0xde, 0x98, 0xe6, 0xb9, 0xe6, 0xd9, 0xee, 0xb9, 0xe6, 0xb9, 0xe6,
    0xd9, 0xee, 0xda, 0xee, 0xd9, 0xe6, 0xd9, 0xee, 0xda, 0xee, 0xda, 0xe6,
    0xd9, 0xee, 0xb9, 0xee, 0x78, 0xe6, 0x57, 0xde, 0x57, 0xde, 0x57, 0xe6,
    0x37, 0xde, 0x16, 0xd6, 0x57, 0xde, 0x37, 0xde, 0xb4, 0xcd, 0x90, 0xac,
    0x4f, 0xa4, 0x90, 0xac, 0x6f, 0xac, 0x73, 0xc5, 0x37, 0xde, 0x37, 0xde,
    0x37, 0xde, 0x37, 0xde, 0xa9, 0x6a, 0x33, 0xcd, 0x33, 0xc5, 0x53, 0xcd,
    0x53, 0xcd, 0x33, 0xcd, 0x74, 0xcd, 0x53, 0xcd, 0x73, 0xcd, 0x16, 0xde,
    0x32, 0xc5, 0x12, 0xc5, 0x33, 0xcd, 0x53, 0xcd, 0x33, 0xc5, 0x33, 0xcd,
    0x33, 0xcd, 0x32, 0xc5, 0x33, 0xcd, 0x33, 0xc5, 0x33, 0xcd, 0x12, 0xc5,
    0xf2, 0xc4, 0x12, 0xc5, 0xf6, 0xd5, 0xd9, 0xf6, 0xfa, 0xf6, 0xda, 0xf6,
    0xda, 0xee, 0xda, 0xf6, 0xda, 0xee, 0xda, 0xf6, 0xfa, 0xee, 0xda, 0xf6,
    0xda, 0xee, 0xda, 0xee, 0xd9, 0xf6, 0xda, 0xee, 0xda, 0xee, 0xda, 0xf6,
    0xda, 0xf6, 0xd9, 0xee, 0xda, 0xf6, 0xda, 0xf6, 0xda, 0xf6, 0xd9, 0xee,
    0xda, 0xf6, 0xda, 0xee, 0xd9, 0xee, 0xda, 0xf6, 0xda, 0xf6, 0xfa, 0xee,
    0xfa, 0xf6, 0xfa, 0xf6, 0xda, 0xee, 0xd9, 0xee, 0x16, 0xe6, 0x53, 0xdd,
    0x32, 0xdd, 0x32, 0xe5, 0x32, 0xdd, 0x53, 0xe5, 0xf1, 0xcc, 0xb5, 0xdd,
    0xda, 0xee, 0xda, 0xee, 0xda, 0xf6, 0xda, 0xee, 0xd9, 0xf6, 0xda, 0xf6,
    0xda, 0xee, 0xda, 0xf6, 0xda, 0xf6, 0xda, 0xee, 0xd9, 0xee, 0xda, 0xee,
    0xda, 0xf6, 0x99, 0xee, 0xb1, 0xac, 0x50, 0x9c, 0xa9, 0x6a, 0x4c, 0x7b,
    0x4c, 0x7b, 0x2b, 0x7b, 0x6c, 0x83, 0xad, 0x83, 0x8c, 0x83, 0x8c, 0x83,
    0x6c, 0x83, 0x6c, 0x83, 0xad, 0x83, 0x0f, 0x94, 0x4c, 0x73, 0x2f, 0x94,
    0x13, 0xb5, 0xd5, 0xcd, 0x16, 0xd6, 0x37, 0xde, 0x36, 0xd6, 0x36, 0xde,
    0x36, 0xde, 0x16, 0xd6, 0x16, 0xde, 0x16, 0xde, 0x94, 0xc5, 0x94, 0xcd,
    0x37, 0xde, 0x37, 0xde, 0x36, 0xde, 0x37, 0xde, 0x37, 0xd6, 0xf5, 0xd5,
    0x73, 0xc5, 0xce, 0x8b, 0xe8, 0x39, 0xc7, 0x29, 0x86, 0x29, 0x6c, 0x7b,
    0x0e, 0x94, 0x70, 0xa4, 0xb1, 0xac, 0xb1, 0xac, 0x91, 0xa4, 0x6f, 0x9c,
    0xce, 0x8b, 0x95, 0xbd, 0x16, 0xd6, 0x17, 0xd6, 0xb5, 0xcd, 0x94, 0xc5,
    0xf5, 0xd5, 0x36, 0xde, 0xd5, 0xcd, 0xd1, 0xac, 0xb1, 0xac, 0x0d, 0x5b,
    0x6b, 0x2a, 0x2a, 0x22, 0xab, 0x32, 0x0e, 0x8c, 0xab, 0x52, 0xe9, 0x19,
    0xe9, 0x19, 0xea, 0x21, 0xea, 0x19, 0xe9, 0x19, 0xea, 0x19, 0xe9, 0x19,
    0xe9, 0x19, 0xe9, 0x19, 0xea, 0x19, 0x09, 0x22, 0xec, 0x3a, 0x0e, 0x33,
    0xed, 0x2a, 0xcd, 0x32, 0xee, 0x32, 0x0d, 0x33, 0xee, 0x32, 0x0e, 0x33,
    0x0e, 0x33, 0xee, 0x32, 0xed, 0x3a, 0x8b, 0x32, 0x2a, 0x32, 0xc8, 0x29,
    0x27, 0x52, 0x69, 0x5a, 0xa9, 0x5a, 0xca, 0x62, 0xaa, 0x5a, 0x48, 0x52,
    0x86, 0x39, 0x24, 0x29, 0x45, 0x29, 0x65, 0x31, 0xa6, 0x39, 0x28, 0x4a,
    0xc7, 0x39, 0x86, 0x31, 0x2c, 0x73, 0xad, 0x8b, 0xcd, 0x8b, 0x2f, 0x9c,
    0x94, 0xc5, 0x77, 0xe6, 0x57, 0xe6, 0x77, 0xde, 0x57, 0xde, 0x33, 0xc5,
    0x90, 0xac, 0xb1, 0xac, 0x70, 0xa4, 0xd1, 0xac, 0xd1, 0xac, 0x94, 0xc5,
    0x74, 0xc5, 0x73, 0xc5, 0x74, 0xcd, 0x94, 0xc5, 0x74, 0xc5, 0x74, 0xcd,
    0x74, 0xc5, 0x53, 0xc5, 0x12, 0xb5, 0x74, 0xc5, 0x16, 0xd6, 0x36, 0xde,
    0x57, 0xe6, 0xb9, 0xee, 0xb9, 0xe6, 0xd9, 0xee, 0xb9, 0xe6, 0xb9, 0xee,
    0xb9, 0xe6, 0xb9, 0xe6, 0xda, 0xee, 0xd9, 0xee, 0xb9, 0xe6, 0xda, 0xee,
    0xd9, 0xee, 0x98, 0xe6, 0x57, 0xe6, 0x57, 0xde, 0x57, 0xe6, 0x57, 0xde,
    0x57, 0xde, 0x16, 0xde, 0x57, 0xde, 0x37, 0xde, 0x94, 0xcd, 0x4f, 0xa4,
    0x70, 0xac, 0xb1, 0xb4, 0x2f, 0xa4, 0x53, 0xc5, 0x57, 0xde, 0x37, 0xde,
    0x36, 0xde, 0x37, 0xde, 0xa8, 0x6a, 0x53, 0xcd, 0x53, 0xcd, 0x53, 0xcd,
    0x53, 0xcd, 0x53, 0xcd, 0x53, 0xcd, 0x53, 0xc5, 0x94, 0xcd, 0x53, 0xc5,
    0x12, 0xc5, 0x33, 0xc5, 0x33, 0xcd, 0x33, 0xcd, 0x32, 0xc5, 0x53, 0xcd,
    0x32, 0xc5, 0x33, 0xc5, 0x32, 0xcd, 0x32, 0xcd, 0x32, 0xc5, 0x32, 0xcd,
    0x32, 0xcd, 0xb0, 0xb4, 0x12, 0xc5, 0xf2, 0xbc, 0x37, 0xe6, 0xfa, 0xf6,
    0xda, 0xee, 0xda, 0xf6, 0xfa, 0xf6, 0xda, 0xf6, 0xfa, 0xf6, 0xfa, 0xee,
    0xda, 0xf6, 0xda, 0xf6, 0xda, 0xee, 0xda, 0xf6, 0xda, 0xee, 0xda, 0xee,
    0xd9, 0xf6, 0xda, 0xee, 0xda, 0xee, 0xfa, 0xf6, 0xda, 0xee, 0xda, 0xf6,
    0xda, 0xee, 0xda, 0xf6, 0xda, 0xee, 0xda, 0xf6, 0xd9, 0xf6, 0xda, 0xee,
    0xfa, 0xf6, 0xda, 0xf6, 0xda, 0xee, 0xd9, 0xee, 0x16, 0xde, 0x33, 0xd5,
    0xf1, 0xcc, 0x73, 0xe5, 0xb4, 0xe5, 0x16, 0xee, 0xd6, 0xdd, 0xda, 0xee,
    0xda, 0xee, 0xda, 0xf6, 0xd9, 0xee, 0xda, 0xee, 0xda, 0xee, 0xda, 0xf6,
    0xfa, 0xee, 0xda, 0xee, 0xfa, 0xf6, 0xda, 0xee, 0xfa, 0xf6, 0xda, 0xee,
    0x12, 0xbd, 0x4f, 0x9c, 0x0b, 0x73, 0x4c, 0x7b, 0x6c, 0x83, 0x4c, 0x7b,
    0x6c, 0x7b, 0x2c, 0x7b, 0x0e, 0x94, 0xee, 0x93, 0x8d, 0x83, 0x8c, 0x83,
    0x6c, 0x83, 0x6c, 0x83, 0x6c, 0x83, 0x2f, 0x94, 0xad, 0x83, 0xf2, 0xb4,
    0x53, 0xc5, 0x12, 0xbd, 0x16, 0xde, 0x36, 0xde, 0x37, 0xde, 0x17, 0xd6,
    0x16, 0xd6, 0xf6, 0xd5, 0x73, 0xc5, 0x16, 0xd6, 0xb5, 0xcd, 0x37, 0xde,
    0x37, 0xde, 0x36, 0xde, 0x16, 0xd6, 0x74, 0xc5, 0xb1, 0xac, 0xf2, 0xac,
    0xb1, 0xac, 0x4c, 0x6b, 0xa7, 0x31, 0xc8, 0x31, 0x49, 0x4a, 0xad, 0x83,
    0xcd, 0x8b, 0x90, 0xac, 0xd1, 0xac, 0xb1, 0xac, 0xb1, 0xac, 0x4f, 0xa4,
    0xee, 0x93, 0x37, 0xd6, 0xf6, 0xd5, 0x74, 0xc5, 0x73, 0xc5, 0xf5, 0xd5,
    0x16, 0xd6, 0xf6, 0xd5, 0x33, 0xbd, 0xd1, 0xac, 0x90, 0x9c, 0x8b, 0x2a,
    0x8c, 0x2a, 0x6b, 0x2a, 0xcb, 0x4a, 0x4f, 0x94, 0xc9, 0x21, 0xc9, 0x19,
    0xe9, 0x19, 0xea, 0x19, 0xea, 0x19, 0xe9, 0x19, 0xea, 0x19, 0xe9, 0x19,
    0xea, 0x19, 0xea, 0x19, 0xe9, 0x19, 0xe9, 0x21, 0xed, 0x3a, 0x0e, 0x33,
    0xed, 0x32, 0xcd, 0x32, 0xed, 0x32, 0xee, 0x32, 0x0e, 0x33, 0x0e, 0x33,
    0x0e, 0x33, 0xed, 0x3a, 0x6b, 0x32, 0xe9, 0x29, 0xc8, 0x29, 0xa8, 0x29,
    0x85, 0x39, 0x65, 0x29, 0x85, 0x31, 0x86, 0x31, 0x86, 0x31, 0x65, 0x29,
    0x45, 0x29, 0x65, 0x31, 0xa6, 0x39, 0xa6, 0x39, 0x86, 0x31, 0x86, 0x31,
    0x86, 0x31, 0x45, 0x31, 0xad, 0x8b, 0x70, 0xa4, 0x90, 0xa4, 0x4f, 0xa4,
    0x57, 0xde, 0x57, 0xde, 0x77, 0xe6, 0x78, 0xde, 0x77, 0xde, 0xd5, 0xd5,
    0x32, 0xc5, 0xf1, 0xb4, 0xf1, 0xb4, 0xd1, 0xb4, 0xee, 0x93, 0x4f, 0xa4,
    0xb4, 0xcd, 0x73, 0xc5, 0x74, 0xcd, 0x74, 0xc5, 0x93, 0xc5, 0x94, 0xcd,
    0x94, 0xcd, 0x12, 0xbd, 0x4f, 0xa4, 0x73, 0xc5, 0x37, 0xde, 0x36, 0xde,
    0x16, 0xde, 0xb9, 0xe6, 0xd9, 0xe6, 0xb9, 0xee, 0xd9, 0xee, 0xda, 0xe6,
    0xd9, 0xee, 0xba, 0xe6, 0xb9, 0xe6, 0xb9, 0xee, 0xba, 0xee, 0xd9, 0xe6,
    0x98, 0xe6, 0x58, 0xe6, 0x57, 0xde, 0x57, 0xde, 0x57, 0xe6, 0x57, 0xde,
    0x57, 0xe6, 0x57, 0xde, 0x57, 0xde, 0x36, 0xde, 0x94, 0xcd, 0x2e, 0x9c,
    0x70, 0xac, 0x32, 0xc5, 0x33, 0xc5, 0xf6, 0xd5, 0x77, 0xde, 0x37, 0xde,
    0x37, 0xde, 0x37, 0xde, 0x0a, 0x7b, 0x33, 0xcd, 0x53, 0xcd, 0x53, 0xcd,
    0x33, 0xcd, 0x33, 0xc5, 0xd1, 0xbc, 0xf1, 0xbc, 0xf6, 0xd5, 0x32, 0xc5,
    0xf2, 0xbc, 0x33, 0xcd, 0x33, 0xc5, 0x32, 0xc5, 0x33, 0xcd, 0x32, 0xcd,
    0x33, 0xc5, 0x33, 0xcd, 0x32, 0xc5, 0x33, 0xc5, 0x33, 0xc5, 0x33, 0xc5,
    0x33, 0xc5, 0x32, 0xcd, 0x33, 0xcd, 0x90, 0xb4, 0xf2, 0xc4, 0x12, 0xc5,
    0x98, 0xee, 0xda, 0xee, 0xfa, 0xf6, 0xfa, 0xee, 0xda, 0xf6, 0xfa, 0xf6,
    0xfa, 0xf6, 0xda, 0xee, 0xda, 0xee, 0xda, 0xf6, 0xda, 0xf6, 0xda, 0xee,
    0xda, 0xf6, 0xda, 0xf6, 0xd9, 0xee, 0xda, 0xee, 0xda, 0xf6, 0xda, 0xee,
    0xda, 0xf6, 0xda, 0xee, 0xd9, 0xee, 0xda, 0xee, 0xda, 0xee, 0xda, 0xf6,
    0xfa, 0xf6, 0xda, 0xee, 0xda, 0xee, 0xda, 0xf6, 0xda, 0xee, 0x37, 0xe6,
    0xf6, 0xdd, 0x57, 0xee, 0x78, 0xee, 0xb9, 0xee, 0xda, 0xee, 0xda, 0xee,
    0xda, 0xf6, 0xda, 0xf6, 0xda, 0xf6, 0xda, 0xee, 0xda, 0xee, 0xfa, 0xf6,
    0xfa, 0xf6, 0xda, 0xee, 0xda, 0xee, 0xd9, 0xee, 0x17, 0xde, 0xce, 0x8b,
    0xcd, 0x8b, 0x0b, 0x73, 0x4c, 0x7b, 0x6c, 0x83, 0x6c, 0x83, 0x6c, 0x83,
    0x6c, 0x7b, 0x6c, 0x83, 0x8f, 0xac, 0x2f, 0x9c, 0x8c, 0x83, 0x6d, 0x83,
    0x8d, 0x83, 0x8c, 0x83, 0x6c, 0x83, 0x6d, 0x83, 0xad, 0x8b, 0x12, 0xb5,
    0xf5, 0xd5, 0xf2, 0xbc, 0x12, 0xbd, 0x32, 0xbd, 0x53, 0xc5, 0x53, 0xc5,
    0xf5, 0xd5, 0x36, 0xde, 0xb5, 0xcd, 0x36, 0xde, 0x16, 0xde, 0x94, 0xcd,
    0x12, 0xb5, 0x12, 0xb5, 0xb5, 0xcd, 0xd1, 0xb4, 0x4f, 0x9c, 0x90, 0xa4,
    0x0f, 0x94, 0x8a, 0x52, 0xc8, 0x29, 0x6a, 0x4a, 0xca, 0x62, 0x8d, 0x83,
    0x2f, 0x9c, 0x90, 0xa4, 0xb1, 0xac, 0xb1, 0xac, 0xd1, 0xac, 0xf2, 0xb4,
    0x94, 0xc5, 0x57, 0xde, 0xd5, 0xcd, 0x73, 0xc5, 0xd5, 0xd5, 0x16, 0xd6,
    0xf6, 0xd5, 0xd5, 0xd5, 0xf2, 0xb4, 0x90, 0xac, 0x4d, 0x5b, 0xac, 0x2a,
    0xac, 0x2a, 0xcc, 0x32, 0xce, 0x7b, 0xab, 0x4a, 0xe9, 0x19, 0xe9, 0x19,
    0xe9, 0x19, 0xea, 0x19, 0xea, 0x19, 0xea, 0x19, 0xea, 0x21, 0x0a, 0x1a,
    0xe9, 0x19, 0x0a, 0x1a, 0xea, 0x19, 0x09, 0x22, 0xed, 0x42, 0x0e, 0x33,
    0xed, 0x32, 0xcd, 0x32, 0xed, 0x32, 0xed, 0x32, 0x0e, 0x33, 0x0e, 0x33,
    0xcc, 0x32, 0x4b, 0x32, 0xe8, 0x29, 0xa8, 0x29, 0xc8, 0x29, 0xc8, 0x29,
    0xea, 0x72, 0xe6, 0x49, 0x85, 0x31, 0x86, 0x31, 0xa6, 0x39, 0xa6, 0x39,
    0x85, 0x31, 0x65, 0x31, 0xa6, 0x39, 0x85, 0x31, 0x65, 0x31, 0x65, 0x31,
    0x65, 0x31, 0x64, 0x31, 0x4f, 0x9c, 0xf5, 0xcd, 0xb1, 0xac, 0x73, 0xc5,
    0x57, 0xde, 0x57, 0xde, 0x57, 0xe6, 0x57, 0xe6, 0x57, 0xde, 0x57, 0xe6,
    0x16, 0xde, 0x53, 0xc5, 0x12, 0xb5, 0xf2, 0xb4, 0x2f, 0x9c, 0x2f, 0x9c,
    0xd4, 0xcd, 0x73, 0xc5, 0x74, 0xc5, 0x73, 0xc5, 0x94, 0xcd, 0x94, 0xc5,
    0x74, 0xc5, 0xd1, 0xb4, 0xf2, 0xb4, 0xf5, 0xd5, 0x16, 0xde, 0x37, 0xde,
    0x94, 0xc5, 0x99, 0xe6, 0xb9, 0xe6, 0xb9, 0xe6, 0xba, 0xe6, 0xb9, 0xe6,
    0xda, 0xee, 0xd9, 0xee, 0xd9, 0xe6, 0xda, 0xe6, 0xb9, 0xee, 0x98, 0xe6,
    0x57, 0xde, 0x57, 0xe6, 0x57, 0xde, 0x57, 0xe6, 0x57, 0xde, 0x57, 0xe6,
    0x57, 0xde, 0x57, 0xe6, 0x57, 0xde, 0x16, 0xd6, 0x73, 0xc5, 0x4f, 0xa4,
    0x90, 0xac, 0xb1, 0xb4, 0x53, 0xc5, 0x57, 0xde, 0x78, 0xe6, 0x57, 0xde,
    0x57, 0xde, 0x57, 0xde, 0xee, 0x9b, 0x33, 0xc5, 0x33, 0xc5, 0x33, 0xcd,
    0x53, 0xcd, 0x12, 0xbd, 0x6f, 0xac, 0x12, 0xbd, 0x73, 0xc5, 0xf2, 0xbc,
    0x33, 0xc5, 0x53, 0xcd, 0x33, 0xcd, 0x53, 0xc5, 0x33, 0xcd, 0x33, 0xcd,
    0x32, 0xc5, 0x33, 0xcd, 0x33, 0xcd, 0x33, 0xc5, 0x33, 0xcd, 0x33, 0xcd,
    0x33, 0xc5, 0x32, 0xc5, 0x33, 0xc5, 0x33, 0xc5, 0xf2, 0xc4, 0xd1, 0xbc,
    0x70, 0xb4, 0x53, 0xcd, 0xd9, 0xee, 0xda, 0xf6, 0xfa, 0xee, 0xda, 0xee,
    0xfa, 0xf6, 0xda, 0xee, 0xda, 0xf6, 0xd9, 0xee, 0xda, 0xf6, 0xd9, 0xee,
    0xda, 0xee, 0xda, 0xf6, 0xda, 0xee, 0xda, 0xf6, 0xda, 0xee, 0xda, 0xf6,
    0xd9, 0xee, 0xd9, 0xee, 0xd9, 0xf6, 0xda, 0xee, 0xda, 0xf6, 0xda, 0xee,
    0xfa, 0xee, 0xfa, 0xf6, 0xda, 0xf6, 0xda, 0xee, 0xda, 0xf6, 0xda, 0xee,
    0xda, 0xee, 0xda, 0xf6, 0xb9, 0xee, 0xda, 0xee, 0xda, 0xee, 0xd9, 0xf6,
    0xda, 0xee, 0xd9, 0xee, 0xda, 0xf6, 0xda, 0xee, 0xda, 0xee, 0xda, 0xee,
    0xf9, 0xee, 0xda, 0xf6, 0xb9, 0xee, 0xad, 0x8b, 0x50, 0x9c, 0xaa, 0x62,
    0xcd, 0x8b, 0x2b, 0x7b, 0x4c, 0x7b, 0x6c, 0x83, 0x6c, 0x7b, 0x6c, 0x83,
    0xcd, 0x93, 0xed, 0x9b, 0x8f, 0xac, 0x2e, 0x9c, 0x6c, 0x83, 0x6c, 0x83,
    0x8d, 0x83, 0x8d, 0x83, 0x6c, 0x7b, 0x8c, 0x83, 0x70, 0xa4, 0xd5, 0xcd,
    0x57, 0xde, 0xf6, 0xd5, 0xb4, 0xcd, 0xb4, 0xcd, 0xb5, 0xd5, 0xd5, 0xd5,
    0x16, 0xde, 0x57, 0xe6, 0x57, 0xe6, 0xd5, 0xd5, 0xf5, 0xd5, 0xd5, 0xcd,
    0x94, 0xcd, 0x12, 0xb5, 0x12, 0xb5, 0xb1, 0xac, 0x2f, 0x9c, 0x90, 0xa4,
    0x4c, 0x73, 0xc7, 0x31, 0x29, 0x42, 0x69, 0x4a, 0xeb, 0x62, 0x6c, 0x83,
    0x4f, 0xa4, 0xb0, 0xac, 0xb1, 0xac, 0xd1, 0xac, 0xd1, 0xac, 0xf2, 0xb4,
    0x78, 0xde, 0xf6, 0xcd, 0x33, 0xbd, 0xf6, 0xd5, 0x16, 0xd6, 0xf6, 0xd5,
    0xb4, 0xcd, 0x12, 0xbd, 0xb1, 0xac, 0x70, 0x9c, 0xcc, 0x3a, 0xad, 0x2a,
    0xac, 0x2a, 0x0c, 0x53, 0xcf, 0x7b, 0x09, 0x1a, 0xea, 0x19, 0xea, 0x19,
    0xea, 0x19, 0xe9, 0x19, 0xe9, 0x19, 0xe9, 0x19, 0x0a, 0x22, 0x0a, 0x1a,
    0x0a, 0x1a, 0x0a, 0x1a, 0xea, 0x19, 0xe9, 0x21, 0xec, 0x3a, 0x0e, 0x33,
    0xcd, 0x2a, 0xad, 0x2a, 0xcd, 0x32, 0xcd, 0x32, 0xed, 0x32, 0x8b, 0x2a,
    0x09, 0x2a, 0xc8, 0x29, 0xa8, 0x29, 0xc8, 0x29, 0xc8, 0x29, 0xe8, 0x31,
    0x0a, 0x7b, 0x88, 0x6a, 0x24, 0x31, 0x45, 0x29, 0x65, 0x31, 0x65, 0x31,
    0x65, 0x31, 0x65, 0x31, 0x65, 0x31, 0x65, 0x31, 0x65, 0x29, 0x45, 0x29,
    0x65, 0x31, 0x2b, 0x73, 0xd5, 0xcd, 0x57, 0xde, 0x90, 0xac, 0x57, 0xde,
    0x57, 0xe6, 0x57, 0xde, 0x57, 0xde, 0x57, 0xe6, 0x57, 0xde, 0x58, 0xde,
    0x57, 0xde, 0x32, 0xbd, 0xf1, 0xb4, 0xf2, 0xb4, 0xb1, 0xac, 0x4f, 0xa4,
    0xf2, 0xb4, 0x73, 0xc5, 0x73, 0xc5, 0x74, 0xc5, 0x74, 0xc5, 0x73, 0xc5,
    0x73, 0xc5, 0x4f, 0xa4, 0xf1, 0xb4, 0x16, 0xde, 0x37, 0xde, 0x57, 0xde,
    0xb4, 0xcd, 0x99, 0xe6, 0xb9, 0xe6, 0xb9, 0xee, 0xb9, 0xe6, 0xb9, 0xe6,
    0xb9, 0xee, 0xb9, 0xe6, 0xb9, 0xe6, 0xd9, 0xee, 0x98, 0xe6, 0x58, 0xde,
    0x57, 0xe6, 0x78, 0xe6, 0x57, 0xde, 0x58, 0xe6, 0x58, 0xde, 0x57, 0xde,
    0x58, 0xe6, 0x57, 0xe6, 0x37, 0xde, 0xd5, 0xd5, 0x12, 0xb5, 0xb0, 0xac,
    0x12, 0xbd, 0xb1, 0xb4, 0x53, 0xc5, 0x57, 0xde, 0x78, 0xe6, 0x37, 0xde,
    0x36, 0xde, 0x77, 0xe6, 0xf2, 0xbc, 0x33, 0xcd, 0x33, 0xcd, 0x53, 0xcd,
    0x32, 0xc5, 0x12, 0xbd, 0xd1, 0xb4, 0xf2, 0xbc, 0x73, 0xcd, 0x12, 0xc5,
    0x33, 0xcd, 0x33, 0xcd, 0x33, 0xcd, 0x53, 0xcd, 0x53, 0xcd, 0x33, 0xcd,
    0x32, 0xc5, 0x33, 0xcd, 0x33, 0xc5, 0x32, 0xcd, 0x32, 0xc5, 0x32, 0xc5,
    0x33, 0xcd, 0x32, 0xcd, 0x32, 0xc5, 0x33, 0xc5, 0x32, 0xc5, 0x33, 0xc5,
    0xd1, 0xbc, 0x12, 0xc5, 0x6c, 0x93, 0x74, 0xc5, 0xfa, 0xf6, 0xda, 0xee,
    0xd9, 0xee, 0xda, 0xf6, 0xda, 0xee, 0xda, 0xf6, 0xda, 0xee, 0xda, 0xee,
    0xd9, 0xee, 0xda, 0xf6, 0xda, 0xee, 0xd9, 0xf6, 0xda, 0xee, 0xd9, 0xee,
    0xd9, 0xf6, 0xda, 0xee, 0xda, 0xf6, 0xd9, 0xee, 0xda, 0xee, 0xda, 0xf6,
    0xda, 0xee, 0xda, 0xf6, 0xda, 0xee, 0xda, 0xee, 0xda, 0xf6, 0xfa, 0xf6,
    0xda, 0xee, 0xfa, 0xf6, 0xb9, 0xee, 0xda, 0xee, 0xda, 0xf6, 0xda, 0xee,
    0xda, 0xee, 0xda, 0xee, 0xda, 0xee, 0xfa, 0xf6, 0xda, 0xf6, 0xda, 0xee,
    0xfa, 0xf6, 0x91, 0xa4, 0xce, 0x8b, 0x0b, 0x73, 0x6c, 0x7b, 0xaa, 0x62,
    0x8c, 0x83, 0x6c, 0x7b, 0x6c, 0x83, 0x6c, 0x83, 0x6c, 0x7b, 0x4c, 0x7b,
    0x0e, 0x9c, 0x6f, 0xac, 0x4f, 0xa4, 0xad, 0x8b, 0x4c, 0x83, 0x6c, 0x83,
    0x6c, 0x7b, 0x6c, 0x83, 0x6c, 0x7b, 0x0b, 0x73, 0x70, 0xa4, 0xf6, 0xd5,
    0xf6, 0xd5, 0x57, 0xde, 0x37, 0xde, 0x16, 0xde, 0x16, 0xde, 0x16, 0xde,
    0x16, 0xde, 0x36, 0xde, 0xb5, 0xcd, 0xd5, 0xd5, 0x15, 0xde, 0x16, 0xde,
    0x12, 0xbd, 0xf2, 0xb4, 0xd2, 0xac, 0xd1, 0xac, 0x90, 0xa4, 0x50, 0x9c,
    0xcb, 0x62, 0xc8, 0x31, 0x08, 0x3a, 0x09, 0x32, 0x2c, 0x6b, 0x4f, 0x9c,
    0x90, 0xa4, 0xb1, 0xac, 0xb0, 0xac, 0xb1, 0xac, 0x53, 0xbd, 0x70, 0xa4,
    0xf6, 0xd5, 0xf2, 0xb4, 0xf5, 0xcd, 0x16, 0xd6, 0x16, 0xd6, 0xb4, 0xcd,
    0x94, 0xcd, 0xf2, 0xac, 0x6f, 0xa4, 0x2c, 0x53, 0xac, 0x32, 0xac, 0x2a,
    0xac, 0x32, 0xb1, 0xa4, 0xec, 0x4a, 0x0a, 0x1a, 0xea, 0x19, 0xea, 0x19,
    0xea, 0x19, 0xea, 0x19, 0xe9, 0x19, 0xea, 0x19, 0x0a, 0x22, 0x2a, 0x1a,
    0x0a, 0x1a, 0xe9, 0x19, 0xea, 0x19, 0xe8, 0x21, 0xed, 0x3a, 0x0e, 0x33,
    0xcd, 0x2a, 0xac, 0x2a, 0xed, 0x32, 0xcd, 0x32, 0x4b, 0x32, 0xc8, 0x29,
    0xa8, 0x21, 0xa8, 0x29, 0xc8, 0x29, 0xe8, 0x29, 0xe8, 0x29, 0xe8, 0x29,
    0x09, 0x7b, 0xe9, 0x72, 0x47, 0x5a, 0x03, 0x21, 0x45, 0x29, 0x65, 0x29,
    0x66, 0x29, 0x65, 0x31, 0x65, 0x29, 0x65, 0x29, 0x65, 0x31, 0x65, 0x29,
    0x8d, 0x7b, 0x94, 0xc5, 0x16, 0xde, 0x74, 0xc5, 0x6f, 0xa4, 0x57, 0xde,
    0x58, 0xde, 0x58, 0xe6, 0x57, 0xde, 0x78, 0xe6, 0x77, 0xe6, 0x57, 0xde,
    0x77, 0xe6, 0x37, 0xde, 0x12, 0xbd, 0xf1, 0xb4, 0x90, 0xac, 0x90, 0xa4,
    0xad, 0x8b, 0x94, 0xcd, 0x73, 0xc5, 0x73, 0xc5, 0x74, 0xc5, 0x94, 0xcd,
    0x94, 0xc5, 0x94, 0xc5, 0xf6, 0xd5, 0x37, 0xde, 0x37, 0xde, 0x57, 0xde,
    0x57, 0xde, 0xb9, 0xe6, 0xb9, 0xe6, 0xb9, 0xe6, 0xd9, 0xee, 0xb9, 0xe6,
    0xda, 0xee, 0xb9, 0xe6, 0xb9, 0xee, 0x99, 0xe6, 0x57, 0xde, 0x77, 0xe6,
    0x78, 0xe6, 0x57, 0xde, 0x77, 0xde, 0x57, 0xe6, 0x57, 0xde, 0x57, 0xde,
    0x57, 0xde, 0xd5, 0xd5, 0x16, 0xde, 0x73, 0xc5, 0xad, 0x8b, 0x6c, 0x83,
    0x12, 0xc5, 0x94, 0xcd, 0x36, 0xde, 0x37, 0xde, 0x98, 0xe6, 0x16, 0xde,
    0x16, 0xde, 0x36, 0xde, 0x33, 0xcd, 0x53, 0xcd, 0x53, 0xcd, 0x73, 0xcd,
    0x33, 0xc5, 0x12, 0xbd, 0x94, 0xcd, 0xd1, 0xb4, 0xb1, 0xb4, 0x33, 0xcd,
    0x32, 0xcd, 0x33, 0xc5, 0x53, 0xcd, 0x52, 0xcd, 0x33, 0xc5, 0x33, 0xcd,
    0x32, 0xc5, 0x53, 0xcd, 0x33, 0xc5, 0x32, 0xcd, 0x33, 0xc5, 0x33, 0xc5,
    0x32, 0xcd, 0x13, 0xc5, 0x33, 0xcd, 0x32, 0xcd, 0x33, 0xcd, 0x12, 0xc5,
    0x12, 0xc5, 0x0e, 0xa4, 0x49, 0x42, 0x0d, 0x43, 0x2c, 0x63, 0x95, 0xc5,
    0xb9, 0xee, 0xda, 0xee, 0xda, 0xee, 0xd9, 0xf6, 0xda, 0xee, 0xda, 0xf6,
    0xda, 0xf6, 0xd9, 0xee, 0xda, 0xf6, 0xda, 0xee, 0xda, 0xf6, 0xda, 0xf6,
    0xda, 0xee, 0xda, 0xee, 0xda, 0xf6, 0xba, 0xee, 0xda, 0xf6, 0xda, 0xee,
    0xda, 0xee, 0xda, 0xee, 0xda, 0xee, 0xda, 0xee, 0xda, 0xf6, 0xda, 0xee,
    0xd9, 0xee, 0xda, 0xee, 0xda, 0xf6, 0xda, 0xee, 0xd9, 0xee, 0xda, 0xf6,
    0xda, 0xee, 0xda, 0xf6, 0xd9, 0xee, 0xda, 0xee, 0xd9, 0xee, 0xb5, 0xcd,
    0x8d, 0x8b, 0x0b, 0x73, 0x4c, 0x73, 0x2c, 0x7b, 0x4c, 0x7b, 0x6c, 0x7b,
    0x4c, 0x7b, 0x6d, 0x83, 0x6c, 0x83, 0x6c, 0x83, 0x6c, 0x7b, 0xcd, 0x93,
    0xd0, 0xbc, 0x6f, 0xac, 0x8f, 0xac, 0xb0, 0xb4, 0x8c, 0x83, 0x6c, 0x7b,
    0x6c, 0x7b, 0x4c, 0x7b, 0x6c, 0x83, 0x2b, 0x7b, 0x94, 0xcd, 0xd5, 0xd5,
    0x12, 0xbd, 0x36, 0xde, 0x37, 0xde, 0x37, 0xde, 0x36, 0xde, 0x16, 0xd6,
    0x16, 0xd6, 0x94, 0xcd, 0xd5, 0xd5, 0x15, 0xd6, 0x53, 0xc5, 0x94, 0xc5,
    0xd1, 0xac, 0xb1, 0xac, 0xb1, 0xac, 0x91, 0xa4, 0xf2, 0xb4, 0x2f, 0x94,
    0x28, 0x42, 0x08, 0x3a, 0xe8, 0x29, 0xe8, 0x29, 0x4c, 0x73, 0x70, 0xa4,
    0xb1, 0xac, 0xb1, 0xac, 0xb1, 0xac, 0x32, 0xbd, 0x12, 0xbd, 0x70, 0xa4,
    0xd1, 0xac, 0xd5, 0xd5, 0x16, 0xde, 0x36, 0xde, 0xd5, 0xcd, 0x94, 0xcd,
    0x53, 0xbd, 0x91, 0xa4, 0x0f, 0x8c, 0xcc, 0x3a, 0x8c, 0x2a, 0x8c, 0x2a,
    0x2f, 0x84, 0x0d, 0x4b, 0xac, 0x3a, 0xe9, 0x21, 0x2a, 0x22, 0x0a, 0x22,
    0x0a, 0x1a, 0x0a, 0x22, 0x0a, 0x1a, 0x0a, 0x1a, 0xea, 0x19, 0x0a, 0x1a,
    0x0a, 0x1a, 0xe9, 0x19, 0x0a, 0x1a, 0xc8, 0x29, 0x0d, 0x33, 0x0e, 0x33,
    0xed, 0x32, 0xcd, 0x32, 0xac, 0x32, 0x09, 0x2a, 0xc8, 0x29, 0xa8, 0x21,
    0xa7, 0x21, 0xc8, 0x29, 0xe8, 0x29, 0xc8, 0x29, 0xc8, 0x29, 0x09, 0x2a,
    0x0a, 0x7b, 0x09, 0x7b, 0xe9, 0x72, 0x68, 0x5a, 0x65, 0x31, 0x65, 0x31,
    0x65, 0x29, 0x45, 0x29, 0x45, 0x29, 0x45, 0x29, 0x65, 0x31, 0xcb, 0x62,
    0x74, 0xbd, 0x16, 0xd6, 0x16, 0xde, 0x70, 0xa4, 0x94, 0xcd, 0x57, 0xde,
    0x57, 0xe6, 0x57, 0xe6, 0x78, 0xde, 0x77, 0xde, 0x58, 0xe6, 0x77, 0xe6,
    0x77, 0xde, 0x57, 0xde, 0x37, 0xde, 0x94, 0xcd, 0x90, 0xac, 0x90, 0xac,
    0xcd, 0x93, 0x2f, 0x9c, 0x74, 0xc5, 0x74, 0xc5, 0x74, 0xcd, 0x94, 0xc5,
    0xb0, 0xac, 0xd1, 0xb4, 0x37, 0xde, 0x36, 0xde, 0x77, 0xe6, 0x57, 0xe6,
    0x98, 0xe6, 0xb9, 0xe6, 0xb9, 0xe6, 0xb9, 0xe6, 0xb9, 0xe6, 0xd9, 0xee,
    0xda, 0xee, 0xd9, 0xe6, 0x98, 0xe6, 0x78, 0xe6, 0x78, 0xe6, 0x77, 0xe6,
    0x77, 0xe6, 0x58, 0xde, 0x57, 0xe6, 0x57, 0xde, 0x57, 0xde, 0x57, 0xde,
    0x94, 0xcd, 0x11, 0xbd, 0x16, 0xde, 0x94, 0xcd, 0x2f, 0x94, 0xad, 0x7b,
    0x70, 0xac, 0xd1, 0xb4, 0x36, 0xde, 0x37, 0xde, 0x57, 0xde, 0x36, 0xde,
    0x57, 0xde, 0x2f, 0x9c, 0x32, 0xc5, 0x33, 0xcd, 0x53, 0xcd, 0x32, 0xc5,
    0x2f, 0xa4, 0xd1, 0xbc, 0x73, 0xcd, 0x73, 0xcd, 0x33, 0xc5, 0x53, 0xcd,
    0x53, 0xcd, 0x53, 0xcd, 0x33, 0xc5, 0x33, 0xcd, 0x33, 0xcd, 0x32, 0xc5,
    0x33, 0xc5, 0x33, 0xcd, 0x33, 0xcd, 0x32, 0xc5, 0x32, 0xcd, 0x13, 0xc5,
    0x32, 0xc5, 0x33, 0xcd, 0x33, 0xc5, 0x33, 0xcd, 0x33, 0xcd, 0x32, 0xc5,
    0x0b, 0x7b, 0x8b, 0x42, 0x8c, 0x2a, 0x8c, 0x22, 0x2d, 0x3b, 0xcc, 0x4a,
    0x68, 0x5a, 0x54, 0xc5, 0xda, 0xf6, 0xd9, 0xee, 0xda, 0xee, 0xda, 0xee,
    0xda, 0xf6, 0xda, 0xee, 0xda, 0xee, 0xda, 0xf6, 0xda, 0xee, 0xda, 0xee,
    0xd9, 0xf6, 0xda, 0xf6, 0xda, 0xee, 0xda, 0xee, 0xd9, 0xf6, 0xd9, 0xf6,
    0xda, 0xee, 0xda, 0xf6, 0xd9, 0xf6, 0xda, 0xf6, 0xda, 0xee, 0xd9, 0xee,
    0xda, 0xee, 0xda, 0xee, 0xda, 0xf6, 0xda, 0xee, 0xda, 0xee, 0xd9, 0xf6,
    0xfa, 0xee, 0xfa, 0xf6, 0xda, 0xf6, 0xd9, 0xee, 0x70, 0xac, 0x4b, 0x83,
    0x4b, 0x7b, 0x2b, 0x73, 0x4c, 0x7b, 0x4c, 0x7b, 0x4c, 0x7b, 0x90, 0xa4,
    0x0b, 0x73, 0x4c, 0x7b, 0x6c, 0x7b, 0x6c, 0x7b, 0xcd, 0x93, 0xd0, 0xbc,
    0xf0, 0xbc, 0x6e, 0xac, 0xaf, 0xb4, 0xf1, 0xbc, 0xd0, 0xbc, 0x6c, 0x83,
    0x4b, 0x7b, 0x4c, 0x7b, 0x6c, 0x83, 0x70, 0xa4, 0x16, 0xd6, 0x16, 0xd6,
    0x94, 0xc5, 0x16, 0xde, 0x16, 0xde, 0x37, 0xde, 0x36, 0xde, 0x16, 0xde,
    0x94, 0xcd, 0xd5, 0xcd, 0xf5, 0xd5, 0xb5, 0xcd, 0x74, 0xc5, 0xf2, 0xb4,
    0xd2, 0xac, 0xb1, 0xac, 0xb1, 0xa4, 0x70, 0xa4, 0xd2, 0xb4, 0xd2, 0xac,
    0x6d, 0x6b, 0x09, 0x32, 0xe9, 0x29, 0xa7, 0x29, 0x8d, 0x7b, 0x90, 0xa4,
    0xb1, 0xac, 0xd1, 0xac, 0xd1, 0xac, 0x53, 0xc5, 0x12, 0xbd, 0x90, 0xa4,
    0xf5, 0xcd, 0x16, 0xd6, 0x16, 0xde, 0xf6, 0xd5, 0x94, 0xcd, 0xb4, 0xcd,
    0xf2, 0xb4, 0x70, 0xa4, 0x0d, 0x53, 0x8c, 0x2a, 0x8b, 0x2a, 0x8a, 0x42,
    0xec, 0x52, 0xac, 0x2a, 0xcc, 0x32, 0xab, 0x42, 0x0a, 0x22, 0x0a, 0x1a,
    0x0a, 0x1a, 0x0a, 0x22, 0x09, 0x1a, 0xe9, 0x19, 0xe9, 0x19, 0xc9, 0x19,
    0xe9, 0x19, 0xe9, 0x19, 0xea, 0x19, 0x29, 0x32, 0x0d, 0x2b, 0x0e, 0x33,
    0xed, 0x32, 0x6b, 0x2a, 0xe8, 0x29, 0xc8, 0x29, 0xa7, 0x21, 0xc8, 0x29,
    0xc8, 0x29, 0xc8, 0x21, 0xc8, 0x29, 0xc8, 0x29, 0x09, 0x2a, 0x2a, 0x22,
    0x09, 0x7b, 0x0a, 0x7b, 0x2a, 0x7b, 0xe9, 0x72, 0xc6, 0x41, 0x65, 0x31,
    0x45, 0x29, 0x45, 0x29, 0x45, 0x29, 0x45, 0x29, 0xa6, 0x39, 0x33, 0xb5,
    0x74, 0xc5, 0xf6, 0xd5, 0x36, 0xde, 0x0e, 0x9c, 0x37, 0xde, 0x57, 0xde,
    0x57, 0xde, 0x77, 0xe6, 0x77, 0xe6, 0x57, 0xde, 0x57, 0xde, 0x58, 0xe6,
    0x57, 0xe6, 0x57, 0xde, 0x37, 0xde, 0x36, 0xde, 0xb0, 0xac, 0x90, 0xac,
    0xb1, 0xac, 0x70, 0xa4, 0xcd, 0x8b, 0x94, 0xc5, 0x74, 0xc5, 0x74, 0xc5,
    0x94, 0xcd, 0xf6, 0xd5, 0x36, 0xde, 0x36, 0xde, 0x37, 0xde, 0xf5, 0xd5,
    0x98, 0xe6, 0xb9, 0xe6, 0xb9, 0xee, 0xb9, 0xee, 0xb9, 0xe6, 0xb9, 0xee,
    0xb9, 0xe6, 0x98, 0xe6, 0x78, 0xe6, 0x78, 0xe6, 0x77, 0xe6, 0x77, 0xde,
    0x58, 0xde, 0x77, 0xe6, 0x57, 0xde, 0x57, 0xde, 0x57, 0xde, 0xb0, 0xb4,
    0x53, 0xc5, 0xd1, 0xb4, 0x16, 0xde, 0xf2, 0xb4, 0x0b, 0x5b, 0xce, 0x73,
    0x94, 0xcd, 0x36, 0xde, 0x36, 0xde, 0x37, 0xde, 0x57, 0xde, 0x36, 0xde,
    0x57, 0xde, 0xcd, 0x93, 0x33, 0xc5, 0x53, 0xcd, 0x12, 0xc5, 0xed, 0x93,
    0xb1, 0xb4, 0x90, 0xb4, 0x90, 0xac, 0xf1, 0xbc, 0x33, 0xcd, 0x33, 0xc5,
    0x52, 0xcd, 0x33, 0xc5, 0x33, 0xcd, 0x32, 0xcd, 0x53, 0xc5, 0x33, 0xcd,
    0x32, 0xc5, 0x33, 0xcd, 0x33, 0xcd, 0x33, 0xc5, 0x33, 0xcd, 0x32, 0xcd,
    0x33, 0xc5, 0x32, 0xcd, 0x33, 0xc5, 0x32, 0xcd, 0x32, 0xc5, 0xea, 0x72,
    0x6a, 0x3a, 0x8c, 0x22, 0x8c, 0x22, 0x8c, 0x22, 0x0d, 0x33, 0x0d, 0x43,
    0xa6, 0x39, 0xa6, 0x39, 0x28, 0x5a, 0x33, 0xbd, 0xda, 0xf6, 0xda, 0xee,
    0xd9, 0xee, 0xda, 0xf6, 0xd9, 0xf6, 0xda, 0xee, 0xda, 0xee, 0xd9, 0xee,
    0xda, 0xf6, 0xda, 0xf6, 0xb9, 0xee, 0xda, 0xee, 0xda, 0xf6, 0xda, 0xf6,
    0xda, 0xee, 0xda, 0xee, 0xd9, 0xee, 0xda, 0xee, 0xda, 0xf6, 0xda, 0xf6,
    0xda, 0xf6, 0xda, 0xee, 0xd9, 0xee, 0xda, 0xf6, 0xda, 0xee, 0xda, 0xee,
    0xda, 0xee, 0xda, 0xee, 0xb5, 0xcd, 0x6c, 0x8b, 0xad, 0x8b, 0x2e, 0x9c,
    0x8c, 0x83, 0x2b, 0x7b, 0x4c, 0x7b, 0x4c, 0x73, 0x4c, 0x7b, 0xcd, 0x8b,
    0x4c, 0x73, 0x6c, 0x7b, 0x4c, 0x7b, 0x6c, 0x83, 0xf1, 0xbc, 0xf1, 0xbc,
    0xf0, 0xbc, 0x6f, 0xac, 0x8f, 0xb4, 0xf1, 0xbc, 0xf1, 0xbc, 0xf1, 0xbc,
    0x2b, 0x7b, 0x4c, 0x7b, 0x2b, 0x7b, 0xd6, 0xd5, 0x16, 0xd6, 0x37, 0xde,
    0x17, 0xde, 0x16, 0xde, 0x16, 0xde, 0x16, 0xde, 0x36, 0xde, 0xb5, 0xcd,
    0xd5, 0xd5, 0xb4, 0xcd, 0xd5, 0xcd, 0x94, 0xc5, 0xf2, 0xb4, 0xd2, 0xac,
    0xd2, 0xac, 0xd1, 0xac, 0xb1, 0xa4, 0xd2, 0xac, 0xb1, 0xa4, 0x0b, 0x6b,
    0x2d, 0x63, 0xe9, 0x29, 0xe9, 0x29, 0x28, 0x42, 0xee, 0x8b, 0x90, 0xac,
    0xb1, 0xac, 0xb1, 0xac, 0x73, 0xc5, 0x32, 0xbd, 0x2f, 0x9c, 0x16, 0xd6,
    0xf6, 0xd5, 0x16, 0xd6, 0xd5, 0xcd, 0x74, 0xc5, 0xb4, 0xcd, 0x74, 0xc5,
    0xb1, 0xac, 0xeb, 0x5a, 0x8b, 0x32, 0x8c, 0x2a, 0x6a, 0x2a, 0xef, 0x7b,
    0xac, 0x2a, 0xcd, 0x32, 0xcc, 0x32, 0x8b, 0x32, 0xe9, 0x21, 0x0a, 0x1a,
    0x0a, 0x1a, 0x0a, 0x1a, 0xea, 0x19, 0xe9, 0x19, 0xc9, 0x19, 0xe9, 0x19,
    0xc9, 0x19, 0xe9, 0x19, 0xea, 0x19, 0xcb, 0x42, 0xed, 0x2a, 0x6b, 0x2a,
    0xe9, 0x21, 0xc8, 0x21, 0xa8, 0x21, 0xa8, 0x21, 0xc8, 0x29, 0xc8, 0x29,
    0xc8, 0x29, 0xc8, 0x29, 0xc8, 0x29, 0x09, 0x2a, 0x2a, 0x22, 0x2a, 0x22,
    0x09, 0x7b, 0x09, 0x7b, 0x09, 0x7b, 0x2a, 0x83, 0x88, 0x62, 0x24, 0x29,
    0x65, 0x29, 0x45, 0x29, 0x45, 0x29, 0x24, 0x29, 0x70, 0xa4, 0xf5, 0xd5,
    0xcd, 0x8b, 0xf5, 0xd5, 0x37, 0xde, 0xcc, 0x8b, 0x36, 0xde, 0x57, 0xde,
    0x57, 0xde, 0x57, 0xe6, 0x58, 0xde, 0x57, 0xde, 0x57, 0xe6, 0x58, 0xe6,
    0x57, 0xde, 0x77, 0xe6, 0x57, 0xde, 0x57, 0xde, 0x73, 0xc5, 0xd1, 0xac,
    0xd1, 0xac, 0x4f, 0x9c, 0x90, 0xa4, 0x2e, 0x9c, 0x73, 0xc5, 0xb0, 0xac,
    0x90, 0xac, 0x16, 0xd6, 0x16, 0xde, 0x16, 0xde, 0x37, 0xde, 0x16, 0xd6,
    0x99, 0xe6, 0xb9, 0xe6, 0xb9, 0xe6, 0xb9, 0xee, 0xb9, 0xe6, 0xb9, 0xe6,
    0x57, 0xde, 0x78, 0xe6, 0x78, 0xe6, 0x78, 0xe6, 0x57, 0xde, 0x77, 0xe6,
    0x78, 0xe6, 0x57, 0xde, 0x57, 0xe6, 0x57, 0xe6, 0xb1, 0xb4, 0x53, 0xc5,
    0x73, 0xc5, 0x74, 0xcd, 0x32, 0xbd, 0xce, 0x83, 0x6e, 0x43, 0xeb, 0x4a,
    0x4f, 0x9c, 0x37, 0xde, 0x37, 0xde, 0x57, 0xde, 0x57, 0xde, 0x16, 0xd6,
    0x16, 0xd6, 0x8d, 0x83, 0x53, 0xc5, 0x52, 0xc5, 0x6c, 0x8b, 0xb1, 0xb4,
    0xf1, 0xbc, 0x32, 0xc5, 0x4f, 0xa4, 0x33, 0xcd, 0x33, 0xcd, 0x32, 0xc5,
    0x33, 0xcd, 0x32, 0xc5, 0x33, 0xcd, 0x32, 0xcd, 0x33, 0xc5, 0x33, 0xcd,
    0x32, 0xcd, 0x33, 0xc5, 0x33, 0xc5, 0x32, 0xcd, 0x32, 0xc5, 0x33, 0xcd,
    0x33, 0xcd, 0x33, 0xc5, 0x33, 0xcd, 0x12, 0xc5, 0xc9, 0x72, 0x08, 0x32,
    0x8c, 0x2a, 0xac, 0x2a, 0x8c, 0x22, 0xac, 0x2a, 0xcc, 0x2a, 0x4e, 0x43,
    0xa6, 0x31, 0x86, 0x31, 0x65, 0x31, 0xc6, 0x41, 0x68, 0x62, 0xf2, 0xb4,
    0x99, 0xee, 0xb9, 0xee, 0xda, 0xee, 0xda, 0xf6, 0xda, 0xf6, 0xda, 0xee,
    0xba, 0xee, 0xda, 0xf6, 0xda, 0xee, 0xda, 0xf6, 0xda, 0xee, 0xda, 0xee,
    0xda, 0xf6, 0xda, 0xf6, 0xda, 0xee, 0xda, 0xee, 0xda, 0xee, 0xda, 0xee,
    0xd9, 0xee, 0xda, 0xf6, 0xda, 0xee, 0xda, 0xee, 0xfa, 0xf6, 0xda, 0xf6,
    0xb9, 0xee, 0x33, 0xbd, 0xe9, 0x7a, 0x8b, 0x8b, 0x4b, 0x83, 0x4f, 0xa4,
    0x6c, 0x83, 0x2b, 0x73, 0x4c, 0x73, 0x2b, 0x73, 0x2b, 0x73, 0xa9, 0x62,
    0x6c, 0x7b, 0x4c, 0x7b, 0x6c, 0x83, 0xf1, 0xbc, 0xf0, 0xbc, 0xf1, 0xbc,
    0xf1, 0xbc, 0x8f, 0xb4, 0xd0, 0xb4, 0x11, 0xbd, 0xf0, 0xbc, 0xf0, 0xbc,
    0xf1, 0xbc, 0x4b, 0x7b, 0xc9, 0x6a, 0x16, 0xde, 0xb5, 0xcd, 0x53, 0xc5,
    0x36, 0xde, 0x37, 0xd6, 0x36, 0xde, 0x16, 0xde, 0xb5, 0xcd, 0x74, 0xc5,
    0xd5, 0xcd, 0x16, 0xd6, 0xb5, 0xcd, 0xf2, 0xb4, 0xd2, 0xac, 0xd2, 0xac,
    0xd1, 0xac, 0xb1, 0xac, 0x91, 0xac, 0x74, 0xc5, 0xf2, 0xac, 0xcf, 0x83,
    0xcf, 0x7b, 0xec, 0x52, 0x0c, 0x4b, 0x30, 0x8c, 0xb1, 0xac, 0xb0, 0xac,
    0x90, 0xa4, 0xb0, 0xac, 0xf2, 0xbc, 0x2e, 0x9c, 0x32, 0xbd, 0x16, 0xde,
    0x16, 0xde, 0xb4, 0xcd, 0x33, 0xbd, 0x94, 0xcd, 0x94, 0xcd, 0xd1, 0xac,
    0xae, 0x7b, 0xed, 0x42, 0xac, 0x2a, 0xcc, 0x32, 0xf3, 0x94, 0xed, 0x32,
    0xcd, 0x32, 0xcd, 0x32, 0xcd, 0x2a, 0xcc, 0x3a, 0xab, 0x42, 0x0a, 0x22,
    0x09, 0x1a, 0xe9, 0x19, 0xea, 0x21, 0xe9, 0x19, 0xe9, 0x19, 0xe9, 0x19,
    0xe9, 0x19, 0xe9, 0x19, 0x0a, 0x1a, 0x0d, 0x53, 0x09, 0x1a, 0xc8, 0x29,
    0x09, 0x2a, 0xa8, 0x21, 0xa7, 0x29, 0xc8, 0x29, 0xc8, 0x29, 0xc8, 0x21,
    0xc8, 0x29, 0xe8, 0x29, 0x09, 0x22, 0x2a, 0x22, 0x4b, 0x22, 0x2a, 0x22,
    0xa8, 0x72, 0x6b, 0x8b, 0x6a, 0x8b, 0x0a, 0x83, 0xa8, 0x6a, 0x48, 0x52,
    0x66, 0x31, 0x65, 0x31, 0x86, 0x31, 0x90, 0x9c, 0xb5, 0xcd, 0x48, 0x52,
    0x53, 0xbd, 0x16, 0xde, 0x37, 0xde, 0x6f, 0xa4, 0x37, 0xde, 0x57, 0xde,
    0x57, 0xe6, 0x57, 0xe6, 0x57, 0xde, 0x77, 0xe6, 0x78, 0xde, 0x57, 0xde,
    0x77, 0xe6, 0x57, 0xde, 0x57, 0xde, 0x57, 0xe6, 0xb5, 0xcd, 0xd1, 0xac,
    0xd1, 0xac, 0x4f, 0x9c, 0x90, 0xac, 0x70, 0xa4, 0x0e, 0x94, 0xb0, 0xac,
    0xd5, 0xd5, 0x37, 0xde, 0x16, 0xd6, 0x37, 0xde, 0x57, 0xde, 0xb8, 0xe6,
    0xb9, 0xe6, 0xb9, 0xe6, 0xb9, 0xee, 0xd9, 0xe6, 0xb9, 0xe6, 0x57, 0xde,
    0x78, 0xe6, 0x77, 0xe6, 0x57, 0xe6, 0x57, 0xde, 0x77, 0xe6, 0x77, 0xde,
    0x57, 0xde, 0x57, 0xde, 0x16, 0xde, 0x53, 0xc5, 0x53, 0xc5, 0x53, 0xc5,
    0x33, 0xc5, 0x73, 0xc5, 0xf1, 0xb4, 0x8d, 0x63, 0x8f, 0x43, 0x50, 0x84,
    0x37, 0xde, 0x37, 0xde, 0x57, 0xde, 0x57, 0xe6, 0x57, 0xde, 0xf5, 0xd5,
    0x4c, 0x6b, 0xf0, 0x53, 0x30, 0x94, 0xee, 0x93, 0xf1, 0xbc, 0xd1, 0xb4,
    0xd1, 0xb4, 0x12, 0xbd, 0x33, 0xc5, 0x33, 0xcd, 0x33, 0xc5, 0x33, 0xcd,
    0x33, 0xcd, 0x33, 0xc5, 0x53, 0xcd, 0x32, 0xc5, 0x33, 0xcd, 0x52, 0xc5,
    0x33, 0xcd, 0x33, 0xcd, 0x32, 0xc5, 0x33, 0xcd, 0x53, 0xcd, 0x33, 0xc5,
    0x32, 0xc5, 0x32, 0xcd, 0x12, 0xc5, 0x4b, 0x83, 0x8d, 0x93, 0xcb, 0x62,
    0xac, 0x2a, 0xac, 0x2a, 0x8c, 0x22, 0x8c, 0x2a, 0x6f, 0x43, 0x0d, 0x43,
    0x66, 0x31, 0x65, 0x31, 0x45, 0x29, 0x45, 0x29, 0x89, 0x5a, 0x8d, 0x83,
    0x89, 0x6a, 0xf2, 0xb4, 0x37, 0xde, 0x99, 0xe6, 0xd9, 0xf6, 0xda, 0xee,
    0xda, 0xf6, 0xda, 0xee, 0xd9, 0xf6, 0xda, 0xf6, 0xda, 0xee, 0xd9, 0xf6,
    0xda, 0xf6, 0xda, 0xee, 0xd9, 0xf6, 0xda, 0xf6, 0xda, 0xee, 0xd9, 0xee,
    0xda, 0xf6, 0xda, 0xf6, 0xda, 0xee, 0xda, 0xf6, 0xd9, 0xee, 0xf6, 0xd5,
    0x0e, 0x9c, 0x2e, 0xa4, 0xf0, 0xbc, 0x2d, 0xa4, 0x8c, 0x8b, 0x2e, 0x9c,
    0x4b, 0x7b, 0x0b, 0x73, 0x4c, 0x7b, 0x4c, 0x7b, 0xce, 0x8b, 0xa9, 0x62,
    0x6c, 0x83, 0xac, 0x8b, 0x11, 0xbd, 0xf1, 0xbc, 0x10, 0xc5, 0xf1, 0xbc,
    0xf1, 0xbc, 0xd0, 0xb4, 0xd1, 0xbc, 0xf1, 0xbc, 0xf0, 0xbc, 0xd0, 0xbc,
    0xf1, 0xbc, 0x11, 0xbd, 0xb1, 0xac, 0xd5, 0xd5, 0x94, 0xcd, 0x12, 0xb5,
    0x37, 0xde, 0x36, 0xde, 0x16, 0xd6, 0xd5, 0xcd, 0xb5, 0xcd, 0xf6, 0xd5,
    0xf6, 0xd5, 0x17, 0xd6, 0xd6, 0xd5, 0xf2, 0xb4, 0xd1, 0xac, 0xd2, 0xac,
    0xb1, 0xac, 0x91, 0xa4, 0xd1, 0xac, 0xd1, 0xac, 0xa9, 0x5a, 0xef, 0x83,
    0x10, 0x84, 0xf0, 0x7b, 0x2d, 0x5b, 0xee, 0x8b, 0xb1, 0xac, 0xb1, 0xac,
    0x90, 0xa4, 0x12, 0xbd, 0xf1, 0xb4, 0x16, 0xd6, 0x36, 0xde, 0x16, 0xde,
    0xf5, 0xd5, 0x53, 0xc5, 0x94, 0xcd, 0x74, 0xc5, 0x53, 0xc5, 0xb1, 0xa4,
    0x2d, 0x53, 0xac, 0x2a, 0xed, 0x3a, 0xb2, 0x8c, 0x2e, 0x43, 0xcd, 0x2a,
    0xed, 0x32, 0xcd, 0x32, 0xcd, 0x32, 0xcd, 0x32, 0x6b, 0x2a, 0xa8, 0x19,
    0xc9, 0x19, 0xe9, 0x19, 0xe9, 0x19, 0xea, 0x19, 0xe9, 0x19, 0x0a, 0x1a,
    0xe9, 0x19, 0xe9, 0x19, 0xc9, 0x19, 0x8b, 0x3a, 0xc9, 0x21, 0xe8, 0x29,
    0xc8, 0x21, 0xa7, 0x29, 0xc8, 0x29, 0xe8, 0x21, 0xc8, 0x29, 0xe8, 0x29,
    0xe9, 0x21, 0x0a, 0x22, 0x4a, 0x22, 0x4b, 0x22, 0x4b, 0x22, 0x2a, 0x22,
    0x2a, 0x83, 0x4a, 0x8b, 0x2a, 0x83, 0x8b, 0x8b, 0x6b, 0x8b, 0x88, 0x6a,
    0x65, 0x31, 0xc7, 0x39, 0x70, 0x9c, 0xd5, 0xcd, 0xaa, 0x5a, 0x44, 0x31,
    0x53, 0xbd, 0x36, 0xd6, 0x36, 0xde, 0x73, 0xc5, 0x37, 0xde, 0x57, 0xde,
    0x57, 0xe6, 0x58, 0xde, 0x57, 0xe6, 0x57, 0xe6, 0x77, 0xde, 0x77, 0xe6,
    0x78, 0xe6, 0x57, 0xde, 0x77, 0xe6, 0x16, 0xde, 0x94, 0xcd, 0xb4, 0xcd,
    0x70, 0xa4, 0x90, 0xac, 0x70, 0xa4, 0x90, 0xac, 0x70, 0xa4, 0x90, 0xa4,
    0xd5, 0xd5, 0x16, 0xde, 0x36, 0xde, 0x37, 0xde, 0x36, 0xde, 0x98, 0xe6,
    0xb9, 0xe6, 0xb9, 0xee, 0xb9, 0xe6, 0xb8, 0xee, 0x78, 0xe6, 0x78, 0xe6,
    0x77, 0xe6, 0x57, 0xde, 0x77, 0xde, 0x57, 0xe6, 0x58, 0xde, 0x57, 0xde,
    0x37, 0xde, 0x33, 0xbd, 0x32, 0xbd, 0x53, 0xc5, 0x53, 0xc5, 0x53, 0xc5,
    0xf1, 0xb4, 0x94, 0xc5, 0x0f, 0x8c, 0xaf, 0x4b, 0x8e, 0x53, 0x2f, 0x8c,
    0x36, 0xde, 0x57, 0xde, 0x37, 0xde, 0x57, 0xde, 0x36, 0xde, 0x32, 0xb5,
    0x31, 0x64, 0x11, 0x5c, 0x30, 0x7c, 0xb1, 0xa4, 0xd1, 0xb4, 0xd1, 0xbc,
    0xf2, 0xbc, 0xf2, 0xbc, 0x32, 0xc5, 0x33, 0xcd, 0x32, 0xcd, 0x33, 0xc5,
    0x33, 0xcd, 0x32, 0xcd, 0x33, 0xc5, 0x33, 0xc5, 0x33, 0xcd, 0x53, 0xcd,
    0x33, 0xc5, 0x33, 0xcd, 0x53, 0xcd, 0x33, 0xc5, 0x53, 0xcd, 0x32, 0xcd,
    0x33, 0xc5, 0x32, 0xc5, 0xee, 0x9b, 0xad, 0x93, 0x0e, 0xa4, 0x2f, 0xa4,
    0xcc, 0x42, 0x8c, 0x22, 0x6b, 0x22, 0x6b, 0x2a, 0xaf, 0x4b, 0xec, 0x42,
    0x66, 0x29, 0x65, 0x29, 0x45, 0x29, 0x45, 0x29, 0x65, 0x31, 0x89, 0x5a,
    0xcd, 0x8b, 0xed, 0x93, 0x68, 0x6a, 0x4f, 0xa4, 0xf6, 0xdd, 0x17, 0xde,
    0xd9, 0xee, 0xda, 0xee, 0xda, 0xee, 0xda, 0xf6, 0xda, 0xee, 0xda, 0xee,
    0xda, 0xee, 0xda, 0xee, 0xd9, 0xee, 0xda, 0xf6, 0xda, 0xee, 0xda, 0xf6,
    0xda, 0xee, 0xfa, 0xee, 0xda, 0xee, 0x98, 0xee, 0xd5, 0xd5, 0xa8, 0x72,
    0x4e, 0xac, 0x11, 0xc5, 0xf0, 0xc4, 0x8f, 0xac, 0xed, 0x9b, 0x0e, 0x9c,
    0x2b, 0x7b, 0x0b, 0x73, 0x4c, 0x7b, 0x4c, 0x7b, 0xf2, 0xb4, 0xca, 0x6a,
    0xad, 0x8b, 0xf1, 0xbc, 0xf1, 0xbc, 0xf0, 0xbc, 0xf0, 0xbc, 0xf1, 0xbc,
    0xf1, 0xbc, 0x6f, 0xac, 0xaf, 0xb4, 0xf0, 0xbc, 0xd0, 0xbc, 0xf1, 0xbc,
    0xf1, 0xbc, 0xb0, 0xb4, 0xf6, 0xd5, 0x73, 0xc5, 0xd5, 0xcd, 0xd5, 0xcd,
    0x16, 0xd6, 0xd6, 0xd5, 0xb5, 0xcd, 0x16, 0xd6, 0xf6, 0xd5, 0xf6, 0xd5,
    0x16, 0xd6, 0xf6, 0xd5, 0x13, 0xb5, 0xd2, 0xac, 0xd2, 0xb4, 0xd2, 0xac,
    0xd1, 0xac, 0x4f, 0x9c, 0x54, 0xbd, 0x71, 0x94, 0xec, 0x5a, 0xcf, 0x73,
    0xae, 0x73, 0xef, 0x7b, 0xce, 0x83, 0x4f, 0x9c, 0x90, 0xac, 0x90, 0xa4,
    0xd1, 0xb4, 0x94, 0xcd, 0xf6, 0xd5, 0xb4, 0xcd, 0x16, 0xd6, 0xf5, 0xd5,
    0x74, 0xc5, 0x94, 0xcd, 0x94, 0xc5, 0x94, 0xc5, 0xf1, 0xb4, 0x4c, 0x73,
    0x6a, 0x3a, 0xcc, 0x32, 0x51, 0x7c, 0x4e, 0x43, 0xed, 0x32, 0xed, 0x32,
    0xcd, 0x32, 0xcd, 0x32, 0xcc, 0x2a, 0x8b, 0x32, 0x6b, 0x32, 0x2a, 0x2a,
    0xc8, 0x19, 0xe9, 0x19, 0xe9, 0x19, 0x0a, 0x1a, 0xe9, 0x19, 0xe9, 0x21,
    0xc9, 0x19, 0xc8, 0x19, 0xa7, 0x21, 0x09, 0x2a, 0xe9, 0x29, 0x2a, 0x2a,
    0xc8, 0x21, 0xc8, 0x29, 0x09, 0x2a, 0xe8, 0x21, 0xc8, 0x29, 0xe9, 0x21,
    0x09, 0x22, 0x2a, 0x22, 0x2a, 0x22, 0x2a, 0x22, 0x2a, 0x22, 0x0a, 0x22,
    0x6a, 0x8b, 0x4a, 0x8b, 0x2a, 0x83, 0x6a, 0x8b, 0x4a, 0x83, 0x2a, 0x83,
    0xa9, 0x62, 0xad, 0x83, 0x74, 0xc5, 0x6c, 0x7b, 0xc6, 0x39, 0x89, 0x5a,
    0x95, 0xc5, 0x37, 0xde, 0x57, 0xde, 0xd5, 0xd5, 0x16, 0xde, 0x57, 0xde,
    0x57, 0xe6, 0x78, 0xde, 0x57, 0xde, 0x57, 0xe6, 0x58, 0xde, 0x58, 0xde,
    0x77, 0xe6, 0x77, 0xde, 0x58, 0xde, 0xd5, 0xcd, 0xb4, 0xcd, 0x94, 0xcd,
    0x74, 0xcd, 0x4f, 0xa4, 0x2f, 0x9c, 0x90, 0xa4, 0xd1, 0xb4, 0xf5, 0xd5,
    0x16, 0xde, 0xd5, 0xd5, 0xf5, 0xd5, 0x36, 0xde, 0x16, 0xd6, 0x78, 0xe6,
    0x99, 0xe6, 0xb9, 0xe6, 0x78, 0xe6, 0x78, 0xe6, 0x78, 0xe6, 0x78, 0xe6,
    0x77, 0xe6, 0x78, 0xde, 0x77, 0xde, 0x57, 0xe6, 0x37, 0xde, 0xf5, 0xd5,
    0x73, 0xcd, 0x53, 0xc5, 0x33, 0xc5, 0x53, 0xc5, 0x53, 0xc5, 0x53, 0xc5,
    0x94, 0xcd, 0x12, 0xbd, 0x2c, 0x5b, 0x8f, 0x4b, 0x30, 0x7c, 0x37, 0xd6,
    0x36, 0xde, 0x36, 0xde, 0x36, 0xde, 0x37, 0xde, 0xf5, 0xd5, 0xce, 0x73,
    0xf0, 0x5b, 0x51, 0x7c, 0x93, 0x6c, 0x92, 0x6c, 0x70, 0x9c, 0x90, 0xb4,
    0x70, 0xac, 0x12, 0xc5, 0x32, 0xc5, 0x33, 0xcd, 0x32, 0xc5, 0x33, 0xc5,
    0x53, 0xcd, 0x52, 0xcd, 0x33, 0xc5, 0x33, 0xc5, 0x32, 0xcd, 0x33, 0xcd,
    0x32, 0xc5, 0x53, 0xcd, 0x53, 0xcd, 0x33, 0xcd, 0x53, 0xcd, 0x32, 0xcd,
    0x33, 0xc5, 0x90, 0xac, 0xee, 0x9b, 0x0e, 0xa4, 0x0e, 0xa4, 0xee, 0x9b,
    0x49, 0x4a, 0x6b, 0x22, 0x8c, 0x22, 0xe9, 0x19, 0xaf, 0x43, 0x0c, 0x43,
    0x66, 0x29, 0x66, 0x31, 0x45, 0x29, 0x24, 0x21, 0x86, 0x31, 0x45, 0x31,
    0x89, 0x62, 0xad, 0x8b, 0xed, 0x93, 0xee, 0x93, 0x0b, 0x7b, 0x0a, 0x7b,
    0x16, 0xde, 0xb5, 0xd5, 0x98, 0xee, 0xda, 0xf6, 0xda, 0xee, 0xda, 0xf6,
    0xda, 0xf6, 0xda, 0xee, 0xda, 0xee, 0xda, 0xee, 0xda, 0xf6, 0xda, 0xee,
    0xda, 0xee, 0xd9, 0xf6, 0xf6, 0xd5, 0x32, 0xc5, 0x6b, 0x8b, 0xb0, 0xb4,
    0xd0, 0xbc, 0xf0, 0xbc, 0xf0, 0xc4, 0xf1, 0xbc, 0xcd, 0x93, 0x8c, 0x8b,
    0x4b, 0x7b, 0x0b, 0x6b, 0x4b, 0x73, 0x4c, 0x7b, 0x90, 0xa4, 0x4b, 0x7b,
    0x90, 0xac, 0xf0, 0xbc, 0xf1, 0xbc, 0xf1, 0xc4, 0xf0, 0xbc, 0xf1, 0xbc,
    0xf0, 0xbc, 0x8f, 0xb4, 0xaf, 0xb4, 0xf1, 0xbc, 0xd0, 0xbc, 0xf0, 0xbc,
    0xf1, 0xbc, 0xcd, 0x93, 0xf5, 0xd5, 0xf2, 0xb4, 0xd5, 0xd5, 0x16, 0xde,
    0xf6, 0xd5, 0xd5, 0xd5, 0xf6, 0xd5, 0x16, 0xd6, 0x17, 0xd6, 0x16, 0xd6,
    0x16, 0xd6, 0x94, 0xcd, 0xf2, 0xb4, 0xd2, 0xac, 0xd2, 0xac, 0xd1, 0xac,
    0xb1, 0xac, 0xf2, 0xb4, 0xd2, 0xac, 0x29, 0x32, 0xcc, 0x42, 0xaf, 0x73,
    0xef, 0x83, 0xd2, 0xa4, 0xd1, 0xac, 0x90, 0xac, 0x90, 0xac, 0x70, 0xa4,
    0xd5, 0xcd, 0x16, 0xd6, 0x16, 0xde, 0x74, 0xc5, 0xd5, 0xd5, 0x74, 0xc5,
    0x94, 0xc5, 0x94, 0xcd, 0x94, 0xcd, 0x73, 0xc5, 0x8f, 0xac, 0xaa, 0x5a,
    0x8b, 0x3a, 0xaf, 0x63, 0x0d, 0x43, 0xcd, 0x32, 0xcd, 0x32, 0xed, 0x32,
    0xcd, 0x32, 0x6b, 0x32, 0x29, 0x2a, 0xc8, 0x21, 0xa8, 0x21, 0xc8, 0x21,
    0xc8, 0x21, 0xc8, 0x19, 0xc9, 0x19, 0xc9, 0x19, 0xc9, 0x19, 0xc8, 0x19,
    0xc8, 0x21, 0xc9, 0x19, 0xe8, 0x31, 0x09, 0x22, 0x09, 0x2a, 0x6b, 0x32,
    0x09, 0x2a, 0xe9, 0x21, 0xe9, 0x21, 0xe8, 0x29, 0xe9, 0x21, 0x09, 0x2a,
    0x2a, 0x22, 0x4b, 0x22, 0x2b, 0x22, 0x2a, 0x22, 0x0a, 0x2a, 0xe8, 0x29,
    0x4a, 0x8b, 0x6a, 0x8b, 0x4a, 0x8b, 0x4a, 0x8b, 0x4a, 0x8b, 0x2a, 0x83,
    0x6b, 0x8b, 0x11, 0xb5, 0x70, 0x9c, 0x07, 0x42, 0x65, 0x31, 0x71, 0x9c,
    0x17, 0xde, 0x37, 0xde, 0x78, 0xde, 0xd5, 0xd5, 0x16, 0xde, 0x57, 0xde,
    0x57, 0xde, 0x57, 0xe6, 0x77, 0xde, 0x57, 0xe6, 0x57, 0xe6, 0x57, 0xde,
    0x78, 0xe6, 0x77, 0xe6, 0x57, 0xe6, 0x53, 0xc5, 0x94, 0xcd, 0x94, 0xcd,
    0x94, 0xc5, 0x73, 0xc5, 0xd1, 0xb4, 0x90, 0xa4, 0xb1, 0xac, 0x16, 0xd6,
    0xf5, 0xd5, 0xd5, 0xd5, 0x37, 0xde, 0x37, 0xde, 0x98, 0xe6, 0x78, 0xe6,
    0x78, 0xe6, 0x78, 0xe6, 0x98, 0xe6, 0x77, 0xe6, 0x98, 0xe6, 0x78, 0xe6,
    0x77, 0xde, 0x57, 0xde, 0x37, 0xde, 0x16, 0xde, 0x74, 0xc5, 0x32, 0xc5,
    0x53, 0xc5, 0x73, 0xc5, 0x53, 0xc5, 0x53, 0xc5, 0x53, 0xc5, 0x32, 0xbd,
    0x74, 0xc5, 0x4f, 0xa4, 0x4a, 0x32, 0x0c, 0x4b, 0xb1, 0xa4, 0x37, 0xde,
    0x37, 0xde, 0x37, 0xde, 0x36, 0xde, 0xd5, 0xd5, 0xd1, 0xac, 0xce, 0x73,
    0x30, 0x74, 0x72, 0x64, 0x92, 0x64, 0x72, 0x5c, 0x0f, 0x7c, 0x4f, 0x9c,
    0x70, 0xa4, 0x32, 0xc5, 0x33, 0xc5, 0x33, 0xcd, 0x33, 0xc5, 0x33, 0xcd,
    0x33, 0xcd, 0x33, 0xc5, 0x53, 0xcd, 0x33, 0xcd, 0x32, 0xc5, 0x33, 0xcd,
    0x33, 0xc5, 0x32, 0xc5, 0x32, 0xcd, 0x53, 0xc5, 0x33, 0xc5, 0x32, 0xc5,
    0xb1, 0xb4, 0xad, 0x93, 0xad, 0x9b, 0x0e, 0xa4, 0xee, 0xa3, 0xee, 0xa3,
    0xad, 0x8b, 0xab, 0x32, 0xac, 0x22, 0x4a, 0x22, 0x8f, 0x43, 0x2d, 0x43,
    0x45, 0x29, 0x65, 0x31, 0x44, 0x29, 0x24, 0x21, 0x65, 0x31, 0x65, 0x29,
    0x86, 0x39, 0x0b, 0x73, 0xee, 0x93, 0xed, 0x93, 0x0e, 0x94, 0x2e, 0x9c,
    0xad, 0x8b, 0xa9, 0x72, 0x12, 0xbd, 0xb5, 0xd5, 0xf6, 0xd5, 0xd9, 0xee,
    0xda, 0xf6, 0xda, 0xee, 0xd9, 0xee, 0xd9, 0xee, 0xda, 0xf6, 0xd9, 0xee,
    0xd9, 0xee, 0x95, 0xcd, 0x6b, 0x8b, 0x6f, 0xac, 0x8f, 0xb4, 0xaf, 0xb4,
    0xf0, 0xbc, 0xf0, 0xbc, 0xf0, 0xc4, 0xf0, 0xbc, 0x6f, 0xac, 0x2e, 0xa4,
    0x6c, 0x83, 0x0b, 0x73, 0x2b, 0x73, 0x8d, 0x83, 0xee, 0x93, 0x4e, 0xa4,
    0xf0, 0xbc, 0xf0, 0xbc, 0x11, 0xc5, 0x11, 0xbd, 0x11, 0xbd, 0xf0, 0xbc,
    0xf1, 0xbc, 0xd0, 0xb4, 0xd0, 0xb4, 0xd0, 0xbc, 0xf1, 0xbc, 0xf0, 0xbc,
    0xd0, 0xb4, 0xf2, 0xb4, 0x16, 0xd6, 0xd1, 0xb4, 0xd2, 0xb4, 0xf6, 0xd5,
    0xd5, 0xd5, 0xf6, 0xd5, 0x16, 0xd6, 0x17, 0xd6, 0x16, 0xd6, 0x17, 0xd6,
    0x16, 0xd6, 0x74, 0xc5, 0xd2, 0xac, 0xd1, 0xac, 0xd1, 0xac, 0xb1, 0xac,
    0x70, 0xa4, 0x13, 0xb5, 0xcf, 0x7b, 0x4a, 0x32, 0xcc, 0x42, 0xaf, 0x73,
    0x0f, 0x8c, 0x2f, 0x9c, 0x70, 0xa4, 0xb1, 0xac, 0x12, 0xb5, 0xd5, 0xcd,
    0xf5, 0xd5, 0x16, 0xde, 0xf5, 0xd5, 0xb4, 0xcd, 0x73, 0xcd, 0x74, 0xcd,
    0x73, 0xc5, 0x93, 0xc5, 0x53, 0xc5, 0xf1, 0xb4, 0xf0, 0xb4, 0xee, 0x83,
    0xaf, 0x63, 0x0d, 0x43, 0xac, 0x32, 0xcd, 0x2a, 0xcd, 0x2a, 0xcc, 0x32,
    0x8b, 0x32, 0x87, 0x19, 0xa8, 0x19, 0xa8, 0x19, 0xc9, 0x19, 0x09, 0x1a,
    0xc9, 0x19, 0xc9, 0x19, 0xc8, 0x19, 0xc9, 0x19, 0xc8, 0x19, 0xc8, 0x19,
    0xc9, 0x19, 0xc8, 0x19, 0xec, 0x52, 0x09, 0x1a, 0x29, 0x32, 0x2a, 0x2a,
    0xe9, 0x21, 0xc8, 0x21, 0xc8, 0x21, 0xe9, 0x21, 0x0a, 0x22, 0x2a, 0x2a,
    0x4a, 0x2a, 0x2b, 0x22, 0x4a, 0x22, 0x0a, 0x2a, 0xc8, 0x29, 0xc8, 0x29,
    0x4a, 0x8b, 0x6a, 0x8b, 0x6b, 0x93, 0x4a, 0x8b, 0x4a, 0x83, 0x4b, 0x83,
    0x8f, 0xac, 0xf1, 0xb4, 0x89, 0x5a, 0x45, 0x29, 0x45, 0x29, 0x33, 0xb5,
    0x57, 0xde, 0x57, 0xde, 0x77, 0xe6, 0xb4, 0xcd, 0x36, 0xde, 0x57, 0xde,
    0x57, 0xde, 0x57, 0xe6, 0x58, 0xe6, 0x77, 0xde, 0x57, 0xde, 0x78, 0xe6,
    0x57, 0xde, 0x58, 0xde, 0x57, 0xe6, 0x53, 0xc5, 0x94, 0xc5, 0x94, 0xcd,
    0x94, 0xcd, 0xb4, 0xcd, 0xb4, 0xcd, 0xb1, 0xac, 0xf6, 0xd5, 0xd5, 0xd5,
    0x32, 0xbd, 0x74, 0xc5, 0x37, 0xde, 0x37, 0xde, 0x78, 0xe6, 0x57, 0xde,
    0x57, 0xde, 0x77, 0xe6, 0x78, 0xe6, 0x77, 0xe6, 0x77, 0xde, 0x57, 0xde,
    0x57, 0xe6, 0x16, 0xde, 0xb5, 0xcd, 0x74, 0xcd, 0x73, 0xc5, 0x74, 0xc5,
    0x54, 0xcd, 0x53, 0xc5, 0x53, 0xc5, 0x53, 0xc5, 0x12, 0xbd, 0x53, 0xc5,
    0x12, 0xb5, 0x2f, 0x94, 0x8b, 0x3a, 0x0f, 0x84, 0x36, 0xde, 0x36, 0xde,
    0x37, 0xde, 0x57, 0xde, 0xd5, 0xcd, 0x90, 0xac, 0x8d, 0x73, 0xef, 0x73,
    0x72, 0x64, 0x72, 0x64, 0x72, 0x5c, 0x51, 0x64, 0x70, 0x94, 0x6e, 0x53,
    0x2c, 0x5b, 0x2f, 0x9c, 0x32, 0xc5, 0x33, 0xcd, 0x33, 0xc5, 0x32, 0xc5,
    0x32, 0xcd, 0x33, 0xcd, 0x53, 0xc5, 0x33, 0xcd, 0x33, 0xc5, 0x53, 0xcd,
    0x32, 0xc5, 0x53, 0xc5, 0x33, 0xcd, 0x53, 0xc5, 0x53, 0xcd, 0xd1, 0xbc,
    0x6b, 0x8b, 0x2b, 0x83, 0x0e, 0xa4, 0x0e, 0xa4, 0x0e, 0xa4, 0x0e, 0xa4,
    0x0e, 0xa4, 0x49, 0x32, 0x8b, 0x2a, 0x8f, 0x43, 0x6e, 0x3b, 0xec, 0x42,
    0x24, 0x21, 0x65, 0x29, 0x25, 0x29, 0x24, 0x21, 0x65, 0x31, 0x65, 0x31,
    0x65, 0x31, 0xe7, 0x41, 0x8c, 0x83, 0xcd, 0x8b, 0x0e, 0x94, 0x0e, 0x9c,
    0x0e, 0x94, 0xac, 0x8b, 0x8b, 0x8b, 0x4b, 0x8b, 0x0e, 0xa4, 0x94, 0xcd,
    0x74, 0xc5, 0x37, 0xe6, 0xb9, 0xf6, 0xd9, 0xee, 0xda, 0xf6, 0xd6, 0xd5,
    0x74, 0xc5, 0x4b, 0x83, 0x6f, 0xac, 0x4e, 0xac, 0xd0, 0xbc, 0xf0, 0xbc,
    0xf0, 0xbc, 0xf0, 0xc4, 0xf0, 0xbc, 0xcf, 0xbc, 0xf0, 0xbc, 0xb0, 0xac,
    0x8d, 0x83, 0x2b, 0x73, 0x4c, 0x7b, 0x90, 0xa4, 0x50, 0xa4, 0x4f, 0xa4,
    0xd0, 0xbc, 0xf1, 0xbc, 0xf1, 0xc4, 0xf1, 0xbc, 0x11, 0xc5, 0x11, 0xbd,
    0xf1, 0xbc, 0xf1, 0xbc, 0xd0, 0xb4, 0xd0, 0xbc, 0xf1, 0xbc, 0xf1, 0xbc,
    0x2e, 0x9c, 0xb4, 0xcd, 0x16, 0xde, 0xd1, 0xb4, 0x90, 0xa4, 0xf6, 0xd5,
    0xb5, 0xcd, 0x16, 0xd6, 0x17, 0xd6, 0x16, 0xde, 0xf7, 0xd5, 0x16, 0xd6,
    0xd5, 0xcd, 0x13, 0xb5, 0xd2, 0xac, 0xb1, 0xac, 0xb1, 0xac, 0x91, 0xa4,
    0xf2, 0xb4, 0xb1, 0xa4, 0x09, 0x2a, 0x4a, 0x2a, 0xcc, 0x4a, 0x0f, 0x84,
    0x2f, 0x94, 0x4f, 0xa4, 0x90, 0xac, 0x74, 0xc5, 0xf5, 0xd5, 0xf5, 0xd5,
    0xf6, 0xd5, 0xb4, 0xcd, 0x32, 0xbd, 0x94, 0xcd, 0x74, 0xc5, 0x73, 0xc5,
    0x74, 0xcd, 0x73, 0xc5, 0xb0, 0xac, 0x0e, 0x9c, 0x32, 0xbd, 0xd2, 0x9c,
    0x4e, 0x4b, 0xac, 0x2a, 0xcd, 0x32, 0xcd, 0x32, 0xac, 0x32, 0x4a, 0x2a,
    0x88, 0x19, 0xa8, 0x19, 0xc8, 0x19, 0xa8, 0x19, 0xc8, 0x19, 0xc9, 0x19,
    0xc9, 0x19, 0xc9, 0x19, 0xc9, 0x19, 0xc8, 0x19, 0xc9, 0x19, 0xc8, 0x19,
    0xc8, 0x19, 0xc8, 0x21, 0xec, 0x52, 0x6b, 0x2a, 0x8b, 0x3a, 0x2a, 0x22,
    0xc8, 0x21, 0xc8, 0x21, 0xe9, 0x21, 0x2a, 0x22, 0x2a, 0x22, 0x2a, 0x22,
    0x4b, 0x22, 0x2a, 0x22, 0x09, 0x2a, 0xc8, 0x29, 0xc8, 0x29, 0xc8, 0x29,
    0x4a, 0x8b, 0x4a, 0x8b, 0x6a, 0x8b, 0xab, 0x93, 0x6b, 0x8b, 0x90, 0xac,
    0x53, 0xc5, 0x8c, 0x83, 0xa5, 0x41, 0x65, 0x31, 0x44, 0x29, 0x12, 0xb5,
    0x57, 0xde, 0x78, 0xe6, 0x78, 0xe6, 0xd5, 0xcd, 0x57, 0xde, 0x57, 0xde,
    0x57, 0xe6, 0x57, 0xde, 0x58, 0xe6, 0x77, 0xde, 0x77, 0xe6, 0x58, 0xe6,
    0x77, 0xde, 0x77, 0xe6, 0x57, 0xde, 0x53, 0xc5, 0x94, 0xc5, 0x94, 0xcd,
    0x94, 0xcd, 0x94, 0xcd, 0x94, 0xc5, 0x12, 0xbd, 0xf5, 0xd5, 0x53, 0xc5,
    0x53, 0xc5, 0x16, 0xde, 0x57, 0xde, 0x57, 0xde, 0x57, 0xe6, 0x77, 0xde,
    0x78, 0xe6, 0x77, 0xde, 0x77, 0xe6, 0x78, 0xde, 0x57, 0xde, 0x36, 0xde,
    0xb5, 0xcd, 0xb4, 0xcd, 0x32, 0xbd, 0x74, 0xcd, 0x74, 0xcd, 0x53, 0xc5,
    0x53, 0xc5, 0x53, 0xc5, 0x53, 0xc5, 0x33, 0xc5, 0x12, 0xbd, 0x33, 0xbd,
    0x90, 0xac, 0x8d, 0x7b, 0x8d, 0x7b, 0xf5, 0xd5, 0x36, 0xde, 0x36, 0xde,
    0x37, 0xde, 0xb5, 0xcd, 0xd1, 0xac, 0x70, 0x94, 0x71, 0x74, 0x92, 0x64,
    0x93, 0x64, 0x72, 0x64, 0x72, 0x5c, 0x30, 0x74, 0x30, 0x7c, 0x72, 0x54,
    0x11, 0x54, 0x0c, 0x53, 0x2f, 0x9c, 0x33, 0xc5, 0x33, 0xc5, 0x33, 0xc5,
    0x32, 0xcd, 0x33, 0xc5, 0x32, 0xc5, 0x33, 0xcd, 0x53, 0xcd, 0x53, 0xcd,
    0x53, 0xcd, 0x53, 0xc5, 0x53, 0xcd, 0x33, 0xcd, 0x32, 0xc5, 0x2f, 0xa4,
    0x6c, 0x8b, 0x0e, 0xa4, 0x0e, 0xa4, 0x0e, 0xa4, 0x0e, 0xa4, 0x0e, 0xa4,
    0x0e, 0xa4, 0x08, 0x42, 0x6b, 0x2a, 0xb0, 0x43, 0x6f, 0x43, 0xcb, 0x3a,
    0x24, 0x29, 0x65, 0x29, 0x25, 0x29, 0x24, 0x21, 0x65, 0x31, 0x66, 0x31,
    0x86, 0x31, 0x86, 0x31, 0x48, 0x52, 0xad, 0x83, 0xee, 0x93, 0xee, 0x9b,
    0x0e, 0x94, 0xed, 0x93, 0xac, 0x8b, 0x0d, 0x9c, 0x4e, 0xa4, 0x0d, 0x9c,
    0xac, 0x93, 0xf1, 0xbc, 0x74, 0xcd, 0xf2, 0xbc, 0xd1, 0xb4, 0x0d, 0xa4,
    0xac, 0x93, 0x6e, 0xa4, 0x6f, 0xac, 0x8f, 0xb4, 0x8f, 0xb4, 0xf0, 0xbc,
    0xf0, 0xc4, 0xf0, 0xc4, 0xf0, 0xbc, 0xf0, 0xbc, 0xf0, 0xc4, 0x6f, 0xa4,
    0x8c, 0x83, 0x4c, 0x7b, 0x6c, 0x7b, 0x90, 0xac, 0xad, 0x8b, 0xad, 0x83,
    0x2e, 0x9c, 0x4e, 0xa4, 0xd0, 0xb4, 0xf1, 0xbc, 0xf0, 0xbc, 0x11, 0xc5,
    0xf0, 0xbc, 0xd0, 0xb4, 0xb0, 0xb4, 0xd0, 0xb4, 0xf1, 0xbc, 0xf1, 0xbc,
    0xcd, 0x93, 0xb4, 0xcd, 0xf5, 0xd5, 0x54, 0xc5, 0x33, 0xbd, 0xf6, 0xd5,
    0x16, 0xd6, 0x17, 0xd6, 0x16, 0xd6, 0x17, 0xd6, 0xf6, 0xdd, 0x16, 0xd6,
    0x53, 0xbd, 0xd2, 0xb4, 0xd2, 0xac, 0xb2, 0xac, 0x91, 0xa4, 0x91, 0xac,
    0x12, 0xb5, 0x2c, 0x63, 0x4a, 0x32, 0x8b, 0x3a, 0x6d, 0x6b, 0xee, 0x8b,
    0x70, 0xa4, 0x12, 0xbd, 0xb4, 0xcd, 0xf5, 0xd5, 0xf6, 0xd5, 0x16, 0xde,
    0xb4, 0xcd, 0x53, 0xc5, 0x32, 0xbd, 0x74, 0xc5, 0x94, 0xcd, 0x94, 0xc5,
    0x94, 0xc5, 0xf2, 0xb4, 0x8d, 0x7b, 0x0e, 0x94, 0xd1, 0xac, 0x6e, 0x63,
    0xac, 0x2a, 0x8c, 0x2a, 0xac, 0x2a, 0xcd, 0x2a, 0xab, 0x3a, 0x87, 0x19,
    0xa8, 0x19, 0xa8, 0x19, 0xa8, 0x19, 0xc8, 0x19, 0xe9, 0x19, 0xc9, 0x19,
    0xe9, 0x19, 0xe9, 0x19, 0xc9, 0x19, 0xc8, 0x19, 0xc8, 0x19, 0xc9, 0x19,
    0xc8, 0x19, 0xa8, 0x21, 0x4a, 0x32, 0x8b, 0x32, 0x4a, 0x2a, 0x4a, 0x2a,
    0xe9, 0x21, 0x09, 0x32, 0x8a, 0x32, 0x8b, 0x32, 0x8b, 0x32, 0x8c, 0x2a,
    0xac, 0x2a, 0x8c, 0x22, 0x6b, 0x2a, 0x4b, 0x2a, 0x6b, 0x2a, 0x6b, 0x2a,
    0x4a, 0x8b, 0x4a, 0x8b, 0x6a, 0x8b, 0xab, 0x93, 0xed, 0x93, 0x94, 0xcd,
    0xb0, 0xb4, 0x4b, 0x83, 0x68, 0x62, 0xc6, 0x39, 0x65, 0x31, 0xf2, 0xb4,
    0x36, 0xde, 0x78, 0xde, 0x78, 0xe6, 0xb4, 0xcd, 0x57, 0xde, 0x37, 0xde,
    0x57, 0xe6, 0x57, 0xde, 0x57, 0xde, 0x57, 0xe6, 0x57, 0xde, 0x57, 0xde,
    0x57, 0xe6, 0x57, 0xde, 0x77, 0xe6, 0x53, 0xc5, 0x94, 0xcd, 0x94, 0xcd,
    0x94, 0xc5, 0x94, 0xcd, 0x12, 0xbd, 0xf6, 0xd5, 0x94, 0xcd, 0x12, 0xbd,
    0x73, 0xc5, 0x57, 0xde, 0x57, 0xde, 0x57, 0xde, 0x57, 0xde, 0x57, 0xde,
    0x77, 0xe6, 0x57, 0xde, 0x78, 0xe6, 0x57, 0xe6, 0xf6, 0xd5, 0xb4, 0xcd,
    0x12, 0xbd, 0x53, 0xc5, 0x53, 0xc5, 0x53, 0xc5, 0x53, 0xc5, 0x53, 0xc5,
    0x53, 0xc5, 0x53, 0xc5, 0x53, 0xc5, 0x12, 0xbd, 0x33, 0xc5, 0x32, 0xbd,
    0x4f, 0xa4, 0x2f, 0x9c, 0x73, 0xc5, 0x16, 0xde, 0x16, 0xde, 0x16, 0xde,
    0xd5, 0xcd, 0xd1, 0xb4, 0x2f, 0x94, 0x50, 0x6c, 0x92, 0x64, 0x93, 0x64,
    0x93, 0x64, 0x93, 0x64, 0x51, 0x64, 0x8d, 0x73, 0x31, 0x5c, 0x72, 0x5c,
    0x72, 0x54, 0x31, 0x54, 0x6d, 0x5b, 0x70, 0xa4, 0x33, 0xcd, 0x33, 0xc5,
    0x33, 0xcd, 0x33, 0xcd, 0x33, 0xc5, 0x32, 0xc5, 0x53, 0xcd, 0x32, 0xcd,
    0x33, 0xc5, 0x53, 0xc5, 0x53, 0xcd, 0x53, 0xc5, 0xb0, 0xb4, 0x8d, 0x8b,
    0x0e, 0xa4, 0x2e, 0xa4, 0x0e, 0xa4, 0x0e, 0xa4, 0x0e, 0xa4, 0x0e, 0xa4,
    0x0e, 0xa4, 0xeb, 0x6a, 0x4e, 0x3b, 0x8f, 0x3b, 0x8f, 0x43, 0x6a, 0x3a,
    0x25, 0x21, 0x65, 0x31, 0x45, 0x29, 0x24, 0x29, 0x65, 0x29, 0x65, 0x29,
    0x66, 0x31, 0x86, 0x31, 0x85, 0x31, 0x69, 0x52, 0x8c, 0x83, 0xee, 0x93,
    0xee, 0x93, 0xee, 0x93, 0x0e, 0x94, 0x0e, 0x9c, 0x0e, 0x9c, 0x6f, 0xa4,
    0x6f, 0xac, 0x6f, 0xac, 0x2e, 0xa4, 0x8b, 0x93, 0x4a, 0x8b, 0xed, 0x9b,
    0x4e, 0xac, 0x6f, 0xac, 0x2d, 0xa4, 0x31, 0xc5, 0xd0, 0xbc, 0xf0, 0xbc,
    0xf0, 0xbc, 0xf0, 0xc4, 0xd0, 0xbc, 0xf0, 0xc4, 0xf0, 0xbc, 0xcd, 0x93,
    0x2b, 0x7b, 0x6c, 0x7b, 0x50, 0x9c, 0x2f, 0x94, 0xcd, 0x8b, 0xad, 0x8b,
    0x8d, 0x83, 0x8d, 0x8b, 0x2e, 0x9c, 0x6f, 0xac, 0x8f, 0xac, 0x11, 0xbd,
    0xb0, 0xb4, 0x8f, 0xac, 0x8f, 0xac, 0x8f, 0xb4, 0xd0, 0xb4, 0x8f, 0xac,
    0xd1, 0xb4, 0xd5, 0xcd, 0xf6, 0xd5, 0xb5, 0xcd, 0xd5, 0xcd, 0xf6, 0xd5,
    0x16, 0xd6, 0x17, 0xde, 0x17, 0xde, 0x16, 0xd6, 0x16, 0xd6, 0xd6, 0xd5,
    0x33, 0xbd, 0xd2, 0xac, 0xd2, 0xac, 0xd1, 0xac, 0xb1, 0xac, 0x12, 0xb5,
    0x71, 0x9c, 0x29, 0x32, 0x8b, 0x3a, 0xae, 0x7b, 0x70, 0xa4, 0x12, 0xb5,
    0x73, 0xc5, 0xd5, 0xd5, 0xf5, 0xd5, 0xf6, 0xd5, 0xf6, 0xd5, 0xb4, 0xcd,
    0x53, 0xc5, 0x53, 0xc5, 0x73, 0xc5, 0x73, 0xc5, 0x94, 0xcd, 0x93, 0xc5,
    0x32, 0xb5, 0xad, 0x7b, 0x2f, 0x8c, 0xf1, 0xb4, 0xcd, 0x83, 0xab, 0x3a,
    0xac, 0x2a, 0xad, 0x2a, 0xac, 0x2a, 0xac, 0x2a, 0x8a, 0x42, 0xa8, 0x19,
    0xc8, 0x19, 0xa8, 0x19, 0xc8, 0x19, 0xc9, 0x19, 0xc9, 0x19, 0xc9, 0x19,
    0xe8, 0x19, 0xc9, 0x19, 0xc9, 0x19, 0xc9, 0x19, 0xc9, 0x19, 0xc9, 0x19,
    0xc8, 0x19, 0xa8, 0x19, 0xe9, 0x21, 0xe9, 0x21, 0x8a, 0x42, 0x6a, 0x32,
    0x4a, 0x2a, 0xac, 0x32, 0xed, 0x3a, 0xcc, 0x32, 0x8b, 0x2a, 0x8c, 0x22,
    0x8c, 0x22, 0x6b, 0x22, 0x8c, 0x1a, 0x8c, 0x22, 0xac, 0x22, 0xac, 0x22,
    0x4a, 0x8b, 0x6a, 0x8b, 0x6b, 0x8b, 0xac, 0x93, 0xd1, 0xb4, 0x53, 0xc5,
    0xcc, 0x93, 0x09, 0x7b, 0xe9, 0x72, 0xc6, 0x49, 0xc6, 0x41, 0x33, 0xb5,
    0x36, 0xde, 0x78, 0xde, 0x78, 0xe6, 0x94, 0xcd, 0x57, 0xde, 0x37, 0xde,
    0x57, 0xde, 0x57, 0xde, 0x57, 0xe6, 0x58, 0xe6, 0x58, 0xde, 0x57, 0xe6,
    0x58, 0xe6, 0x58, 0xe6, 0x77, 0xde, 0x74, 0xc5, 0x94, 0xcd, 0x94, 0xcd,
    0xb4, 0xcd, 0x73, 0xc5, 0x73, 0xc5, 0xd5, 0xd5, 0x53, 0xc5, 0x53, 0xc5,
    0xd5, 0xd5, 0x37, 0xde, 0x57, 0xde, 0x57, 0xde, 0x57, 0xde, 0x57, 0xde,
    0x57, 0xde, 0x57, 0xde, 0x16, 0xde, 0x94, 0xc5, 0x73, 0xc5, 0x33, 0xc5,
    0x53, 0xc5, 0x53, 0xc5, 0x53, 0xc5, 0x53, 0xc5, 0x53, 0xc5, 0x53, 0xc5,
    0x53, 0xc5, 0x53, 0xc5, 0x73, 0xc5, 0x12, 0xbd, 0x33, 0xc5, 0x2f, 0xa4,
    0x52, 0xc5, 0x52, 0xc5, 0x36, 0xde, 0x37, 0xde, 0x16, 0xd6, 0xb4, 0xcd,
    0xf1, 0xb4, 0x4f, 0x9c, 0xef, 0x73, 0x31, 0x5c, 0x72, 0x64, 0x93, 0x64,
    0x93, 0x64, 0x92, 0x64, 0x50, 0x7c, 0xef, 0x5b, 0x93, 0x5c, 0x93, 0x5c,
    0x73, 0x5c, 0x93, 0x5c, 0x52, 0x5c, 0xcf, 0x63, 0x91, 0xa4, 0x53, 0xc5,
    0x33, 0xc5, 0x53, 0xcd, 0x33, 0xcd, 0x33, 0xc5, 0x32, 0xc5, 0x33, 0xc5,
    0x33, 0xc5, 0x32, 0xc5, 0x33, 0xc5, 0xf2, 0xbc, 0xad, 0x93, 0x8c, 0x93,
    0x0e, 0xa4, 0x2e, 0xa4, 0x2e, 0xac, 0x2e, 0xac, 0x0e, 0xa4, 0x0e, 0xa4,
    0x0e, 0xa4, 0x0b, 0x5b, 0xd0, 0x4b, 0x8f, 0x43, 0x6e, 0x43, 0x08, 0x2a,
    0x04, 0x21, 0x45, 0x29, 0x45, 0x29, 0x25, 0x29, 0x65, 0x29, 0x65, 0x31,
    0x65, 0x31, 0x85, 0x31, 0x66, 0x31, 0x65, 0x31, 0x28, 0x52, 0x4b, 0x7b,
    0xee, 0x93, 0x0e, 0x94, 0x0e, 0x94, 0x0e, 0x9c, 0x2e, 0x9c, 0x2e, 0x9c,
    0x4e, 0xac, 0x6e, 0xac, 0x6e, 0xac, 0x6e, 0xac, 0x6e, 0xac, 0x4e, 0xa4,
    0x4e, 0xa4, 0x6f, 0xac, 0xaf, 0xb4, 0xf0, 0xc4, 0xf0, 0xbc, 0xf1, 0xbc,
    0xf0, 0xc4, 0xf0, 0xbc, 0xd0, 0xbc, 0xf0, 0xbc, 0xf0, 0xbc, 0xac, 0x8b,
    0x2b, 0x73, 0x8d, 0x83, 0xb1, 0xac, 0xee, 0x93, 0xce, 0x8b, 0xad, 0x8b,
    0xad, 0x8b, 0xce, 0x8b, 0xee, 0x93, 0xce, 0x8b, 0x0e, 0x94, 0x4f, 0xa4,
    0x0e, 0x9c, 0x6f, 0xa4, 0x6f, 0xa4, 0x6f, 0xac, 0xb0, 0xb4, 0xcd, 0x93,
    0x73, 0xc5, 0xf6, 0xd5, 0xf6, 0xd5, 0x73, 0xc5, 0xd5, 0xd5, 0xf6, 0xd5,
    0xf6, 0xd5, 0xd5, 0xcd, 0x17, 0xd6, 0x17, 0xd6, 0xf6, 0xd5, 0x54, 0xc5,
    0xd2, 0xac, 0xd1, 0xac, 0xd2, 0xac, 0x91, 0xac, 0xf2, 0xb4, 0x12, 0xb5,
    0xcb, 0x5a, 0x2d, 0x5b, 0xce, 0x83, 0x53, 0xbd, 0x32, 0xbd, 0xf5, 0xd5,
    0xf5, 0xd5, 0xf5, 0xd5, 0xf6, 0xd5, 0xf5, 0xd5, 0xb4, 0xd5, 0x73, 0xc5,
    0x73, 0xc5, 0x32, 0xc5, 0x73, 0xc5, 0x53, 0xc5, 0xb4, 0xcd, 0x94, 0xc5,
    0xb1, 0xa4, 0xce, 0x7b, 0x0e, 0x8c, 0xb0, 0xb4, 0x2b, 0x6b, 0x2a, 0x2a,
    0xad, 0x2a, 0xcd, 0x32, 0xcd, 0x2a, 0xac, 0x32, 0x09, 0x32, 0xc9, 0x19,
    0xc9, 0x19, 0xc8, 0x19, 0xc9, 0x19, 0xc8, 0x19, 0xc8, 0x19, 0xc8, 0x19,
    0xc9, 0x19, 0xc8, 0x19, 0xc8, 0x19, 0xc8, 0x19, 0xc9, 0x19, 0xc8, 0x19,
    0xc9, 0x19, 0xc8, 0x19, 0xc9, 0x19, 0xe8, 0x21, 0xcc, 0x3a, 0xac, 0x32,
    0x2a, 0x22, 0x4b, 0x22, 0x6b, 0x22, 0x2a, 0x1a, 0x0a, 0x1a, 0x0a, 0x1a,
    0x0a, 0x1a, 0xe9, 0x19, 0x09, 0x1a, 0x0a, 0x1a, 0x2a, 0x1a, 0x2b, 0x1a,
    0x4a, 0x8b, 0x4a, 0x8b, 0x8b, 0x93, 0x6f, 0xa4, 0x93, 0xcd, 0xf1, 0xbc,
    0x2a, 0x83, 0x09, 0x7b, 0x09, 0x7b, 0x88, 0x62, 0xca, 0x6a, 0x74, 0xbd,
    0x57, 0xde, 0x78, 0xe6, 0x78, 0xe6, 0x36, 0xde, 0x57, 0xde, 0x36, 0xde,
    0x57, 0xe6, 0x57, 0xde, 0x57, 0xde, 0x77, 0xe6, 0x57, 0xde, 0x57, 0xde,
    0x77, 0xde, 0x78, 0xe6, 0x57, 0xde, 0x94, 0xcd, 0x94, 0xcd, 0x94, 0xcd,
    0x94, 0xc5, 0x32, 0xbd, 0xd5, 0xd5, 0x33, 0xbd, 0x12, 0xbd, 0x33, 0xbd,
    0x37, 0xde, 0x37, 0xde, 0x57, 0xde, 0x57, 0xe6, 0x57, 0xe6, 0x57, 0xde,
    0x57, 0xe6, 0x33, 0xc5, 0x94, 0xc5, 0x32, 0xbd, 0x33, 0xc5, 0x33, 0xc5,
    0x53, 0xc5, 0x53, 0xc5, 0x53, 0xc5, 0x53, 0xc5, 0x53, 0xc5, 0x53, 0xc5,
    0x53, 0xc5, 0x53, 0xc5, 0x32, 0xbd, 0xd1, 0xb4, 0xf1, 0xbc, 0x12, 0xbd,
    0x73, 0xcd, 0xd4, 0xd5, 0x16, 0xde, 0x16, 0xd6, 0x74, 0xc5, 0x12, 0xbd,
    0x90, 0xac, 0x0f, 0x84, 0x10, 0x64, 0x72, 0x64, 0x72, 0x64, 0x93, 0x64,
    0x93, 0x64, 0xae, 0x5b, 0x8d, 0x6b, 0x93, 0x5c, 0x93, 0x5c, 0x93, 0x5c,
    0x93, 0x5c, 0x93, 0x5c, 0x93, 0x64, 0x51, 0x5c, 0x10, 0x64, 0xd2, 0xa4,
    0x53, 0xc5, 0x53, 0xc5, 0x53, 0xcd, 0x53, 0xcd, 0x32, 0xcd, 0x33, 0xc5,
    0x53, 0xcd, 0x52, 0xcd, 0x52, 0xc5, 0xd1, 0xbc, 0x8c, 0x93, 0x0e, 0xa4,
    0x0e, 0xac, 0x0e, 0xa4, 0x2e, 0xac, 0x2f, 0xac, 0x2f, 0xa4, 0x2e, 0xa4,
    0x4c, 0x7b, 0x6e, 0x4b, 0x8f, 0x43, 0x8f, 0x43, 0x6e, 0x3b, 0x66, 0x19,
    0x04, 0x21, 0x45, 0x29, 0x25, 0x29, 0x24, 0x29, 0x65, 0x29, 0x66, 0x29,
    0x65, 0x31, 0x66, 0x31, 0x85, 0x31, 0x65, 0x31, 0x65, 0x31, 0xa6, 0x41,
    0x2b, 0x7b, 0x0e, 0x94, 0x0e, 0x94, 0x0e, 0x94, 0x0e, 0x9c, 0x0e, 0x9c,
    0x2e, 0xa4, 0x4e, 0xac, 0x6f, 0xac, 0x6f, 0xac, 0x8f, 0xb4, 0x2e, 0xa4,
    0x4e, 0xac, 0xcc, 0x9b, 0x11, 0xc5, 0x8f, 0xb4, 0xf0, 0xbc, 0xf0, 0xbc,
    0xf0, 0xc4, 0xf0, 0xbc, 0xf0, 0xbc, 0xf0, 0xc4, 0xf0, 0xbc, 0xee, 0x93,
    0x4c, 0x7b, 0x90, 0xa4, 0x2f, 0x9c, 0xcd, 0x8b, 0xad, 0x8b, 0xce, 0x8b,
    0xad, 0x8b, 0xcd, 0x8b, 0xce, 0x8b, 0xee, 0x8b, 0xee, 0x93, 0xce, 0x8b,
    0xcd, 0x8b, 0x0e, 0x94, 0xee, 0x93, 0x2e, 0x9c, 0xb0, 0xb4, 0xed, 0x93,
    0xb5, 0xcd, 0xf6, 0xd5, 0x94, 0xc5, 0xb1, 0xac, 0xf6, 0xd5, 0xf6, 0xd5,
    0xf6, 0xd5, 0x74, 0xc5, 0x12, 0xb5, 0xd5, 0xcd, 0x16, 0xde, 0x53, 0xbd,
    0xb1, 0xac, 0xd1, 0xac, 0x70, 0xa4, 0xb1, 0xac, 0x90, 0xa4, 0x0e, 0x94,
    0x50, 0x94, 0x12, 0xb5, 0x53, 0xc5, 0xd5, 0xd5, 0xd5, 0xd5, 0xd5, 0xd5,
    0xf5, 0xd5, 0xf5, 0xd5, 0xf6, 0xd5, 0xd5, 0xd5, 0x94, 0xcd, 0x74, 0xc5,
    0x74, 0xcd, 0x74, 0xc5, 0xb5, 0xcd, 0xb4, 0xcd, 0xb5, 0xcd, 0x94, 0xc5,
    0xaf, 0x6b, 0x4d, 0x53, 0x0b, 0x63, 0xb0, 0xb4, 0x6d, 0x6b, 0x4b, 0x2a,
    0xac, 0x2a, 0xcd, 0x32, 0xcd, 0x2a, 0xac, 0x32, 0xe8, 0x29, 0xc8, 0x19,
    0xc8, 0x19, 0xc9, 0x19, 0xc9, 0x19, 0xc9, 0x19, 0xc8, 0x19, 0xa8, 0x19,
    0xc9, 0x19, 0xc8, 0x19, 0xa8, 0x19, 0xc8, 0x19, 0xc8, 0x19, 0xc9, 0x19,
    0xe9, 0x19, 0xe9, 0x19, 0xe9, 0x19, 0xe9, 0x21, 0x0a, 0x22, 0x0a, 0x1a,
    0xc9, 0x19, 0xe9, 0x19, 0xe9, 0x19, 0xe9, 0x19, 0x09, 0x1a, 0x0a, 0x1a,
    0x0a, 0x1a, 0x2a, 0x22, 0x0a, 0x1a, 0x0a, 0x1a, 0x2b, 0x1a, 0x2b, 0x1a,
    0x4a, 0x8b, 0x29, 0x83, 0x4a, 0x83, 0x32, 0xc5, 0x32, 0xbd, 0xed, 0x9b,
    0x2a, 0x83, 0x2a, 0x83, 0x09, 0x83, 0xe9, 0x7a, 0xad, 0x8b, 0xb4, 0xcd,
    0x57, 0xde, 0x78, 0xe6, 0x78, 0xe6, 0x78, 0xe6, 0x57, 0xe6, 0x57, 0xde,
    0x57, 0xe6, 0x57, 0xde, 0x57, 0xde, 0x57, 0xde, 0x57, 0xe6, 0x57, 0xe6,
    0x57, 0xde, 0x57, 0xde, 0x77, 0xe6, 0x94, 0xcd, 0xb4, 0xcd, 0x94, 0xcd,
    0xf1, 0xb4, 0x74, 0xc5, 0xf1, 0xb4, 0x32, 0xbd, 0x53, 0xc5, 0xd5, 0xd5,
    0x37, 0xde, 0x37, 0xde, 0x57, 0xde, 0x57, 0xde, 0x57, 0xde, 0x74, 0xcd,
    0x94, 0xcd, 0x12, 0xbd, 0x53, 0xc5, 0x53, 0xc5, 0x53, 0xc5, 0x53, 0xc5,
    0x53, 0xc5, 0x53, 0xc5, 0x53, 0xc5, 0x53, 0xc5, 0x53, 0xc5, 0x53, 0xc5,
    0x53, 0xc5, 0x33, 0xbd, 0x33, 0xbd, 0x12, 0xbd, 0xf1, 0xb4, 0x36, 0xe6,
    0xd5, 0xd5, 0xf5, 0xd5, 0xd5, 0xd5, 0xf1, 0xb4, 0xf2, 0xb4, 0xf1, 0xb4,
    0xce, 0x83, 0x28, 0x4a, 0xcb, 0x4a, 0xf0, 0x5b, 0x92, 0x64, 0xb3, 0x6c,
    0x51, 0x64, 0x70, 0x8c, 0x31, 0x5c, 0x93, 0x5c, 0x93, 0x5c, 0x93, 0x5c,
    0x93, 0x5c, 0x93, 0x5c, 0x93, 0x5c, 0x93, 0x5c, 0x52, 0x5c, 0x31, 0x6c,
    0xd2, 0xa4, 0x33, 0xc5, 0x33, 0xc5, 0x33, 0xc5, 0x33, 0xcd, 0x52, 0xc5,
    0x53, 0xc5, 0x33, 0xc5, 0xf1, 0xbc, 0x8c, 0x93, 0x0e, 0xa4, 0x2e, 0xa4,
    0x2f, 0xa4, 0x0e, 0xa4, 0x2f, 0xac, 0x2f, 0xa4, 0x2e, 0xa4, 0x2f, 0xa4,
    0x8e, 0x63, 0xcf, 0x4b, 0x8f, 0x43, 0x8f, 0x43, 0x4e, 0x3b, 0x04, 0x19,
    0x24, 0x29, 0x45, 0x29, 0x24, 0x29, 0x24, 0x21, 0x65, 0x29, 0x65, 0x31,
    0x65, 0x31, 0x66, 0x29, 0x65, 0x31, 0x65, 0x29, 0x65, 0x31, 0x45, 0x29,
    0xa6, 0x41, 0x0a, 0x73, 0xee, 0x93, 0xed, 0x9b, 0xed, 0x93, 0xcd, 0x93,
    0x4e, 0xa4, 0x6f, 0xac, 0x6f, 0xac, 0x8f, 0xb4, 0xaf, 0xb4, 0x6f, 0xac,
    0xf0, 0xc4, 0xcf, 0xbc, 0x51, 0xcd, 0x6a, 0x8b, 0xaf, 0xb4, 0xf0, 0xbc,
    0xf0, 0xbc, 0xf0, 0xbc, 0xf0, 0xc4, 0xf0, 0xc4, 0x0d, 0x9c, 0x4b, 0x7b,
    0x8d, 0x83, 0x0e, 0x9c, 0xce, 0x8b, 0xad, 0x83, 0xad, 0x8b, 0xad, 0x8b,
    0xad, 0x8b, 0xad, 0x8b, 0xce, 0x8b, 0xee, 0x8b, 0xee, 0x93, 0xce, 0x93,
    0xee, 0x93, 0xee, 0x8b, 0xad, 0x8b, 0xad, 0x8b, 0xee, 0x93, 0x70, 0xa4,
    0xd5, 0xd5, 0x16, 0xd6, 0x12, 0xb5, 0xf1, 0xb4, 0xf6, 0xd5, 0xf6, 0xd5,
    0xf6, 0xd5, 0xd5, 0xd5, 0x74, 0xc5, 0x53, 0xc5, 0x32, 0xbd, 0x12, 0xbd,
    0xb1, 0xac, 0xb1, 0xac, 0x12, 0xb5, 0xb4, 0xcd, 0x73, 0xc5, 0xf1, 0xb4,
    0xb5, 0xcd, 0xf5, 0xd5, 0xf5, 0xd5, 0xd5, 0xd5, 0xd5, 0xcd, 0xf5, 0xd5,
    0xd5, 0xd5, 0xd5, 0xd5, 0xd5, 0xd5, 0xb5, 0xcd, 0xb5, 0xcd, 0xb4, 0xcd,
    0xb4, 0xcd, 0xd5, 0xd5, 0xd5, 0xcd, 0x12, 0xb5, 0x50, 0x8c, 0x6e, 0x53,
    0xcd, 0x32, 0xcc, 0x3a, 0xce, 0x7b, 0xb0, 0xac, 0x6d, 0x63, 0x8c, 0x2a,
    0xac, 0x2a, 0xcc, 0x2a, 0xed, 0x32, 0xcc, 0x3a, 0xc8, 0x29, 0xc8, 0x19,
    0xe9, 0x19, 0xe9, 0x19, 0xc9, 0x19, 0xc8, 0x19, 0xc9, 0x19, 0xc9, 0x19,
    0xc9, 0x19, 0xc9, 0x19, 0xe9, 0x19, 0xc9, 0x19, 0xc8, 0x19, 0xc9, 0x19,
    0xc8, 0x19, 0xe9, 0x19, 0xc9, 0x19, 0xe9, 0x19, 0xc9, 0x19, 0xc8, 0x19,
    0xe9, 0x19, 0x4b, 0x1a, 0x4b, 0x22, 0x4b, 0x22, 0x2a, 0x1a, 0x0a, 0x1a,
    0x2a, 0x1a, 0x2a, 0x1a, 0x0a, 0x1a, 0x2a, 0x1a, 0x4b, 0x22, 0x2a, 0x1a,
    0x6a, 0x8b, 0x4a, 0x8b, 0x2e, 0x9c, 0x73, 0xcd, 0x11, 0xbd, 0xac, 0x93,
    0x2a, 0x83, 0x29, 0x83, 0xe9, 0x7a, 0x09, 0x7b, 0x4f, 0xa4, 0xd5, 0xcd,
    0x57, 0xde, 0x77, 0xe6, 0x78, 0xe6, 0x78, 0xe6, 0x57, 0xe6, 0x77, 0xe6,
    0x57, 0xde, 0x57, 0xde, 0x57, 0xe6, 0x57, 0xde, 0x57, 0xde, 0x57, 0xe6,
    0x57, 0xe6, 0x57, 0xde, 0x77, 0xe6, 0x94, 0xcd, 0x94, 0xc5, 0x94, 0xcd,
    0x53, 0xc5, 0x32, 0xbd, 0x12, 0xbd, 0x12, 0xbd, 0x12, 0xbd, 0x36, 0xde,
    0x36, 0xde, 0x37, 0xde, 0x57, 0xde, 0x94, 0xcd, 0x74, 0xc5, 0x53, 0xc5,
    0x53, 0xc5, 0x33, 0xbd, 0x53, 0xc5, 0x53, 0xc5, 0x53, 0xc5, 0x53, 0xc5,
    0x53, 0xc5, 0x53, 0xc5, 0x53, 0xc5, 0x53, 0xc5, 0x53, 0xbd, 0x53, 0xc5,
    0x33, 0xbd, 0x33, 0xbd, 0x53, 0xc5, 0x33, 0xbd, 0xb1, 0xb4, 0xb4, 0xd5,
    0xf5, 0xd5, 0x53, 0xc5, 0xf2, 0xbc, 0xb1, 0xac, 0xd1, 0xb4, 0xad, 0x8b,
    0xc7, 0x41, 0x65, 0x31, 0xe7, 0x39, 0x69, 0x42, 0xd0, 0x53, 0x93, 0x64,
    0xd1, 0x94, 0x30, 0x6c, 0x93, 0x5c, 0x93, 0x5c, 0x93, 0x5c, 0x93, 0x5c,
    0x93, 0x5c, 0x92, 0x5c, 0x93, 0x5c, 0x93, 0x5c, 0x92, 0x5c, 0x72, 0x5c,
    0x31, 0x64, 0x91, 0x9c, 0x32, 0xc5, 0x33, 0xc5, 0x32, 0xc5, 0x32, 0xcd,
    0x32, 0xc5, 0x33, 0xc5, 0xf1, 0xbc, 0x8d, 0x93, 0x0e, 0xa4, 0x2f, 0xac,
    0x2f, 0xa4, 0x0e, 0xa4, 0x2f, 0xac, 0x2e, 0xa4, 0x0e, 0xa4, 0xaa, 0x5a,
    0xaf, 0x4b, 0xb0, 0x4b, 0xaf, 0x43, 0x8f, 0x43, 0x4e, 0x3b, 0x25, 0x21,
    0x24, 0x29, 0x45, 0x29, 0x24, 0x29, 0x25, 0x29, 0x65, 0x29, 0x65, 0x31,
    0x66, 0x31, 0x65, 0x31, 0x65, 0x29, 0x66, 0x31, 0x65, 0x31, 0x65, 0x31,
    0x65, 0x29, 0xa6, 0x41, 0xc9, 0x6a, 0xed, 0x93, 0x2e, 0xa4, 0x4e, 0xa4,
    0x4e, 0xa4, 0x8f, 0xac, 0x4e, 0xa4, 0x6e, 0xac, 0xcc, 0x93, 0xaf, 0xbc,
    0x31, 0xcd, 0xaf, 0xbc, 0x50, 0xcd, 0x8e, 0xbc, 0xd0, 0xbc, 0x6a, 0x8b,
    0xb0, 0xb4, 0xf0, 0xbc, 0xf0, 0xc4, 0x11, 0xc5, 0xcd, 0x93, 0x2b, 0x7b,
    0x2f, 0x9c, 0xee, 0x93, 0xcd, 0x8b, 0xad, 0x8b, 0xae, 0x8b, 0xad, 0x83,
    0xcd, 0x8b, 0xad, 0x8b, 0xee, 0x8b, 0xee, 0x93, 0xce, 0x8b, 0xee, 0x8b,
    0xee, 0x93, 0xce, 0x8b, 0xcd, 0x8b, 0xad, 0x8b, 0x8c, 0x83, 0x70, 0xa4,
    0xd5, 0xcd, 0xf6, 0xd5, 0x91, 0xac, 0xb5, 0xcd, 0xf6, 0xd5, 0xf5, 0xd5,
    0xf6, 0xd5, 0xf6, 0xd5, 0xd5, 0xd5, 0xb5, 0xcd, 0x53, 0xc5, 0x90, 0xac,
    0xf2, 0xb4, 0x74, 0xcd, 0xd5, 0xd5, 0x16, 0xd6, 0x74, 0xcd, 0xd5, 0xd5,
    0xd5, 0xd5, 0xd5, 0xcd, 0xd5, 0xd5, 0xd5, 0xd5, 0xf5, 0xd5, 0xf5, 0xd5,
    0xd5, 0xd5, 0xd5, 0xd5, 0xd5, 0xd5, 0xd5, 0xd5, 0xd5, 0xd5, 0xf5, 0xd5,
    0xb5, 0xcd, 0xf6, 0xd5, 0xed, 0x8b, 0xcc, 0x4a, 0x8b, 0x32, 0x6b, 0x22,
    0x6b, 0x2a, 0x0c, 0x4b, 0xb0, 0xac, 0xed, 0x8b, 0x2c, 0x63, 0x0d, 0x43,
    0xac, 0x2a, 0xed, 0x32, 0xac, 0x32, 0xcc, 0x3a, 0xaa, 0x4a, 0xe9, 0x21,
    0xc9, 0x19, 0xe9, 0x19, 0xc9, 0x19, 0xc8, 0x19, 0xc8, 0x19, 0xc9, 0x19,
    0xe9, 0x19, 0xe9, 0x19, 0xe9, 0x19, 0xe8, 0x19, 0xc9, 0x19, 0xc9, 0x19,
    0xc9, 0x19, 0xc9, 0x19, 0xe9, 0x19, 0xc8, 0x19, 0xc9, 0x19, 0xe9, 0x19,
    0x09, 0x1a, 0x4b, 0x1a, 0x4b, 0x1a, 0x0a, 0x1a, 0x0a, 0x1a, 0x0a, 0x1a,
    0x2a, 0x1a, 0x2a, 0x1a, 0x0a, 0x1a, 0x2a, 0x1a, 0x2a, 0x1a, 0x2b, 0x1a,
    0x47, 0x6a, 0x0a, 0x7b, 0x32, 0xc5, 0x32, 0xbd, 0x0d, 0x9c, 0xab, 0x93,
    0x2a, 0x8b, 0x29, 0x83, 0x29, 0x83, 0x0a, 0x83, 0xb0, 0xac, 0xb5, 0xcd,
    0x37, 0xde, 0x57, 0xe6, 0x78, 0xde, 0x77, 0xde, 0xf6, 0xd5, 0x57, 0xde,
    0x37, 0xde, 0x57, 0xde, 0x57, 0xde, 0x57, 0xde, 0x58, 0xde, 0x58, 0xde,
    0x57, 0xe6, 0x58, 0xde, 0x77, 0xe6, 0xb5, 0xd5, 0xb4, 0xcd, 0xd1, 0xac,
    0xb5, 0xcd, 0x32, 0xbd, 0x33, 0xbd, 0x53, 0xc5, 0xf5, 0xd5, 0x37, 0xde,
    0x36, 0xde, 0xb4, 0xcd, 0x33, 0xbd, 0x33, 0xc5, 0x53, 0xc5, 0x53, 0xc5,
    0x53, 0xc5, 0x53, 0xc5, 0x33, 0xc5, 0x53, 0xbd, 0x33, 0xbd, 0x53, 0xc5,
    0x53, 0xc5, 0x33, 0xc5, 0x53, 0xbd, 0x53, 0xc5, 0x53, 0xc5, 0x53, 0xc5,
    0x53, 0xbd, 0x33, 0xbd, 0x33, 0xc5, 0xd1, 0xb4, 0xd1, 0xb4, 0xf5, 0xd5,
    0xd1, 0xb4, 0xf2, 0xb4, 0xb1, 0xb4, 0xb0, 0xac, 0x90, 0xa4, 0x8c, 0x83,
    0xc6, 0x41, 0x86, 0x31, 0x85, 0x31, 0x86, 0x31, 0xe8, 0x29, 0xcb, 0x4a,
    0x8d, 0x73, 0x31, 0x54, 0x72, 0x5c, 0x93, 0x5c, 0x93, 0x5c, 0x92, 0x5c,
    0x93, 0x5c, 0x93, 0x5c, 0x93, 0x5c, 0x93, 0x5c, 0x93, 0x5c, 0x72, 0x5c,
    0x52, 0x5c, 0x52, 0x64, 0x71, 0x94, 0x12, 0xc5, 0x33, 0xc5, 0x33, 0xc5,
    0x33, 0xcd, 0x12, 0xc5, 0x2f, 0xac, 0x0e, 0xa4, 0x2f, 0xac, 0x2f, 0xac,
    0x2e, 0xa4, 0x2e, 0xac, 0x2f, 0xa4, 0x2e, 0xa4, 0x8c, 0x83, 0x8e, 0x53,
    0x8f, 0x43, 0xaf, 0x43, 0x8f, 0x3b, 0xaf, 0x43, 0x4e, 0x43, 0x65, 0x29,
    0x45, 0x29, 0x45, 0x29, 0x24, 0x21, 0x25, 0x29, 0x45, 0x29, 0x65, 0x29,
    0x66, 0x31, 0x65, 0x29, 0x65, 0x31, 0x66, 0x29, 0x65, 0x29, 0x65, 0x31,
    0x65, 0x31, 0x65, 0x29, 0x64, 0x39, 0x47, 0x62, 0x6f, 0xac, 0x6f, 0xac,
    0x4e, 0xa4, 0x0d, 0xa4, 0x6e, 0xac, 0x0d, 0x9c, 0x0d, 0x9c, 0x10, 0xc5,
    0x31, 0xcd, 0x10, 0xc5, 0x30, 0xcd, 0xaf, 0xbc, 0xf0, 0xc4, 0x8e, 0xb4,
    0x0d, 0xa4, 0xf0, 0xbc, 0xf0, 0xbc, 0x8f, 0xb4, 0x6b, 0x83, 0xad, 0x8b,
    0x0f, 0x94, 0xce, 0x8b, 0xce, 0x8b, 0xad, 0x8b, 0xad, 0x8b, 0xce, 0x8b,
    0xce, 0x8b, 0xce, 0x8b, 0xce, 0x8b, 0xce, 0x8b, 0xce, 0x8b, 0xcd, 0x8b,
    0xad, 0x8b, 0xad, 0x8b, 0xad, 0x83, 0xcd, 0x8b, 0xad, 0x8b, 0x90, 0xa4,
    0xd5, 0xcd, 0x16, 0xd6, 0x90, 0xa4, 0xf6, 0xd5, 0xf6, 0xd5, 0xf5, 0xd5,
    0xd5, 0xd5, 0xf6, 0xd5, 0xf6, 0xd5, 0xd5, 0xd5, 0x94, 0xc5, 0x33, 0xbd,
    0x12, 0xb5, 0x2f, 0x9c, 0xf2, 0xb4, 0xf6, 0xd5, 0xf6, 0xd5, 0xf5, 0xd5,
    0xd5, 0xd5, 0xd5, 0xd5, 0xd5, 0xcd, 0xd5, 0xcd, 0xd5, 0xcd, 0xb5, 0xcd,
    0xd5, 0xd5, 0xb5, 0xcd, 0xb4, 0xcd, 0xd5, 0xcd, 0xd5, 0xd5, 0xd5, 0xcd,
    0x70, 0xa4, 0xb1, 0xac, 0x6f, 0x9c, 0x4a, 0x32, 0x4b, 0x22, 0x4b, 0x22,
    0x4a, 0x2a, 0xcb, 0x52, 0xb0, 0xb4, 0x8c, 0x83, 0x2a, 0x73, 0x8e, 0x6b,
    0x6b, 0x2a, 0x4b, 0x22, 0x4a, 0x2a, 0x8b, 0x3a, 0x8a, 0x42, 0xc9, 0x19,
    0xc9, 0x19, 0xc8, 0x19, 0xe9, 0x19, 0xe9, 0x21, 0xc9, 0x19, 0xc9, 0x19,
    0xe8, 0x19, 0xe9, 0x21, 0x8b, 0x3a, 0xec, 0x42, 0x2a, 0x22, 0xc9, 0x19,
    0xc8, 0x19, 0xe9, 0x19, 0xe9, 0x19, 0xc9, 0x19, 0xe9, 0x19, 0xe9, 0x19,
    0xe9, 0x19, 0xea, 0x19, 0x0a, 0x1a, 0x0a, 0x1a, 0x0a, 0x1a, 0x2a, 0x1a,
    0x2b, 0x1a, 0x2a, 0x22, 0x2a, 0x22, 0x2a, 0x1a, 0x2b, 0x1a, 0x2a, 0x1a,
    0x47, 0x72, 0x6c, 0x8b, 0x94, 0xcd, 0xf1, 0xb4, 0xe9, 0x7a, 0x4a, 0x8b,
    0x2a, 0x83, 0x09, 0x7b, 0x09, 0x7b, 0x09, 0x7b, 0xd1, 0xb4, 0xf5, 0xd5,
    0x57, 0xde, 0x78, 0xe6, 0x78, 0xe6, 0x77, 0xde, 0x73, 0xc5, 0x37, 0xde,
    0xf6, 0xd5, 0x57, 0xe6, 0x57, 0xe6, 0x57, 0xe6, 0x57, 0xde, 0x57, 0xe6,
    0x57, 0xde, 0x77, 0xde, 0x78, 0xe6, 0xd5, 0xd5, 0x94, 0xcd, 0xb4, 0xcd,
    0x33, 0xbd, 0x32, 0xbd, 0x12, 0xbd, 0xd2, 0xb4, 0x16, 0xde, 0xd5, 0xcd,
    0x32, 0xbd, 0x53, 0xbd, 0x33, 0xbd, 0x33, 0xbd, 0x53, 0xc5, 0x53, 0xc5,
    0x53, 0xbd, 0x53, 0xbd, 0x33, 0xc5, 0x33, 0xbd, 0x33, 0xc5, 0x33, 0xc5,
    0x33, 0xbd, 0x53, 0xc5, 0x33, 0xbd, 0x53, 0xc5, 0x53, 0xc5, 0x33, 0xbd,
    0x53, 0xc5, 0x33, 0xc5, 0x53, 0xc5, 0xd1, 0xb4, 0x90, 0xac, 0x12, 0xbd,
    0xf1, 0xb4, 0xf1, 0xb4, 0xd1, 0xb4, 0x90, 0xac, 0x70, 0xa4, 0xad, 0x8b,
    0xc6, 0x41, 0x86, 0x31, 0x85, 0x31, 0x86, 0x31, 0x85, 0x31, 0x91, 0xa4,
    0x92, 0x74, 0x73, 0x5c, 0x73, 0x54, 0x92, 0x54, 0x93, 0x5c, 0x93, 0x5c,
    0x73, 0x54, 0x93, 0x5c, 0x93, 0x5c, 0x93, 0x5c, 0x93, 0x5c, 0x93, 0x5c,
    0x72, 0x5c, 0x52, 0x5c, 0x51, 0x64, 0x71, 0x94, 0x32, 0xc5, 0x33, 0xc5,
    0x33, 0xc5, 0xf1, 0xbc, 0x0a, 0x83, 0x0e, 0xa4, 0x0e, 0xa4, 0x2e, 0xa4,
    0x0e, 0xa4, 0x2f, 0xa4, 0x0e, 0xa4, 0x2f, 0xa4, 0xaf, 0x6b, 0xd0, 0x53,
    0xd0, 0x43, 0xaf, 0x43, 0xaf, 0x43, 0x8f, 0x43, 0xc7, 0x21, 0x65, 0x31,
    0x65, 0x29, 0x24, 0x29, 0x24, 0x21, 0x24, 0x21, 0x45, 0x29, 0x65, 0x31,
    0x65, 0x29, 0x65, 0x29, 0x65, 0x31, 0x65, 0x29, 0x65, 0x29, 0x65, 0x31,
    0x65, 0x29, 0x45, 0x29, 0x44, 0x31, 0x29, 0x83, 0x09, 0x7b, 0xaf, 0xb4,
    0x6f, 0xac, 0x2e, 0xa4, 0x0d, 0x9c, 0xac, 0x93, 0x6f, 0xac, 0xef, 0xc4,
    0x10, 0xcd, 0x10, 0xcd, 0xce, 0xbc, 0xcf, 0xc4, 0x30, 0xcd, 0x10, 0xc5,
    0x10, 0xcd, 0xf0, 0xc4, 0xd0, 0xbc, 0xcc, 0x93, 0x0b, 0x73, 0xad, 0x8b,
    0xad, 0x8b, 0xad, 0x8b, 0xce, 0x8b, 0xad, 0x83, 0xad, 0x8b, 0xad, 0x8b,
    0xce, 0x8b, 0xce, 0x8b, 0xcd, 0x8b, 0xcd, 0x8b, 0xcd, 0x8b, 0xad, 0x8b,
    0x8d, 0x83, 0xad, 0x83, 0xad, 0x8b, 0xae, 0x83, 0x91, 0xa4, 0xd2, 0xac,
    0xd5, 0xd5, 0xf6, 0xd5, 0x70, 0xa4, 0xd5, 0xd5, 0xf6, 0xd5, 0xf6, 0xd5,
    0xd5, 0xd5, 0xf6, 0xd5, 0xd6, 0xd5, 0x74, 0xc5, 0x12, 0xb5, 0x33, 0xbd,
    0x12, 0xb5, 0xf1, 0xb4, 0x32, 0xbd, 0xee, 0x8b, 0xea, 0x6a, 0xad, 0x83,
    0x54, 0xbd, 0xd5, 0xcd, 0x94, 0xcd, 0xb4, 0xcd, 0xd5, 0xd5, 0xd5, 0xd5,
    0xf5, 0xd5, 0xf6, 0xd5, 0x94, 0xc5, 0x70, 0xa4, 0xcd, 0x8b, 0xf1, 0xac,
    0x70, 0xa4, 0x4f, 0xa4, 0x70, 0xa4, 0x08, 0x32, 0x4b, 0x22, 0x4a, 0x22,
    0x6a, 0x32, 0x4c, 0x73, 0xf1, 0xbc, 0xd1, 0xac, 0xee, 0x83, 0xad, 0x7b,
    0xec, 0x52, 0xcc, 0x3a, 0x8b, 0x3a, 0x2a, 0x2a, 0x6a, 0x3a, 0xcb, 0x4a,
    0xc9, 0x19, 0xc9, 0x19, 0xe9, 0x19, 0xe9, 0x21, 0xc8, 0x21, 0xe8, 0x29,
    0x8a, 0x4a, 0xcb, 0x42, 0x8b, 0x32, 0x4a, 0x2a, 0xe9, 0x21, 0xab, 0x42,
    0x09, 0x22, 0xc9, 0x19, 0xc8, 0x19, 0xe9, 0x19, 0xc8, 0x19, 0xe9, 0x11,
    0xe9, 0x19, 0xe9, 0x19, 0x0a, 0x1a, 0x0a, 0x1a, 0xea, 0x19, 0x0a, 0x1a,
    0x0a, 0x1a, 0x2b, 0x1a, 0x2b, 0x1a, 0x2b, 0x1a, 0x2a, 0x1a, 0x2b, 0x22,
    0x68, 0x72, 0xb4, 0xcd, 0x93, 0xcd, 0xf1, 0xbc, 0x2a, 0x83, 0x09, 0x83,
    0x09, 0x7b, 0x09, 0x83, 0x0a, 0x83, 0x09, 0x83, 0x4f, 0x9c, 0xd5, 0xd5,
    0x57, 0xde, 0x78, 0xde, 0x78, 0xe6, 0x78, 0xe6, 0x94, 0xcd, 0x57, 0xe6,
    0x57, 0xde, 0x57, 0xde, 0x57, 0xde, 0x57, 0xde, 0x57, 0xe6, 0x57, 0xe6,
    0x57, 0xde, 0x57, 0xe6, 0x57, 0xe6, 0xd5, 0xcd, 0x6f, 0xa4, 0xd1, 0xb4,
    0x33, 0xbd, 0x33, 0xc5, 0x53, 0xc5, 0x94, 0xcd, 0xf2, 0xbc, 0x32, 0xbd,
    0x53, 0xc5, 0x53, 0xc5, 0x53, 0xbd, 0x53, 0xc5, 0x53, 0xc5, 0x53, 0xc5,
    0x53, 0xbd, 0x33, 0xc5, 0x33, 0xc5, 0x33, 0xbd, 0x53, 0xbd, 0x33, 0xbd,
    0x53, 0xc5, 0x53, 0xc5, 0x33, 0xbd, 0x33, 0xc5, 0x53, 0xbd, 0x53, 0xc5,
    0x33, 0xbd, 0x12, 0xbd, 0x32, 0xc5, 0x12, 0xbd, 0xd1, 0xb4, 0xf1, 0xb4,
    0xf2, 0xb4, 0xf2, 0xb4, 0xd1, 0xb4, 0xb1, 0xac, 0x90, 0xac, 0x4b, 0x7b,
    0x45, 0x31, 0x86, 0x31, 0x86, 0x31, 0x45, 0x29, 0x70, 0xa4, 0x68, 0x5a,
    0x65, 0x29, 0x11, 0x54, 0x93, 0x5c, 0x93, 0x54, 0x92, 0x54, 0x73, 0x5c,
    0x93, 0x5c, 0x92, 0x5c, 0x73, 0x54, 0x72, 0x54, 0x93, 0x5c, 0x93, 0x5c,
    0x93, 0x5c, 0x31, 0x54, 0x52, 0x54, 0x31, 0x5c, 0xb1, 0xa4, 0x33, 0xc5,
    0x33, 0xc5, 0x32, 0xc5, 0x0e, 0xa4, 0x0e, 0xa4, 0x0e, 0xa4, 0x2f, 0xac,
    0x0e, 0xa4, 0x2f, 0xac, 0x0e, 0xa4, 0xaa, 0x5a, 0x4e, 0x43, 0xb0, 0x43,
    0xd0, 0x43, 0xb0, 0x43, 0xd0, 0x43, 0x8f, 0x43, 0x65, 0x29, 0x86, 0x31,
    0x65, 0x31, 0x45, 0x29, 0x24, 0x21, 0x25, 0x29, 0x65, 0x29, 0x65, 0x29,
    0x66, 0x31, 0x65, 0x31, 0x65, 0x29, 0x65, 0x31, 0x66, 0x31, 0x65, 0x29,
    0x65, 0x31, 0x45, 0x29, 0x64, 0x39, 0xab, 0x93, 0xcc, 0x9b, 0x0d, 0xa4,
    0x4e, 0xac, 0x4e, 0xa4, 0xed, 0x9b, 0x09, 0x7b, 0x6e, 0xac, 0xaf, 0xbc,
    0x8e, 0xbc, 0x10, 0xc5, 0x51, 0xcd, 0xcf, 0xc4, 0x30, 0xcd, 0x51, 0xcd,
    0x71, 0xd5, 0x71, 0xd5, 0x6e, 0xac, 0x0a, 0x7b, 0x8c, 0x83, 0xce, 0x8b,
    0xad, 0x8b, 0xce, 0x8b, 0xce, 0x8b, 0xce, 0x8b, 0xad, 0x8b, 0xad, 0x8b,
    0xae, 0x8b, 0xad, 0x8b, 0xcd, 0x8b, 0xce, 0x8b, 0xce, 0x8b, 0xad, 0x8b,
    0x8c, 0x83, 0xce, 0x83, 0xad, 0x83, 0x8d, 0x83, 0x50, 0x9c, 0xd1, 0xac,
    0xb5, 0xcd, 0xf6, 0xd5, 0x0e, 0x9c, 0xd5, 0xd5, 0xf6, 0xd5, 0xf6, 0xd5,
    0xf6, 0xd5, 0xd5, 0xd5, 0xf5, 0xd5, 0x94, 0xc5, 0x33, 0xbd, 0x33, 0xbd,
    0xb1, 0xac, 0xf2, 0xb4, 0xd2, 0xac, 0x13, 0xb5, 0x0f, 0x8c, 0x6a, 0x3a,
    0x8b, 0x2a, 0xab, 0x32, 0x6a, 0x32, 0x49, 0x32, 0x28, 0x32, 0x8a, 0x42,
    0xab, 0x4a, 0x29, 0x32, 0xe8, 0x31, 0x4c, 0x73, 0x4f, 0x9c, 0x2f, 0x9c,
    0x2f, 0x9c, 0x4f, 0x9c, 0x6f, 0x9c, 0xad, 0x7b, 0x4b, 0x2a, 0x4a, 0x2a,
    0xcc, 0x4a, 0x70, 0xa4, 0xb0, 0xac, 0x2f, 0x94, 0x6c, 0x6b, 0x4d, 0x6b,
    0x4c, 0x63, 0x6b, 0x3a, 0x29, 0x2a, 0x09, 0x22, 0x09, 0x22, 0x28, 0x3a,
    0xa7, 0x21, 0xa7, 0x21, 0xc7, 0x31, 0xaa, 0x4a, 0x6c, 0x6b, 0xab, 0x42,
    0x6b, 0x2a, 0x4b, 0x22, 0x6b, 0x32, 0x2a, 0x22, 0xe8, 0x29, 0x8b, 0x32,
    0xe9, 0x19, 0xc9, 0x19, 0xc9, 0x19, 0xe9, 0x19, 0xc8, 0x19, 0xe9, 0x19,
    0x09, 0x1a, 0xe9, 0x19, 0x0a, 0x1a, 0x09, 0x1a, 0xe9, 0x19, 0x0a, 0x1a,
    0x2a, 0x1a, 0x2a, 0x1a, 0x2b, 0x1a, 0x2b, 0x22, 0x4b, 0x22, 0x2a, 0x1a,
    0xa5, 0x51, 0x53, 0xc5, 0xd1, 0xb4, 0x88, 0x6a, 0x07, 0x62, 0x87, 0x72,
    0xe9, 0x7a, 0x0a, 0x83, 0x2a, 0x83, 0x2a, 0x83, 0xac, 0x8b, 0xd5, 0xcd,
    0x58, 0xe6, 0x78, 0xe6, 0x77, 0xde, 0x57, 0xde, 0x78, 0xe6, 0x57, 0xde,
    0x36, 0xde, 0x37, 0xde, 0x57, 0xde, 0x57, 0xde, 0x57, 0xde, 0x57, 0xe6,
    0x58, 0xde, 0x57, 0xe6, 0x78, 0xe6, 0xd5, 0xcd, 0x74, 0xc5, 0x32, 0xbd,
    0x33, 0xc5, 0x53, 0xc5, 0xf2, 0xb4, 0x53, 0xc5, 0x53, 0xbd, 0x53, 0xbd,
    0x33, 0xbd, 0x33, 0xc5, 0x33, 0xc5, 0x53, 0xc5, 0x33, 0xbd, 0x33, 0xbd,
    0x33, 0xc5, 0x33, 0xc5, 0x53, 0xbd, 0x53, 0xc5, 0x33, 0xc5, 0x33, 0xbd,
    0x53, 0xbd, 0x33, 0xbd, 0x53, 0xbd, 0x53, 0xc5, 0x53, 0xc5, 0x53, 0xbd,
    0xd1, 0xb4, 0x12, 0xbd, 0x32, 0xbd, 0x12, 0xbd, 0x12, 0xbd, 0xb1, 0xac,
    0xf1, 0xb4, 0xd1, 0xb4, 0xb1, 0xac, 0xd1, 0xb4, 0xb0, 0xac, 0x2b, 0x7b,
    0x24, 0x29, 0x65, 0x31, 0x65, 0x31, 0x70, 0x9c, 0x50, 0x9c, 0xe7, 0x41,
    0x86, 0x31, 0x86, 0x31, 0xaf, 0x53, 0x72, 0x54, 0x93, 0x5c, 0x93, 0x5c,
    0x73, 0x5c, 0x93, 0x5c, 0x93, 0x5c, 0x93, 0x5c, 0x72, 0x54, 0x73, 0x54,
    0x73, 0x54, 0x73, 0x5c, 0x32, 0x54, 0x72, 0x54, 0x11, 0x5c, 0xf2, 0xac,
    0x32, 0xc5, 0xee, 0x9b, 0x0e, 0xa4, 0x0e, 0xa4, 0x0f, 0xa4, 0x2f, 0xac,
    0x0e, 0xa4, 0x2e, 0xac, 0x6c, 0x83, 0x8e, 0x53, 0x6e, 0x43, 0xaf, 0x43,
    0xaf, 0x43, 0xaf, 0x43, 0xaf, 0x43, 0x49, 0x32, 0x86, 0x31, 0x86, 0x31,
    0x66, 0x31, 0x45, 0x29, 0x24, 0x21, 0x24, 0x21, 0x45, 0x29, 0x65, 0x31,
    0x65, 0x31, 0x66, 0x31, 0x65, 0x29, 0x65, 0x31, 0x65, 0x31, 0x65, 0x29,
    0x45, 0x29, 0x65, 0x29, 0x84, 0x41, 0xcf, 0xbc, 0x30, 0xcd, 0x0c, 0xa4,
    0x69, 0x8b, 0x88, 0x6a, 0x6b, 0x83, 0x4a, 0x83, 0x8e, 0xb4, 0xae, 0xbc,
    0x10, 0xc5, 0x71, 0xd5, 0x10, 0xc5, 0x2c, 0xa4, 0xaf, 0xbc, 0xef, 0xc4,
    0x71, 0xd5, 0x71, 0xd5, 0x10, 0xc5, 0xb0, 0xb4, 0x6f, 0xa4, 0xad, 0x83,
    0xad, 0x8b, 0xcd, 0x8b, 0xce, 0x8b, 0xad, 0x8b, 0xad, 0x83, 0xce, 0x8b,
    0xee, 0x8b, 0xad, 0x83, 0xf3, 0xac, 0xee, 0x93, 0xee, 0x93, 0xee, 0x93,
    0x0e, 0x94, 0xad, 0x83, 0xad, 0x83, 0x8d, 0x83, 0x4f, 0xa4, 0xd1, 0xac,
    0xd5, 0xcd, 0xf6, 0xd5, 0xb1, 0xac, 0xf6, 0xd5, 0xf6, 0xd5, 0xf6, 0xd5,
    0xf6, 0xd5, 0xf6, 0xd5, 0x94, 0xc5, 0xf2, 0xb4, 0x12, 0xb5, 0xd1, 0xac,
    0xd1, 0xac, 0x12, 0xb5, 0x71, 0x9c, 0x34, 0xb5, 0x54, 0xb5, 0x0b, 0x63,
    0x8b, 0x32, 0xac, 0x2a, 0xac, 0x2a, 0xac, 0x2a, 0xac, 0x2a, 0x4b, 0x2a,
    0xe9, 0x21, 0x09, 0x2a, 0x09, 0x2a, 0x4c, 0x6b, 0xb1, 0xac, 0x6f, 0xa4,
    0x4f, 0x9c, 0x50, 0xa4, 0x6f, 0x9c, 0xb1, 0xac, 0xab, 0x32, 0x8b, 0x32,
    0xcb, 0x4a, 0xd1, 0xac, 0xed, 0x8b, 0xca, 0x5a, 0x2c, 0x63, 0x4c, 0x63,
    0x2c, 0x5b, 0x6a, 0x32, 0x09, 0x22, 0xe9, 0x21, 0xe9, 0x21, 0xe9, 0x21,
    0x8a, 0x4a, 0x08, 0x32, 0xe9, 0x21, 0x4a, 0x22, 0x4b, 0x22, 0x6b, 0x22,
    0x4b, 0x22, 0x4a, 0x2a, 0x09, 0x22, 0xa8, 0x19, 0xab, 0x42, 0xac, 0x32,
    0xe9, 0x19, 0xe9, 0x19, 0xe9, 0x19, 0xc9, 0x19, 0xe9, 0x19, 0xe9, 0x19,
    0xc9, 0x11, 0xea, 0x19, 0x0a, 0x1a, 0x09, 0x1a, 0x0a, 0x1a, 0x0a, 0x1a,
    0x0a, 0x1a, 0x0a, 0x22, 0x2a, 0x22, 0x2a, 0x1a, 0x4a, 0x1a, 0x2a, 0x1a,
    0x6c, 0x8b, 0x52, 0xc5, 0xb0, 0xb4, 0xc6, 0x59, 0x07, 0x6a, 0x47, 0x6a,
    0xe9, 0x7a, 0x2a, 0x83, 0x2a, 0x83, 0x4a, 0x83, 0xac, 0x8b, 0xb5, 0xcd,
    0x77, 0xe6, 0x57, 0xde, 0x78, 0xe6, 0x78, 0xe6, 0x57, 0xde, 0x37, 0xde,
    0x36, 0xde, 0x16, 0xde, 0x37, 0xde, 0x57, 0xde, 0x57, 0xe6, 0x57, 0xde,
    0x57, 0xde, 0x57, 0xe6, 0x78, 0xe6, 0x90, 0xac, 0x12, 0xbd, 0x32, 0xbd,
    0x33, 0xbd, 0x53, 0xc5, 0x53, 0xc5, 0x53, 0xc5, 0x53, 0xc5, 0x53, 0xc5,
    0x33, 0xbd, 0x53, 0xbd, 0x53, 0xc5, 0x33, 0xbd, 0x33, 0xbd, 0x53, 0xc5,
    0x53, 0xbd, 0x33, 0xbd, 0x33, 0xbd, 0x33, 0xc5, 0x32, 0xbd, 0x33, 0xbd,
    0x33, 0xc5, 0x33, 0xc5, 0x33, 0xbd, 0x53, 0xc5, 0x53, 0xbd, 0x32, 0xbd,
    0x32, 0xbd, 0x12, 0xbd, 0x32, 0xbd, 0xf1, 0xb4, 0xb1, 0xb4, 0xb0, 0xac,
    0x70, 0xac, 0x90, 0xac, 0xd1, 0xb4, 0xd1, 0xb4, 0xb1, 0xac, 0x4c, 0x7b,
    0x24, 0x29, 0x65, 0x31, 0x2f, 0x94, 0xb5, 0xcd, 0xca, 0x5a, 0x86, 0x31,
    0x85, 0x31, 0x65, 0x31, 0x65, 0x29, 0xab, 0x3a, 0x32, 0x54, 0x93, 0x54,
    0x93, 0x5c, 0x93, 0x54, 0x93, 0x5c, 0x93, 0x5c, 0x93, 0x5c, 0x92, 0x5c,
    0x72, 0x5c, 0x73, 0x5c, 0x93, 0x5c, 0x52, 0x54, 0x73, 0x5c, 0xf0, 0x53,
    0xf2, 0xac, 0xca, 0x7a, 0x0e, 0xa4, 0x0e, 0xa4, 0x2e, 0xa4, 0x2f, 0xa4,
    0x2e, 0xa4, 0x0f, 0x9c, 0xcf, 0x6b, 0xb0, 0x4b, 0xb0, 0x43, 0xaf, 0x43,
    0xaf, 0x43, 0xaf, 0x43, 0x8f, 0x43, 0x45, 0x29, 0x86, 0x31, 0x85, 0x39,
    0x65, 0x31, 0x45, 0x29, 0x04, 0x21, 0x04, 0x21, 0x45, 0x29, 0x65, 0x29,
    0x65, 0x31, 0x65, 0x31, 0x65, 0x29, 0x66, 0x31, 0x45, 0x29, 0x65, 0x29,
    0x65, 0x31, 0x45, 0x31, 0xc5, 0x49, 0x91, 0xdd, 0x91, 0xdd, 0x0f, 0xc5,
    0xcb, 0x9b, 0x68, 0x5a, 0x06, 0x4a, 0x4a, 0x83, 0xef, 0xc4, 0xef, 0xc4,
    0x51, 0xcd, 0x71, 0xd5, 0x51, 0xd5, 0x31, 0xcd, 0x30, 0xcd, 0xae, 0xbc,
    0x71, 0xd5, 0x71, 0xd5, 0x51, 0xd5, 0x10, 0xc5, 0xac, 0x93, 0x2b, 0x7b,
    0xad, 0x83, 0xad, 0x8b, 0xae, 0x8b, 0xad, 0x8b, 0xce, 0x8b, 0x0f, 0x94,
    0xb5, 0xc5, 0xba, 0xe6, 0x58, 0xde, 0xb2, 0xa4, 0xee, 0x8b, 0xee, 0x93,
    0x0f, 0x94, 0xad, 0x83, 0xad, 0x83, 0x70, 0xa4, 0xd1, 0xac, 0xd1, 0xb4,
    0xd5, 0xd5, 0x16, 0xd6, 0x94, 0xc5, 0xf5, 0xd5, 0xf6, 0xd5, 0xf6, 0xd5,
    0xf6, 0xd5, 0xf5, 0xd5, 0x94, 0xc5, 0xf2, 0xb4, 0xf2, 0xb4, 0xb1, 0xac,
    0xd1, 0xac, 0x2f, 0x9c, 0xf3, 0xac, 0x54, 0xb5, 0x75, 0xb5, 0x14, 0xb5,
    0x49, 0x4a, 0x6b, 0x2a, 0xac, 0x2a, 0xac, 0x2a, 0x6b, 0x2a, 0x09, 0x22,
    0x09, 0x22, 0x09, 0x2a, 0x29, 0x32, 0x8d, 0x7b, 0x4f, 0x9c, 0x4f, 0x9c,
    0x4f, 0xa4, 0x4f, 0xa4, 0x70, 0xa4, 0x70, 0xa4, 0x4a, 0x32, 0xcc, 0x3a,
    0x6c, 0x6b, 0xf2, 0xb4, 0x0f, 0x8c, 0xcb, 0x52, 0x0b, 0x5b, 0x0c, 0x5b,
    0x0d, 0x4b, 0xac, 0x32, 0x2a, 0x22, 0xe9, 0x19, 0x09, 0x22, 0x0a, 0x22,
    0x2a, 0x22, 0x0a, 0x22, 0x0a, 0x22, 0x4b, 0x22, 0x4a, 0x22, 0x4b, 0x22,
    0x6b, 0x22, 0xab, 0x3a, 0xab, 0x3a, 0x4a, 0x32, 0x4a, 0x2a, 0x6b, 0x22,
    0xe9, 0x19, 0xc9, 0x19, 0xe9, 0x19, 0xe9, 0x19, 0xe9, 0x19, 0xe9, 0x19,
    0xe9, 0x19, 0xe9, 0x19, 0xea, 0x19, 0xea, 0x19, 0x09, 0x1a, 0x0a, 0x1a,
    0x0a, 0x1a, 0x2a, 0x22, 0x2a, 0x1a, 0x2a, 0x1a, 0x2a, 0x1a, 0x2b, 0x1a,
    0x53, 0xc5, 0x73, 0xc5, 0xf1, 0xbc, 0x27, 0x6a, 0x07, 0x6a, 0x47, 0x6a,
    0xc8, 0x7a, 0x4a, 0x8b, 0x4a, 0x83, 0x4a, 0x8b, 0x6b, 0x8b, 0x53, 0xbd,
    0x37, 0xde, 0x78, 0xde, 0x57, 0xe6, 0x58, 0xe6, 0x57, 0xde, 0x94, 0xcd,
    0x37, 0xde, 0x36, 0xde, 0x57, 0xde, 0x57, 0xe6, 0x57, 0xe6, 0x58, 0xde,
    0x57, 0xe6, 0x57, 0xde, 0x57, 0xde, 0x53, 0xc5, 0x32, 0xbd, 0x33, 0xbd,
    0x33, 0xbd, 0x33, 0xbd, 0x33, 0xbd, 0x53, 0xbd, 0x33, 0xbd, 0x53, 0xc5,
    0x53, 0xc5, 0x53, 0xbd, 0x53, 0xc5, 0x33, 0xbd, 0x33, 0xbd, 0x53, 0xc5,
    0x53, 0xc5, 0x33, 0xbd, 0x33, 0xc5, 0x33, 0xbd, 0x32, 0xbd, 0x33, 0xbd,
    0x33, 0xc5, 0x53, 0xc5, 0x33, 0xbd, 0x33, 0xc5, 0x33, 0xbd, 0x12, 0xbd,
    0x32, 0xbd, 0xf2, 0xb4, 0xd1, 0xb4, 0xd1, 0xb4, 0xd1, 0xb4, 0xee, 0x93,
    0x68, 0x62, 0xb1, 0xb4, 0xd1, 0xb4, 0xd1, 0xb4, 0xd1, 0xb4, 0xad, 0x83,
    0xa6, 0x39, 0xce, 0x8b, 0x74, 0xc5, 0xaa, 0x5a, 0x65, 0x31, 0x66, 0x31,
    0x66, 0x31, 0x86, 0x31, 0x65, 0x31, 0x86, 0x31, 0xc7, 0x21, 0x11, 0x54,
    0x92, 0x5c, 0x93, 0x5c, 0x93, 0x54, 0x72, 0x5c, 0x93, 0x5c, 0x93, 0x54,
    0x72, 0x5c, 0x93, 0x54, 0x93, 0x5c, 0x92, 0x5c, 0x52, 0x54, 0x32, 0x54,
    0x4d, 0x43, 0x4b, 0x7b, 0x0e, 0xa4, 0x2f, 0xac, 0x0e, 0xa4, 0x2f, 0xac,
    0x0e, 0xa4, 0x0b, 0x6b, 0x2d, 0x3b, 0x8f, 0x3b, 0xaf, 0x43, 0xaf, 0x43,
    0xaf, 0x43, 0xaf, 0x43, 0x49, 0x32, 0x86, 0x39, 0x86, 0x31, 0x85, 0x31,
    0x65, 0x31, 0x45, 0x29, 0x24, 0x29, 0x04, 0x21, 0x45, 0x29, 0x65, 0x31,
    0x66, 0x29, 0x66, 0x31, 0x65, 0x31, 0x65, 0x31, 0x65, 0x31, 0x65, 0x29,
    0x65, 0x31, 0x65, 0x29, 0xc5, 0x49, 0x91, 0xdd, 0x91, 0xdd, 0x91, 0xdd,
    0xcf, 0xbc, 0xa9, 0x62, 0x86, 0x31, 0xea, 0x6a, 0xf0, 0xc4, 0xf0, 0xc4,
    0x51, 0xcd, 0x71, 0xd5, 0x71, 0xd5, 0x92, 0xdd, 0x30, 0xcd, 0x91, 0xdd,
    0x71, 0xd5, 0x10, 0xc5, 0x10, 0xcd, 0x30, 0xcd, 0xaf, 0xb4, 0x8c, 0x8b,
    0x8d, 0x83, 0xae, 0x8b, 0xce, 0x8b, 0xce, 0x8b, 0x0f, 0x94, 0x37, 0xd6,
    0x79, 0xde, 0x79, 0xde, 0x79, 0xde, 0x17, 0xd6, 0x91, 0xa4, 0x0f, 0x94,
    0x2f, 0x9c, 0xce, 0x8b, 0x4c, 0x7b, 0x2f, 0x9c, 0xd1, 0xac, 0xd2, 0xb4,
    0xf5, 0xd5, 0x16, 0xd6, 0xf6, 0xd5, 0xf6, 0xd5, 0xf6, 0xd5, 0xf6, 0xd5,
    0xf6, 0xd5, 0xb5, 0xcd, 0x12, 0xb5, 0xf2, 0xb4, 0xd1, 0xac, 0xd2, 0xac,
    0xf2, 0xb4, 0xf2, 0xac, 0x34, 0xb5, 0x54, 0xb5, 0x34, 0xb5, 0x34, 0xb5,
    0xb2, 0xa4, 0x6a, 0x42, 0xac, 0x2a, 0x8c, 0x2a, 0x2a, 0x2a, 0x09, 0x2a,
    0x29, 0x2a, 0x09, 0x2a, 0x6d, 0x6b, 0x50, 0x94, 0x0b, 0x6b, 0xee, 0x93,
    0x6f, 0x9c, 0x70, 0x9c, 0x70, 0xa4, 0x70, 0x9c, 0x08, 0x3a, 0xec, 0x4a,
    0xf2, 0xac, 0xd1, 0xac, 0x10, 0x7c, 0x0d, 0x43, 0x6b, 0x32, 0xcc, 0x42,
    0x0d, 0x33, 0x6b, 0x2a, 0x0a, 0x22, 0x09, 0x22, 0x0a, 0x22, 0x2a, 0x22,
    0x2a, 0x22, 0x2a, 0x22, 0x4b, 0x22, 0x4b, 0x22, 0x2a, 0x22, 0x2b, 0x22,
    0x4b, 0x22, 0x6b, 0x2a, 0x6b, 0x2a, 0x8b, 0x32, 0x6b, 0x22, 0xe9, 0x11,
    0xc9, 0x19, 0xc9, 0x19, 0xe9, 0x19, 0xe9, 0x19, 0x0a, 0x1a, 0xe9, 0x19,
    0x09, 0x1a, 0x2a, 0x22, 0x0a, 0x1a, 0x0a, 0x1a, 0x0a, 0x1a, 0x0a, 0x1a,
    0x0a, 0x1a, 0x2a, 0x22, 0x0a, 0x1a, 0x2a, 0x22, 0x4b, 0x22, 0x4b, 0x22,
    0x53, 0xc5, 0x73, 0xc5, 0x0e, 0x9c, 0x07, 0x6a, 0x07, 0x6a, 0x07, 0x62,
    0x87, 0x72, 0x2a, 0x83, 0x4a, 0x83, 0x4a, 0x83, 0x0a, 0x7b, 0x4f, 0xa4,
    0x16, 0xd6, 0x77, 0xe6, 0x78, 0xde, 0x57, 0xde, 0x57, 0xde, 0xd5, 0xd5,
    0x57, 0xe6, 0x57, 0xde, 0x37, 0xde, 0x57, 0xde, 0x57, 0xde, 0x57, 0xde,
    0x77, 0xe6, 0x57, 0xe6, 0xd5, 0xcd, 0x53, 0xc5, 0x33, 0xbd, 0x33, 0xbd,
    0x12, 0xbd, 0x32, 0xbd, 0x33, 0xc5, 0x53, 0xbd, 0x33, 0xc5, 0x53, 0xbd,
    0x33, 0xc5, 0x33, 0xc5, 0x53, 0xbd, 0x53, 0xc5, 0x33, 0xc5, 0x33, 0xbd,
    0x33, 0xbd, 0x33, 0xc5, 0x53, 0xc5, 0x32, 0xbd, 0x33, 0xbd, 0x32, 0xbd,
    0x33, 0xbd, 0x32, 0xc5, 0x53, 0xc5, 0x32, 0xbd, 0xd1, 0xb4, 0xf2, 0xb4,
    0xf2, 0xbc, 0xd1, 0xb4, 0xd1, 0xb4, 0x70, 0xa4, 0xce, 0x8b, 0xa6, 0x39,
    0xc6, 0x49, 0xd1, 0xb4, 0xd1, 0xb4, 0xb1, 0xac, 0xb0, 0xac, 0x90, 0xa4,
    0x90, 0xa4, 0xd5, 0xd5, 0x6d, 0x7b, 0x86, 0x31, 0x65, 0x29, 0x65, 0x31,
    0x66, 0x29, 0x65, 0x31, 0x86, 0x31, 0x86, 0x29, 0x65, 0x31, 0xa7, 0x21,
    0xf0, 0x53, 0x72, 0x5c, 0x93, 0x5c, 0x93, 0x5c, 0x93, 0x54, 0x93, 0x5c,
    0x93, 0x5c, 0x72, 0x54, 0x72, 0x5c, 0x52, 0x54, 0x31, 0x54, 0xaf, 0x43,
    0x11, 0x4c, 0x0c, 0x4b, 0xce, 0x8b, 0x2f, 0xa4, 0x2e, 0xa4, 0x0e, 0xa4,
    0xad, 0x8b, 0x6e, 0x53, 0xaf, 0x43, 0xaf, 0x43, 0xaf, 0x43, 0xb0, 0x43,
    0xaf, 0x43, 0x4e, 0x43, 0xa6, 0x31, 0xa6, 0x39, 0x86, 0x39, 0x86, 0x31,
    0x86, 0x31, 0x45, 0x29, 0x25, 0x29, 0x25, 0x29, 0x65, 0x29, 0x65, 0x29,
    0x65, 0x31, 0x65, 0x31, 0x65, 0x31, 0x65, 0x29, 0x45, 0x29, 0x65, 0x31,
    0x66, 0x31, 0x65, 0x31, 0x26, 0x5a, 0x91, 0xdd, 0x91, 0xdd, 0x91, 0xdd,
    0xef, 0xc4, 0xe9, 0x6a, 0xa6, 0x39, 0x0a, 0x73, 0xaf, 0xb4, 0xcf, 0xc4,
    0x30, 0xcd, 0x30, 0xcd, 0xef, 0xc4, 0x91, 0xd5, 0x92, 0xdd, 0x92, 0xd5,
    0x71, 0xd5, 0x0f, 0xcd, 0xcf, 0xc4, 0x0f, 0xc5, 0x50, 0xcd, 0xac, 0x93,
    0x6b, 0x7b, 0xce, 0x8b, 0xee, 0x8b, 0xce, 0x8b, 0xd6, 0xc5, 0x78, 0xde,
    0x78, 0xde, 0x78, 0xde, 0x78, 0xde, 0x79, 0xde, 0xb6, 0xc5, 0x50, 0x9c,
    0x2f, 0x94, 0xee, 0x8b, 0xee, 0x8b, 0x70, 0xa4, 0xd1, 0xb4, 0xd1, 0xac,
    0xf6, 0xd5, 0xd5, 0xcd, 0xf6, 0xd5, 0xf6, 0xd5, 0xf6, 0xd5, 0xf6, 0xd5,
    0xf5, 0xd5, 0x94, 0xc5, 0xb1, 0xac, 0xd1, 0xac, 0xd1, 0xac, 0x12, 0xb5,
    0xb1, 0xac, 0x13, 0xad, 0x34, 0xb5, 0x34, 0xb5, 0x54, 0xb5, 0x34, 0xb5,
    0x13, 0xad, 0xd2, 0xa4, 0xec, 0x4a, 0x4b, 0x2a, 0x2a, 0x2a, 0x2a, 0x22,
    0x09, 0x2a, 0x4a, 0x42, 0x8d, 0x7b, 0x4c, 0x6b, 0x08, 0x3a, 0xce, 0x83,
    0x70, 0xa4, 0x70, 0xa4, 0x90, 0xa4, 0x90, 0xa4, 0x0b, 0x6b, 0x8a, 0x4a,
    0xd1, 0xac, 0x0f, 0x8c, 0x6a, 0x32, 0x6b, 0x22, 0x0a, 0x22, 0x09, 0x22,
    0x0a, 0x22, 0x09, 0x22, 0x09, 0x22, 0x0a, 0x22, 0x2a, 0x22, 0x2a, 0x22,
    0x2a, 0x22, 0x4b, 0x22, 0x4b, 0x22, 0x4b, 0x22, 0x4a, 0x22, 0x4a, 0x22,
    0x4b, 0x22, 0x4b, 0x22, 0x4b, 0x22, 0x6b, 0x32, 0x2a, 0x22, 0xc9, 0x19,
    0xc8, 0x19, 0xc9, 0x19, 0xe9, 0x19, 0xe9, 0x11, 0xe9, 0x19, 0xea, 0x19,
    0xe9, 0x19, 0x09, 0x2a, 0x8b, 0x3a, 0x2a, 0x22, 0x0a, 0x1a, 0x0a, 0x1a,
    0x0a, 0x1a, 0x2a, 0x22, 0x2a, 0x22, 0x4a, 0x2a, 0xab, 0x3a, 0x8b, 0x32,
    0x33, 0xbd, 0x73, 0xc5, 0xc9, 0x72, 0x07, 0x72, 0x07, 0x72, 0x06, 0x62,
    0x67, 0x6a, 0x2a, 0x8b, 0x2a, 0x83, 0x2a, 0x83, 0x88, 0x6a, 0x4f, 0xa4,
    0x16, 0xd6, 0x58, 0xde, 0x78, 0xe6, 0x57, 0xde, 0x78, 0xe6, 0x57, 0xe6,
    0x36, 0xde, 0x36, 0xde, 0x16, 0xde, 0x57, 0xde, 0x57, 0xde, 0x57, 0xe6,
    0x57, 0xde, 0x16, 0xde, 0x16, 0xde, 0x53, 0xc5, 0x33, 0xbd, 0x12, 0xbd,
    0x33, 0xbd, 0x32, 0xbd, 0x33, 0xc5, 0x33, 0xbd, 0x53, 0xbd, 0x33, 0xbd,
    0x53, 0xc5, 0x33, 0xbd, 0x33, 0xbd, 0x32, 0xbd, 0x53, 0xc5, 0x33, 0xbd,
    0x33, 0xbd, 0x32, 0xbd, 0x32, 0xbd, 0x33, 0xbd, 0x32, 0xc5, 0x33, 0xbd,
    0x33, 0xbd, 0x53, 0xbd, 0x12, 0xbd, 0xb0, 0xac, 0xb1, 0xac, 0xf1, 0xb4,
    0xd1, 0xb4, 0xd1, 0xb4, 0x0e, 0x9c, 0xca, 0x6a, 0x65, 0x31, 0x86, 0x31,
    0xa5, 0x41, 0xf1, 0xb4, 0xb1, 0xac, 0x90, 0xac, 0xf2, 0xb4, 0xf5, 0xd5,
    0xd5, 0xcd, 0x12, 0xb5, 0x69, 0x52, 0x65, 0x29, 0x65, 0x31, 0x65, 0x29,
    0x65, 0x29, 0x65, 0x31, 0x65, 0x29, 0x65, 0x31, 0x66, 0x31, 0x65, 0x29,
    0xa7, 0x29, 0xaf, 0x4b, 0x52, 0x54, 0x72, 0x5c, 0x92, 0x54, 0x93, 0x5c,
    0x72, 0x54, 0x32, 0x54, 0x11, 0x4c, 0xb0, 0x43, 0xb0, 0x43, 0xd0, 0x43,
    0xf1, 0x4b, 0x11, 0x54, 0xaa, 0x42, 0xad, 0x93, 0x0e, 0xa4, 0xce, 0x93,
    0x6d, 0x6b, 0x8f, 0x43, 0xb0, 0x43, 0xb0, 0x43, 0xaf, 0x43, 0xb0, 0x43,
    0xaf, 0x43, 0x08, 0x32, 0xa6, 0x39, 0x86, 0x31, 0x85, 0x31, 0x86, 0x39,
    0x85, 0x31, 0x25, 0x29, 0x65, 0x29, 0x45, 0x29, 0x65, 0x31, 0x65, 0x29,
    0x45, 0x29, 0x65, 0x29, 0x66, 0x31, 0x65, 0x31, 0x66, 0x29, 0x65, 0x31,
    0x65, 0x31, 0x65, 0x31, 0xc8, 0x72, 0x91, 0xdd, 0x90, 0xdd, 0x91, 0xdd,
    0x10, 0xc5, 0x0a, 0x73, 0xc7, 0x41, 0xa9, 0x62, 0x6b, 0x8b, 0x8e, 0xb4,
    0x30, 0xcd, 0x50, 0xd5, 0x8e, 0xb4, 0x71, 0xd5, 0x91, 0xd5, 0x31, 0xcd,
    0x30, 0xcd, 0x50, 0xd5, 0x30, 0xcd, 0x10, 0xcd, 0x10, 0xc5, 0xef, 0xc4,
    0xed, 0x93, 0xad, 0x8b, 0x8d, 0x83, 0x70, 0x9c, 0x38, 0xd6, 0x78, 0xde,
    0x79, 0xde, 0x79, 0xde, 0x78, 0xde, 0x79, 0xde, 0x95, 0xbd, 0xad, 0x8b,
    0x2f, 0x94, 0xce, 0x8b, 0x4f, 0x9c, 0xd1, 0xac, 0xd1, 0xac, 0xf1, 0xb4,
    0xd5, 0xcd, 0x33, 0xbd, 0xf5, 0xd5, 0xf6, 0xd5, 0xf6, 0xd5, 0xf5, 0xd5,
    0xd5, 0xcd, 0x33, 0xbd, 0xf2, 0xb4, 0x91, 0xac, 0xb1, 0xac, 0xb1, 0xac,
    0xf3, 0xac, 0x34, 0xb5, 0x34, 0xb5, 0x34, 0xb5, 0x34, 0xb5, 0x34, 0xb5,
    0x34, 0xb5, 0x34, 0xad, 0x91, 0x94, 0x29, 0x32, 0x0a, 0x2a, 0x09, 0x22,
    0x29, 0x32, 0x4d, 0x6b, 0xce, 0x83, 0x8a, 0x3a, 0xe9, 0x21, 0xae, 0x7b,
    0x70, 0xa4, 0x70, 0xa4, 0x70, 0xa4, 0xb0, 0xa4, 0x4f, 0x9c, 0xad, 0x83,
    0xb1, 0xac, 0xce, 0x83, 0x2a, 0x22, 0x4b, 0x22, 0x0a, 0x22, 0x0a, 0x22,
    0x0a, 0x22, 0x0a, 0x1a, 0x0a, 0x22, 0x2a, 0x22, 0x2a, 0x22, 0x2a, 0x22,
    0x4b, 0x22, 0x4b, 0x22, 0x4b, 0x22, 0x4b, 0x22, 0x2a, 0x22, 0x2b, 0x22,
    0x4a, 0x22, 0x4b, 0x22, 0x4a, 0x2a, 0x09, 0x2a, 0xe9, 0x19, 0xea, 0x19,
    0xe9, 0x19, 0xe9, 0x19, 0xc9, 0x11, 0xe9, 0x19, 0xe9, 0x19, 0xe9, 0x19,
    0xe9, 0x19, 0x29, 0x2a, 0xcb, 0x4a, 0x8b, 0x32, 0x2a, 0x22, 0x0a, 0x1a,
    0x0a, 0x1a, 0x0a, 0x1a, 0x2a, 0x1a, 0x4a, 0x22, 0x6b, 0x32, 0x4b, 0x22,
    0x94, 0xcd, 0x53, 0xbd, 0xc6, 0x59, 0x27, 0x72, 0x07, 0x72, 0x07, 0x6a,
    0x88, 0x72, 0x4a, 0x8b, 0x2a, 0x83, 0x29, 0x83, 0x67, 0x62, 0x4f, 0xa4,
    0x94, 0xcd, 0x57, 0xde, 0x77, 0xe6, 0x58, 0xde, 0x78, 0xde, 0x37, 0xde,
    0xb4, 0xcd, 0x37, 0xde, 0x37, 0xde, 0x57, 0xde, 0x57, 0xe6, 0x57, 0xde,
    0x57, 0xde, 0x74, 0xc5, 0x94, 0xcd, 0x53, 0xbd, 0x33, 0xbd, 0xf2, 0xb4,
    0x33, 0xc5, 0x33, 0xbd, 0x32, 0xbd, 0x33, 0xbd, 0x33, 0xc5, 0x33, 0xbd,
    0x32, 0xbd, 0x33, 0xbd, 0x33, 0xbd, 0x33, 0xbd, 0x32, 0xc5, 0x53, 0xbd,
    0x33, 0xc5, 0x33, 0xc5, 0x53, 0xbd, 0x33, 0xbd, 0x33, 0xc5, 0x32, 0xbd,
    0x33, 0xc5, 0x32, 0xbd, 0x90, 0xac, 0x70, 0xa4, 0xd1, 0xb4, 0xd1, 0xb4,
    0xd1, 0xac, 0x0f, 0x94, 0x27, 0x52, 0x65, 0x31, 0x65, 0x31, 0x65, 0x31,
    0xa5, 0x41, 0x90, 0xac, 0x53, 0xbd, 0x74, 0xc5, 0x37, 0xde, 0xf6, 0xd5,
    0x12, 0xb5, 0xca, 0x62, 0x65, 0x31, 0x66, 0x31, 0x65, 0x29, 0x66, 0x31,
    0x65, 0x29, 0x65, 0x29, 0x66, 0x31, 0x65, 0x31, 0x66, 0x29, 0x66, 0x31,
    0x66, 0x31, 0xc7, 0x31, 0x0c, 0x43, 0xf0, 0x4b, 0x32, 0x54, 0x31, 0x54,
    0xf0, 0x4b, 0xaf, 0x43, 0xaf, 0x43, 0xb0, 0x43, 0xb0, 0x43, 0xd0, 0x43,
    0xaf, 0x43, 0xf0, 0x4b, 0xaf, 0x4b, 0xeb, 0x5a, 0x0e, 0x9c, 0x8d, 0x7b,
    0x0d, 0x43, 0xaf, 0x43, 0xaf, 0x43, 0xd0, 0x43, 0xb0, 0x43, 0xaf, 0x43,
    0xec, 0x3a, 0xc7, 0x39, 0xa6, 0x39, 0x86, 0x39, 0x86, 0x31, 0x85, 0x31,
    0x65, 0x31, 0x24, 0x29, 0x65, 0x29, 0x65, 0x29, 0x65, 0x31, 0x65, 0x31,
    0x65, 0x29, 0x45, 0x31, 0x65, 0x31, 0x65, 0x29, 0x66, 0x31, 0x65, 0x31,
    0x66, 0x31, 0xa6, 0x39, 0xec, 0x9b, 0x91, 0xdd, 0x91, 0xdd, 0x91, 0xdd,
    0xef, 0xbc, 0x0a, 0x73, 0xe7, 0x49, 0xe6, 0x49, 0x0a, 0x7b, 0xec, 0xa3,
    0x30, 0xcd, 0x71, 0xd5, 0x4d, 0xac, 0x71, 0xd5, 0x30, 0xcd, 0x8f, 0xac,
    0xd1, 0xa4, 0xaf, 0xac, 0x71, 0xcd, 0x51, 0xd5, 0x10, 0xcd, 0x8e, 0xbc,
    0xab, 0x93, 0x6c, 0x83, 0xee, 0x93, 0xf7, 0xcd, 0x78, 0xde, 0x79, 0xde,
    0x79, 0xde, 0x79, 0xde, 0x78, 0xde, 0x78, 0xde, 0x95, 0xc5, 0xcd, 0x8b,
    0x0f, 0x94, 0xad, 0x83, 0x4f, 0x9c, 0xd1, 0xac, 0xd2, 0xb4, 0xd1, 0xb4,
    0xb5, 0xcd, 0x2f, 0x9c, 0xf5, 0xd5, 0x16, 0xd6, 0xf6, 0xd5, 0x16, 0xd6,
    0xb4, 0xc5, 0x91, 0xa4, 0xf2, 0xb4, 0xd1, 0xac, 0x12, 0xb5, 0x50, 0x9c,
    0x92, 0xa4, 0x34, 0xb5, 0x34, 0xb5, 0x34, 0xb5, 0x34, 0xb5, 0x34, 0xb5,
    0x54, 0xb5, 0x54, 0xb5, 0xd2, 0xa4, 0xcb, 0x5a, 0xa8, 0x21, 0xc8, 0x21,
    0xcb, 0x52, 0xce, 0x83, 0xab, 0x4a, 0x09, 0x22, 0x09, 0x22, 0xab, 0x52,
    0x4f, 0x9c, 0x70, 0xa4, 0x90, 0xa4, 0x90, 0xac, 0xb1, 0xac, 0xb1, 0xac,
    0x70, 0xa4, 0x2c, 0x63, 0x0a, 0x22, 0x09, 0x22, 0x09, 0x22, 0x09, 0x22,
    0x0a, 0x22, 0x2a, 0x22, 0xaa, 0x4a, 0x0b, 0x5b, 0x6a, 0x32, 0x2a, 0x22,
    0x4b, 0x22, 0x4a, 0x22, 0x4b, 0x22, 0x4b, 0x22, 0x4b, 0x22, 0x4b, 0x22,
    0x4b, 0x22, 0x4b, 0x22, 0x6a, 0x32, 0x2a, 0x2a, 0x0a, 0x1a, 0x0a, 0x1a,
    0xe9, 0x19, 0xe9, 0x19, 0xc9, 0x19, 0xc9, 0x11, 0xe9, 0x19, 0xe9, 0x19,
    0x0a, 0x1a, 0x09, 0x22, 0x09, 0x2a, 0x8b, 0x3a, 0xab, 0x3a, 0x4a, 0x2a,
    0x2a, 0x22, 0x2a, 0x1a, 0x2a, 0x22, 0x4b, 0x22, 0x4b, 0x22, 0x6b, 0x22,
    0x94, 0xcd, 0x33, 0xbd, 0x07, 0x5a, 0xe6, 0x61, 0x27, 0x72, 0x27, 0x6a,
    0xa8, 0x7a, 0x4a, 0x8b, 0x4a, 0x8b, 0x2a, 0x83, 0x67, 0x62, 0x2f, 0xa4,
    0x32, 0xbd, 0xb5, 0xcd, 0x57, 0xde, 0x57, 0xde, 0x57, 0xe6, 0x37, 0xde,
    0x94, 0xcd, 0x57, 0xde, 0x37, 0xde, 0x37, 0xde, 0x57, 0xde, 0x57, 0xe6,
    0x57, 0xe6, 0x74, 0xc5, 0x73, 0xc5, 0x53, 0xc5, 0xf2, 0xb4, 0x32, 0xbd,
    0x33, 0xbd, 0x33, 0xbd, 0x32, 0xbd, 0x33, 0xbd, 0x33, 0xbd, 0x32, 0xc5,
    0x32, 0xbd, 0x32, 0xbd, 0x33, 0xc5, 0x32, 0xbd, 0x33, 0xbd, 0x33, 0xbd,
    0x33, 0xbd, 0x33, 0xc5, 0x33, 0xbd, 0x33, 0xc5, 0x33, 0xbd, 0x33, 0xbd,
    0x32, 0xbd, 0x90, 0xac, 0x70, 0xac, 0xd1, 0xb4, 0xd1, 0xac, 0x4f, 0xa4,
    0xad, 0x8b, 0x68, 0x5a, 0xa6, 0x39, 0xa6, 0x39, 0x45, 0x29, 0xaa, 0x5a,
    0x8c, 0x83, 0xf2, 0xb4, 0x37, 0xde, 0x57, 0xde, 0x57, 0xde, 0x74, 0xc5,
    0xaa, 0x62, 0x45, 0x29, 0x65, 0x29, 0x65, 0x29, 0x66, 0x29, 0x66, 0x31,
    0x65, 0x29, 0x65, 0x31, 0x65, 0x29, 0x65, 0x29, 0x65, 0x31, 0x66, 0x31,
    0x66, 0x31, 0x65, 0x31, 0xa6, 0x29, 0x4a, 0x32, 0x4e, 0x3b, 0xaf, 0x43,
    0xb0, 0x43, 0xb0, 0x43, 0xb0, 0x43, 0xcf, 0x43, 0xd0, 0x43, 0xcf, 0x43,
    0xb0, 0x43, 0x8f, 0x43, 0xaf, 0x43, 0xcf, 0x53, 0x6d, 0x73, 0x6e, 0x63,
    0xd0, 0x4b, 0xaf, 0x43, 0xd0, 0x43, 0xb0, 0x43, 0xaf, 0x43, 0x6e, 0x43,
    0xa7, 0x29, 0xa6, 0x39, 0xa6, 0x39, 0xa6, 0x39, 0x86, 0x39, 0x85, 0x31,
    0x65, 0x31, 0x04, 0x21, 0x45, 0x29, 0x45, 0x29, 0x45, 0x29, 0x45, 0x29,
    0x65, 0x31, 0x66, 0x31, 0x65, 0x29, 0x65, 0x29, 0x65, 0x31, 0x65, 0x31,
    0x66, 0x31, 0xe7, 0x39, 0xf0, 0xbc, 0x91, 0xdd, 0x90, 0xdd, 0x91, 0xdd,
    0x8e, 0xb4, 0x2a, 0x7b, 0x48, 0x52, 0xc6, 0x39, 0x47, 0x5a, 0x4a, 0x83,
    0x30, 0xcd, 0x10, 0xc5, 0x8e, 0xb4, 0x71, 0xd5, 0x10, 0xc5, 0xce, 0x6b,
    0x92, 0x64, 0x30, 0x6c, 0x11, 0xa5, 0x10, 0xc5, 0x72, 0xd5, 0xaf, 0xbc,
    0xae, 0xb4, 0xed, 0x93, 0x95, 0xc5, 0x58, 0xde, 0x79, 0xde, 0x78, 0xde,
    0x78, 0xde, 0x79, 0xde, 0x79, 0xde, 0x79, 0xde, 0xd6, 0xcd, 0x50, 0x9c,
    0x0f, 0x94, 0xee, 0x93, 0x90, 0xa4, 0xd2, 0xb4, 0xd1, 0xac, 0xd1, 0xac,
    0x74, 0xc5, 0xad, 0x8b, 0xf5, 0xd5, 0x16, 0xd6, 0xf6, 0xd5, 0xf5, 0xd5,
    0x12, 0xb5, 0xd1, 0xb4, 0xd1, 0xac, 0x12, 0xb5, 0xb1, 0xac, 0xb2, 0xa4,
    0x34, 0xb5, 0x54, 0xb5, 0x54, 0xb5, 0x54, 0xb5, 0x34, 0xb5, 0x34, 0xb5,
    0x54, 0xb5, 0x34, 0xb5, 0x34, 0xb5, 0x91, 0x9c, 0x08, 0x32, 0x49, 0x3a,
    0x4c, 0x73, 0x0c, 0x5b, 0x2a, 0x2a, 0x0a, 0x22, 0x0a, 0x22, 0xc8, 0x29,
    0x0e, 0x94, 0x70, 0xa4, 0xb0, 0xac, 0x90, 0xac, 0xd1, 0xac, 0xee, 0x93,
    0x4f, 0x94, 0x09, 0x2a, 0x0a, 0x22, 0xe9, 0x19, 0x09, 0x1a, 0x0a, 0x22,
    0x09, 0x22, 0x2a, 0x22, 0x6c, 0x73, 0xcf, 0xbc, 0xac, 0x7b, 0x4d, 0x5b,
    0x6d, 0x63, 0x4c, 0x5b, 0x4b, 0x22, 0x4b, 0x22, 0x4b, 0x22, 0x4b, 0x22,
    0x4b, 0x22, 0x4b, 0x22, 0x6a, 0x32, 0x2a, 0x2a, 0x0a, 0x1a, 0xea, 0x19,
    0xe9, 0x19, 0x0a, 0x1a, 0xe9, 0x19, 0xe9, 0x19, 0xea, 0x19, 0x0a, 0x1a,
    0xe9, 0x19, 0xe9, 0x21, 0x29, 0x2a, 0x6a, 0x32, 0x8b, 0x32, 0x6a, 0x32,
    0x6b, 0x2a, 0x8b, 0x2a, 0x6b, 0x2a, 0x6b, 0x2a, 0x6b, 0x22, 0x4b, 0x2a,
    0x94, 0xc5, 0x53, 0xbd, 0x4c, 0x7b, 0x4c, 0x83, 0xe6, 0x61, 0x07, 0x6a,
    0xa8, 0x72, 0x4a, 0x83, 0x4a, 0x8b, 0x4a, 0x8b, 0x88, 0x6a, 0x4f, 0x9c,
    0x74, 0xc5, 0x12, 0xbd, 0x37, 0xde, 0x57, 0xde, 0x57, 0xde, 0x57, 0xe6,
    0x57, 0xde, 0x37, 0xde, 0x36, 0xde, 0x37, 0xde, 0x57, 0xde, 0x57, 0xde,
    0xd5, 0xd5, 0xb5, 0xcd, 0x73, 0xc5, 0x33, 0xbd, 0xf2, 0xb4, 0x32, 0xbd,
    0x32, 0xbd, 0x33, 0xc5, 0x32, 0xbd, 0x33, 0xbd, 0x53, 0xbd, 0x33, 0xbd,
    0x33, 0xbd, 0x33, 0xc5, 0x32, 0xbd, 0x32, 0xbd, 0x33, 0xbd, 0x32, 0xbd,
    0x32, 0xbd, 0x33, 0xbd, 0x32, 0xc5, 0x33, 0xc5, 0x33, 0xbd, 0x32, 0xbd,
    0xb0, 0xac, 0x70, 0xac, 0xd1, 0xb4, 0xb1, 0xac, 0x6f, 0xa4, 0x2b, 0x7b,
    0x48, 0x52, 0x85, 0x39, 0xa6, 0x39, 0x2c, 0x73, 0xad, 0x83, 0x33, 0xb5,
    0x16, 0xd6, 0x36, 0xde, 0x16, 0xde, 0x36, 0xde, 0xb5, 0xcd, 0x6c, 0x7b,
    0x65, 0x31, 0x65, 0x29, 0x45, 0x29, 0x65, 0x31, 0x65, 0x29, 0x65, 0x29,
    0x65, 0x31, 0x66, 0x29, 0x65, 0x29, 0x65, 0x31, 0x65, 0x31, 0x65, 0x29,
    0x65, 0x29, 0x65, 0x29, 0x66, 0x31, 0x66, 0x29, 0xe8, 0x21, 0x2d, 0x33,
    0xb0, 0x43, 0xb0, 0x3b, 0xd0, 0x43, 0xb0, 0x43, 0xaf, 0x43, 0xd0, 0x43,
    0xb0, 0x43, 0xaf, 0x43, 0xaf, 0x43, 0xaf, 0x4b, 0xcb, 0x4a, 0x2b, 0x5b,
    0x6e, 0x43, 0x8f, 0x43, 0xb0, 0x43, 0xaf, 0x43, 0xaf, 0x43, 0xaa, 0x32,
    0xc7, 0x39, 0xa6, 0x39, 0xa6, 0x39, 0x86, 0x39, 0x86, 0x39, 0x86, 0x39,
    0x65, 0x31, 0x04, 0x21, 0x24, 0x21, 0x45, 0x29, 0x65, 0x29, 0x45, 0x29,
    0x66, 0x31, 0x65, 0x31, 0x65, 0x29, 0x66, 0x31, 0x66, 0x31, 0x65, 0x31,
    0x85, 0x31, 0xe6, 0x41, 0x91, 0xd5, 0x91, 0xdd, 0x90, 0xdd, 0x90, 0xdd,
    0x2c, 0xac, 0xc9, 0x6a, 0x68, 0x5a, 0xe7, 0x41, 0x65, 0x39, 0xac, 0x93,
    0x30, 0xcd, 0xcf, 0xbc, 0xf0, 0xc4, 0x71, 0xd5, 0x51, 0xbd, 0xd3, 0x64,
    0xf4, 0x64, 0xf4, 0x64, 0xb2, 0x6c, 0xb0, 0x9c, 0x51, 0xcd, 0xef, 0xbc,
    0xcf, 0xbc, 0xcd, 0x93, 0xb5, 0xc5, 0x78, 0xde, 0x79, 0xde, 0x78, 0xde,
    0x78, 0xde, 0x79, 0xde, 0x79, 0xde, 0x58, 0xde, 0xd5, 0xc5, 0xb1, 0xac,
    0x2f, 0x94, 0xee, 0x93, 0xb1, 0xac, 0xd1, 0xac, 0xd1, 0xb4, 0xd1, 0xac,
    0x13, 0xb5, 0x0e, 0x94, 0xf6, 0xd5, 0xf6, 0xd5, 0xf6, 0xd5, 0xd5, 0xcd,
    0x91, 0xa4, 0xb1, 0xac, 0xd1, 0xb4, 0x12, 0xb5, 0xb1, 0xa4, 0xf3, 0xac,
    0x54, 0xb5, 0x54, 0xb5, 0x54, 0xb5, 0x54, 0xb5, 0x54, 0xad, 0x34, 0xb5,
    0x34, 0xb5, 0x54, 0xb5, 0x34, 0xad, 0x13, 0xad, 0xce, 0x7b, 0x6d, 0x6b,
    0xae, 0x73, 0x6a, 0x32, 0x0a, 0x22, 0x09, 0x22, 0x09, 0x22, 0x4a, 0x32,
    0xee, 0x8b, 0x70, 0xa4, 0x6f, 0xa4, 0x70, 0xa4, 0xd1, 0xac, 0x6c, 0x7b,
    0xef, 0x83, 0x2a, 0x22, 0x2a, 0x22, 0x0a, 0x22, 0x0a, 0x22, 0x0a, 0x1a,
    0x0a, 0x22, 0x0a, 0x22, 0xee, 0x83, 0xef, 0xbc, 0x0f, 0xc5, 0xf0, 0xbc,
    0x0f, 0xc5, 0x0e, 0x84, 0x2a, 0x22, 0x4b, 0x22, 0x4a, 0x22, 0x4b, 0x22,
    0x6b, 0x22, 0x6b, 0x22, 0x4a, 0x2a, 0x09, 0x22, 0xe9, 0x19, 0x09, 0x1a,
    0xea, 0x19, 0x0a, 0x1a, 0x0a, 0x1a, 0x09, 0x1a, 0x0a, 0x1a, 0x0a, 0x1a,
    0x09, 0x1a, 0xea, 0x19, 0x4a, 0x2a, 0x8b, 0x32, 0x4a, 0x22, 0x4a, 0x22,
    0x8b, 0x2a, 0xac, 0x32, 0x8b, 0x2a, 0x8b, 0x2a, 0x8c, 0x2a, 0x6b, 0x22,
    0x94, 0xcd, 0x12, 0xbd, 0x8d, 0x83, 0x95, 0xc5, 0x8d, 0x8b, 0x89, 0x72,
    0x88, 0x72, 0x09, 0x83, 0x2a, 0x8b, 0x4a, 0x8b, 0x09, 0x7b, 0x4f, 0xa4,
    0x94, 0xc5, 0xf2, 0xb4, 0x73, 0xc5, 0x78, 0xe6, 0x57, 0xde, 0x78, 0xde,
    0x16, 0xde, 0xb5, 0xcd, 0x37, 0xde, 0x37, 0xde, 0x57, 0xde, 0x37, 0xde,
    0x94, 0xcd, 0xb5, 0xcd, 0x53, 0xc5, 0x12, 0xbd, 0x13, 0xbd, 0x33, 0xbd,
    0x32, 0xbd, 0x33, 0xc5, 0x32, 0xbd, 0x33, 0xc5, 0x33, 0xc5, 0x33, 0xbd,
    0x33, 0xbd, 0x33, 0xbd, 0x33, 0xbd, 0x33, 0xc5, 0x32, 0xbd, 0x33, 0xbd,
    0x32, 0xbd, 0x33, 0xbd, 0x33, 0xbd, 0x52, 0xbd, 0xf1, 0xb4, 0x90, 0xac,
    0x90, 0xac, 0xd1, 0xb4, 0xb1, 0xac, 0x0e, 0x9c, 0xc9, 0x6a, 0x68, 0x5a,
    0x8d, 0x7b, 0xef, 0x8b, 0x4f, 0x94, 0x74, 0xc5, 0x36, 0xd6, 0x37, 0xde,
    0x17, 0xd6, 0x37, 0xde, 0x36, 0xde, 0xd5, 0xcd, 0xd1, 0xac, 0xaa, 0x62,
    0x65, 0x29, 0x66, 0x31, 0x65, 0x29, 0x66, 0x31, 0x65, 0x31, 0x45, 0x29,
    0x45, 0x29, 0x66, 0x31, 0x66, 0x29, 0x66, 0x29, 0x65, 0x31, 0x65, 0x29,
    0x65, 0x29, 0x65, 0x31, 0x65, 0x29, 0x65, 0x29, 0x45, 0x29, 0xc7, 0x21,
    0x0d, 0x3b, 0xaf, 0x43, 0xb0, 0x43, 0xd0, 0x43, 0xd0, 0x43, 0xd0, 0x43,
    0xd0, 0x43, 0xcf, 0x43, 0xaf, 0x43, 0x8e, 0x4b, 0x4b, 0x73, 0x6b, 0x83,
    0x2c, 0x53, 0xaf, 0x43, 0xd0, 0x43, 0xb0, 0x43, 0xcb, 0x32, 0xc7, 0x31,
    0xa6, 0x39, 0xa6, 0x39, 0x86, 0x31, 0x85, 0x31, 0x86, 0x31, 0x86, 0x39,
    0x65, 0x31, 0xe4, 0x20, 0x04, 0x21, 0x65, 0x31, 0x65, 0x29, 0x45, 0x29,
    0x65, 0x29, 0x65, 0x29, 0x65, 0x31, 0x65, 0x31, 0x65, 0x31, 0x66, 0x31,
    0x85, 0x31, 0x85, 0x39, 0x91, 0xdd, 0x91, 0xdd, 0x91, 0xdd, 0x90, 0xdd,
    0xec, 0x9b, 0x68, 0x5a, 0x68, 0x5a, 0xe7, 0x49, 0xa6, 0x39, 0x6e, 0xac,
    0x71, 0xd5, 0x30, 0xcd, 0x10, 0xcd, 0x30, 0xcd, 0xb0, 0x9c, 0x14, 0x65,
    0xf4, 0x64, 0xf4, 0x64, 0xf4, 0x64, 0x92, 0x74, 0xd0, 0xac, 0xef, 0xbc,
    0xcf, 0xc4, 0x6e, 0xb4, 0xf6, 0xd5, 0x79, 0xde, 0x79, 0xde, 0x78, 0xde,
    0x79, 0xe6, 0x79, 0xde, 0x79, 0xde, 0xf7, 0xcd, 0xb1, 0xa4, 0xb1, 0xac,
    0x70, 0xa4, 0x70, 0xa4, 0xd2, 0xac, 0xd2, 0xb4, 0xd1, 0xac, 0xd1, 0xb4,
    0xd1, 0xac, 0xd1, 0xac, 0xf6, 0xd5, 0xf6, 0xd5, 0xd5, 0xcd, 0x12, 0xb5,
    0xf2, 0xb4, 0xf2, 0xb4, 0x33, 0xbd, 0xb1, 0xac, 0xd2, 0xa4, 0x54, 0xb5,
    0x34, 0xb5, 0x34, 0xb5, 0x54, 0xb5, 0x54, 0xb5, 0x54, 0xb5, 0x34, 0xb5,
    0x33, 0xad, 0x34, 0xb5, 0x34, 0xb5, 0x34, 0xad, 0x91, 0xa4, 0x2d, 0x6b,
    0x8b, 0x3a, 0x0a, 0x22, 0x09, 0x22, 0x09, 0x2a, 0x09, 0x22, 0x6b, 0x32,
    0xcb, 0x5a, 0x70, 0x9c, 0x4f, 0xa4, 0x90, 0xa4, 0xf1, 0xb4, 0x2b, 0x73,
    0x6a, 0x4a, 0x2a, 0x22, 0x2a, 0x22, 0x2a, 0x22, 0x0a, 0x22, 0x09, 0x1a,
    0x0a, 0x22, 0x09, 0x22, 0x2e, 0x94, 0xef, 0xc4, 0x0f, 0xc5, 0x10, 0xc5,
    0xef, 0xc4, 0xab, 0x42, 0x2b, 0x1a, 0x4a, 0x22, 0x4b, 0x22, 0x4b, 0x22,
    0x4b, 0x22, 0x6b, 0x2a, 0x6b, 0x2a, 0x2a, 0x22, 0xea, 0x21, 0x0a, 0x1a,
    0x0a, 0x1a, 0x0a, 0x1a, 0x2a, 0x1a, 0x0a, 0x1a, 0xe9, 0x19, 0x0a, 0x1a,
    0x0a, 0x1a, 0xe9, 0x21, 0x29, 0x32, 0x6a, 0x32, 0x4b, 0x22, 0x4b, 0x22,
    0x4b, 0x22, 0xac, 0x2a, 0xac, 0x2a, 0xac, 0x22, 0x8c, 0x22, 0xac, 0x2a,
    0x94, 0xcd, 0x12, 0xbd, 0x6f, 0x9c, 0x17, 0xd6, 0xd5, 0xcd, 0x91, 0xac,
    0x4b, 0x83, 0xe9, 0x7a, 0x2a, 0x83, 0x09, 0x7b, 0x4a, 0x83, 0x4f, 0xa4,
    0x94, 0xcd, 0xf2, 0xb4, 0xf1, 0xb4, 0xf5, 0xd5, 0x57, 0xe6, 0x58, 0xde,
    0x37, 0xde, 0xf5, 0xd5, 0x57, 0xde, 0x16, 0xde, 0x37, 0xde, 0x36, 0xde,
    0xd5, 0xd5, 0xd5, 0xcd, 0x53, 0xc5, 0xf1, 0xb4, 0x12, 0xbd, 0x32, 0xbd,
    0x33, 0xbd, 0x32, 0xbd, 0x33, 0xbd, 0x33, 0xbd, 0x32, 0xbd, 0x33, 0xc5,
    0x32, 0xbd, 0x33, 0xc5, 0x33, 0xbd, 0x32, 0xbd, 0x33, 0xc5, 0x33, 0xbd,
    0x32, 0xbd, 0x33, 0xc5, 0x33, 0xbd, 0x90, 0xac, 0x2f, 0xa4, 0x90, 0xa4,
    0x90, 0xac, 0x2f, 0xa4, 0x4f, 0x9c, 0xf2, 0xb4, 0xb1, 0xac, 0xb1, 0xac,
    0xd5, 0xcd, 0x37, 0xde, 0x36, 0xde, 0x37, 0xde, 0x17, 0xd6, 0x36, 0xde,
    0x37, 0xde, 0x37, 0xde, 0x94, 0xc5, 0xf2, 0xb4, 0xee, 0x93, 0x0b, 0x6b,
    0x66, 0x31, 0x65, 0x31, 0x66, 0x29, 0x65, 0x29, 0x66, 0x31, 0x66, 0x31,
    0x65, 0x29, 0x65, 0x31, 0x45, 0x29, 0x65, 0x29, 0x65, 0x31, 0x66, 0x29,
    0x65, 0x31, 0x65, 0x31, 0x45, 0x29, 0x65, 0x29, 0x65, 0x31, 0x45, 0x29,
    0xc7, 0x21, 0x2d, 0x3b, 0xaf, 0x43, 0xb0, 0x3b, 0xd0, 0x43, 0xd0, 0x43,
    0xd0, 0x43, 0xb0, 0x43, 0x2d, 0x3b, 0xca, 0x52, 0x4b, 0x83, 0x4a, 0x8b,
    0x2b, 0x73, 0x4d, 0x43, 0xb0, 0x43, 0x8f, 0x3b, 0x28, 0x32, 0x86, 0x31,
    0xa6, 0x39, 0xa6, 0x39, 0xa6, 0x39, 0x86, 0x39, 0x85, 0x31, 0x85, 0x31,
    0x65, 0x31, 0x04, 0x21, 0x04, 0x21, 0x65, 0x29, 0x65, 0x31, 0x45, 0x31,
    0x65, 0x29, 0x65, 0x31, 0x65, 0x29, 0x65, 0x29, 0x85, 0x31, 0x86, 0x31,
    0x85, 0x31, 0x64, 0x39, 0x71, 0xdd, 0x91, 0xe5, 0x91, 0xdd, 0x91, 0xdd,
    0x0c, 0xa4, 0x68, 0x62, 0xa9, 0x62, 0x07, 0x4a, 0xa6, 0x39, 0xaf, 0xb4,
    0x71, 0xd5, 0x51, 0xd5, 0x10, 0xcd, 0xcf, 0xbc, 0x0e, 0x7c, 0xf4, 0x64,
    0xf4, 0x64, 0xf4, 0x6c, 0xf4, 0x64, 0xb3, 0x64, 0xd1, 0x94, 0x10, 0xc5,
    0x30, 0xc5, 0x51, 0xcd, 0x37, 0xde, 0x79, 0xde, 0x78, 0xde, 0x79, 0xde,
    0x79, 0xe6, 0x78, 0xde, 0x78, 0xde, 0xb6, 0xc5, 0xad, 0x83, 0x90, 0xa4,
    0x70, 0xa4, 0xb1, 0xac, 0xd2, 0xac, 0xf2, 0xac, 0xd1, 0xac, 0xd1, 0xb4,
    0x90, 0xa4, 0x33, 0xbd, 0xf5, 0xd5, 0xf5, 0xd5, 0xd5, 0xcd, 0xb1, 0xac,
    0xf2, 0xb4, 0x12, 0xbd, 0x12, 0xb5, 0x91, 0xa4, 0xf3, 0xac, 0x54, 0xb5,
    0x34, 0xb5, 0x34, 0xb5, 0x54, 0xb5, 0x34, 0xb5, 0x34, 0xb5, 0x34, 0xad,
    0x34, 0xb5, 0x33, 0xad, 0x34, 0xb5, 0x33, 0xb5, 0xd2, 0xa4, 0x4d, 0x63,
    0x09, 0x2a, 0x09, 0x22, 0x09, 0x22, 0x09, 0x22, 0x2a, 0x2a, 0x4a, 0x2a,
    0x08, 0x2a, 0x4f, 0x9c, 0x70, 0xa4, 0x33, 0xbd, 0x33, 0xbd, 0x0f, 0x94,
    0x0b, 0x5b, 0x09, 0x22, 0x2a, 0x22, 0x0a, 0x22, 0x09, 0x22, 0x2a, 0x22,
    0x2a, 0x22, 0x8c, 0x6b, 0xcf, 0xbc, 0xef, 0xc4, 0x0f, 0xc5, 0x0f, 0xc5,
    0xef, 0xc4, 0x8d, 0x6b, 0x4b, 0x1a, 0x4b, 0x22, 0x4b, 0x22, 0x4b, 0x22,
    0x4b, 0x22, 0x6b, 0x22, 0x4b, 0x22, 0x2a, 0x22, 0xe9, 0x21, 0xe9, 0x19,
    0x09, 0x1a, 0x0a, 0x1a, 0x0a, 0x1a, 0xe9, 0x19, 0xe9, 0x19, 0x0a, 0x1a,
    0x0a, 0x22, 0x4a, 0x2a, 0xab, 0x42, 0x4b, 0x22, 0x4a, 0x22, 0x2a, 0x22,
    0x2a, 0x22, 0x8c, 0x22, 0xcc, 0x22, 0xac, 0x22, 0x6c, 0x22, 0x6b, 0x22,
    0x73, 0xc5, 0x32, 0xbd, 0x33, 0xbd, 0x37, 0xd6, 0x17, 0xd6, 0xd5, 0xcd,
    0x4f, 0x9c, 0xa8, 0x72, 0x09, 0x83, 0x09, 0x7b, 0x8c, 0x93, 0x90, 0xac,
    0xd5, 0xcd, 0xf2, 0xbc, 0xf2, 0xb4, 0xd1, 0xb4, 0xd5, 0xcd, 0x57, 0xde,
    0x57, 0xde, 0x37, 0xde, 0x16, 0xde, 0x37, 0xde, 0x36, 0xde, 0x94, 0xc5,
    0x94, 0xcd, 0xf6, 0xd5, 0xf2, 0xb4, 0xd1, 0xb4, 0x12, 0xbd, 0x33, 0xbd,
    0x32, 0xc5, 0x33, 0xbd, 0x32, 0xbd, 0x33, 0xbd, 0x33, 0xbd, 0x33, 0xc5,
    0x33, 0xbd, 0x32, 0xc5, 0x32, 0xbd, 0x33, 0xbd, 0x33, 0xbd, 0x32, 0xbd,
    0x33, 0xbd, 0x32, 0xc5, 0x52, 0xc5, 0x0e, 0x9c, 0xed, 0x93, 0x90, 0xac,
    0x94, 0xcd, 0x74, 0xc5, 0x73, 0xc5, 0x16, 0xd6, 0x37, 0xde, 0x36, 0xde,
    0x37, 0xde, 0x37, 0xde, 0x37, 0xde, 0x37, 0xde, 0x37, 0xde, 0x36, 0xde,
    0x36, 0xd6, 0x53, 0xc5, 0xf2, 0xb4, 0x0e, 0x94, 0xee, 0x93, 0x2b, 0x73,
    0xa6, 0x39, 0x65, 0x31, 0x65, 0x29, 0x45, 0x29, 0x65, 0x29, 0x65, 0x31,
    0x65, 0x29, 0x65, 0x29, 0x45, 0x31, 0x65, 0x31, 0x65, 0x29, 0x66, 0x31,
    0x65, 0x29, 0x65, 0x31, 0x65, 0x29, 0x45, 0x29, 0x65, 0x31, 0x65, 0x29,
    0x45, 0x29, 0xc7, 0x29, 0x2d, 0x3b, 0xaf, 0x43, 0xd0, 0x43, 0xf0, 0x43,
    0xd0, 0x43, 0xaf, 0x43, 0xaa, 0x3a, 0x2a, 0x7b, 0x6b, 0x8b, 0x8b, 0x8b,
    0xab, 0x93, 0x2b, 0x63, 0x2d, 0x3b, 0x8a, 0x32, 0xc7, 0x39, 0xa6, 0x39,
    0x86, 0x39, 0x86, 0x39, 0x86, 0x39, 0x86, 0x39, 0x85, 0x31, 0x86, 0x31,
    0x65, 0x31, 0x04, 0x21, 0x45, 0x29, 0x65, 0x29, 0x65, 0x31, 0x65, 0x31,
    0x65, 0x29, 0x65, 0x31, 0x66, 0x31, 0x65, 0x31, 0x86, 0x31, 0x85, 0x31,
    0x86, 0x31, 0xa8, 0x6a, 0x90, 0xdd, 0x90, 0xdd, 0x91, 0xe5, 0xb1, 0xdd,
    0x6e, 0xac, 0xea, 0x6a, 0xea, 0x6a, 0x07, 0x4a, 0x4b, 0x7b, 0x6f, 0xac,
    0x10, 0xcd, 0x71, 0xd5, 0x30, 0xcd, 0x30, 0xcd, 0x8c, 0x6b, 0xf4, 0x64,
    0xf4, 0x64, 0xf4, 0x64, 0xf4, 0x64, 0xf4, 0x64, 0x50, 0x6c, 0x6f, 0xac,
    0x10, 0xc5, 0x51, 0xcd, 0xb5, 0xcd, 0x58, 0xde, 0x78, 0xde, 0x79, 0xde,
    0x79, 0xde, 0x78, 0xde, 0x78, 0xde, 0xb6, 0xc5, 0xee, 0x8b, 0x70, 0xa4,
    0x90, 0xa4, 0xd1, 0xac, 0xd1, 0xac, 0xd1, 0xac, 0xd1, 0xb4, 0xd1, 0xac,
    0x50, 0xa4, 0x94, 0xc5, 0xf6, 0xd5, 0xf6, 0xd5, 0x70, 0xa4, 0xd2, 0xb4,
    0xf2, 0xb4, 0x12, 0xb5, 0xb1, 0xac, 0xb2, 0xa4, 0x54, 0xb5, 0x54, 0xb5,
    0x34, 0xb5, 0x75, 0xbd, 0x33, 0xb5, 0x34, 0xb5, 0x34, 0xb5, 0x33, 0xad,
    0x34, 0xb5, 0x34, 0xb5, 0x34, 0xb5, 0x54, 0xbd, 0x13, 0xad, 0xf0, 0x7b,
    0x09, 0x2a, 0x0a, 0x22, 0x0a, 0x22, 0x09, 0x22, 0x2a, 0x2a, 0x2a, 0x2a,
    0x09, 0x22, 0x2f, 0x94, 0x4f, 0xa4, 0x53, 0xbd, 0x33, 0xbd, 0xd2, 0xac,
    0x30, 0x84, 0xcb, 0x4a, 0x09, 0x22, 0x0a, 0x22, 0x0a, 0x22, 0x0a, 0x22,
    0x2a, 0x22, 0x2c, 0x5b, 0xac, 0x83, 0xcf, 0xbc, 0xef, 0xc4, 0xf0, 0xbc,
    0xf0, 0xac, 0xad, 0x73, 0x4b, 0x22, 0x4b, 0x22, 0x4a, 0x22, 0x4a, 0x22,
    0x2a, 0x1a, 0x4b, 0x22, 0x4a, 0x22, 0x2a, 0x22, 0x8a, 0x3a, 0x09, 0x32,
    0x09, 0x22, 0x0a, 0x22, 0x0a, 0x1a, 0x0a, 0x1a, 0x0a, 0x1a, 0x0a, 0x1a,
    0x2a, 0x2a, 0xab, 0x4a, 0xab, 0x32, 0x6b, 0x22, 0x4b, 0x22, 0x2a, 0x1a,
    0x4b, 0x22, 0x8b, 0x22, 0x8c, 0x22, 0x8c, 0x2a, 0x6b, 0x22, 0x4b, 0x22,
    0x32, 0xbd, 0x32, 0xbd, 0x12, 0xbd, 0xb1, 0xac, 0xd5, 0xcd, 0xf6, 0xcd,
    0x90, 0xa4, 0xe9, 0x72, 0x09, 0x83, 0xab, 0x8b, 0x2e, 0xa4, 0x90, 0xac,
    0xb5, 0xcd, 0x12, 0xbd, 0xf2, 0xb4, 0xd1, 0xb4, 0xb4, 0xcd, 0xf5, 0xd5,
    0x57, 0xe6, 0xf6, 0xd5, 0x94, 0xc5, 0x36, 0xde, 0x16, 0xd6, 0xb5, 0xcd,
    0xb5, 0xcd, 0xf5, 0xd5, 0x32, 0xbd, 0x12, 0xbd, 0x33, 0xbd, 0x32, 0xbd,
    0x33, 0xbd, 0x33, 0xbd, 0x32, 0xc5, 0x32, 0xbd, 0x33, 0xbd, 0x33, 0xbd,
    0x33, 0xbd, 0x33, 0xbd, 0x33, 0xbd, 0x33, 0xbd, 0x32, 0xbd, 0x12, 0xbd,
    0x12, 0xbd, 0xb0, 0xac, 0xf1, 0xbc, 0xb5, 0xcd, 0xb5, 0xcd, 0xd5, 0xcd,
    0x36, 0xde, 0x16, 0xde, 0x16, 0xde, 0x36, 0xde, 0x37, 0xde, 0x37, 0xde,
    0x36, 0xd6, 0x36, 0xde, 0x37, 0xd6, 0x37, 0xde, 0x16, 0xd6, 0x73, 0xbd,
    0x94, 0xc5, 0x12, 0xbd, 0xb1, 0xac, 0x4f, 0x9c, 0xee, 0x93, 0xaa, 0x62,
    0x27, 0x4a, 0x86, 0x39, 0x45, 0x29, 0x65, 0x29, 0x65, 0x31, 0x45, 0x29,
    0x45, 0x29, 0x65, 0x29, 0x65, 0x31, 0x66, 0x29, 0x45, 0x29, 0x45, 0x29,
    0x45, 0x29, 0x45, 0x29, 0x65, 0x29, 0x45, 0x29, 0x45, 0x29, 0x65, 0x29,
    0x45, 0x29, 0x65, 0x29, 0xc7, 0x29, 0x2d, 0x3b, 0xd0, 0x43, 0xd0, 0x43,
    0xcf, 0x43, 0xaf, 0x4b, 0x2b, 0x73, 0x8b, 0x8b, 0x8b, 0x8b, 0x0d, 0xa4,
    0xec, 0x9b, 0x6b, 0x83, 0xca, 0x4a, 0xc7, 0x31, 0x86, 0x39, 0x86, 0x39,
    0xa6, 0x31, 0x86, 0x39, 0x86, 0x31, 0x86, 0x31, 0x85, 0x39, 0x66, 0x39,
    0x65, 0x31, 0x24, 0x29, 0x45, 0x29, 0x65, 0x31, 0x65, 0x29, 0x66, 0x31,
    0x65, 0x31, 0x65, 0x29, 0x65, 0x31, 0x66, 0x31, 0x86, 0x31, 0x86, 0x31,
    0xa6, 0x39, 0xf0, 0xc4, 0x90, 0xdd, 0x90, 0xdd, 0x91, 0xdd, 0x91, 0xdd,
    0x6f, 0xac, 0x2b, 0x73, 0x2b, 0x7b, 0x2b, 0x7b, 0xea, 0x6a, 0x07, 0x52,
    0x0c, 0xa4, 0x50, 0xcd, 0x51, 0xd5, 0x71, 0xd5, 0xf1, 0xac, 0x14, 0x6d,
    0xf4, 0x6c, 0xf4, 0x64, 0xf4, 0x64, 0xf4, 0x64, 0x30, 0x64, 0x6e, 0x9c,
    0x10, 0xc5, 0x31, 0xcd, 0xf1, 0xb4, 0x37, 0xd6, 0x79, 0xde, 0x78, 0xde,
    0x78, 0xde, 0x79, 0xde, 0x79, 0xde, 0x17, 0xd6, 0x91, 0xa4, 0x70, 0xa4,
    0x70, 0xa4, 0xd2, 0xac, 0xd1, 0xac, 0xd1, 0xac, 0xd1, 0xac, 0xb1, 0xac,
    0x2f, 0x9c, 0xd5, 0xcd, 0xf6, 0xd5, 0xf6, 0xd5, 0x90, 0xa4, 0xd1, 0xb4,
    0x12, 0xb5, 0x13, 0xb5, 0x91, 0xa4, 0x13, 0xad, 0x34, 0xb5, 0x54, 0xb5,
    0x34, 0xb5, 0x33, 0xb5, 0x13, 0xad, 0x34, 0xad, 0x34, 0xb5, 0x13, 0xad,
    0x13, 0xad, 0x33, 0xad, 0x13, 0xb5, 0x33, 0xb5, 0x13, 0xad, 0x8e, 0x73,
    0xc8, 0x21, 0x0a, 0x22, 0x0a, 0x2a, 0x2a, 0x2a, 0x8b, 0x32, 0x4b, 0x2a,
    0x4a, 0x22, 0x8e, 0x7b, 0x90, 0xa4, 0x12, 0xbd, 0x32, 0xbd, 0x91, 0x9c,
    0xec, 0x42, 0x2d, 0x53, 0x2d, 0x5b, 0x2a, 0x22, 0x2a, 0x22, 0x4a, 0x22,
    0x2a, 0x22, 0x4a, 0x2a, 0x6b, 0x32, 0x6f, 0x9c, 0x10, 0xbd, 0x0c, 0x53,
    0x0d, 0x43, 0xab, 0x32, 0x4b, 0x22, 0x4b, 0x22, 0x4b, 0x22, 0x4b, 0x22,
    0x2a, 0x1a, 0x0a, 0x1a, 0x2a, 0x22, 0x4a, 0x22, 0x6b, 0x2a, 0x6a, 0x32,
    0x0a, 0x2a, 0x0a, 0x22, 0x2a, 0x2a, 0x09, 0x1a, 0x09, 0x22, 0x09, 0x2a,
    0xec, 0x4a, 0x8b, 0x32, 0x6b, 0x22, 0x6b, 0x22, 0x6b, 0x22, 0x4b, 0x22,
    0x4b, 0x22, 0x4a, 0x22, 0x2a, 0x22, 0x4b, 0x2a, 0x6b, 0x2a, 0x4b, 0x22,
    0xd1, 0xb4, 0x33, 0xbd, 0x12, 0xb5, 0x70, 0xa4, 0xd6, 0xcd, 0xf6, 0xcd,
    0x13, 0xb5, 0x8c, 0x8b, 0xc8, 0x72, 0x8b, 0x93, 0x2e, 0xa4, 0x2e, 0x9c,
    0x74, 0xc5, 0xf2, 0xb4, 0xf2, 0xb4, 0xf2, 0xb4, 0xf1, 0xb4, 0xb5, 0xcd,
    0xf6, 0xd5, 0x57, 0xde, 0x36, 0xde, 0x37, 0xde, 0xf6, 0xd5, 0xb4, 0xcd,
    0xb5, 0xcd, 0x33, 0xbd, 0x12, 0xb5, 0x32, 0xbd, 0x33, 0xc5, 0x32, 0xbd,
    0x32, 0xbd, 0x33, 0xbd, 0x33, 0xc5, 0x32, 0xbd, 0x32, 0xbd, 0x32, 0xbd,
    0x32, 0xc5, 0x33, 0xbd, 0x32, 0xbd, 0x32, 0xbd, 0xf2, 0xbc, 0xb1, 0xb4,
    0x94, 0xcd, 0xd5, 0xcd, 0xf6, 0xd5, 0x36, 0xde, 0x37, 0xde, 0x37, 0xde,
    0x57, 0xde, 0x37, 0xde, 0x37, 0xde, 0x37, 0xd6, 0x36, 0xde, 0x36, 0xde,
    0x37, 0xde, 0x37, 0xde, 0x94, 0xc5, 0x53, 0xc5, 0x53, 0xc5, 0x32, 0xbd,
    0x12, 0xb5, 0xd1, 0xac, 0x70, 0xa4, 0x4f, 0x9c, 0x8d, 0x83, 0x07, 0x4a,
    0x28, 0x52, 0x07, 0x4a, 0x86, 0x31, 0x65, 0x29, 0x65, 0x31, 0x65, 0x29,
    0x45, 0x29, 0x45, 0x29, 0x65, 0x31, 0x45, 0x29, 0x65, 0x29, 0x45, 0x31,
    0x65, 0x31, 0x65, 0x29, 0x45, 0x29, 0x45, 0x29, 0x45, 0x29, 0x65, 0x31,
    0x65, 0x29, 0x45, 0x29, 0x45, 0x29, 0xa7, 0x31, 0x0d, 0x3b, 0xd0, 0x43,
    0xaf, 0x43, 0x27, 0x3a, 0x8b, 0x8b, 0x8b, 0x93, 0x0d, 0xa4, 0x2d, 0xac,
    0x4d, 0xac, 0xcc, 0x9b, 0xa8, 0x6a, 0xc6, 0x41, 0xa6, 0x39, 0xa6, 0x39,
    0x86, 0x31, 0x86, 0x39, 0x86, 0x39, 0x85, 0x31, 0x85, 0x31, 0x65, 0x31,
    0x65, 0x31, 0x04, 0x21, 0x65, 0x29, 0x65, 0x31, 0x45, 0x29, 0x45, 0x29,
    0x66, 0x31, 0x65, 0x31, 0x65, 0x31, 0x65, 0x31, 0x85, 0x31, 0x85, 0x31,
    0x24, 0x29, 0x91, 0xdd, 0x91, 0xdd, 0x91, 0xdd, 0x90, 0xdd, 0xef, 0xc4,
    0xac, 0x8b, 0x4b, 0x7b, 0x6c, 0x83, 0xea, 0x6a, 0x48, 0x52, 0xc7, 0x41,
    0x09, 0x7b, 0x30, 0xcd, 0x71, 0xd5, 0x51, 0xd5, 0x51, 0xc5, 0x2f, 0x74,
    0xf4, 0x64, 0xf4, 0x64, 0xf4, 0x64, 0xf4, 0x64, 0x2f, 0x6c, 0x6e, 0xa4,
    0x30, 0xcd, 0x51, 0xcd, 0xb1, 0xac, 0x37, 0xd6, 0x79, 0xde, 0x79, 0xde,
    0x78, 0xde, 0x79, 0xde, 0x58, 0xde, 0x95, 0xbd, 0xb1, 0xac, 0xb1, 0xac,
    0xb1, 0xac, 0xd1, 0xac, 0xd2, 0xac, 0xd2, 0xb4, 0xd2, 0xb4, 0xd1, 0xb4,
    0x90, 0xa4, 0xd5, 0xcd, 0xf6, 0xd5, 0x0e, 0x94, 0xf2, 0xb4, 0xf2, 0xb4,
    0xf2, 0xb4, 0xb1, 0xac, 0x50, 0x94, 0x34, 0xb5, 0x34, 0xb5, 0x34, 0xb5,
    0x34, 0xb5, 0x33, 0xb5, 0xf7, 0xcd, 0x91, 0x9c, 0x13, 0xad, 0xf3, 0xac,
    0x13, 0xad, 0x33, 0xb5, 0x33, 0xb5, 0x13, 0xad, 0xf3, 0xac, 0x8d, 0x73,
    0xc8, 0x29, 0x0a, 0x22, 0x09, 0x2a, 0x8b, 0x3a, 0x0d, 0x43, 0xac, 0x32,
    0x2e, 0x43, 0x4d, 0x6b, 0xf2, 0xb4, 0x12, 0xbd, 0xd1, 0xb4, 0x50, 0x94,
    0x4a, 0x2a, 0x4a, 0x32, 0x0c, 0x5b, 0x6d, 0x63, 0x4a, 0x22, 0x2a, 0x22,
    0x2a, 0x22, 0x2a, 0x22, 0x2a, 0x22, 0x69, 0x3a, 0xeb, 0x52, 0x6c, 0x2a,
    0x6b, 0x22, 0x4b, 0x22, 0x4b, 0x22, 0x4a, 0x22, 0x4b, 0x22, 0x2a, 0x22,
    0x2a, 0x1a, 0x2a, 0x22, 0x4b, 0x22, 0x4b, 0x22, 0x4b, 0x22, 0x6b, 0x2a,
    0x2a, 0x2a, 0xe8, 0x29, 0x4c, 0x6b, 0x0c, 0x53, 0xec, 0x4a, 0x4a, 0x32,
    0x8b, 0x2a, 0x6b, 0x22, 0x6c, 0x22, 0x6b, 0x22, 0x6b, 0x22, 0x4b, 0x22,
    0x4a, 0x22, 0x2a, 0x22, 0x4b, 0x22, 0x4b, 0x2a, 0x6b, 0x22, 0x6b, 0x22,
    0x90, 0xac, 0x33, 0xc5, 0x53, 0xbd, 0x33, 0xbd, 0xb5, 0xc5, 0x17, 0xd6,
    0xf6, 0xcd, 0x90, 0xac, 0x29, 0x83, 0xac, 0x93, 0x0d, 0xa4, 0x6b, 0x83,
    0xf1, 0xb4, 0xf2, 0xb4, 0xf2, 0xb4, 0xf2, 0xb4, 0x12, 0xbd, 0xb5, 0xcd,
    0xb4, 0xcd, 0xd5, 0xcd, 0xf6, 0xd5, 0xb4, 0xcd, 0x73, 0xc5, 0x12, 0xbd,
    0xb4, 0xcd, 0x33, 0xc5, 0xd1, 0xb4, 0x13, 0xbd, 0x33, 0xbd, 0x33, 0xbd,
    0x32, 0xc5, 0x33, 0xbd, 0x33, 0xbd, 0x32, 0xbd, 0x32, 0xbd, 0x33, 0xbd,
    0x33, 0xc5, 0x32, 0xbd, 0x12, 0xbd, 0xd1, 0xb4, 0x32, 0xbd, 0xf2, 0xb4,
    0xf1, 0xb4, 0xb0, 0xac, 0x90, 0xac, 0x36, 0xde, 0x37, 0xde, 0x36, 0xde,
    0x16, 0xd6, 0x37, 0xde, 0x37, 0xde, 0x16, 0xd6, 0xb5, 0xcd, 0x73, 0xc5,
    0x53, 0xc5, 0x73, 0xc5, 0x73, 0xc5, 0x53, 0xbd, 0x32, 0xbd, 0x12, 0xbd,
    0xb1, 0xac, 0x28, 0x52, 0x4f, 0xa4, 0x6f, 0xa4, 0x6c, 0x7b, 0x85, 0x39,
    0x28, 0x52, 0x28, 0x52, 0xc7, 0x41, 0x65, 0x31, 0x65, 0x29, 0x45, 0x31,
    0x65, 0x29, 0x65, 0x31, 0x45, 0x29, 0x65, 0x31, 0x65, 0x29, 0x45, 0x29,
    0x65, 0x29, 0x65, 0x31, 0x65, 0x29, 0x45, 0x29, 0x65, 0x31, 0x45, 0x29,
    0x65, 0x31, 0x45, 0x29, 0x65, 0x31, 0x65, 0x29, 0x86, 0x29, 0xec, 0x3a,
    0x2d, 0x43, 0x6b, 0x83, 0xcc, 0x93, 0x2d, 0xa4, 0x2d, 0xa4, 0x4d, 0xac,
    0x6e, 0xb4, 0x2d, 0xa4, 0xac, 0x93, 0x07, 0x52, 0x85, 0x31, 0x86, 0x39,
    0x86, 0x31, 0x85, 0x31, 0x85, 0x39, 0x86, 0x31, 0x85, 0x31, 0x66, 0x31,
    0x65, 0x31, 0x04, 0x21, 0x65, 0x29, 0x65, 0x31, 0x65, 0x31, 0x65, 0x29,
    0x66, 0x31, 0x86, 0x31, 0x85, 0x31, 0x65, 0x31, 0x86, 0x31, 0x85, 0x31,
    0x64, 0x39, 0x91, 0xe5, 0xb1, 0xdd, 0x91, 0xdd, 0x90, 0xdd, 0x2c, 0xac,
    0x4a, 0x83, 0xcd, 0x93, 0x68, 0x5a, 0x69, 0x5a, 0x28, 0x52, 0x07, 0x4a,
    0xa5, 0x41, 0xcf, 0xbc, 0x71, 0xd5, 0x51, 0xd5, 0x51, 0xcd, 0x10, 0xb5,
    0x50, 0x64, 0x14, 0x65, 0xf4, 0x64, 0x14, 0x65, 0x12, 0x8d, 0x31, 0xc5,
    0x30, 0xcd, 0x51, 0xcd, 0x53, 0xbd, 0x38, 0xde, 0x79, 0xde, 0x78, 0xde,
    0x78, 0xde, 0x79, 0xde, 0xf6, 0xcd, 0x0f, 0x8c, 0xb1, 0xa4, 0xb1, 0xac,
    0xd1, 0xac, 0xd1, 0xac, 0xd2, 0xb4, 0xd2, 0xb4, 0xf2, 0xb4, 0xf2, 0xb4,
    0xf2, 0xb4, 0x94, 0xc5, 0x94, 0xc5, 0xd1, 0xac, 0xd2, 0xb4, 0xf2, 0xb4,
    0x33, 0xbd, 0xb1, 0xa4, 0x13, 0xad, 0x34, 0xb5, 0x34, 0xb5, 0x34, 0xb5,
    0x33, 0xb5, 0x34, 0xb5, 0x38, 0xd6, 0x58, 0xde, 0x54, 0xb5, 0x13, 0xad,
    0x34, 0xb5, 0x74, 0xbd, 0x34, 0xad, 0x34, 0xad, 0x13, 0xad, 0x10, 0x8c,
    0x8a, 0x42, 0x09, 0x22, 0xe9, 0x21, 0x8b, 0x32, 0x0d, 0x3b, 0x4e, 0x43,
    0xed, 0x32, 0x29, 0x42, 0x32, 0xbd, 0x33, 0xbd, 0x12, 0xb5, 0x4f, 0x94,
    0x09, 0x2a, 0x4a, 0x2a, 0xec, 0x4a, 0xef, 0x83, 0x0d, 0x4b, 0x4b, 0x22,
    0x4b, 0x22, 0x2a, 0x22, 0x2a, 0x1a, 0x0a, 0x22, 0x2a, 0x22, 0x6b, 0x22,
    0x6b, 0x22, 0x4b, 0x22, 0x2a, 0x22, 0x4b, 0x22, 0x4a, 0x22, 0x2a, 0x22,
    0x2a, 0x22, 0x4b, 0x22, 0x4b, 0x22, 0x4a, 0x1a, 0x4b, 0x22, 0x2a, 0x2a,
    0xe8, 0x29, 0x29, 0x32, 0x6b, 0x2a, 0x6b, 0x22, 0x6b, 0x22, 0x4b, 0x22,
    0x4b, 0x22, 0x6b, 0x22, 0x6b, 0x22, 0x6b, 0x22, 0x6b, 0x22, 0x4b, 0x22,
    0x2a, 0x22, 0x4b, 0x22, 0x6b, 0x22, 0x4b, 0x22, 0x4b, 0x22, 0x09, 0x2a,
    0x70, 0xa4, 0x53, 0xbd, 0x32, 0xbd, 0xd1, 0xac, 0x2f, 0x9c, 0x37, 0xd6,
    0x54, 0xbd, 0xcd, 0x93, 0xed, 0x9b, 0x2e, 0xa4, 0x0d, 0xa4, 0xc9, 0x72,
    0x6f, 0xa4, 0xd1, 0xb4, 0xf2, 0xb4, 0xf2, 0xbc, 0xf1, 0xb4, 0xf2, 0xb4,
    0x94, 0xcd, 0x94, 0xcd, 0x73, 0xc5, 0xb4, 0xcd, 0xb5, 0xcd, 0x53, 0xc5,
    0x12, 0xbd, 0x12, 0xb5, 0xd1, 0xb4, 0x12, 0xbd, 0x33, 0xbd, 0x33, 0xbd,
    0x33, 0xc5, 0x32, 0xc5, 0x32, 0xbd, 0x13, 0xbd, 0x33, 0xbd, 0x13, 0xbd,
    0x32, 0xbd, 0x33, 0xbd, 0x53, 0xc5, 0xb4, 0xcd, 0x12, 0xbd, 0xd1, 0xb4,
    0xd1, 0xb4, 0x2e, 0x9c, 0xb1, 0xac, 0x90, 0xac, 0x2f, 0x9c, 0xcd, 0x8b,
    0x12, 0xb5, 0x73, 0xc5, 0x73, 0xc5, 0x73, 0xc5, 0x74, 0xc5, 0x74, 0xc5,
    0x74, 0xc5, 0x73, 0xc5, 0x53, 0xc5, 0x32, 0xbd, 0x12, 0xb5, 0x48, 0x52,
    0x85, 0x31, 0x85, 0x39, 0x4f, 0xa4, 0x50, 0xa4, 0xad, 0x83, 0xe7, 0x41,
    0x27, 0x52, 0x28, 0x4a, 0x28, 0x4a, 0x65, 0x31, 0x45, 0x29, 0x65, 0x31,
    0x45, 0x29, 0x65, 0x29, 0x45, 0x31, 0x45, 0x29, 0x65, 0x31, 0x65, 0x29,
    0x45, 0x29, 0x45, 0x29, 0x45, 0x29, 0x65, 0x31, 0x45, 0x29, 0x65, 0x29,
    0x65, 0x29, 0x46, 0x29, 0x65, 0x31, 0x65, 0x29, 0x45, 0x29, 0x45, 0x29,
    0xea, 0x6a, 0x4a, 0x83, 0x8b, 0x93, 0x2e, 0xac, 0x4e, 0xac, 0x6e, 0xac,
    0xaf, 0xbc, 0xed, 0x9b, 0x4a, 0x83, 0x6b, 0x83, 0x28, 0x52, 0x86, 0x39,
    0x85, 0x31, 0x86, 0x31, 0x86, 0x39, 0x85, 0x31, 0x65, 0x31, 0x86, 0x39,
    0x65, 0x31, 0x45, 0x29, 0x45, 0x29, 0x66, 0x31, 0x65, 0x31, 0x65, 0x31,
    0x86, 0x31, 0x86, 0x31, 0x85, 0x31, 0x65, 0x31, 0x86, 0x31, 0x65, 0x29,
    0xd0, 0xb4, 0xb1, 0xe5, 0x91, 0xe5, 0xb1, 0xe5, 0xb1, 0xdd, 0x6d, 0xb4,
    0x47, 0x62, 0x48, 0x5a, 0x48, 0x52, 0x48, 0x52, 0x07, 0x4a, 0x07, 0x4a,
    0x08, 0x4a, 0x6b, 0x83, 0x71, 0xd5, 0x71, 0xd5, 0xef, 0xc4, 0x30, 0xcd,
    0xd0, 0xac, 0x0f, 0x64, 0x14, 0x6d, 0xb3, 0x64, 0xb0, 0x9c, 0x30, 0xc5,
    0xf0, 0xc4, 0x31, 0xcd, 0x37, 0xde, 0x78, 0xde, 0x78, 0xde, 0x79, 0xde,
    0x79, 0xde, 0x78, 0xde, 0xf6, 0xcd, 0x6c, 0x7b, 0x90, 0xa4, 0x4f, 0x9c,
    0xb1, 0xac, 0xb1, 0xac, 0xf2, 0xb4, 0xf1, 0xb4, 0xf1, 0xac, 0xf2, 0xb4,
    0x12, 0xb5, 0x33, 0xbd, 0x50, 0xa4, 0xd2, 0xb4, 0xf2, 0xb4, 0xf1, 0xac,
    0x91, 0xa4, 0x30, 0x94, 0x34, 0xb5, 0x34, 0xb5, 0x34, 0xb5, 0x34, 0xb5,
    0x33, 0xad, 0x54, 0xbd, 0x38, 0xd6, 0x99, 0xde, 0x71, 0x9c, 0x13, 0xb5,
    0xb6, 0xc5, 0x34, 0xb5, 0x34, 0xb5, 0x34, 0xb5, 0x34, 0xad, 0xd2, 0xa4,
    0x4e, 0x63, 0x09, 0x22, 0xe9, 0x21, 0x6b, 0x32, 0xec, 0x3a, 0xac, 0x2a,
    0x8b, 0x2a, 0x50, 0x94, 0x53, 0xbd, 0x74, 0xc5, 0xb1, 0xac, 0x50, 0x9c,
    0xa7, 0x21, 0x09, 0x22, 0x2a, 0x2a, 0x2c, 0x63, 0x2c, 0x6b, 0x0a, 0x2a,
    0x4a, 0x22, 0x2a, 0x22, 0x2a, 0x22, 0x0a, 0x22, 0x2a, 0x22, 0x4b, 0x22,
    0x4b, 0x22, 0x2a, 0x22, 0x2a, 0x22, 0x2a, 0x22, 0x4b, 0x22, 0x4b, 0x22,
    0x4b, 0x22, 0x6b, 0x22, 0x4b, 0x22, 0x2a, 0x22, 0xe9, 0x19, 0xc8, 0x19,
    0x69, 0x42, 0x4b, 0x22, 0x4b, 0x1a, 0x6b, 0x22, 0x4b, 0x22, 0x4b, 0x1a,
    0x4b, 0x22, 0x6b, 0x22, 0x6b, 0x22, 0x4b, 0x22, 0x4b, 0x22, 0x4b, 0x22,
    0x4b, 0x22, 0x4b, 0x22, 0x4b, 0x22, 0x4b, 0x22, 0x2a, 0x2a, 0x2a, 0x2a,
    0xad, 0x8b, 0x53, 0xbd, 0x33, 0xbd, 0x33, 0xbd, 0x12, 0xb5, 0x33, 0xb5,
    0x74, 0xbd, 0x2b, 0x7b, 0x09, 0x7b, 0x0d, 0xa4, 0x2d, 0xa4, 0xe9, 0x72,
    0x6f, 0xa4, 0xd1, 0xb4, 0xf2, 0xb4, 0xf2, 0xb4, 0xf2, 0xb4, 0xf2, 0xbc,
    0x94, 0xcd, 0x94, 0xcd, 0x94, 0xcd, 0xb4, 0xcd, 0xb5, 0xcd, 0x94, 0xcd,
    0x33, 0xbd, 0xf2, 0xb4, 0xf2, 0xb4, 0x32, 0xbd, 0x32, 0xc5, 0x32, 0xbd,
    0x33, 0xbd, 0x33, 0xbd, 0x32, 0xbd, 0x32, 0xbd, 0x12, 0xbd, 0x32, 0xbd,
    0x32, 0xbd, 0x12, 0xbd, 0x73, 0xcd, 0xd1, 0xb4, 0x0e, 0x9c, 0x33, 0xbd,
    0xf6, 0xd5, 0xf6, 0xd5, 0xf5, 0xd5, 0x90, 0xac, 0x90, 0xa4, 0x0e, 0x94,
    0xad, 0x8b, 0x44, 0x31, 0x85, 0x39, 0xa9, 0x62, 0x4f, 0x9c, 0x13, 0xb5,
    0x74, 0xbd, 0x33, 0xbd, 0xee, 0x8b, 0x48, 0x52, 0x86, 0x39, 0x86, 0x31,
    0x65, 0x31, 0xa5, 0x41, 0x2f, 0x9c, 0x4f, 0x9c, 0xce, 0x8b, 0x48, 0x52,
    0x28, 0x52, 0x27, 0x52, 0x28, 0x52, 0x28, 0x52, 0x86, 0x39, 0x65, 0x29,
    0x45, 0x29, 0x65, 0x29, 0x65, 0x31, 0x66, 0x29, 0x45, 0x29, 0x65, 0x31,
    0x65, 0x29, 0x45, 0x29, 0x45, 0x29, 0x65, 0x29, 0x45, 0x29, 0x65, 0x31,
    0x45, 0x29, 0x65, 0x31, 0x45, 0x29, 0x65, 0x29, 0x45, 0x29, 0x03, 0x29,
    0x8b, 0x8b, 0x2a, 0x83, 0x29, 0x83, 0x2d, 0xa4, 0x2d, 0xa4, 0x4e, 0xac,
    0x0d, 0xa4, 0x6b, 0x8b, 0x8b, 0x93, 0x6b, 0x8b, 0x06, 0x52, 0x85, 0x39,
    0x85, 0x39, 0x86, 0x39, 0x86, 0x39, 0x85, 0x31, 0x65, 0x31, 0x86, 0x31,
    0x86, 0x31, 0x65, 0x31, 0x65, 0x31, 0x65, 0x31, 0x65, 0x29, 0x65, 0x31,
    0x65, 0x31, 0x86, 0x31, 0x86, 0x31, 0x85, 0x31, 0x85, 0x31, 0x04, 0x29,
    0xb1, 0xdd, 0x91, 0xdd, 0x91, 0xe5, 0xb1, 0xe5, 0x50, 0xd5, 0xcd, 0x93,
    0x68, 0x5a, 0x28, 0x52, 0xa9, 0x62, 0x0b, 0x73, 0x89, 0x5a, 0x07, 0x42,
    0x07, 0x42, 0xa6, 0x41, 0x4a, 0x83, 0x30, 0xcd, 0x50, 0xcd, 0x30, 0xcd,
    0x30, 0xcd, 0x31, 0xcd, 0x6f, 0x9c, 0x0e, 0x84, 0xf0, 0xbc, 0xae, 0xbc,
    0x8d, 0xb4, 0x4d, 0xa4, 0xf6, 0xd5, 0x99, 0xde, 0x79, 0xde, 0x79, 0xde,
    0x79, 0xe6, 0x78, 0xde, 0xf7, 0xd5, 0x2f, 0x9c, 0xb1, 0xac, 0xb1, 0xac,
    0x91, 0xac, 0x90, 0xa4, 0xf1, 0xac, 0xf2, 0xb4, 0xf2, 0xb4, 0xf1, 0xb4,
    0x12, 0xb5, 0x2f, 0x9c, 0xf1, 0xb4, 0xd1, 0xac, 0xf2, 0xb4, 0x33, 0xbd,
    0x91, 0xa4, 0x33, 0xb5, 0x34, 0xb5, 0x33, 0xad, 0x34, 0xb5, 0x34, 0xb5,
    0x34, 0xad, 0x95, 0xc5, 0x58, 0xd6, 0x99, 0xde, 0x58, 0xde, 0xb5, 0xc5,
    0x34, 0xb5, 0x34, 0xb5, 0x34, 0xb5, 0x34, 0xb5, 0x34, 0xad, 0x13, 0xad,
    0xcf, 0x73, 0x2a, 0x2a, 0x09, 0x22, 0x09, 0x2a, 0x6b, 0x2a, 0x6e, 0x4b,
    0x2d, 0x5b, 0x90, 0xa4, 0x12, 0xb5, 0xf2, 0xb4, 0xb1, 0xa4, 0x91, 0x9c,
    0x09, 0x2a, 0x6b, 0x22, 0x4b, 0x2a, 0x6e, 0x5b, 0x91, 0x9c, 0x2d, 0x5b,
    0x2a, 0x22, 0xe9, 0x19, 0x0a, 0x22, 0x0a, 0x1a, 0x2a, 0x22, 0x6b, 0x2a,
    0x6b, 0x2a, 0x6b, 0x22, 0x4b, 0x22, 0x2a, 0x22, 0x4a, 0x22, 0x4b, 0x22,
    0x4b, 0x22, 0x4a, 0x22, 0x2a, 0x22, 0x2a, 0x1a, 0x2a, 0x22, 0x0a, 0x22,
    0x8a, 0x3a, 0x6b, 0x22, 0x4b, 0x22, 0x6b, 0x22, 0x4b, 0x22, 0x4b, 0x22,
    0x6b, 0x22, 0x6c, 0x22, 0x6c, 0x22, 0x6b, 0x22, 0x6c, 0x22, 0x4b, 0x22,
    0x4b, 0x22, 0x6b, 0x22, 0x6b, 0x22, 0x0a, 0x2a, 0x29, 0x2a, 0x2a, 0x2a,
    0xea, 0x72, 0x32, 0xbd, 0x32, 0xbd, 0x12, 0xbd, 0x12, 0xb5, 0x33, 0xbd,
    0x54, 0xbd, 0xce, 0x8b, 0x8b, 0x8b, 0x2d, 0xa4, 0x4e, 0xac, 0xcc, 0x93,
    0x90, 0xac, 0x12, 0xbd, 0xf2, 0xb4, 0xf1, 0xb4, 0xf2, 0xb4, 0x12, 0xb5,
    0x53, 0xc5, 0x94, 0xc5, 0x94, 0xcd, 0xf2, 0xb4, 0xf1, 0xb4, 0x12, 0xbd,
    0xf2, 0xb4, 0xf2, 0xbc, 0x32, 0xbd, 0x33, 0xbd, 0x33, 0xc5, 0x33, 0xbd,
    0x32, 0xbd, 0x33, 0xbd, 0x33, 0xbd, 0x12, 0xbd, 0x12, 0xbd, 0x32, 0xbd,
    0xf2, 0xbc, 0x53, 0xc5, 0x90, 0xac, 0x12, 0xbd, 0xf6, 0xd5, 0xf6, 0xd5,
    0x16, 0xd6, 0xf5, 0xd5, 0x12, 0xbd, 0x90, 0xac, 0x90, 0xa4, 0x2f, 0x9c,
    0xce, 0x8b, 0xc6, 0x49, 0xe7, 0x49, 0x48, 0x52, 0x28, 0x52, 0x48, 0x52,
    0x27, 0x4a, 0xa6, 0x39, 0xa6, 0x39, 0xa6, 0x39, 0x86, 0x31, 0x86, 0x31,
    0x85, 0x31, 0x69, 0x5a, 0x2f, 0x9c, 0x70, 0xa4, 0xce, 0x8b, 0x28, 0x52,
    0x28, 0x52, 0x27, 0x4a, 0x27, 0x52, 0x28, 0x52, 0x07, 0x4a, 0x86, 0x31,
    0x65, 0x29, 0x45, 0x29, 0x65, 0x31, 0x65, 0x29, 0x45, 0x29, 0x45, 0x29,
    0x65, 0x31, 0x65, 0x31, 0x45, 0x29, 0x65, 0x29, 0x65, 0x31, 0x45, 0x29,
    0x65, 0x29, 0x65, 0x31, 0x45, 0x29, 0x65, 0x29, 0x65, 0x31, 0x8b, 0x8b,
    0xe9, 0x7a, 0xcc, 0x93, 0xac, 0x93, 0x29, 0x83, 0x0d, 0xa4, 0x2d, 0xa4,
    0x4d, 0xac, 0xcc, 0x9b, 0xac, 0x93, 0xac, 0x93, 0xac, 0x93, 0xe7, 0x49,
    0x86, 0x31, 0x86, 0x31, 0x85, 0x31, 0x86, 0x39, 0x65, 0x31, 0x85, 0x31,
    0x45, 0x31, 0x65, 0x31, 0x66, 0x31, 0x65, 0x29, 0x65, 0x31, 0x86, 0x31,
    0x85, 0x31, 0x85, 0x31, 0x86, 0x31, 0x86, 0x31, 0x85, 0x31, 0xc5, 0x49,
    0x70, 0xdd, 0x90, 0xdd, 0x90, 0xdd, 0x70, 0xdd, 0x4d, 0xac, 0xa9, 0x6a,
    0x4c, 0x7b, 0x6c, 0x7b, 0x4b, 0x7b, 0x4b, 0x7b, 0xaa, 0x62, 0x28, 0x4a,
    0x07, 0x4a, 0x07, 0x4a, 0xa5, 0x41, 0xcc, 0x9b, 0x10, 0xc5, 0x50, 0xcd,
    0x30, 0xcd, 0xef, 0xc4, 0xf0, 0xc4, 0x8e, 0xb4, 0xaf, 0xbc, 0xf0, 0xc4,
    0xef, 0xc4, 0x2a, 0x83, 0x95, 0xc5, 0x79, 0xde, 0x78, 0xde, 0x78, 0xde,
    0x78, 0xde, 0x58, 0xde, 0x13, 0xad, 0xb1, 0xac, 0xd2, 0xac, 0xf2, 0xb4,
    0x90, 0xa4, 0x90, 0xa4, 0xf2, 0xb4, 0xf2, 0xb4, 0xf2, 0xb4, 0xf2, 0xb4,
    0x12, 0xb5, 0xf2, 0xb4, 0xf1, 0xb4, 0xd2, 0xac, 0xf2, 0xb4, 0xb1, 0xac,
    0xef, 0x8b, 0x34, 0xb5, 0x34, 0xb5, 0x54, 0xb5, 0x33, 0xb5, 0x34, 0xb5,
    0x34, 0xad, 0xd6, 0xcd, 0x79, 0xde, 0x99, 0xde, 0xf6, 0xd5, 0x50, 0x9c,
    0x34, 0xad, 0x34, 0xb5, 0x33, 0xad, 0x33, 0xad, 0x14, 0xad, 0x13, 0xb5,
    0xaf, 0x73, 0x09, 0x2a, 0x2a, 0x2a, 0x4a, 0x32, 0x4e, 0x53, 0xcf, 0x6b,
    0x6d, 0x73, 0x90, 0xac, 0x70, 0xa4, 0xd1, 0xac, 0xd2, 0xac, 0x71, 0x9c,
    0x4a, 0x32, 0x6b, 0x22, 0x6b, 0x22, 0x0d, 0x53, 0x50, 0x94, 0x8e, 0x7b,
    0x6a, 0x32, 0x0a, 0x22, 0x0a, 0x22, 0x2a, 0x22, 0x4b, 0x22, 0x6b, 0x22,
    0x6b, 0x22, 0x6b, 0x22, 0x6b, 0x2a, 0x6b, 0x22, 0x4b, 0x22, 0x4b, 0x22,
    0x2a, 0x1a, 0x2a, 0x22, 0x2a, 0x22, 0x2a, 0x22, 0x2a, 0x22, 0x8c, 0x2a,
    0xcc, 0x42, 0x6c, 0x22, 0x6b, 0x22, 0x6c, 0x22, 0x6c, 0x22, 0x6b, 0x22,
    0x6b, 0x22, 0x8c, 0x22, 0x8c, 0x22, 0x8b, 0x22, 0x8b, 0x22, 0x6c, 0x22,
    0x6b, 0x22, 0x4a, 0x22, 0x2a, 0x2a, 0x09, 0x2a, 0x09, 0x2a, 0x09, 0x32,
    0x0f, 0x9c, 0xb0, 0xac, 0xf1, 0xb4, 0x12, 0xbd, 0x12, 0xbd, 0x90, 0xa4,
    0xee, 0x93, 0x4f, 0x9c, 0x2e, 0xa4, 0x2d, 0xac, 0x4e, 0xac, 0x6e, 0xa4,
    0xd1, 0xb4, 0x54, 0xc5, 0xf2, 0xb4, 0xf1, 0xb4, 0xf1, 0xb4, 0xf1, 0xb4,
    0xf1, 0xb4, 0x94, 0xc5, 0x94, 0xcd, 0x32, 0xbd, 0xd1, 0xb4, 0xf2, 0xb4,
    0xf2, 0xb4, 0x12, 0xb5, 0x12, 0xbd, 0x33, 0xbd, 0x33, 0xbd, 0x33, 0xc5,
    0x32, 0xc5, 0x12, 0xbd, 0x13, 0xbd, 0x32, 0xbd, 0x12, 0xbd, 0xf2, 0xb4,
    0xb1, 0xac, 0x53, 0xbd, 0xd5, 0xd5, 0xf6, 0xd5, 0xf6, 0xd5, 0xf5, 0xd5,
    0xf6, 0xd5, 0xf5, 0xd5, 0x6f, 0xac, 0x90, 0xac, 0x90, 0xa4, 0x90, 0xa4,
    0x0e, 0x94, 0x07, 0x4a, 0x07, 0x52, 0x28, 0x52, 0x48, 0x5a, 0x48, 0x5a,
    0x48, 0x52, 0x48, 0x5a, 0x68, 0x5a, 0xe7, 0x49, 0xa6, 0x39, 0xa6, 0x41,
    0xca, 0x6a, 0x0b, 0x73, 0x70, 0xa4, 0x2f, 0x9c, 0x2b, 0x73, 0x27, 0x4a,
    0x28, 0x52, 0x27, 0x4a, 0x28, 0x4a, 0x28, 0x52, 0x28, 0x52, 0xa6, 0x39,
    0x45, 0x29, 0x45, 0x29, 0x45, 0x29, 0x65, 0x29, 0x45, 0x29, 0x45, 0x29,
    0x65, 0x29, 0x45, 0x29, 0x45, 0x29, 0x65, 0x31, 0x45, 0x29, 0x45, 0x29,
    0x65, 0x29, 0x66, 0x31, 0x65, 0x29, 0x45, 0x29, 0x47, 0x5a, 0x4b, 0x8b,
    0xcc, 0x93, 0xcc, 0x9b, 0xcc, 0x9b, 0x8b, 0x8b, 0x2a, 0x83, 0x8b, 0x8b,
    0x4a, 0x8b, 0xcc, 0x93, 0xcc, 0x9b, 0xcc, 0x93, 0x4b, 0x83, 0xe7, 0x41,
    0x85, 0x31, 0x85, 0x31, 0x65, 0x31, 0x86, 0x39, 0x86, 0x31, 0x65, 0x31,
    0x24, 0x29, 0x86, 0x31, 0x86, 0x31, 0x86, 0x31, 0x65, 0x31, 0x65, 0x31,
    0x65, 0x31, 0x86, 0x39, 0x85, 0x39, 0x86, 0x39, 0x65, 0x31, 0xf0, 0xc4,
    0x70, 0xdd, 0x70, 0xdd, 0x50, 0xd5, 0x4d, 0xac, 0x67, 0x62, 0x0b, 0x73,
    0x4b, 0x83, 0x6c, 0x83, 0x4c, 0x83, 0x4c, 0x83, 0xea, 0x6a, 0xaa, 0x62,
    0x08, 0x4a, 0xe7, 0x41, 0xa6, 0x39, 0xa8, 0x6a, 0x6b, 0x8b, 0xef, 0xc4,
    0x31, 0xcd, 0x30, 0xcd, 0x0f, 0xc5, 0x71, 0xcd, 0x31, 0xcd, 0xef, 0xc4,
    0xd0, 0xbc, 0xd1, 0xb4, 0x17, 0xd6, 0x78, 0xde, 0x78, 0xde, 0x78, 0xde,
    0x78, 0xde, 0xf7, 0xcd, 0xd2, 0xa4, 0xb1, 0xa4, 0x90, 0xa4, 0xf2, 0xb4,
    0xb1, 0xac, 0x91, 0xac, 0x12, 0xb5, 0xf2, 0xb4, 0xf2, 0xb4, 0xf2, 0xac,
    0xf2, 0xb4, 0xd1, 0xac, 0xd2, 0xb4, 0xf2, 0xb4, 0x33, 0xbd, 0xb1, 0xa4,
    0x54, 0xb5, 0x54, 0xb5, 0x34, 0xb5, 0x34, 0xb5, 0x34, 0xb5, 0x33, 0xad,
    0x34, 0xb5, 0x17, 0xce, 0x78, 0xde, 0x37, 0xde, 0x78, 0xde, 0x74, 0xbd,
    0x34, 0xb5, 0x34, 0xad, 0x33, 0xb5, 0x13, 0xad, 0x33, 0xb5, 0x14, 0xad,
    0xae, 0x73, 0x09, 0x2a, 0x8b, 0x3a, 0xed, 0x42, 0xed, 0x32, 0x8b, 0x32,
    0xb1, 0xa4, 0xb1, 0xac, 0x2f, 0x9c, 0x50, 0xa4, 0xd2, 0xac, 0x91, 0x9c,
    0x6a, 0x3a, 0x6c, 0x22, 0x6b, 0x22, 0x8b, 0x32, 0x6d, 0x73, 0xd1, 0xac,
    0x2d, 0x5b, 0x29, 0x22, 0x4a, 0x22, 0x4b, 0x22, 0x6b, 0x22, 0x6b, 0x2a,
    0x4b, 0x22, 0x4b, 0x22, 0x4b, 0x22, 0x4b, 0x22, 0x2a, 0x22, 0x2a, 0x22,
    0x2a, 0x1a, 0x2a, 0x22, 0x4b, 0x22, 0x4a, 0x22, 0xab, 0x3a, 0x8c, 0x2a,
    0x8b, 0x32, 0x6b, 0x2a, 0x6b, 0x22, 0x8c, 0x22, 0x8c, 0x22, 0x6b, 0x22,
    0x8c, 0x22, 0x8c, 0x22, 0x6b, 0x22, 0x6c, 0x22, 0x6b, 0x22, 0x6c, 0x22,
    0x4b, 0x22, 0x4a, 0x2a, 0x09, 0x2a, 0x09, 0x2a, 0xe9, 0x29, 0xe9, 0x29,
    0xd1, 0xac, 0x2b, 0x7b, 0xf2, 0xb4, 0x12, 0xb5, 0x12, 0xbd, 0x12, 0xb5,
    0x0e, 0x9c, 0xcd, 0x8b, 0x4e, 0xa4, 0x0d, 0xa4, 0x4e, 0xac, 0x4e, 0xa4,
    0x0e, 0x94, 0x53, 0xc5, 0xf2, 0xb4, 0xf2, 0xb4, 0xd2, 0xb4, 0xf2, 0xb4,
    0x12, 0xbd, 0x74, 0xcd, 0x94, 0xcd, 0x74, 0xc5, 0x32, 0xbd, 0xf2, 0xb4,
    0xf2, 0xb4, 0xf2, 0xb4, 0x32, 0xbd, 0x32, 0xbd, 0x33, 0xbd, 0x33, 0xbd,
    0x33, 0xbd, 0x32, 0xbd, 0x12, 0xbd, 0x12, 0xbd, 0xf2, 0xbc, 0xf1, 0xb4,
    0x73, 0xc5, 0x16, 0xde, 0x16, 0xd6, 0xf6, 0xd5, 0xf6, 0xd5, 0xf5, 0xd5,
    0xd5, 0xd5, 0x74, 0xcd, 0x90, 0xac, 0x91, 0xac, 0x2f, 0x9c, 0x70, 0xa4,
    0xee, 0x93, 0x48, 0x52, 0x48, 0x52, 0x27, 0x52, 0x27, 0x52, 0x48, 0x52,
    0x48, 0x5a, 0x48, 0x52, 0x48, 0x52, 0x27, 0x52, 0x48, 0x52, 0x89, 0x62,
    0x88, 0x5a, 0xad, 0x8b, 0x4f, 0x9c, 0xad, 0x8b, 0xe7, 0x49, 0x27, 0x4a,
    0x27, 0x52, 0x28, 0x52, 0x27, 0x4a, 0x27, 0x4a, 0x28, 0x52, 0x28, 0x52,
    0x65, 0x31, 0x65, 0x29, 0x45, 0x31, 0x65, 0x31, 0x65, 0x29, 0x45, 0x31,
    0x65, 0x29, 0x65, 0x31, 0x45, 0x29, 0x65, 0x29, 0x65, 0x29, 0x45, 0x29,
    0x45, 0x29, 0x65, 0x31, 0x65, 0x29, 0x65, 0x39, 0x6b, 0x8b, 0xcc, 0x93,
    0xab, 0x93, 0xcc, 0x9b, 0xac, 0x93, 0xab, 0x93, 0x6b, 0x8b, 0x0a, 0x7b,
    0x8b, 0x8b, 0xac, 0x93, 0xcc, 0x93, 0xcc, 0x9b, 0x06, 0x52, 0x65, 0x31,
    0x65, 0x31, 0x65, 0x31, 0x86, 0x39, 0x85, 0x31, 0x86, 0x31, 0x86, 0x39,
    0x65, 0x29, 0x86, 0x31, 0x86, 0x31, 0x86, 0x31, 0x65, 0x31, 0x65, 0x31,
    0x66, 0x31, 0x65, 0x31, 0x66, 0x31, 0x86, 0x39, 0xe6, 0x49, 0x50, 0xd5,
    0x70, 0xd5, 0xcf, 0xc4, 0x2d, 0xa4, 0x88, 0x62, 0xa9, 0x6a, 0x2b, 0x7b,
    0x4c, 0x7b, 0x6c, 0x83, 0x6c, 0x7b, 0x6c, 0x83, 0xea, 0x6a, 0xa9, 0x62,
    0x48, 0x52, 0xe7, 0x41, 0x85, 0x41, 0x4b, 0x83, 0xe9, 0x72, 0x6b, 0x8b,
    0xaf, 0xbc, 0xef, 0xc4, 0xef, 0xc4, 0x51, 0xcd, 0x71, 0xd5, 0xaf, 0xb4,
    0xcc, 0x9b, 0x2e, 0x9c, 0xf6, 0xcd, 0x58, 0xde, 0x79, 0xde, 0x79, 0xde,
    0x79, 0xde, 0xf3, 0xac, 0xce, 0x8b, 0xb1, 0xac, 0x91, 0xac, 0xf2, 0xb4,
    0xd1, 0xb4, 0xd1, 0xb4, 0x33, 0xbd, 0x12, 0xb5, 0xf1, 0xb4, 0xf1, 0xb4,
    0xb1, 0xac, 0xd1, 0xac, 0xd1, 0xac, 0xf2, 0xb4, 0xd1, 0xac, 0xce, 0x83,
    0x54, 0xb5, 0x54, 0xb5, 0x54, 0xb5, 0x34, 0xb5, 0x34, 0xb5, 0x34, 0xb5,
    0x54, 0xb5, 0x37, 0xd6, 0x57, 0xde, 0x79, 0xde, 0x79, 0xde, 0x58, 0xde,
    0x13, 0xad, 0x13, 0xad, 0x34, 0xb5, 0x34, 0xb5, 0x34, 0xad, 0x33, 0xad,
    0x8e, 0x73, 0x29, 0x3a, 0x0d, 0x4b, 0xcc, 0x32, 0xac, 0x2a, 0xcc, 0x4a,
    0x90, 0xa4, 0xd1, 0xac, 0x4f, 0x9c, 0x2f, 0x9c, 0xd2, 0xac, 0x91, 0x9c,
    0xcb, 0x4a, 0x8c, 0x2a, 0x6b, 0x22, 0x2a, 0x2a, 0x2c, 0x6b, 0x90, 0xa4,
    0x8d, 0x7b, 0x6a, 0x32, 0x4b, 0x2a, 0x6b, 0x22, 0x6b, 0x22, 0x6b, 0x2a,
    0x4b, 0x22, 0x4b, 0x22, 0x6b, 0x22, 0x6b, 0x22, 0x4b, 0x22, 0x4a, 0x22,
    0x2a, 0x22, 0x2a, 0x22, 0x2b, 0x22, 0x4b, 0x22, 0x8b, 0x3a, 0x8b, 0x3a,
    0x6b, 0x32, 0xcb, 0x4a, 0x8b, 0x32, 0xcc, 0x32, 0x8c, 0x22, 0x8c, 0x22,
    0x8c, 0x22, 0x8b, 0x2a, 0x8b, 0x32, 0x8b, 0x22, 0x6c, 0x22, 0x6b, 0x22,
    0x4a, 0x2a, 0x2a, 0x2a, 0x0a, 0x2a, 0x09, 0x2a, 0xe9, 0x29, 0x09, 0x2a,
    0x54, 0xbd, 0x8d, 0x83, 0x70, 0x9c, 0x12, 0xbd, 0x12, 0xbd, 0xf1, 0xb4,
    0xd1, 0xb4, 0xed, 0x93, 0x8c, 0x8b, 0x2d, 0xa4, 0x4e, 0xa4, 0x0e, 0x9c,
    0xea, 0x72, 0x33, 0xc5, 0xd1, 0xb4, 0xf2, 0xb4, 0xf2, 0xb4, 0xf2, 0xb4,
    0xf2, 0xb4, 0x33, 0xbd, 0x94, 0xcd, 0x74, 0xcd, 0x12, 0xbd, 0xb1, 0xac,
    0xf1, 0xb4, 0xf2, 0xb4, 0x32, 0xbd, 0x33, 0xbd, 0x33, 0xc5, 0x32, 0xbd,
    0x33, 0xbd, 0x12, 0xbd, 0x12, 0xbd, 0xf2, 0xb4, 0x12, 0xb5, 0xb4, 0xcd,
    0x16, 0xde, 0xf6, 0xd5, 0xf6, 0xd5, 0xf6, 0xd5, 0xf6, 0xd5, 0xd5, 0xcd,
    0x94, 0xc5, 0x70, 0xa4, 0xb1, 0xac, 0xb0, 0xa4, 0x2f, 0x9c, 0x70, 0xa4,
    0xee, 0x8b, 0x48, 0x52, 0x68, 0x5a, 0x28, 0x52, 0x07, 0x4a, 0x48, 0x5a,
    0x48, 0x5a, 0x48, 0x5a, 0x27, 0x52, 0x27, 0x52, 0x28, 0x52, 0x88, 0x5a,
    0x89, 0x5a, 0x2f, 0x9c, 0x70, 0xa4, 0x4f, 0x9c, 0xe7, 0x49, 0x27, 0x4a,
    0x28, 0x52, 0x28, 0x52, 0x07, 0x4a, 0x27, 0x4a, 0x27, 0x52, 0x27, 0x4a,
    0x28, 0x4a, 0x86, 0x39, 0x45, 0x29, 0x45, 0x29, 0x65, 0x29, 0x45, 0x29,
    0x65, 0x31, 0x45, 0x29, 0x65, 0x29, 0x45, 0x29, 0x45, 0x29, 0x45, 0x29,
    0x45, 0x29, 0x65, 0x29, 0x45, 0x29, 0x88, 0x62, 0x8b, 0x93, 0xcb, 0x93,
    0xcc, 0x93, 0xcc, 0x9b, 0xcc, 0x93, 0xab, 0x93, 0x09, 0x7b, 0xa9, 0x6a,
    0x0a, 0x7b, 0x8b, 0x93, 0xac, 0x93, 0x4b, 0x83, 0x07, 0x52, 0x86, 0x39,
    0x85, 0x31, 0x86, 0x31, 0x85, 0x31, 0x86, 0x39, 0x85, 0x39, 0x65, 0x31,
    0x65, 0x31, 0x86, 0x31, 0x86, 0x39, 0x85, 0x31, 0x86, 0x31, 0x85, 0x31,
    0x85, 0x31, 0x65, 0x31, 0x65, 0x31, 0x07, 0x42, 0x6a, 0x83, 0x50, 0xd5,
    0x6e, 0xac, 0xe9, 0x72, 0xa9, 0x6a, 0xc9, 0x6a, 0x0a, 0x73, 0x0b, 0x73,
    0x4b, 0x7b, 0x6c, 0x83, 0x6c, 0x7b, 0x4c, 0x83, 0xca, 0x6a, 0x89, 0x5a,
    0x69, 0x5a, 0xe7, 0x49, 0x68, 0x5a, 0x6b, 0x8b, 0x6b, 0x8b, 0x4a, 0x83,
    0x88, 0x6a, 0xab, 0x93, 0x8e, 0xb4, 0xaf, 0xbc, 0x30, 0xcd, 0xcf, 0xbc,
    0xcf, 0xbc, 0xec, 0x9b, 0x73, 0xc5, 0xd6, 0xcd, 0x79, 0xde, 0x99, 0xe6,
    0xf6, 0xcd, 0x13, 0xb5, 0x6d, 0x83, 0xf2, 0xb4, 0x12, 0xb5, 0x12, 0xb5,
    0xf2, 0xb4, 0xf2, 0xb4, 0x12, 0xb5, 0xf2, 0xb4, 0xf2, 0xb4, 0xf2, 0xb4,
    0xd1, 0xac, 0xd2, 0xb4, 0xf2, 0xb4, 0x33, 0xbd, 0x90, 0xa4, 0x13, 0xad,
    0x34, 0xb5, 0x34, 0xb5, 0x54, 0xb5, 0x54, 0xb5, 0x54, 0xb5, 0x54, 0xb5,
    0x75, 0xbd, 0x57, 0xd6, 0x79, 0xde, 0x79, 0xde, 0x78, 0xde, 0x37, 0xd6,
    0x91, 0x9c, 0x14, 0xb5, 0x34, 0xb5, 0x34, 0xb5, 0x34, 0xb5, 0x13, 0xad,
    0x4d, 0x73, 0x08, 0x32, 0x8b, 0x32, 0x6b, 0x22, 0x6b, 0x2a, 0xb2, 0xa4,
    0x12, 0xb5, 0xf1, 0xb4, 0x2f, 0x9c, 0xb1, 0xa4, 0xf2, 0xac, 0x91, 0x9c,
    0x0c, 0x53, 0x6b, 0x22, 0x6b, 0x22, 0x4b, 0x2a, 0xae, 0x73, 0x13, 0xb5,
    0x13, 0xb5, 0x0d, 0x53, 0x6b, 0x2a, 0x6b, 0x2a, 0x6c, 0x22, 0x6b, 0x22,
    0x6b, 0x2a, 0x4b, 0x22, 0x4b, 0x22, 0x4b, 0x22, 0x4a, 0x22, 0x2a, 0x22,
    0x4b, 0x22, 0x4b, 0x22, 0x4b, 0x22, 0x6b, 0x22, 0x6b, 0x22, 0xec, 0x52,
    0xeb, 0x52, 0x0b, 0x5b, 0x0b, 0x63, 0x4d, 0x63, 0xab, 0x42, 0x8b, 0x32,
    0x8b, 0x3a, 0xcb, 0x4a, 0xcb, 0x4a, 0x8c, 0x32, 0x6b, 0x22, 0x4b, 0x22,
    0x2a, 0x2a, 0x2a, 0x2a, 0x09, 0x2a, 0x09, 0x32, 0x09, 0x2a, 0x29, 0x2a,
    0x54, 0xbd, 0x8d, 0x7b, 0x2b, 0x73, 0x4f, 0x9c, 0xf1, 0xb4, 0xf2, 0xb4,
    0xd1, 0xb4, 0xd1, 0xb4, 0x90, 0xac, 0x6f, 0xa4, 0x2e, 0xa4, 0x8f, 0xac,
    0x0a, 0x73, 0xf1, 0xb4, 0xd1, 0xb4, 0xf1, 0xb4, 0xf1, 0xb4, 0xf2, 0xb4,
    0xf1, 0xb4, 0x12, 0xbd, 0x53, 0xc5, 0x12, 0xbd, 0x12, 0xbd, 0xf1, 0xb4,
    0xd1, 0xb4, 0xf2, 0xb4, 0x13, 0xbd, 0x12, 0xbd, 0x32, 0xbd, 0x32, 0xbd,
    0x12, 0xbd, 0xf2, 0xbc, 0xf1, 0xb4, 0xf2, 0xb4, 0x73, 0xc5, 0xd5, 0xcd,
    0xd6, 0xd5, 0xf6, 0xd5, 0xf6, 0xd5, 0xf5, 0xd5, 0xd5, 0xcd, 0x73, 0xc5,
    0x12, 0xbd, 0x90, 0xa4, 0xb0, 0xac, 0x50, 0xa4, 0x70, 0xa4, 0x70, 0xa4,
    0xee, 0x8b, 0x48, 0x52, 0x48, 0x5a, 0x69, 0x5a, 0x69, 0x5a, 0x68, 0x5a,
    0x89, 0x62, 0x68, 0x5a, 0x28, 0x52, 0x27, 0x52, 0x28, 0x52, 0x69, 0x5a,
    0x68, 0x5a, 0x4f, 0x9c, 0x70, 0xa4, 0x12, 0xb5, 0x28, 0x4a, 0x28, 0x52,
    0x27, 0x4a, 0x08, 0x4a, 0x08, 0x52, 0x08, 0x52, 0x08, 0x4a, 0x27, 0x52,
    0x07, 0x4a, 0x07, 0x4a, 0x65, 0x31, 0x65, 0x29, 0x45, 0x29, 0x65, 0x31,
    0x45, 0x29, 0x65, 0x29, 0x45, 0x31, 0x65, 0x29, 0x45, 0x29, 0x45, 0x31,
    0x65, 0x29, 0x65, 0x29, 0x45, 0x31, 0x03, 0x29, 0xa8, 0x6a, 0xac, 0x93,
    0xac, 0x93, 0xcc, 0x93, 0xcc, 0x9b, 0x6a, 0x8b, 0x88, 0x62, 0x2a, 0x73,
    0x0a, 0x7b, 0xe9, 0x7a, 0x0a, 0x83, 0x68, 0x6a, 0x85, 0x41, 0x65, 0x31,
    0x85, 0x31, 0x66, 0x39, 0x86, 0x31, 0x85, 0x31, 0x65, 0x31, 0x24, 0x29,
    0x66, 0x31, 0x86, 0x31, 0x86, 0x39, 0x86, 0x39, 0x86, 0x39, 0x86, 0x31,
    0x86, 0x31, 0x85, 0x31, 0x86, 0x39, 0x27, 0x52, 0xec, 0xa3, 0xec, 0x9b,
    0x47, 0x5a, 0x89, 0x5a, 0x89, 0x62, 0x68, 0x5a, 0x68, 0x62, 0x89, 0x62,
    0x0a, 0x73, 0x4b, 0x7b, 0x4b, 0x7b, 0x4b, 0x7b, 0x89, 0x62, 0x69, 0x5a,
    0x68, 0x5a, 0x27, 0x4a, 0x6b, 0x83, 0x6b, 0x8b, 0x6b, 0x8b, 0x2a, 0x83,
    0xa9, 0x6a, 0x0a, 0x7b, 0xcc, 0x9b, 0x6e, 0xac, 0x51, 0xcd, 0xef, 0xc4,
    0xaf, 0xbc, 0xf0, 0xc4, 0x31, 0xc5, 0xf1, 0xbc, 0x54, 0xbd, 0x78, 0xde,
    0xb2, 0xa4, 0xf3, 0xac, 0xee, 0x8b, 0x90, 0xa4, 0xf2, 0xb4, 0xf2, 0xb4,
    0xf2, 0xb4, 0xd1, 0xac, 0xf2, 0xb4, 0xf2, 0xb4, 0xf2, 0xb4, 0xd1, 0xb4,
    0xd1, 0xac, 0xf2, 0xb4, 0x12, 0xb5, 0x53, 0xbd, 0xce, 0x8b, 0x33, 0xad,
    0x34, 0xb5, 0x34, 0xb5, 0x33, 0xb5, 0x34, 0xb5, 0x54, 0xb5, 0x74, 0xb5,
    0xd6, 0xcd, 0x78, 0xde, 0x79, 0xde, 0x78, 0xde, 0x78, 0xde, 0x37, 0xd6,
    0x34, 0xb5, 0x34, 0xb5, 0x34, 0xad, 0x33, 0xb5, 0x14, 0xad, 0x13, 0xad,
    0x6d, 0x7b, 0xe8, 0x29, 0x6b, 0x2a, 0x6b, 0x2a, 0x0c, 0x53, 0xb1, 0xa4,
    0xf2, 0xb4, 0xf2, 0xb4, 0x4c, 0x6b, 0x91, 0xa4, 0xd2, 0xac, 0x91, 0xa4,
    0x4d, 0x5b, 0x4b, 0x22, 0x6b, 0x22, 0xcc, 0x3a, 0x30, 0x84, 0x33, 0xb5,
    0x13, 0xb5, 0x0c, 0x5b, 0x6b, 0x2a, 0x6c, 0x2a, 0x6b, 0x22, 0x6b, 0x22,
    0x6b, 0x22, 0x2a, 0x22, 0x4a, 0x22, 0x4b, 0x22, 0x4b, 0x22, 0x4b, 0x22,
    0x4b, 0x22, 0x6b, 0x22, 0x6b, 0x22, 0x6c, 0x22, 0x6b, 0x22, 0x0c, 0x5b,
    0x0b, 0x63, 0xeb, 0x62, 0xeb, 0x62, 0x0b, 0x63, 0xeb, 0x62, 0xeb, 0x62,
    0xeb, 0x5a, 0xcb, 0x52, 0x6b, 0x2a, 0x4b, 0x22, 0x4b, 0x22, 0x2a, 0x2a,
    0x09, 0x2a, 0x09, 0x2a, 0x29, 0x32, 0x29, 0x32, 0x2a, 0x32, 0x29, 0x32,
    0x34, 0xbd, 0x2f, 0x94, 0x0b, 0x6b, 0xea, 0x6a, 0x2e, 0x9c, 0x12, 0xbd,
    0xf1, 0xb4, 0xf2, 0xb4, 0xf2, 0xb4, 0x12, 0xb5, 0x6f, 0xa4, 0x6f, 0xa4,
    0xcd, 0x93, 0xb1, 0xac, 0xd1, 0xb4, 0xf2, 0xb4, 0xf2, 0xb4, 0xf2, 0xbc,
    0xf2, 0xb4, 0x33, 0xbd, 0x53, 0xc5, 0xf1, 0xb4, 0xf2, 0xb4, 0xf2, 0xb4,
    0xf2, 0xb4, 0x12, 0xbd, 0x33, 0xbd, 0x33, 0xc5, 0xf2, 0xbc, 0x12, 0xbd,
    0xf1, 0xb4, 0xb1, 0xac, 0xd1, 0xb4, 0x12, 0xbd, 0x74, 0xc5, 0xd5, 0xd5,
    0xf6, 0xd5, 0xf6, 0xd5, 0xf5, 0xcd, 0xb4, 0xcd, 0x53, 0xc5, 0xf2, 0xb4,
    0x4f, 0xa4, 0x90, 0xac, 0x4f, 0xa4, 0x2f, 0x9c, 0x70, 0xa4, 0x4f, 0x9c,
    0x6c, 0x7b, 0x68, 0x5a, 0x68, 0x5a, 0x68, 0x5a, 0x89, 0x5a, 0x88, 0x62,
    0x89, 0x62, 0x68, 0x5a, 0x28, 0x52, 0x27, 0x52, 0x27, 0x52, 0xa9, 0x62,
    0x07, 0x4a, 0x4f, 0x9c, 0x70, 0xa4, 0xad, 0x83, 0x28, 0x52, 0x07, 0x4a,
    0x07, 0x52, 0x27, 0x4a, 0x27, 0x4a, 0x07, 0x4a, 0x28, 0x52, 0x08, 0x52,
    0x28, 0x52, 0x28, 0x52, 0xc6, 0x41, 0x45, 0x29, 0x65, 0x29, 0x45, 0x29,
    0x45, 0x29, 0x45, 0x29, 0x65, 0x29, 0x65, 0x31, 0x65, 0x29, 0x45, 0x29,
    0x45, 0x31, 0x65, 0x29, 0x45, 0x29, 0x65, 0x29, 0x65, 0x31, 0xe9, 0x72,
    0x8b, 0x93, 0xa8, 0x72, 0xc8, 0x7a, 0xc9, 0x72, 0x0a, 0x73, 0x0a, 0x73,
    0x88, 0x62, 0xc5, 0x59, 0x68, 0x8a, 0x89, 0x92, 0xc6, 0x71, 0x65, 0x41,
    0x85, 0x31, 0x85, 0x31, 0x65, 0x31, 0x86, 0x31, 0x65, 0x31, 0x65, 0x29,
    0x86, 0x31, 0x65, 0x31, 0x85, 0x31, 0xa6, 0x39, 0x86, 0x39, 0x85, 0x31,
    0x65, 0x31, 0x66, 0x31, 0x28, 0x4a, 0x27, 0x52, 0x27, 0x52, 0x68, 0x5a,
    0x48, 0x5a, 0x68, 0x5a, 0x69, 0x5a, 0x68, 0x5a, 0x68, 0x5a, 0x48, 0x52,
    0x69, 0x5a, 0xca, 0x6a, 0xea, 0x72, 0x2b, 0x7b, 0x89, 0x62, 0x68, 0x52,
    0x08, 0x4a, 0xe6, 0x49, 0x4e, 0xac, 0x8b, 0x8b, 0x6b, 0x8b, 0x2a, 0x7b,
    0x47, 0x5a, 0xec, 0x9b, 0x4e, 0xac, 0xaf, 0xbc, 0x10, 0xc5, 0x8e, 0xb4,
    0x4e, 0xac, 0x6e, 0xb4, 0xaf, 0xb4, 0xd0, 0xbc, 0x4e, 0xa4, 0xd2, 0xac,
    0x34, 0xb5, 0x13, 0xb5, 0x91, 0xa4, 0x70, 0xa4, 0xf2, 0xb4, 0xf2, 0xb4,
    0xf2, 0xb4, 0xb1, 0xac, 0xb0, 0xac, 0xf1, 0xb4, 0xd1, 0xb4, 0xd1, 0xac,
    0xd1, 0xac, 0xf2, 0xb4, 0x53, 0xbd, 0xd2, 0xb4, 0x91, 0x9c, 0x34, 0xb5,
    0x33, 0xad, 0x34, 0xb5, 0x34, 0xad, 0x13, 0xad, 0x54, 0xbd, 0xf6, 0xcd,
    0xf7, 0xcd, 0x58, 0xde, 0x78, 0xde, 0x58, 0xde, 0x79, 0xde, 0x58, 0xde,
    0x37, 0xd6, 0xf3, 0xac, 0x13, 0xad, 0x13, 0xad, 0x34, 0xad, 0x13, 0xad,
    0x8e, 0x7b, 0x09, 0x32, 0x8b, 0x2a, 0x6b, 0x2a, 0x50, 0x8c, 0xd1, 0xac,
    0xd1, 0xac, 0xf2, 0xac, 0xac, 0x3a, 0xb1, 0xac, 0xd2, 0xac, 0xb1, 0xa4,
    0x6e, 0x6b, 0x4b, 0x22, 0x4b, 0x22, 0x6e, 0x5b, 0xd2, 0xa4, 0xf2, 0xac,
    0xf2, 0xb4, 0x0f, 0x84, 0xac, 0x3a, 0x6c, 0x22, 0x6b, 0x22, 0x6b, 0x22,
    0x6b, 0x22, 0x4b, 0x22, 0x4b, 0x22, 0x6b, 0x22, 0x6b, 0x22, 0x4b, 0x22,
    0x6b, 0x22, 0x6b, 0x22, 0x8c, 0x22, 0x8c, 0x22, 0x8c, 0x22, 0x0c, 0x5b,
    0x0b, 0x63, 0x0b, 0x63, 0x0b, 0x63, 0x0b, 0x63, 0xeb, 0x5a, 0xeb, 0x5a,
    0xeb, 0x5a, 0xab, 0x3a, 0x4b, 0x22, 0x2a, 0x22, 0x09, 0x22, 0xe9, 0x29,
    0x09, 0x2a, 0x2a, 0x2a, 0x2a, 0x2a, 0x2a, 0x2a, 0x2a, 0x32, 0x2a, 0x32,
    0x33, 0xbd, 0xb2, 0xa4, 0x0b, 0x73, 0x0b, 0x73, 0x2b, 0x73, 0x4f, 0xa4,
    0x32, 0xbd, 0x12, 0xbd, 0xd1, 0xb4, 0x90, 0xac, 0xb0, 0xac, 0xb1, 0xb4,
    0xee, 0x93, 0x70, 0xa4, 0x12, 0xbd, 0xf2, 0xb4, 0xf1, 0xb4, 0xf2, 0xb4,
    0xf2, 0xb4, 0x12, 0xbd, 0x73, 0xc5, 0x53, 0xc5, 0xf1, 0xb4, 0xf2, 0xb4,
    0xf2, 0xb4, 0x12, 0xbd, 0x12, 0xbd, 0x32, 0xbd, 0xf2, 0xb4, 0xf2, 0xb4,
    0x90, 0xac, 0xb0, 0xac, 0xf2, 0xb4, 0x74, 0xc5, 0xd5, 0xd5, 0xf6, 0xd5,
    0xf5, 0xd5, 0xb4, 0xcd, 0x53, 0xc5, 0x12, 0xbd, 0xf2, 0xb4, 0xb1, 0xac,
    0x90, 0xac, 0x4f, 0xa4, 0x90, 0xa4, 0x70, 0x9c, 0x70, 0xa4, 0x0e, 0x94,
    0x28, 0x52, 0x69, 0x5a, 0x68, 0x5a, 0x89, 0x62, 0xa9, 0x6a, 0x89, 0x62,
    0x28, 0x52, 0x48, 0x52, 0x28, 0x52, 0x28, 0x52, 0x48, 0x52, 0xa9, 0x62,
    0xc6, 0x49, 0x4f, 0x9c, 0xf2, 0xb4, 0xe7, 0x49, 0x27, 0x4a, 0x08, 0x52,
    0x28, 0x52, 0x28, 0x52, 0x07, 0x4a, 0x27, 0x52, 0x27, 0x4a, 0x08, 0x4a,
    0x27, 0x52, 0x27, 0x4a, 0x28, 0x52, 0xa6, 0x39, 0x24, 0x29, 0x65, 0x29,
    0x45, 0x29, 0x65, 0x29, 0x45, 0x29, 0x45, 0x29, 0x65, 0x29, 0x45, 0x29,
    0x65, 0x31, 0x45, 0x29, 0x65, 0x29, 0x65, 0x31, 0x65, 0x29, 0xc6, 0x41,
    0x67, 0x6a, 0xc5, 0x61, 0xe6, 0x69, 0x06, 0x6a, 0x88, 0x72, 0xc9, 0x6a,
    0x89, 0x72, 0x07, 0x72, 0x88, 0x9a, 0x4b, 0xb3, 0xea, 0xaa, 0x07, 0x7a,
    0x65, 0x39, 0x65, 0x31, 0x65, 0x31, 0x65, 0x31, 0x25, 0x29, 0x65, 0x31,
    0x85, 0x31, 0x85, 0x31, 0x86, 0x31, 0xa6, 0x39, 0x86, 0x31, 0x85, 0x31,
    0x65, 0x29, 0xc6, 0x41, 0x48, 0x52, 0x68, 0x5a, 0x68, 0x5a, 0x48, 0x5a,
    0x68, 0x5a, 0x48, 0x5a, 0x69, 0x5a, 0x48, 0x5a, 0x48, 0x5a, 0x48, 0x52,
    0x48, 0x52, 0x48, 0x5a, 0x69, 0x5a, 0x89, 0x62, 0x68, 0x5a, 0x28, 0x4a,
    0xe7, 0x41, 0xa5, 0x41, 0xf0, 0xc4, 0x8b, 0x8b, 0x8b, 0x8b, 0x2a, 0x83,
    0x27, 0x5a, 0x0d, 0xa4, 0x0d, 0xa4, 0x8e, 0xb4, 0x8e, 0xb4, 0x0d, 0xa4,
    0xcc, 0x9b, 0xcc, 0x9b, 0x0d, 0xa4, 0x8e, 0xb4, 0xaf, 0xb4, 0x8c, 0x8b,
    0xf2, 0xac, 0xd2, 0xac, 0x12, 0xb5, 0xf1, 0xb4, 0xf2, 0xb4, 0xf2, 0xb4,
    0xf2, 0xb4, 0xd1, 0xac, 0xf2, 0xb4, 0xf2, 0xb4, 0xd1, 0xac, 0xd1, 0xac,
    0xd2, 0xb4, 0x33, 0xbd, 0x74, 0xc5, 0xee, 0x93, 0x34, 0xb5, 0x34, 0xad,
    0x33, 0xb5, 0x34, 0xb5, 0xf2, 0xac, 0xf2, 0xac, 0x17, 0xce, 0x78, 0xde,
    0xb6, 0xcd, 0x17, 0xd6, 0x78, 0xde, 0x78, 0xde, 0x79, 0xde, 0x58, 0xde,
    0xf7, 0xcd, 0x50, 0x94, 0x13, 0xad, 0x13, 0xb5, 0x14, 0xb5, 0x13, 0xad,
    0xae, 0x7b, 0xe8, 0x31, 0x4a, 0x2a, 0xec, 0x52, 0x2f, 0x94, 0x91, 0xac,
    0xb0, 0xac, 0x8e, 0x6b, 0xcc, 0x2a, 0xf3, 0xac, 0xf2, 0xac, 0xb2, 0xa4,
    0xaf, 0x73, 0x6b, 0x22, 0xac, 0x32, 0x6e, 0x63, 0x50, 0x94, 0xf2, 0xac,
    0xf2, 0xb4, 0xf2, 0xac, 0xed, 0x42, 0x6b, 0x22, 0x4b, 0x22, 0x4b, 0x22,
    0x4b, 0x22, 0x6b, 0x22, 0x6b, 0x22, 0x6b, 0x22, 0x4b, 0x22, 0x6b, 0x22,
    0x6c, 0x22, 0x8c, 0x22, 0x8c, 0x22, 0xac, 0x2a, 0x8c, 0x2a, 0xeb, 0x52,
    0x0b, 0x63, 0x0b, 0x63, 0x0b, 0x63, 0x0b, 0x63, 0xeb, 0x62, 0xeb, 0x5a,
    0xcb, 0x52, 0x4a, 0x2a, 0x2a, 0x22, 0x2a, 0x22, 0x09, 0x2a, 0x09, 0x2a,
    0x2a, 0x2a, 0x09, 0x32, 0x2a, 0x32, 0x29, 0x2a, 0x2a, 0x2a, 0x2a, 0x2a,
    0x33, 0xb5, 0xd2, 0xac, 0xea, 0x6a, 0x2c, 0x73, 0x2b, 0x73, 0x4b, 0x7b,
    0x2f, 0x9c, 0xd1, 0xb4, 0xd1, 0xb4, 0x90, 0xac, 0xb0, 0xac, 0xb0, 0xac,
    0x8c, 0x8b, 0x6c, 0x83, 0x33, 0xbd, 0xf1, 0xb4, 0xf2, 0xb4, 0xf2, 0xb4,
    0xf2, 0xbc, 0xf1, 0xb4, 0x32, 0xbd, 0x53, 0xc5, 0xf2, 0xb4, 0xf2, 0xb4,
    0xf2, 0xb4, 0x12, 0xb5, 0x12, 0xbd, 0xf2, 0xb4, 0xf1, 0xb4, 0x90, 0xa4,
    0x90, 0xac, 0xf1, 0xb4, 0x74, 0xc5, 0xf6, 0xd5, 0xf5, 0xcd, 0x94, 0xc5,
    0x53, 0xc5, 0x33, 0xbd, 0xf2, 0xb4, 0xf2, 0xb4, 0xb0, 0xac, 0xb1, 0xac,
    0x4f, 0xa4, 0x6f, 0xa4, 0xd1, 0xb4, 0x4f, 0x9c, 0x4f, 0x9c, 0xce, 0x8b,
    0xe6, 0x49, 0x68, 0x5a, 0x69, 0x5a, 0xa9, 0x62, 0x89, 0x62, 0x69, 0x5a,
    0x68, 0x5a, 0x48, 0x52, 0x48, 0x52, 0x48, 0x52, 0x28, 0x52, 0x68, 0x5a,
    0x68, 0x5a, 0x2f, 0x9c, 0x53, 0xbd, 0x07, 0x4a, 0x28, 0x52, 0x28, 0x52,
    0x28, 0x52, 0x28, 0x4a, 0x28, 0x52, 0x28, 0x52, 0x27, 0x4a, 0x27, 0x52,
    0x28, 0x52, 0x27, 0x4a, 0x08, 0x4a, 0x07, 0x52, 0xa6, 0x39, 0x45, 0x29,
    0x65, 0x31, 0x45, 0x31, 0x45, 0x29, 0x65, 0x29, 0x45, 0x31, 0x65, 0x29,
    0x45, 0x29, 0x65, 0x29, 0x45, 0x31, 0x45, 0x31, 0x65, 0x29, 0x45, 0x31,
    0xa6, 0x61, 0x06, 0x72, 0x48, 0x82, 0xe9, 0x92, 0x68, 0x7a, 0x27, 0x62,
    0x27, 0x6a, 0x48, 0x8a, 0x68, 0x92, 0x8b, 0xb3, 0x0a, 0xb3, 0x89, 0xa2,
    0x65, 0x41, 0x66, 0x31, 0x65, 0x31, 0x65, 0x29, 0x45, 0x29, 0x66, 0x31,
    0x65, 0x31, 0x86, 0x31, 0x86, 0x39, 0x86, 0x39, 0x85, 0x31, 0x66, 0x31,
    0xa6, 0x39, 0x28, 0x52, 0x48, 0x5a, 0x48, 0x5a, 0x48, 0x5a, 0x48, 0x5a,
    0x48, 0x5a, 0x48, 0x52, 0x48, 0x5a, 0x48, 0x5a, 0x48, 0x52, 0x48, 0x5a,
    0x48, 0x5a, 0x48, 0x5a, 0x48, 0x52, 0x27, 0x52, 0x07, 0x4a, 0xe7, 0x41,
    0xc7, 0x41, 0xc9, 0x6a, 0xec, 0xa3, 0x4e, 0xac, 0x8b, 0x8b, 0x6b, 0x83,
    0xe9, 0x72, 0x0d, 0x9c, 0x0d, 0x9c, 0x6e, 0xac, 0x6e, 0xb4, 0x0d, 0xa4,
    0xec, 0x9b, 0xec, 0x9b, 0xed, 0x9b, 0x6e, 0xac, 0x2e, 0xa4, 0x0d, 0xa4,
    0x2f, 0x9c, 0x2f, 0x94, 0x33, 0xbd, 0xf2, 0xb4, 0xd1, 0xac, 0xf1, 0xb4,
    0xf1, 0xb4, 0xf2, 0xb4, 0x74, 0xc5, 0x33, 0xbd, 0xd1, 0xac, 0xb1, 0xac,
    0xf2, 0xb4, 0x33, 0xbd, 0x32, 0xb5, 0x0f, 0x94, 0x34, 0xb5, 0x34, 0xb5,
    0x34, 0xb5, 0x13, 0xad, 0xd2, 0xa4, 0xb6, 0xc5, 0x78, 0xde, 0x58, 0xde,
    0x74, 0xbd, 0xf6, 0xcd, 0x78, 0xde, 0x79, 0xde, 0x79, 0xde, 0x17, 0xd6,
    0x17, 0xd6, 0xb2, 0xa4, 0x14, 0xad, 0x13, 0xb5, 0x13, 0xad, 0xf3, 0xac,
    0xae, 0x73, 0xa7, 0x29, 0x08, 0x32, 0xad, 0x7b, 0x90, 0xa4, 0x90, 0xa4,
    0x70, 0x9c, 0x6b, 0x32, 0x8c, 0x2a, 0x13, 0xb5, 0xd2, 0xac, 0xd2, 0xa4,
    0xcf, 0x73, 0x8b, 0x2a, 0x4d, 0x53, 0x8f, 0x6b, 0x6d, 0x6b, 0xd2, 0xac,
    0xd2, 0xac, 0xd2, 0xac, 0xab, 0x42, 0x4b, 0x22, 0x6b, 0x22, 0x6b, 0x22,
    0x6b, 0x22, 0x6c, 0x2a, 0x6b, 0x22, 0x6b, 0x22, 0x6b, 0x22, 0x8c, 0x22,
    0x8c, 0x2a, 0x8c, 0x22, 0x8c, 0x2a, 0x8c, 0x2a, 0xcc, 0x3a, 0xeb, 0x5a,
    0x0b, 0x63, 0x0b, 0x63, 0x0b, 0x63, 0xeb, 0x5a, 0x0b, 0x63, 0x0b, 0x63,
    0xcb, 0x52, 0x2a, 0x2a, 0x0a, 0x2a, 0x09, 0x2a, 0x0a, 0x2a, 0x2a, 0x2a,
    0x2a, 0x2a, 0x29, 0x32, 0x2a, 0x32, 0x29, 0x32, 0x2a, 0x2a, 0x29, 0x2a,
    0x34, 0xbd, 0xf2, 0xb4, 0xaa, 0x62, 0x0b, 0x73, 0xea, 0x6a, 0x0b, 0x73,
    0x6f, 0xa4, 0xb0, 0xac, 0xb0, 0xac, 0xb0, 0xac, 0xb1, 0xb4, 0x6f, 0xa4,
    0x2b, 0x7b, 0x68, 0x62, 0xf2, 0xb4, 0xf1, 0xb4, 0xf2, 0xb4, 0xf2, 0xbc,
    0xf2, 0xb4, 0xf1, 0xb4, 0xd1, 0xb4, 0x13, 0xbd, 0xf2, 0xb4, 0xf1, 0xb4,
    0xf2, 0xb4, 0xf2, 0xb4, 0x12, 0xb5, 0x12, 0xb5, 0xb1, 0xac, 0xb0, 0xac,
    0xf1, 0xb4, 0x33, 0xbd, 0xd5, 0xd5, 0x73, 0xc5, 0x53, 0xc5, 0x12, 0xbd,
    0xf2, 0xb4, 0xf2, 0xb4, 0x12, 0xb5, 0xb1, 0xac, 0x70, 0xa4, 0x90, 0xac,
    0x70, 0xa4, 0xb0, 0xac, 0xb1, 0xac, 0x4f, 0x9c, 0x4f, 0x9c, 0x8d, 0x83,
    0x48, 0x5a, 0x89, 0x62, 0x68, 0x62, 0x89, 0x62, 0x68, 0x5a, 0x68, 0x5a,
    0x89, 0x5a, 0x48, 0x52, 0x48, 0x52, 0x48, 0x52, 0x48, 0x5a, 0x48, 0x5a,
    0xad, 0x8b, 0x53, 0xc5, 0x33, 0xb5, 0x48, 0x52, 0x28, 0x52, 0x28, 0x52,
    0x27, 0x52, 0x27, 0x4a, 0x28, 0x52, 0x07, 0x52, 0x28, 0x4a, 0x28, 0x52,
    0x07, 0x52, 0x28, 0x52, 0x08, 0x52, 0x27, 0x52, 0x28, 0x4a, 0xa6, 0x39,
    0x45, 0x29, 0x65, 0x29, 0x65, 0x29, 0x45, 0x31, 0x65, 0x29, 0x45, 0x29,
    0x45, 0x29, 0x65, 0x29, 0x45, 0x29, 0x45, 0x29, 0x45, 0x29, 0x24, 0x31,
    0x07, 0x72, 0x07, 0x7a, 0x2a, 0xa3, 0x6b, 0xab, 0xa9, 0x8a, 0xc6, 0x61,
    0xa5, 0x59, 0x07, 0x7a, 0x67, 0x8a, 0xc9, 0x9a, 0xa9, 0xa2, 0xc9, 0xaa,
    0xa6, 0x41, 0x86, 0x31, 0x86, 0x31, 0x45, 0x29, 0x65, 0x31, 0x86, 0x31,
    0x85, 0x31, 0x86, 0x31, 0x85, 0x31, 0x85, 0x31, 0x86, 0x31, 0xa6, 0x39,
    0x07, 0x4a, 0x48, 0x5a, 0x48, 0x5a, 0x68, 0x5a, 0x69, 0x5a, 0x48, 0x5a,
    0x48, 0x5a, 0x48, 0x5a, 0x48, 0x52, 0x48, 0x52, 0x48, 0x5a, 0x48, 0x52,
    0x48, 0x52, 0x48, 0x5a, 0x48, 0x5a, 0x48, 0x52, 0x08, 0x4a, 0xe7, 0x41,
    0xe7, 0x41, 0x6f, 0xac, 0x4d, 0xac, 0xaf, 0xbc, 0x0d, 0xa4, 0x4b, 0x83,
    0x8c, 0x8b, 0xed, 0xa3, 0x0d, 0xa4, 0x2d, 0xa4, 0x2e, 0xac, 0x2d, 0xa4,
    0x4e, 0xac, 0x8f, 0xb4, 0x2d, 0xa4, 0xed, 0x9b, 0xed, 0x9b, 0xed, 0x9b,
    0xed, 0x9b, 0x2f, 0x9c, 0xd1, 0xac, 0xf1, 0xb4, 0xd2, 0xb4, 0xf1, 0xac,
    0x12, 0xbd, 0xf2, 0xb4, 0x12, 0xb5, 0xb1, 0xac, 0xb0, 0xac, 0xd1, 0xac,
    0xf2, 0xb4, 0x12, 0xbd, 0x90, 0xa4, 0xd2, 0xac, 0x13, 0xb5, 0x33, 0xad,
    0xf3, 0xac, 0xd6, 0xc5, 0xd6, 0xcd, 0x79, 0xde, 0x58, 0xde, 0x58, 0xde,
    0x33, 0xb5, 0xd6, 0xcd, 0x78, 0xde, 0x79, 0xde, 0x78, 0xde, 0x17, 0xd6,
    0x37, 0xd6, 0xd6, 0xcd, 0x34, 0xad, 0x13, 0xad, 0xf3, 0xac, 0xb2, 0xa4,
    0xce, 0x7b, 0xe8, 0x31, 0xeb, 0x62, 0x50, 0x9c, 0xb1, 0xac, 0x90, 0xac,
    0x0c, 0x5b, 0x6b, 0x2a, 0x6b, 0x22, 0x13, 0xad, 0xd2, 0xac, 0xd2, 0xa4,
    0xaf, 0x6b, 0x0d, 0x43, 0x10, 0x7c, 0xcc, 0x4a, 0x6d, 0x6b, 0xd2, 0xac,
    0xf2, 0xac, 0xd2, 0xac, 0x6a, 0x4a, 0x4b, 0x22, 0x6c, 0x22, 0x4b, 0x22,
    0x6c, 0x22, 0x8c, 0x22, 0x6b, 0x22, 0x6b, 0x22, 0x8c, 0x22, 0x8c, 0x2a,
    0xac, 0x2a, 0x8c, 0x2a, 0x8c, 0x22, 0x8b, 0x32, 0xeb, 0x52, 0x0b, 0x63,
    0x0b, 0x63, 0x0b, 0x5b, 0x0b, 0x63, 0x0b, 0x63, 0x0b, 0x63, 0x0b, 0x63,
    0xeb, 0x52, 0x2a, 0x32, 0x09, 0x2a, 0x09, 0x2a, 0x2a, 0x2a, 0x2a, 0x2a,
    0x2a, 0x32, 0x2a, 0x32, 0x2a, 0x2a, 0x2a, 0x2a, 0x2a, 0x2a, 0x2a, 0x2a,
    0x34, 0xbd, 0x13, 0xb5, 0xce, 0x8b, 0x2b, 0x73, 0x2b, 0x73, 0x2f, 0x9c,
    0xf1, 0xb4, 0xf1, 0xb4, 0xd1, 0xb4, 0xd1, 0xb4, 0xd1, 0xb4, 0xcd, 0x8b,
    0x68, 0x5a, 0x69, 0x5a, 0xf1, 0xb4, 0xf2, 0xb4, 0xf1, 0xb4, 0xf2, 0xb4,
    0xf2, 0xb4, 0xf1, 0xb4, 0xd1, 0xb4, 0x12, 0xbd, 0xf2, 0xb4, 0xf2, 0xb4,
    0xf2, 0xb4, 0xf1, 0xb4, 0x12, 0xb5, 0xd1, 0xac, 0xd1, 0xb4, 0xf1, 0xb4,
    0xd1, 0xb4, 0x33, 0xbd, 0x12, 0xbd, 0xf2, 0xb4, 0xf2, 0xb4, 0xf2, 0xb4,
    0xf2, 0xb4, 0xf1, 0xb4, 0xf1, 0xb4, 0x4f, 0xa4, 0x6f, 0xa4, 0xb0, 0xac,
    0xb1, 0xac, 0xb1, 0xac, 0xb1, 0xac, 0x70, 0xa4, 0x2f, 0x9c, 0x2b, 0x7b,
    0x0a, 0x73, 0x69, 0x5a, 0x68, 0x5a, 0x69, 0x5a, 0x68, 0x5a, 0x68, 0x5a,
    0x68, 0x5a, 0x68, 0x5a, 0x07, 0x4a, 0x27, 0x52, 0x69, 0x5a, 0x69, 0x5a,
    0x4f, 0x9c, 0xd5, 0xcd, 0x6c, 0x7b, 0x28, 0x52, 0x48, 0x52, 0x28, 0x52,
    0x28, 0x52, 0x27, 0x52, 0x28, 0x4a, 0x28, 0x52, 0x08, 0x52, 0x28, 0x4a,
    0x27, 0x52, 0x28, 0x52, 0x28, 0x4a, 0x27, 0x52, 0x28, 0x52, 0x07, 0x4a,
    0x86, 0x31, 0x45, 0x29, 0x45, 0x29, 0x65, 0x29, 0x45, 0x31, 0x65, 0x29,
    0x65, 0x31, 0x45, 0x29, 0x65, 0x29, 0x65, 0x29, 0x45, 0x31, 0x44, 0x41,
    0x07, 0x7a, 0x27, 0x7a, 0xa8, 0x92, 0xc8, 0x92, 0x47, 0x82, 0xe6, 0x61,
    0x85, 0x51, 0xe6, 0x69, 0x07, 0x7a, 0x27, 0x82, 0x68, 0x92, 0xe7, 0x71,
    0x86, 0x39, 0x85, 0x31, 0x86, 0x31, 0x65, 0x29, 0x65, 0x31, 0x86, 0x31,
    0x85, 0x31, 0x86, 0x31, 0x86, 0x31, 0x86, 0x31, 0x86, 0x31, 0xe7, 0x41,
    0x48, 0x52, 0x48, 0x5a, 0x48, 0x5a, 0x68, 0x5a, 0x48, 0x52, 0x48, 0x52,
    0x49, 0x5a, 0x48, 0x5a, 0x48, 0x52, 0x48, 0x5a, 0x48, 0x5a, 0x48, 0x52,
    0x28, 0x5a, 0x48, 0x5a, 0x48, 0x5a, 0x48, 0x52, 0x07, 0x4a, 0xe7, 0x41,
    0x85, 0x39, 0xef, 0xbc, 0x31, 0xcd, 0x8e, 0xb4, 0x8e, 0xb4, 0x47, 0x5a,
    0xcc, 0x9b, 0x0d, 0xa4, 0x0d, 0xa4, 0x2d, 0xa4, 0x2e, 0xac, 0x4e, 0xa4,
    0x4e, 0xac, 0x6e, 0xac, 0x8c, 0x93, 0xcc, 0x93, 0xcc, 0x9b, 0xcc, 0x93,
    0xec, 0x9b, 0xf1, 0xb4, 0x50, 0xa4, 0xf2, 0xb4, 0xf2, 0xb4, 0xf2, 0xb4,
    0x12, 0xb5, 0x74, 0xc5, 0x94, 0xcd, 0x12, 0xbd, 0xd1, 0xac, 0xd1, 0xb4,
    0x12, 0xb5, 0x33, 0xbd, 0x8d, 0x83, 0x12, 0xb5, 0x91, 0xa4, 0xd2, 0xa4,
    0xf6, 0xcd, 0x58, 0xde, 0x78, 0xde, 0x79, 0xde, 0x78, 0xde, 0x58, 0xde,
    0x33, 0xb5, 0xd6, 0xcd, 0x79, 0xde, 0x99, 0xde, 0x17, 0xd6, 0x37, 0xd6,
    0x17, 0xd6, 0x17, 0xce, 0xd2, 0xa4, 0x14, 0xad, 0xf3, 0xac, 0xb1, 0xa4,
    0xb2, 0x9c, 0xef, 0x83, 0x70, 0x9c, 0xd1, 0xac, 0xb1, 0xac, 0x2f, 0x94,
    0x8b, 0x32, 0x6b, 0x22, 0x4b, 0x22, 0xf2, 0xac, 0xb1, 0xac, 0x91, 0xa4,
    0xef, 0x7b, 0x92, 0x8c, 0x2d, 0x4b, 0xab, 0x3a, 0xef, 0x83, 0xf2, 0xac,
    0xf2, 0xac, 0xf2, 0xac, 0xeb, 0x5a, 0x6b, 0x2a, 0x6c, 0x22, 0x6b, 0x22,
    0x6c, 0x22, 0x8c, 0x22, 0x8b, 0x2a, 0x8c, 0x2a, 0x8c, 0x2a, 0xac, 0x2a,
    0xac, 0x2a, 0x8c, 0x2a, 0x8c, 0x2a, 0xec, 0x4a, 0x0c, 0x5b, 0x0b, 0x5b,
    0xeb, 0x62, 0xeb, 0x5a, 0x0c, 0x63, 0x0b, 0x63, 0x0c, 0x63, 0x0b, 0x5b,
    0xeb, 0x5a, 0x6a, 0x32, 0x2a, 0x2a, 0x2a, 0x2a, 0x2a, 0x2a, 0x29, 0x2a,
    0x29, 0x2a, 0x2a, 0x32, 0x2a, 0x2a, 0x09, 0x2a, 0x2a, 0x2a, 0x4a, 0x32,
    0x33, 0xb5, 0x34, 0xb5, 0xb1, 0xa4, 0x6c, 0x83, 0x90, 0xac, 0xf1, 0xbc,
    0xf1, 0xbc, 0xb0, 0xac, 0x90, 0xac, 0x90, 0xac, 0xb0, 0xac, 0xa9, 0x62,
    0x07, 0x4a, 0x69, 0x5a, 0xf2, 0xb4, 0x12, 0xbd, 0xf1, 0xb4, 0xf2, 0xb4,
    0x12, 0xbd, 0x12, 0xbd, 0x12, 0xbd, 0xd1, 0xb4, 0xf1, 0xb4, 0xf2, 0xb4,
    0xf2, 0xb4, 0xf2, 0xb4, 0xb1, 0xb4, 0xd1, 0xb4, 0xd1, 0xb4, 0xf2, 0xb4,
    0xd2, 0xb4, 0xf1, 0xb4, 0xd1, 0xb4, 0xd2, 0xb4, 0xf1, 0xb4, 0xf2, 0xb4,
    0xf1, 0xb4, 0x70, 0xa4, 0x4f, 0xa4, 0x70, 0xa4, 0x90, 0xac, 0xb1, 0xac,
    0xd1, 0xac, 0xb1, 0xac, 0xb1, 0xac, 0x70, 0xa4, 0x27, 0x52, 0x89, 0x5a,
    0x68, 0x5a, 0x27, 0x52, 0x28, 0x52, 0x69, 0x5a, 0x68, 0x5a, 0x69, 0x5a,
    0x68, 0x5a, 0x89, 0x62, 0x69, 0x5a, 0x07, 0x4a, 0x68, 0x5a, 0x07, 0x52,
    0x94, 0xc5, 0x94, 0xc5, 0xe7, 0x49, 0x28, 0x52, 0x28, 0x52, 0x48, 0x52,
    0x28, 0x52, 0x28, 0x52, 0x27, 0x52, 0x27, 0x52, 0x28, 0x4a, 0x27, 0x52,
    0x28, 0x52, 0x28, 0x4a, 0x28, 0x52, 0x28, 0x52, 0x28, 0x52, 0x28, 0x52,
    0xc6, 0x41, 0x24, 0x29, 0x45, 0x29, 0x45, 0x29, 0x65, 0x29, 0x45, 0x29,
    0x65, 0x29, 0x65, 0x31, 0x45, 0x29, 0x65, 0x29, 0x65, 0x31, 0x04, 0x31,
    0x07, 0x72, 0x06, 0x72, 0x27, 0x7a, 0x27, 0x7a, 0x07, 0x7a, 0xe6, 0x59,
    0x65, 0x39, 0x85, 0x49, 0xe6, 0x69, 0x27, 0x7a, 0x07, 0x72, 0x85, 0x41,
    0x65, 0x31, 0x65, 0x31, 0x45, 0x29, 0x86, 0x31, 0x65, 0x31, 0x86, 0x31,
    0x65, 0x31, 0x65, 0x31, 0x86, 0x31, 0x85, 0x31, 0xc6, 0x41, 0x48, 0x5a,
    0x48, 0x5a, 0x48, 0x5a, 0x48, 0x52, 0x48, 0x5a, 0x48, 0x5a, 0x48, 0x5a,
    0x48, 0x5a, 0x48, 0x52, 0x48, 0x52, 0x28, 0x5a, 0x48, 0x52, 0x48, 0x5a,
    0x48, 0x5a, 0x48, 0x52, 0x48, 0x52, 0x48, 0x52, 0x07, 0x4a, 0xe7, 0x41,
    0xe6, 0x51, 0xf0, 0xc4, 0x71, 0xd5, 0x2d, 0xac, 0x6e, 0xb4, 0xc6, 0x41,
    0xed, 0x9b, 0x0d, 0x9c, 0x2d, 0xa4, 0x6e, 0xac, 0x4d, 0xac, 0x2d, 0xac,
    0x4e, 0xac, 0x2e, 0xa4, 0xcc, 0x9b, 0xed, 0x9b, 0xcc, 0x93, 0xec, 0x9b,
    0xed, 0x9b, 0x12, 0xb5, 0x6f, 0x9c, 0xf2, 0xb4, 0xf2, 0xb4, 0x12, 0xb5,
    0xd1, 0xb4, 0x53, 0xc5, 0x16, 0xd6, 0x16, 0xd6, 0x33, 0xbd, 0xf2, 0xb4,
    0xf2, 0xb4, 0x33, 0xbd, 0xee, 0x8b, 0x91, 0xa4, 0xb1, 0xac, 0x75, 0xbd,
    0x79, 0xde, 0x78, 0xde, 0x79, 0xde, 0x78, 0xde, 0x78, 0xde, 0x37, 0xd6,
    0xf2, 0xac, 0xd6, 0xcd, 0x79, 0xde, 0x79, 0xde, 0x17, 0xd6, 0x17, 0xd6,
    0x37, 0xd6, 0xf7, 0xcd, 0x91, 0x9c, 0x34, 0xb5, 0x13, 0xad, 0xd2, 0xa4,
    0x70, 0x9c, 0x2f, 0x9c, 0xb0, 0xac, 0xb1, 0xac, 0xd1, 0xac, 0x0c, 0x53,
    0x8b, 0x2a, 0x8c, 0x22, 0x8b, 0x2a, 0xf2, 0xac, 0xb1, 0xa4, 0xd2, 0xac,
    0xb1, 0x9c, 0x31, 0x74, 0x8c, 0x2a, 0x4e, 0x53, 0x92, 0xa4, 0xd2, 0xac,
    0xf2, 0xac, 0xf2, 0xac, 0x8e, 0x7b, 0x8c, 0x2a, 0x6b, 0x22, 0x6b, 0x22,
    0x8c, 0x22, 0x6c, 0x22, 0x8c, 0x2a, 0xac, 0x22, 0x8c, 0x2a, 0x8c, 0x22,
    0xac, 0x2a, 0x8c, 0x2a, 0x0d, 0x4b, 0x2c, 0x5b, 0x0b, 0x5b, 0x0b, 0x63,
    0xeb, 0x5a, 0x0c, 0x63, 0x0b, 0x5b, 0x0b, 0x5b, 0x0b, 0x63, 0xeb, 0x5a,
    0xcb, 0x52, 0x4a, 0x32, 0x2a, 0x2a, 0x2a, 0x2a, 0x2a, 0x2a, 0x2a, 0x2a,
    0x29, 0x2a, 0x2a, 0x2a, 0x09, 0x2a, 0x2a, 0x2a, 0x4a, 0x2a, 0x2a, 0x2a,
    0x13, 0xb5, 0xf3, 0xb4, 0xcd, 0x93, 0xd0, 0xb4, 0xd1, 0xb4, 0xf1, 0xb4,
    0xd0, 0xb4, 0xb0, 0xb4, 0x2e, 0x9c, 0x6f, 0xa4, 0xb0, 0xac, 0x89, 0x5a,
    0x07, 0x4a, 0x28, 0x4a, 0xcd, 0x8b, 0x74, 0xc5, 0xd1, 0xb4, 0xf2, 0xb4,
    0xf2, 0xb4, 0xf2, 0xb4, 0x32, 0xbd, 0xf2, 0xb4, 0xf1, 0xb4, 0xf1, 0xb4,
    0xf2, 0xb4, 0xd1, 0xb4, 0xf1, 0xb4, 0xf1, 0xb4, 0xf2, 0xb4, 0xf1, 0xb4,
    0xf1, 0xb4, 0xf2, 0xb4, 0xf1, 0xb4, 0xd1, 0xb4, 0xf2, 0xb4, 0xb1, 0xb4,
    0x90, 0xac, 0xb1, 0xac, 0x70, 0xac, 0x90, 0xac, 0xb0, 0xac, 0xb1, 0xac,
    0xd1, 0xac, 0xd1, 0xac, 0xcd, 0x93, 0x27, 0x52, 0x07, 0x4a, 0x27, 0x52,
    0x07, 0x4a, 0x07, 0x4a, 0x07, 0x52, 0x07, 0x4a, 0x48, 0x52, 0x89, 0x62,
    0x89, 0x5a, 0x89, 0x62, 0xa9, 0x62, 0x07, 0x52, 0xe6, 0x49, 0xca, 0x6a,
    0xf5, 0xd5, 0xd5, 0xcd, 0x27, 0x52, 0x28, 0x52, 0x28, 0x52, 0x28, 0x52,
    0x27, 0x52, 0x28, 0x4a, 0x28, 0x52, 0x28, 0x52, 0x28, 0x52, 0x28, 0x52,
    0x28, 0x52, 0x28, 0x52, 0x28, 0x52, 0x48, 0x52, 0x28, 0x52, 0x28, 0x52,
    0x28, 0x4a, 0xc6, 0x41, 0x24, 0x29, 0x45, 0x29, 0x45, 0x29, 0x45, 0x29,
    0x45, 0x29, 0x65, 0x31, 0x65, 0x31, 0x45, 0x29, 0x65, 0x29, 0x45, 0x29,
    0x24, 0x41, 0x27, 0x7a, 0x27, 0x82, 0x07, 0x7a, 0xa6, 0x61, 0x24, 0x31,
    0x24, 0x31, 0x44, 0x31, 0xca, 0x6a, 0xee, 0x93, 0x2f, 0x9c, 0x07, 0x4a,
    0x65, 0x31, 0x65, 0x31, 0x65, 0x31, 0x66, 0x31, 0x85, 0x31, 0x86, 0x31,
    0x66, 0x31, 0x85, 0x31, 0x86, 0x31, 0xc7, 0x41, 0x48, 0x52, 0x48, 0x5a,
    0x48, 0x5a, 0x48, 0x5a, 0x48, 0x52, 0x48, 0x5a, 0x48, 0x5a, 0x48, 0x52,
    0x48, 0x5a, 0x28, 0x52, 0x48, 0x5a, 0x48, 0x5a, 0x48, 0x5a, 0x48, 0x52,
    0x48, 0x5a, 0x48, 0x5a, 0x48, 0x52, 0x48, 0x5a, 0x07, 0x4a, 0xe7, 0x41,
    0x0e, 0x9c, 0x51, 0xcd, 0x71, 0xd5, 0xcf, 0xbc, 0x8f, 0xac, 0xe7, 0x49,
    0xcc, 0x93, 0x0d, 0xa4, 0x0d, 0xa4, 0x2e, 0xa4, 0x2d, 0xac, 0x2d, 0xac,
    0x4e, 0xac, 0x4e, 0xac, 0x2d, 0xa4, 0x0d, 0x9c, 0x6b, 0x8b, 0xcd, 0x9b,
    0x4b, 0x83, 0x12, 0xb5, 0xd1, 0xac, 0xf1, 0xb4, 0xf2, 0xb4, 0xf2, 0xb4,
    0x12, 0xbd, 0x74, 0xc5, 0x16, 0xd6, 0x16, 0xd6, 0xf2, 0xb4, 0xd1, 0xb4,
    0xf2, 0xb4, 0x50, 0x9c, 0x50, 0x9c, 0x2f, 0x9c, 0xd1, 0xac, 0x0f, 0x94,
    0x99, 0xe6, 0x99, 0xde, 0x79, 0xde, 0x79, 0xe6, 0x78, 0xde, 0xd6, 0xcd,
    0xf3, 0xac, 0xf6, 0xcd, 0x79, 0xde, 0x78, 0xde, 0x37, 0xd6, 0x37, 0xd6,
    0x38, 0xd6, 0x17, 0xd6, 0x54, 0xb5, 0x34, 0xb5, 0x13, 0xad, 0xf3, 0xac,
    0xd1, 0xac, 0xd1, 0xac, 0xb1, 0xac, 0xb1, 0xac, 0x8d, 0x73, 0xac, 0x32,
    0x8c, 0x2a, 0x8c, 0x2a, 0x8b, 0x32, 0xd2, 0xac, 0x12, 0xb5, 0x33, 0xb5,
    0x31, 0x84, 0xcd, 0x32, 0x8c, 0x2a, 0x8e, 0x63, 0xd2, 0xac, 0xd2, 0xac,
    0xd2, 0xac, 0xd2, 0xac, 0xef, 0x83, 0xac, 0x32, 0x8c, 0x22, 0x8c, 0x22,
    0x8c, 0x22, 0x8c, 0x22, 0x8c, 0x22, 0xac, 0x2a, 0xac, 0x2a, 0xac, 0x2a,
    0x8c, 0x2a, 0xcc, 0x42, 0x2c, 0x5b, 0x0b, 0x5b, 0xeb, 0x5a, 0xeb, 0x5a,
    0xeb, 0x5a, 0xeb, 0x5a, 0xeb, 0x5a, 0xeb, 0x62, 0xeb, 0x5a, 0x0b, 0x5b,
    0xcb, 0x52, 0x2a, 0x2a, 0x2a, 0x2a, 0x29, 0x2a, 0x29, 0x2a, 0x2a, 0x2a,
    0x2a, 0x2a, 0x0a, 0x2a, 0x2a, 0x2a, 0x4a, 0x2a, 0x2a, 0x32, 0x4a, 0x2a,
    0x13, 0xb5, 0x6c, 0x83, 0x11, 0xbd, 0xd1, 0xb4, 0xd1, 0xb4, 0xf0, 0xbc,
    0xd1, 0xb4, 0x6f, 0xa4, 0x0e, 0x9c, 0x90, 0xac, 0xb1, 0xb4, 0xa9, 0x62,
    0x07, 0x4a, 0x28, 0x4a, 0x89, 0x62, 0x53, 0xc5, 0xf2, 0xb4, 0xf2, 0xb4,
    0xf2, 0xb4, 0xf1, 0xbc, 0x33, 0xbd, 0xf2, 0xb4, 0xf2, 0xb4, 0xf2, 0xb4,
    0xf1, 0xb4, 0xf1, 0xb4, 0xf2, 0xb4, 0x12, 0xb5, 0xf2, 0xb4, 0xf2, 0xb4,
    0xf2, 0xb4, 0xf2, 0xb4, 0xf2, 0xb4, 0xb1, 0xac, 0x4f, 0xa4, 0xb0, 0xac,
    0xb1, 0xac, 0x90, 0xac, 0x90, 0xa4, 0x90, 0xa4, 0x90, 0xac, 0xb0, 0xac,
    0xed, 0x93, 0xac, 0x93, 0x30, 0xcd, 0x84, 0x41, 0x07, 0x4a, 0x07, 0x4a,
    0x28, 0x52, 0x08, 0x4a, 0x27, 0x4a, 0x27, 0x52, 0x28, 0x52, 0x07, 0x52,
    0x68, 0x5a, 0x89, 0x62, 0xa9, 0x62, 0x88, 0x5a, 0xca, 0x6a, 0xb5, 0xc5,
    0x16, 0xd6, 0x91, 0xa4, 0x28, 0x52, 0x27, 0x52, 0x27, 0x4a, 0x28, 0x4a,
    0x28, 0x52, 0x27, 0x52, 0x28, 0x4a, 0x28, 0x52, 0x28, 0x52, 0x48, 0x52,
    0x28, 0x52, 0x48, 0x52, 0x48, 0x52, 0x27, 0x52, 0x28, 0x52, 0x28, 0x52,
    0x48, 0x52, 0x28, 0x52, 0xc6, 0x41, 0x45, 0x29, 0x65, 0x29, 0x65, 0x31,
    0x65, 0x31, 0x65, 0x29, 0x45, 0x29, 0x45, 0x29, 0x65, 0x29, 0x45, 0x29,
    0x45, 0x29, 0x24, 0x31, 0x44, 0x41, 0x2b, 0x83, 0x6c, 0x7b, 0x0a, 0x73,
    0xce, 0x8b, 0x0f, 0x94, 0x50, 0x9c, 0x54, 0xbd, 0xb5, 0xc5, 0xb1, 0xac,
    0xa6, 0x39, 0x45, 0x29, 0x86, 0x31, 0x65, 0x31, 0x86, 0x31, 0x86, 0x31,
    0x65, 0x31, 0x65, 0x31, 0xa6, 0x39, 0x28, 0x52, 0x48, 0x5a, 0x68, 0x5a,
    0x68, 0x5a, 0x48, 0x5a, 0x68, 0x5a, 0x48, 0x5a, 0x48, 0x5a, 0x48, 0x52,
    0x48, 0x5a, 0x28, 0x52, 0x48, 0x5a, 0x48, 0x5a, 0x48, 0x5a, 0x48, 0x5a,
    0x68, 0x5a, 0x48, 0x5a, 0x68, 0x5a, 0x48, 0x5a, 0x07, 0x4a, 0xe7, 0x41,
    0xaf, 0xb4, 0x71, 0xd5, 0x71, 0xd5, 0x51, 0xcd, 0x4b, 0x83, 0xa6, 0x39,
    0xa8, 0x6a, 0x0d, 0xa4, 0x8f, 0xb4, 0x4e, 0xac, 0x0d, 0xa4, 0x4e, 0xac,
    0x4e, 0xac, 0x4d, 0xa4, 0x0d, 0xa4, 0x0d, 0x9c, 0x0d, 0x9c, 0xc9, 0x7a,
    0x8c, 0x8b, 0x90, 0xa4, 0xd1, 0xb4, 0xf2, 0xb4, 0xf2, 0xb4, 0xf2, 0xb4,
    0x53, 0xbd, 0x37, 0xde, 0x37, 0xde, 0xf6, 0xd5, 0xf2, 0xb4, 0x12, 0xb5,
    0xf2, 0xb4, 0x4c, 0x7b, 0x70, 0xa4, 0x90, 0xa4, 0xd1, 0xac, 0xad, 0x8b,
    0xf2, 0xac, 0x99, 0xde, 0x78, 0xde, 0x78, 0xde, 0x79, 0xde, 0xb5, 0xc5,
    0x54, 0xbd, 0x37, 0xd6, 0x99, 0xde, 0x37, 0xd6, 0x17, 0xd6, 0x17, 0xd6,
    0x17, 0xd6, 0x38, 0xd6, 0xf7, 0xcd, 0x14, 0xb5, 0xf3, 0xac, 0x70, 0x9c,
    0x0f, 0x9c, 0x33, 0xbd, 0x12, 0xbd, 0x0f, 0x8c, 0xec, 0x42, 0x8c, 0x2a,
    0x6c, 0x22, 0x8b, 0x22, 0x29, 0x2a, 0x54, 0xbd, 0x74, 0xbd, 0x13, 0xad,
    0xec, 0x52, 0x8c, 0x2a, 0x6b, 0x2a, 0x4c, 0x63, 0xd2, 0xac, 0xd2, 0xac,
    0xd2, 0xac, 0xd2, 0xac, 0x0f, 0x8c, 0xcd, 0x32, 0x8c, 0x2a, 0xac, 0x2a,
    0x8c, 0x2a, 0x8c, 0x22, 0x8c, 0x2a, 0x8b, 0x2a, 0xac, 0x2a, 0xed, 0x32,
    0x2d, 0x4b, 0xec, 0x52, 0xeb, 0x5a, 0x0b, 0x5b, 0xeb, 0x5a, 0xeb, 0x62,
    0x0b, 0x5b, 0x0b, 0x5b, 0xeb, 0x5a, 0x0b, 0x63, 0xeb, 0x5a, 0xeb, 0x5a,
    0xab, 0x42, 0x2a, 0x2a, 0x2a, 0x2a, 0x29, 0x2a, 0x0a, 0x2a, 0x09, 0x2a,
    0x2a, 0x2a, 0x2a, 0x2a, 0x4a, 0x2a, 0x2a, 0x2a, 0x2a, 0x2a, 0x2a, 0x32,
    0xee, 0x8b, 0x32, 0xc5, 0x32, 0xbd, 0x6f, 0xac, 0xd1, 0xb4, 0xf1, 0xbc,
    0x70, 0xac, 0xee, 0x93, 0xee, 0x93, 0x2f, 0x9c, 0x90, 0xac, 0xaa, 0x62,
    0x07, 0x4a, 0x07, 0x4a, 0x07, 0x4a, 0xd1, 0xb4, 0xf1, 0xb4, 0xf2, 0xb4,
    0xf2, 0xb4, 0xf1, 0xb4, 0x12, 0xbd, 0xf1, 0xb4, 0xf2, 0xb4, 0xf2, 0xb4,
    0xd1, 0xb4, 0xd1, 0xac, 0xd1, 0xac, 0xf2, 0xb4, 0x12, 0xbd, 0xf2, 0xbc,
    0xf1, 0xb4, 0xd1, 0xb4, 0xee, 0x93, 0xb0, 0xac, 0x90, 0xa4, 0xb1, 0xac,
    0xb1, 0xac, 0xb1, 0xac, 0xb0, 0xac, 0x70, 0x9c, 0x2a, 0x83, 0x2d, 0xa4,
    0x30, 0xcd, 0x51, 0xd5, 0x71, 0xd5, 0x64, 0x39, 0x07, 0x4a, 0x28, 0x52,
    0x28, 0x52, 0x28, 0x52, 0x28, 0x4a, 0x28, 0x52, 0x27, 0x4a, 0x07, 0x4a,
    0x28, 0x52, 0x27, 0x52, 0x68, 0x5a, 0x68, 0x62, 0xa9, 0x62, 0xf5, 0xd5,
    0xf6, 0xd5, 0xe7, 0x49, 0x48, 0x52, 0x48, 0x52, 0x28, 0x52, 0x28, 0x4a,
    0x28, 0x52, 0x28, 0x52, 0x47, 0x52, 0x28, 0x52, 0x48, 0x52, 0x48, 0x52,
    0x27, 0x52, 0x28, 0x52, 0x48, 0x52, 0x28, 0x52, 0x48, 0x52, 0x48, 0x52,
    0x28, 0x52, 0x28, 0x52, 0x28, 0x52, 0xc7, 0x41, 0x45, 0x29, 0x45, 0x29,
    0x65, 0x29, 0x65, 0x29, 0x45, 0x29, 0x65, 0x31, 0x65, 0x29, 0x45, 0x31,
    0x65, 0x29, 0x27, 0x52, 0x4f, 0x9c, 0x90, 0xa4, 0xd2, 0xb4, 0x0e, 0x94,
    0x8d, 0x83, 0xad, 0x83, 0x4f, 0x9c, 0x74, 0xc5, 0x37, 0xde, 0xd2, 0xac,
    0xca, 0x62, 0xa6, 0x31, 0x86, 0x31, 0x65, 0x31, 0x86, 0x31, 0x86, 0x31,
    0x86, 0x31, 0x85, 0x31, 0xe7, 0x41, 0x69, 0x5a, 0x68, 0x5a, 0x68, 0x5a,
    0x69, 0x5a, 0x68, 0x5a, 0x68, 0x5a, 0x48, 0x5a, 0x48, 0x5a, 0x48, 0x5a,
    0x48, 0x5a, 0x48, 0x5a, 0x48, 0x5a, 0x48, 0x52, 0x48, 0x5a, 0x48, 0x5a,
    0x48, 0x5a, 0x68, 0x5a, 0x69, 0x5a, 0x48, 0x52, 0x07, 0x4a, 0x65, 0x39,
    0xaf, 0xbc, 0x71, 0xd5, 0x71, 0xd5, 0x51, 0xcd, 0x44, 0x31, 0x45, 0x29,
    0x84, 0x39, 0x2e, 0xa4, 0xd0, 0xbc, 0xd0, 0xbc, 0x8f, 0xb4, 0x4e, 0xac,
    0x2d, 0xa4, 0x4e, 0xac, 0x0d, 0xa4, 0x0d, 0x9c, 0x0d, 0x9c, 0xed, 0x9b,
    0xb1, 0xac, 0xad, 0x8b, 0xd1, 0xac, 0xd1, 0xb4, 0x12, 0xb5, 0xd1, 0xb4,
    0x32, 0xbd, 0x37, 0xde, 0x37, 0xde, 0x16, 0xd6, 0xd5, 0xcd, 0xf2, 0xb4,
    0xb1, 0xac, 0xad, 0x8b, 0x70, 0xa4, 0x90, 0xa4, 0x50, 0xa4, 0x4f, 0x9c,
    0xd5, 0xcd, 0x99, 0xe6, 0x78, 0xde, 0x78, 0xde, 0x58, 0xde, 0xf6, 0xcd,
    0xd6, 0xcd, 0x58, 0xde, 0x99, 0xde, 0x17, 0xd6, 0x17, 0xd6, 0x37, 0xd6,
    0x38, 0xd6, 0x37, 0xd6, 0xf7, 0xcd, 0xd2, 0xac, 0x2f, 0x94, 0x0e, 0x94,
    0x33, 0xbd, 0x53, 0xc5, 0x33, 0xbd, 0x6e, 0x63, 0x8b, 0x2a, 0x6b, 0x2a,
    0x6b, 0x22, 0x6a, 0x32, 0x13, 0xb5, 0x74, 0xc5, 0x74, 0xbd, 0x91, 0x9c,
    0x4a, 0x3a, 0x6b, 0x22, 0x0d, 0x43, 0x50, 0x94, 0xd2, 0xac, 0xd2, 0xac,
    0xd2, 0xac, 0xd2, 0xac, 0xae, 0x7b, 0xcd, 0x32, 0xcd, 0x2a, 0xcc, 0x2a,
    0x8f, 0x5b, 0x31, 0x6c, 0x52, 0x6c, 0x72, 0x74, 0x92, 0x7c, 0x93, 0x64,
    0x11, 0x5c, 0x2d, 0x53, 0xeb, 0x5a, 0x0b, 0x5b, 0xeb, 0x5a, 0x0b, 0x63,
    0xeb, 0x5a, 0xeb, 0x5a, 0xeb, 0x5a, 0xeb, 0x5a, 0xeb, 0x5a, 0xcb, 0x52,
    0x2a, 0x2a, 0x2a, 0x2a, 0x2a, 0x2a, 0x2a, 0x2a, 0x2a, 0x2a, 0x2a, 0x2a,
    0x2a, 0x2a, 0x4a, 0x2a, 0x2a, 0x2a, 0x2a, 0x2a, 0x2a, 0x2a, 0x4a, 0x2a,
    0x53, 0xc5, 0x53, 0xc5, 0x32, 0xc5, 0xb0, 0xac, 0xf1, 0xb4, 0xd1, 0xb4,
    0x4f, 0xa4, 0xad, 0x8b, 0xed, 0x8b, 0xcd, 0x8b, 0x90, 0xa4, 0xaa, 0x62,
    0x08, 0x4a, 0x27, 0x4a, 0x28, 0x4a, 0x6f, 0xa4, 0xf2, 0xb4, 0x12, 0xb5,
    0xd1, 0xb4, 0xf2, 0xb4, 0xf1, 0xb4, 0xd1, 0xb4, 0xf1, 0xb4, 0x90, 0xa4,
    0x91, 0xac, 0xb1, 0xac, 0xf2, 0xb4, 0x12, 0xbd, 0x12, 0xbd, 0xb1, 0xac,
    0x70, 0xa4, 0xd1, 0xac, 0x90, 0xa4, 0x70, 0xa4, 0x70, 0xa4, 0x4f, 0x9c,
    0xce, 0x8b, 0xea, 0x6a, 0x4c, 0x73, 0x71, 0x9c, 0x52, 0xc5, 0x51, 0xd5,
    0x51, 0xcd, 0x51, 0xcd, 0x51, 0xcd, 0xa5, 0x49, 0x27, 0x4a, 0x27, 0x52,
    0x07, 0x4a, 0x28, 0x52, 0x28, 0x52, 0x27, 0x4a, 0x07, 0x52, 0x08, 0x4a,
    0x27, 0x4a, 0x07, 0x4a, 0xe7, 0x49, 0xce, 0x8b, 0x53, 0xbd, 0x16, 0xde,
    0x94, 0xc5, 0xc6, 0x41, 0x48, 0x52, 0x28, 0x52, 0x28, 0x52, 0x27, 0x52,
    0x27, 0x52, 0x28, 0x4a, 0x28, 0x52, 0x28, 0x52, 0x48, 0x52, 0x28, 0x52,
    0x48, 0x52, 0x28, 0x52, 0x28, 0x52, 0x28, 0x52, 0x48, 0x52, 0x28, 0x52,
    0x27, 0x52, 0x28, 0x52, 0x48, 0x4a, 0x28, 0x4a, 0xa6, 0x39, 0x65, 0x31,
    0x45, 0x29, 0x45, 0x29, 0x65, 0x31, 0x45, 0x29, 0x45, 0x29, 0x45, 0x29,
    0x44, 0x29, 0x2f, 0x94, 0x2f, 0x9c, 0xd1, 0xac, 0x78, 0xe6, 0xf6, 0xd5,
    0x91, 0xa4, 0xcd, 0x83, 0x2f, 0x94, 0x4f, 0x9c, 0x90, 0xa4, 0x2f, 0x9c,
    0x0b, 0x6b, 0xa6, 0x39, 0x86, 0x31, 0x86, 0x31, 0x86, 0x31, 0x85, 0x31,
    0x65, 0x31, 0x85, 0x39, 0x48, 0x5a, 0x48, 0x5a, 0x68, 0x5a, 0x69, 0x5a,
    0x69, 0x5a, 0x48, 0x5a, 0x48, 0x5a, 0x48, 0x5a, 0x48, 0x52, 0x48, 0x5a,
    0x48, 0x52, 0x48, 0x5a, 0x48, 0x5a, 0x68, 0x5a, 0x68, 0x5a, 0x48, 0x5a,
    0x48, 0x5a, 0x68, 0x5a, 0x48, 0x5a, 0x48, 0x52, 0x07, 0x4a, 0x4b, 0x7b,
    0x10, 0xcd, 0x71, 0xd5, 0x71, 0xd5, 0x51, 0xcd, 0x44, 0x29, 0x85, 0x31,
    0x07, 0x4a, 0x0e, 0x9c, 0x2e, 0xa4, 0xec, 0x93, 0x8b, 0x8b, 0xec, 0x9b,
    0x2d, 0xa4, 0x6f, 0xb4, 0x0d, 0xa4, 0xed, 0x9b, 0x0d, 0x9c, 0x0e, 0xa4,
    0xd1, 0xb4, 0xcd, 0x8b, 0xd1, 0xb4, 0xf2, 0xb4, 0xd1, 0xac, 0x53, 0xbd,
    0x37, 0xde, 0x37, 0xde, 0x57, 0xde, 0x36, 0xde, 0x77, 0xde, 0x12, 0xb5,
    0x90, 0xa4, 0x50, 0x9c, 0xb0, 0xa4, 0xb1, 0xac, 0x91, 0xac, 0xee, 0x93,
    0x12, 0xbd, 0x91, 0xa4, 0x58, 0xde, 0x78, 0xde, 0x78, 0xde, 0x37, 0xd6,
    0x58, 0xde, 0x79, 0xde, 0x79, 0xde, 0x58, 0xd6, 0x17, 0xd6, 0x38, 0xd6,
    0x37, 0xd6, 0x37, 0xd6, 0xd6, 0xcd, 0x0f, 0x8c, 0xee, 0x8b, 0x33, 0xbd,
    0x53, 0xc5, 0x73, 0xc5, 0x33, 0xb5, 0x4e, 0x5b, 0x6b, 0x2a, 0x8c, 0x2a,
    0x10, 0x74, 0x54, 0xbd, 0x33, 0xbd, 0x74, 0xbd, 0xf2, 0xac, 0x50, 0x94,
    0xc8, 0x21, 0x6b, 0x22, 0x2d, 0x5b, 0xd2, 0xa4, 0xd2, 0xa4, 0xd2, 0xa4,
    0xd2, 0xac, 0xd2, 0xac, 0x0c, 0x63, 0x8c, 0x2a, 0xd0, 0x5b, 0x31, 0x7c,
    0x52, 0x74, 0x32, 0x54, 0x8c, 0x22, 0x4b, 0x2a, 0xec, 0x4a, 0xed, 0x3a,
    0xcc, 0x3a, 0xac, 0x42, 0xcb, 0x4a, 0xeb, 0x5a, 0xeb, 0x5a, 0xeb, 0x5a,
    0xeb, 0x5a, 0xeb, 0x5a, 0xeb, 0x5a, 0xeb, 0x5a, 0xeb, 0x5a, 0x29, 0x3a,
    0x4a, 0x3a, 0x8a, 0x42, 0xaa, 0x4a, 0xab, 0x4a, 0xaa, 0x4a, 0x4a, 0x3a,
    0x2a, 0x32, 0x29, 0x32, 0x2a, 0x32, 0x2a, 0x32, 0x29, 0x2a, 0x09, 0x2a,
    0x73, 0xc5, 0x53, 0xc5, 0x52, 0xc5, 0x90, 0xb4, 0xf1, 0xb4, 0xf1, 0xb4,
    0x6f, 0xa4, 0xcd, 0x8b, 0xcd, 0x8b, 0xcd, 0x8b, 0x4f, 0x9c, 0x89, 0x5a,
    0x07, 0x4a, 0x28, 0x4a, 0x28, 0x52, 0xce, 0x8b, 0x12, 0xbd, 0xf2, 0xb4,
    0xf1, 0xb4, 0xf2, 0xbc, 0xf2, 0xb4, 0xf1, 0xb4, 0x70, 0xa4, 0x70, 0xa4,
    0xb1, 0xac, 0xb1, 0xac, 0xd1, 0xac, 0x4f, 0x9c, 0x90, 0xa4, 0xb1, 0xa4,
    0x90, 0xa4, 0xee, 0x8b, 0x0a, 0x73, 0x8c, 0x93, 0x6b, 0x83, 0xed, 0x93,
    0x50, 0x9c, 0x91, 0xa4, 0xb2, 0xa4, 0xd2, 0xa4, 0x52, 0xc5, 0x72, 0xd5,
    0x51, 0xd5, 0x51, 0xcd, 0x51, 0xcd, 0x88, 0x62, 0x28, 0x52, 0x27, 0x4a,
    0x28, 0x52, 0x28, 0x4a, 0x27, 0x4a, 0x28, 0x52, 0x28, 0x52, 0x28, 0x4a,
    0x27, 0x52, 0x28, 0x52, 0x8d, 0x7b, 0x68, 0x52, 0x94, 0xc5, 0x16, 0xde,
    0xb1, 0xa4, 0x07, 0x52, 0xe7, 0x41, 0x28, 0x52, 0x28, 0x52, 0x28, 0x4a,
    0x28, 0x52, 0x48, 0x52, 0x48, 0x52, 0x48, 0x52, 0x48, 0x52, 0x48, 0x52,
    0x28, 0x52, 0x48, 0x52, 0x28, 0x52, 0x28, 0x52, 0x48, 0x52, 0x48, 0x52,
    0x28, 0x52, 0x48, 0x52, 0x28, 0x52, 0x28, 0x52, 0x07, 0x4a, 0x86, 0x31,
    0x65, 0x29, 0x45, 0x29, 0x45, 0x29, 0x45, 0x29, 0x45, 0x29, 0x45, 0x29,
    0x03, 0x21, 0x2f, 0x94, 0x0e, 0x94, 0x91, 0xa4, 0x94, 0xc5, 0x50, 0x9c,
    0xcd, 0x8b, 0x6c, 0x7b, 0x0f, 0x94, 0x2f, 0x9c, 0x2f, 0x9c, 0x0e, 0x94,
    0x86, 0x39, 0x86, 0x31, 0x86, 0x31, 0x86, 0x31, 0x86, 0x31, 0x85, 0x31,
    0x86, 0x39, 0x69, 0x5a, 0x48, 0x5a, 0x48, 0x5a, 0x48, 0x5a, 0x69, 0x5a,
    0x48, 0x5a, 0x48, 0x5a, 0x69, 0x5a, 0x48, 0x5a, 0x48, 0x5a, 0x68, 0x5a,
    0x48, 0x5a, 0x48, 0x5a, 0x68, 0x5a, 0x68, 0x5a, 0x68, 0x5a, 0x69, 0x5a,
    0x48, 0x5a, 0x48, 0x5a, 0x48, 0x52, 0x28, 0x52, 0x07, 0x4a, 0xb0, 0xb4,
    0x51, 0xd5, 0x71, 0xd5, 0x51, 0xd5, 0x32, 0xc5, 0xa6, 0x39, 0xa6, 0x39,
    0x48, 0x52, 0x0e, 0x94, 0xcc, 0x93, 0xcd, 0x93, 0xed, 0x9b, 0xed, 0x9b,
    0x0d, 0xa4, 0x8f, 0xb4, 0x2d, 0xa4, 0xed, 0x9b, 0xed, 0x9b, 0x2a, 0x7b,
    0xb4, 0xcd, 0xf2, 0xb4, 0xf2, 0xb4, 0xf2, 0xb4, 0xd1, 0xac, 0xd2, 0xb4,
    0x57, 0xde, 0x37, 0xde, 0x37, 0xde, 0x57, 0xde, 0x37, 0xde, 0xb1, 0xac,
    0x70, 0xa4, 0x70, 0xa4, 0x90, 0xa4, 0x91, 0xa4, 0x91, 0xa4, 0x70, 0xa4,
    0xcd, 0x8b, 0x53, 0xc5, 0x17, 0xd6, 0x58, 0xde, 0x37, 0xd6, 0xd6, 0xcd,
    0x58, 0xde, 0x99, 0xde, 0x37, 0xd6, 0x37, 0xd6, 0x37, 0xd6, 0x17, 0xd6,
    0x38, 0xd6, 0x17, 0xd6, 0xb6, 0xc5, 0x70, 0x9c, 0x94, 0xcd, 0x32, 0xbd,
    0x12, 0xbd, 0x50, 0x9c, 0x71, 0x9c, 0x8e, 0x63, 0x8b, 0x3a, 0xf3, 0x9c,
    0x95, 0xc5, 0x74, 0xbd, 0x30, 0x8c, 0xf2, 0xac, 0xd2, 0xac, 0x50, 0x94,
    0xe9, 0x21, 0x8b, 0x32, 0xae, 0x7b, 0xb2, 0xac, 0xd2, 0xac, 0xd2, 0xa4,
    0xd2, 0xa4, 0xd2, 0xac, 0xaa, 0x52, 0xae, 0x6b, 0xf0, 0x6b, 0x8f, 0x4b,
    0x6b, 0x1a, 0x4b, 0x22, 0x4a, 0x1a, 0x2a, 0x22, 0x4a, 0x32, 0xec, 0x3a,
    0xec, 0x42, 0xec, 0x42, 0xcc, 0x42, 0xeb, 0x52, 0xeb, 0x5a, 0xeb, 0x5a,
    0xeb, 0x5a, 0xeb, 0x5a, 0xcb, 0x5a, 0xeb, 0x5a, 0xeb, 0x4a, 0x6a, 0x3a,
    0x09, 0x2a, 0x09, 0x2a, 0x09, 0x22, 0x09, 0x2a, 0x2a, 0x32, 0x29, 0x32,
    0x2a, 0x32, 0x2a, 0x2a, 0x29, 0x2a, 0x2a, 0x2a, 0x2a, 0x2a, 0x2a, 0x2a,
    0x52, 0xc5, 0x32, 0xc5, 0x53, 0xcd, 0xb0, 0xb4, 0xd0, 0xb4, 0xf1, 0xbc,
    0x90, 0xa4, 0xcd, 0x93, 0xcd, 0x8b, 0xce, 0x93, 0xcd, 0x8b, 0x48, 0x5a,
    0x27, 0x4a, 0x48, 0x52, 0x28, 0x4a, 0xca, 0x62, 0xf2, 0xb4, 0x12, 0xb5,
    0x12, 0xbd, 0x12, 0xb5, 0xf2, 0xb4, 0xb1, 0xac, 0x70, 0xa4, 0x0e, 0x94,
    0x0e, 0x94, 0x6c, 0x7b, 0x68, 0x5a, 0x07, 0x4a, 0x69, 0x5a, 0x69, 0x5a,
    0x69, 0x5a, 0x68, 0x5a, 0xa9, 0x62, 0x12, 0xc5, 0x32, 0xc5, 0x90, 0xac,
    0x4b, 0x7b, 0xad, 0x83, 0xb2, 0xa4, 0xd2, 0xa4, 0x52, 0xc5, 0x51, 0xcd,
    0x51, 0xd5, 0x71, 0xd5, 0x51, 0xd5, 0x0a, 0x73, 0x08, 0x4a, 0x28, 0x52,
    0x28, 0x52, 0x27, 0x4a, 0x28, 0x4a, 0x27, 0x52, 0x28, 0x52, 0x28, 0x52,
    0x28, 0x52, 0xa9, 0x62, 0x48, 0x52, 0x90, 0xa4, 0xd5, 0xd5, 0xd5, 0xd5,
    0xc9, 0x6a, 0xa9, 0x62, 0x69, 0x5a, 0x48, 0x52, 0x28, 0x52, 0x48, 0x52,
    0x28, 0x52, 0x48, 0x52, 0x28, 0x52, 0x48, 0x52, 0x48, 0x52, 0x48, 0x52,
    0x48, 0x52, 0x48, 0x52, 0x48, 0x52, 0x48, 0x52, 0x48, 0x52, 0x28, 0x52,
    0x48, 0x52, 0x48, 0x52, 0x28, 0x52, 0x28, 0x52, 0x28, 0x52, 0xc6, 0x41,
    0x65, 0x31, 0x45, 0x29, 0x65, 0x29, 0x65, 0x31, 0x65, 0x29, 0x45, 0x29,
    0x65, 0x31, 0xee, 0x8b, 0x2f, 0x9c, 0x2f, 0x9c, 0x0f, 0x94, 0xee, 0x93,
    0xee, 0x8b, 0x2b, 0x73, 0x0b, 0x73, 0x0e, 0x9c, 0x2f, 0xac, 0x0b, 0x73,
    0xc6, 0x39, 0x86, 0x31, 0x86, 0x31, 0x85, 0x31, 0x85, 0x31, 0xa6, 0x39,
    0x69, 0x5a, 0x68, 0x5a, 0x68, 0x5a, 0x48, 0x5a, 0x68, 0x5a, 0x68, 0x5a,
    0x48, 0x5a, 0x69, 0x5a, 0x68, 0x5a, 0x49, 0x5a, 0x48, 0x5a, 0x68, 0x5a,
    0x48, 0x5a, 0x48, 0x5a, 0x48, 0x5a, 0x48, 0x5a, 0x68, 0x5a, 0x48, 0x5a,
    0x68, 0x5a, 0x48, 0x5a, 0x48, 0x52, 0x28, 0x52, 0xc6, 0x41, 0x8f, 0xb4,
    0x92, 0xd5, 0x71, 0xd5, 0x51, 0xcd, 0x4b, 0x7b, 0xa6, 0x31, 0xc7, 0x39,
    0x49, 0x52, 0xad, 0x83, 0xac, 0x93, 0xed, 0x9b, 0xed, 0x9b, 0xed, 0x9b,
    0xed, 0x9b, 0x4e, 0xa4, 0x2d, 0xa4, 0xed, 0x9b, 0xed, 0x9b, 0x8c, 0x8b,
    0xd5, 0xcd, 0xb1, 0xac, 0xd1, 0xac, 0xf2, 0xb4, 0x12, 0xbd, 0x37, 0xde,
    0x57, 0xde, 0x37, 0xde, 0x36, 0xde, 0x57, 0xde, 0x57, 0xde, 0x90, 0xac,
    0x90, 0xa4, 0xcd, 0x8b, 0x70, 0xa4, 0x90, 0xa4, 0x70, 0xa4, 0x90, 0xa4,
    0x70, 0xa4, 0xee, 0x93, 0x91, 0xa4, 0x79, 0xde, 0xd6, 0xcd, 0x54, 0xbd,
    0x17, 0xd6, 0x79, 0xde, 0x17, 0xd6, 0x37, 0xd6, 0x38, 0xd6, 0x37, 0xd6,
    0x37, 0xd6, 0xf7, 0xcd, 0xb5, 0xcd, 0xb4, 0xcd, 0xd5, 0xcd, 0x53, 0xc5,
    0x70, 0x9c, 0x50, 0x94, 0xf3, 0xac, 0xf2, 0xa4, 0x74, 0xbd, 0x94, 0xc5,
    0x13, 0xad, 0xaf, 0x63, 0x6d, 0x6b, 0xd2, 0xac, 0xd2, 0xac, 0x71, 0x94,
    0x4b, 0x22, 0x2d, 0x53, 0xd2, 0xac, 0xb2, 0xa4, 0xb2, 0xac, 0xd2, 0xac,
    0xd2, 0xac, 0xd2, 0xac, 0x6d, 0x6b, 0xb0, 0x5b, 0x6b, 0x22, 0x2a, 0x1a,
    0x2a, 0x22, 0x2a, 0x1a, 0x2a, 0x22, 0x0a, 0x22, 0x4a, 0x2a, 0xed, 0x3a,
    0xec, 0x42, 0xcc, 0x42, 0xec, 0x42, 0xcc, 0x42, 0xeb, 0x52, 0xeb, 0x5a,
    0xcb, 0x52, 0xcc, 0x4a, 0x6a, 0x32, 0xe9, 0x21, 0x0a, 0x22, 0x2a, 0x22,
    0x0a, 0x22, 0x09, 0x22, 0x2a, 0x2a, 0x09, 0x2a, 0x09, 0x2a, 0x09, 0x2a,
    0x29, 0x2a, 0x09, 0x32, 0x2a, 0x2a, 0x2a, 0x2a, 0x09, 0x22, 0x2a, 0x22,
    0x52, 0xc5, 0x73, 0xcd, 0x73, 0xcd, 0xd0, 0xb4, 0xf1, 0xb4, 0xd1, 0xb4,
    0x6f, 0xa4, 0xee, 0x8b, 0xcd, 0x8b, 0xcd, 0x93, 0xee, 0x93, 0x4b, 0x7b,
    0x69, 0x52, 0x28, 0x52, 0x48, 0x52, 0x07, 0x52, 0x70, 0xac, 0xf1, 0xb4,
    0xf2, 0xb4, 0xf2, 0xb4, 0xf1, 0xb4, 0xd1, 0xb4, 0x90, 0xa4, 0x0b, 0x73,
    0x48, 0x52, 0x69, 0x52, 0x48, 0x52, 0x89, 0x5a, 0x89, 0x62, 0x89, 0x5a,
    0x69, 0x5a, 0x89, 0x5a, 0x4c, 0x83, 0x32, 0xc5, 0x32, 0xc5, 0x33, 0xc5,
    0x4f, 0xa4, 0xce, 0x83, 0x71, 0x9c, 0xb2, 0xa4, 0x12, 0xbd, 0x51, 0xcd,
    0x71, 0xd5, 0x72, 0xd5, 0x72, 0xd5, 0x6b, 0x83, 0x07, 0x4a, 0x07, 0x4a,
    0x28, 0x52, 0x07, 0x4a, 0x28, 0x52, 0x28, 0x52, 0x27, 0x4a, 0x27, 0x52,
    0x48, 0x52, 0x48, 0x52, 0x89, 0x62, 0x33, 0xbd, 0xd5, 0xd5, 0x33, 0xbd,
    0x08, 0x4a, 0x68, 0x5a, 0x89, 0x62, 0xa9, 0x62, 0x27, 0x4a, 0x48, 0x52,
    0x28, 0x52, 0x28, 0x52, 0x28, 0x52, 0x28, 0x52, 0x28, 0x52, 0x48, 0x52,
    0x48, 0x52, 0x48, 0x52, 0x28, 0x52, 0x28, 0x52, 0x48, 0x52, 0x28, 0x52,
    0x48, 0x52, 0x28, 0x52, 0x28, 0x52, 0x27, 0x4a, 0x28, 0x52, 0x28, 0x52,
    0xa6, 0x39, 0x45, 0x29, 0x45, 0x29, 0x45, 0x29, 0x45, 0x29, 0x65, 0x29,
    0x45, 0x31, 0x85, 0x39, 0x6d, 0x83, 0x6c, 0x83, 0x4b, 0x83, 0xca, 0x72,
    0xc6, 0x41, 0x44, 0x31, 0x85, 0x49, 0xe6, 0x79, 0xa9, 0x9a, 0x69, 0x8a,
    0x85, 0x39, 0x85, 0x31, 0x86, 0x31, 0x86, 0x31, 0xc6, 0x39, 0x69, 0x5a,
    0x48, 0x5a, 0x68, 0x5a, 0x69, 0x5a, 0x48, 0x5a, 0x68, 0x5a, 0x48, 0x5a,
    0x48, 0x5a, 0x69, 0x5a, 0x48, 0x5a, 0x68, 0x5a, 0x69, 0x5a, 0x69, 0x5a,
    0x68, 0x5a, 0x68, 0x5a, 0x69, 0x5a, 0x48, 0x5a, 0x68, 0x5a, 0x49, 0x5a,
    0x48, 0x5a, 0x48, 0x5a, 0x48, 0x5a, 0x07, 0x4a, 0xc9, 0x6a, 0xf0, 0xbc,
    0xb3, 0xdd, 0x72, 0xcd, 0x71, 0xd5, 0x44, 0x31, 0x86, 0x31, 0x08, 0x42,
    0x0c, 0x6b, 0xa6, 0x39, 0x68, 0x5a, 0xed, 0x9b, 0xed, 0x9b, 0xcc, 0x93,
    0x6b, 0x8b, 0xcc, 0x93, 0xcc, 0x93, 0xed, 0x9b, 0xed, 0x9b, 0x53, 0xc5,
    0x70, 0xa4, 0x4f, 0x9c, 0xd1, 0xac, 0xb1, 0xac, 0xf2, 0xb4, 0x57, 0xde,
    0x57, 0xde, 0x57, 0xde, 0x37, 0xde, 0x57, 0xe6, 0x37, 0xde, 0x53, 0xbd,
    0x90, 0xac, 0x08, 0x4a, 0x8d, 0x7b, 0x2f, 0x9c, 0x4f, 0xa4, 0xb0, 0xac,
    0xb1, 0xac, 0xb1, 0xac, 0x12, 0xb5, 0x58, 0xd6, 0x17, 0xd6, 0x13, 0xb5,
    0xd6, 0xc5, 0x58, 0xde, 0x17, 0xd6, 0x37, 0xd6, 0x38, 0xd6, 0x58, 0xde,
    0xb6, 0xcd, 0x74, 0xc5, 0x94, 0xcd, 0x94, 0xcd, 0x53, 0xbd, 0x91, 0xa4,
    0xb1, 0xa4, 0x75, 0xbd, 0x95, 0xc5, 0x95, 0xc5, 0xb5, 0xc5, 0x34, 0xad,
    0x2d, 0x4b, 0x6b, 0x22, 0x50, 0x94, 0xb2, 0xa4, 0xd2, 0xa4, 0x91, 0x94,
    0xac, 0x3a, 0xae, 0x73, 0xd2, 0xac, 0xd2, 0xac, 0xd2, 0xa4, 0xd2, 0xac,
    0xd2, 0xac, 0xf2, 0xac, 0xaf, 0x63, 0x8c, 0x22, 0x4b, 0x22, 0x2a, 0x22,
    0x0a, 0x1a, 0x0a, 0x22, 0x2a, 0x22, 0x0a, 0x22, 0x4a, 0x2a, 0xec, 0x3a,
    0xec, 0x42, 0xcc, 0x42, 0xcc, 0x42, 0xab, 0x42, 0xab, 0x4a, 0xab, 0x4a,
    0x2a, 0x2a, 0x2a, 0x22, 0x09, 0x22, 0x2a, 0x22, 0x0a, 0x22, 0x0a, 0x22,
    0x09, 0x22, 0x2a, 0x22, 0x0a, 0x22, 0x2a, 0x22, 0x0a, 0x22, 0x09, 0x22,
    0x09, 0x22, 0x4a, 0x3a, 0x2a, 0x2a, 0x2a, 0x22, 0x4b, 0x22, 0x4b, 0x22,
    0x32, 0xc5, 0x93, 0xcd, 0x73, 0xc5, 0xb0, 0xb4, 0xf1, 0xb4, 0xb0, 0xac,
    0x2f, 0x9c, 0xee, 0x93, 0xed, 0x8b, 0xee, 0x8b, 0xee, 0x93, 0xed, 0x93,
    0xa9, 0x62, 0x28, 0x52, 0x28, 0x52, 0xe6, 0x49, 0xee, 0x93, 0xf1, 0xb4,
    0xf2, 0xb4, 0xf2, 0xb4, 0x90, 0xac, 0x2f, 0x94, 0x2b, 0x73, 0x48, 0x52,
    0x69, 0x5a, 0x89, 0x5a, 0x89, 0x5a, 0x69, 0x5a, 0x68, 0x5a, 0xa9, 0x62,
    0x68, 0x5a, 0xa9, 0x62, 0xb0, 0xac, 0x32, 0xc5, 0x33, 0xc5, 0x53, 0xc5,
    0x4f, 0xa4, 0x0b, 0x73, 0xee, 0x8b, 0x71, 0x9c, 0xd1, 0xb4, 0x51, 0xcd,
    0x72, 0xd5, 0x72, 0xd5, 0x92, 0xd5, 0xed, 0x93, 0x07, 0x4a, 0x28, 0x4a,
    0x27, 0x52, 0x27, 0x52, 0x28, 0x52, 0x28, 0x4a, 0x48, 0x52, 0x68, 0x5a,
    0x68, 0x5a, 0x48, 0x52, 0xf2, 0xb4, 0xd5, 0xd5, 0xd4, 0xcd, 0x0b, 0x6b,
    0x07, 0x4a, 0x07, 0x4a, 0x48, 0x52, 0xa9, 0x62, 0x27, 0x52, 0x07, 0x4a,
    0x27, 0x4a, 0x28, 0x52, 0x27, 0x52, 0x48, 0x52, 0x28, 0x52, 0x48, 0x52,
    0x48, 0x52, 0x28, 0x52, 0x48, 0x52, 0x48, 0x52, 0x48, 0x52, 0x48, 0x52,
    0x48, 0x52, 0x28, 0x52, 0x48, 0x52, 0x28, 0x52, 0x48, 0x52, 0x28, 0x52,
    0x28, 0x52, 0xa6, 0x39, 0x45, 0x31, 0x65, 0x29, 0x65, 0x29, 0x65, 0x31,
    0x65, 0x29, 0x45, 0x29, 0x44, 0x31, 0xa5, 0x59, 0xe6, 0x69, 0xa6, 0x59,
    0x44, 0x39, 0x65, 0x31, 0xe7, 0x61, 0x27, 0x8a, 0x0a, 0xab, 0xc9, 0xaa,
    0x65, 0x51, 0x65, 0x31, 0x86, 0x31, 0xc6, 0x41, 0x69, 0x5a, 0x48, 0x5a,
    0x68, 0x5a, 0x69, 0x5a, 0x69, 0x5a, 0x68, 0x5a, 0x48, 0x5a, 0x69, 0x5a,
    0x68, 0x5a, 0x68, 0x5a, 0x68, 0x5a, 0x68, 0x5a, 0x68, 0x5a, 0x69, 0x5a,
    0x68, 0x5a, 0x69, 0x5a, 0x68, 0x5a, 0x69, 0x5a, 0x69, 0x5a, 0x68, 0x52,
    0x48, 0x5a, 0x48, 0x5a, 0x48, 0x52, 0x07, 0x4a, 0x4e, 0xa4, 0x72, 0xd5,
    0x72, 0xd5, 0x51, 0xcd, 0x72, 0xd5, 0x86, 0x31, 0xa6, 0x39, 0x69, 0x52,
    0x0c, 0x6b, 0xc6, 0x39, 0x48, 0x4a, 0x8c, 0x83, 0xed, 0x9b, 0xcd, 0x93,
    0xcc, 0x93, 0xac, 0x93, 0x8b, 0x8b, 0xed, 0x93, 0x8c, 0x8b, 0x94, 0xcd,
    0x4b, 0x83, 0x90, 0xac, 0xd1, 0xac, 0xf2, 0xb4, 0xf6, 0xd5, 0x57, 0xde,
    0x57, 0xde, 0x57, 0xde, 0x57, 0xde, 0x57, 0xde, 0xf5, 0xd5, 0xb5, 0xcd,
    0xb0, 0xac, 0x28, 0x4a, 0xe7, 0x41, 0x2b, 0x73, 0xcd, 0x8b, 0xb1, 0xac,
    0xd1, 0xac, 0xd1, 0xac, 0xb1, 0xac, 0x12, 0xb5, 0xd5, 0xc5, 0x12, 0xb5,
    0xb5, 0xc5, 0x17, 0xd6, 0x16, 0xd6, 0x37, 0xd6, 0x37, 0xd6, 0x74, 0xbd,
    0x91, 0xa4, 0xb4, 0xcd, 0x73, 0xc5, 0x53, 0xc5, 0x2f, 0x9c, 0x70, 0x9c,
    0xb5, 0xc5, 0xb5, 0xc5, 0xb5, 0xc5, 0x54, 0xbd, 0xf3, 0x9c, 0x0d, 0x43,
    0xac, 0x2a, 0x8c, 0x2a, 0xd2, 0xa4, 0xd2, 0xac, 0xb2, 0xa4, 0xef, 0x7b,
    0x6d, 0x63, 0xd2, 0xac, 0xd2, 0xa4, 0xd2, 0xac, 0xd2, 0xac, 0xf2, 0xac,
    0xf2, 0xac, 0x71, 0x94, 0xcc, 0x3a, 0x4a, 0x22, 0x2a, 0x22, 0x2a, 0x22,
    0x2a, 0x22, 0x0a, 0x1a, 0x2a, 0x22, 0x2a, 0x22, 0x6b, 0x32, 0xcc, 0x3a,
    0xcc, 0x42, 0xec, 0x42, 0xac, 0x3a, 0x8b, 0x3a, 0x2a, 0x2a, 0x0a, 0x22,
    0x2a, 0x22, 0x0a, 0x22, 0x0a, 0x22, 0x2a, 0x22, 0x2a, 0x22, 0x09, 0x22,
    0x0a, 0x22, 0x09, 0x22, 0x0a, 0x22, 0x09, 0x22, 0x09, 0x22, 0x09, 0x22,
    0x09, 0x22, 0xab, 0x42, 0x6b, 0x2a, 0x4b, 0x22, 0x4b, 0x22, 0x4b, 0x22,
    0x52, 0xc5, 0x93, 0xcd, 0x52, 0xc5, 0x4f, 0xa4, 0xf1, 0xbc, 0xb1, 0xb4,
    0x2f, 0x9c, 0xee, 0x93, 0xee, 0x93, 0xee, 0x93, 0xcd, 0x8b, 0xad, 0x8b,
    0x4b, 0x7b, 0x48, 0x52, 0x48, 0x52, 0x07, 0x4a, 0x90, 0xa4, 0x12, 0xbd,
    0xf2, 0xb4, 0xb1, 0xac, 0xee, 0x93, 0x0b, 0x73, 0x48, 0x52, 0x69, 0x5a,
    0x89, 0x5a, 0x89, 0x5a, 0x89, 0x5a, 0x89, 0x5a, 0x89, 0x5a, 0xca, 0x62,
    0x69, 0x5a, 0xad, 0x8b, 0x53, 0xc5, 0x53, 0xc5, 0x53, 0xc5, 0x53, 0xc5,
    0xb0, 0xac, 0xcd, 0x8b, 0xce, 0x8b, 0x30, 0x94, 0x6f, 0xa4, 0x31, 0xc5,
    0x71, 0xd5, 0x72, 0xd5, 0x92, 0xd5, 0x0d, 0x94, 0x07, 0x4a, 0x07, 0x4a,
    0x28, 0x4a, 0x28, 0x4a, 0x28, 0x52, 0x68, 0x5a, 0xa9, 0x62, 0x68, 0x5a,
    0x28, 0x52, 0x0b, 0x73, 0x53, 0xbd, 0xd5, 0xd5, 0x94, 0xc5, 0x07, 0x4a,
    0x27, 0x52, 0x27, 0x4a, 0x28, 0x52, 0x48, 0x5a, 0x89, 0x62, 0x27, 0x52,
    0xc7, 0x41, 0xe7, 0x41, 0x07, 0x4a, 0x48, 0x52, 0x48, 0x52, 0x48, 0x52,
    0x48, 0x52, 0x48, 0x5a, 0x48, 0x52, 0x48, 0x52, 0x48, 0x52, 0x48, 0x52,
    0x48, 0x52, 0x28, 0x52, 0x28, 0x52, 0x48, 0x52, 0x48, 0x52, 0x28, 0x52,
    0x48, 0x52, 0x48, 0x52, 0xa6, 0x39, 0x45, 0x29, 0x65, 0x31, 0x45, 0x29,
    0x45, 0x29, 0x45, 0x29, 0x44, 0x39, 0xe7, 0x71, 0x07, 0x7a, 0x48, 0x82,
    0xa6, 0x51, 0x65, 0x31, 0xc6, 0x61, 0x27, 0x82, 0xea, 0xaa, 0xc9, 0xaa,
    0x28, 0x82, 0x86, 0x39, 0xa6, 0x39, 0x48, 0x52, 0x48, 0x5a, 0x68, 0x5a,
    0x68, 0x5a, 0x68, 0x5a, 0x68, 0x5a, 0x69, 0x5a, 0x68, 0x5a, 0x68, 0x5a,
    0x69, 0x5a, 0x69, 0x62, 0x69, 0x5a, 0x69, 0x5a, 0x68, 0x5a, 0x48, 0x5a,
    0x48, 0x5a, 0x68, 0x5a, 0x68, 0x5a, 0x69, 0x5a, 0x68, 0x5a, 0x68, 0x5a,
    0x69, 0x5a, 0x68, 0x5a, 0x68, 0x5a, 0xe6, 0x49, 0x4e, 0xa4, 0x71, 0xd5,
    0x72, 0xd5, 0x71, 0xcd, 0x6f, 0xa4, 0xa6, 0x39, 0xc6, 0x39, 0x2c, 0x6b,
    0x86, 0x31, 0xa6, 0x39, 0x86, 0x31, 0x28, 0x52, 0x6b, 0x83, 0xcc, 0x93,
    0xcd, 0x93, 0xed, 0x9b, 0xcd, 0x9b, 0xed, 0x9b, 0xcc, 0x8b, 0xb4, 0xcd,
    0xcd, 0x93, 0xf1, 0xb4, 0xd1, 0xac, 0xf2, 0xb4, 0x57, 0xde, 0x57, 0xde,
    0x57, 0xe6, 0x57, 0xde, 0x57, 0xde, 0x16, 0xde, 0xb4, 0xcd, 0x94, 0xcd,
    0x50, 0xa4, 0x48, 0x4a, 0x28, 0x4a, 0x49, 0x4a, 0xca, 0x62, 0xce, 0x8b,
    0xb1, 0xac, 0xd1, 0xac, 0xd1, 0xac, 0x91, 0xac, 0x70, 0xa4, 0xb1, 0xac,
    0x54, 0xbd, 0x53, 0xbd, 0x33, 0xbd, 0xf2, 0xac, 0x95, 0xc5, 0x0e, 0x94,
    0xb5, 0xcd, 0x94, 0xc5, 0x53, 0xbd, 0x94, 0xc5, 0x53, 0xbd, 0x95, 0xc5,
    0x95, 0xc5, 0xb5, 0xc5, 0x95, 0xc5, 0x0f, 0x84, 0xac, 0x3a, 0x6c, 0x22,
    0x8c, 0x2a, 0x4a, 0x32, 0xd2, 0xa4, 0xd3, 0xac, 0x91, 0xa4, 0x0c, 0x63,
    0x10, 0x8c, 0xb2, 0xa4, 0xd2, 0xa4, 0xd2, 0xac, 0xd2, 0xa4, 0xd2, 0xac,
    0xd2, 0xac, 0x4d, 0x63, 0x4b, 0x2a, 0x4b, 0x22, 0x2a, 0x22, 0x2a, 0x22,
    0x2a, 0x22, 0x2a, 0x1a, 0x2a, 0x1a, 0x4a, 0x22, 0xac, 0x42, 0xcc, 0x3a,
    0xac, 0x32, 0x8b, 0x32, 0x4a, 0x2a, 0x09, 0x22, 0x0a, 0x22, 0x2a, 0x22,
    0x0a, 0x22, 0x0a, 0x22, 0x09, 0x22, 0x09, 0x22, 0x2a, 0x22, 0x0a, 0x22,
    0x09, 0x22, 0x2a, 0x22, 0x0a, 0x22, 0x09, 0x22, 0x0a, 0x22, 0x0a, 0x22,
    0x2a, 0x22, 0x29, 0x3a, 0x6a, 0x22, 0x4b, 0x22, 0x4b, 0x22, 0x4b, 0x22,
    0x93, 0xcd, 0x94, 0xd5, 0x53, 0xc5, 0x4e, 0xa4, 0xf1, 0xb4, 0xd1, 0xb4,
    0x4f, 0x9c, 0xee, 0x93, 0xed, 0x93, 0xed, 0x8b, 0xee, 0x8b, 0xad, 0x8b,
    0x2f, 0x9c, 0x0a, 0x6b, 0x28, 0x52, 0xa9, 0x62, 0xd1, 0xb4, 0xf2, 0xb4,
    0xd1, 0xb4, 0xee, 0x8b, 0xea, 0x6a, 0x89, 0x5a, 0x89, 0x5a, 0x89, 0x62,
    0x89, 0x5a, 0x69, 0x5a, 0x89, 0x5a, 0x89, 0x62, 0x89, 0x5a, 0x89, 0x5a,
    0x4b, 0x7b, 0x53, 0xc5, 0x53, 0xc5, 0x53, 0xc5, 0x52, 0xc5, 0x33, 0xc5,
    0x12, 0xbd, 0x6f, 0xa4, 0x4c, 0x7b, 0xce, 0x83, 0x0e, 0x94, 0xf0, 0xc4,
    0x71, 0xd5, 0x72, 0xd5, 0x92, 0xd5, 0x0d, 0x9c, 0x07, 0x4a, 0x08, 0x4a,
    0x28, 0x4a, 0x28, 0x52, 0x89, 0x5a, 0x2b, 0x73, 0x89, 0x62, 0x28, 0x52,
    0xca, 0x62, 0x12, 0xb5, 0xd5, 0xd5, 0xd5, 0xd5, 0xce, 0x8b, 0x48, 0x52,
    0x28, 0x52, 0x28, 0x52, 0x28, 0x52, 0x28, 0x52, 0x48, 0x52, 0x48, 0x5a,
    0xe7, 0x49, 0x85, 0x31, 0xa6, 0x39, 0xe7, 0x49, 0x28, 0x52, 0x48, 0x52,
    0x28, 0x52, 0x48, 0x52, 0x48, 0x52, 0x28, 0x52, 0x48, 0x5a, 0x48, 0x52,
    0x28, 0x52, 0x48, 0x52, 0x28, 0x52, 0x28, 0x52, 0x27, 0x52, 0x48, 0x52,
    0x48, 0x52, 0x28, 0x52, 0x48, 0x52, 0xa6, 0x39, 0x65, 0x29, 0x45, 0x29,
    0x65, 0x31, 0x45, 0x29, 0x04, 0x39, 0xe6, 0x71, 0x68, 0x92, 0x89, 0xa2,
    0xa5, 0x59, 0x44, 0x31, 0xc6, 0x59, 0x07, 0x7a, 0xa9, 0x9a, 0x0a, 0xb3,
    0xa9, 0xa2, 0xa6, 0x41, 0xe7, 0x49, 0x48, 0x5a, 0x68, 0x5a, 0x69, 0x5a,
    0x69, 0x5a, 0x68, 0x5a, 0x48, 0x5a, 0x48, 0x5a, 0x69, 0x5a, 0x68, 0x5a,
    0x69, 0x5a, 0x68, 0x62, 0x89, 0x62, 0x89, 0x5a, 0x48, 0x5a, 0x48, 0x5a,
    0x69, 0x5a, 0x68, 0x5a, 0x68, 0x5a, 0x69, 0x5a, 0x68, 0x5a, 0x68, 0x5a,
    0x69, 0x5a, 0x68, 0x5a, 0x69, 0x5a, 0xea, 0x72, 0xcf, 0xbc, 0x72, 0xd5,
    0x92, 0xd5, 0x92, 0xd5, 0x47, 0x5a, 0xa6, 0x39, 0x49, 0x52, 0x8a, 0x52,
    0x86, 0x31, 0xa6, 0x31, 0x86, 0x31, 0x86, 0x31, 0x07, 0x52, 0x4b, 0x83,
    0xcd, 0x9b, 0xed, 0x9b, 0xed, 0x9b, 0xed, 0x9b, 0x73, 0xc5, 0xd5, 0xd5,
    0xad, 0x8b, 0xd1, 0xac, 0xb1, 0xac, 0xb5, 0xcd, 0x57, 0xde, 0x57, 0xde,
    0x57, 0xde, 0x57, 0xde, 0x16, 0xde, 0xd5, 0xd5, 0xb4, 0xd5, 0x94, 0xcd,
    0x2f, 0x9c, 0x49, 0x52, 0x48, 0x4a, 0x48, 0x4a, 0x49, 0x4a, 0x48, 0x4a,
    0xad, 0x83, 0x70, 0xa4, 0x4f, 0x9c, 0x70, 0xa4, 0x4f, 0x9c, 0xb0, 0xa4,
    0x70, 0xa4, 0x2f, 0x9c, 0x2f, 0x9c, 0x0e, 0x9c, 0x12, 0xbd, 0x53, 0xc5,
    0xb4, 0xcd, 0x74, 0xc5, 0xb5, 0xcd, 0x94, 0xc5, 0x54, 0xbd, 0x95, 0xc5,
    0x75, 0xc5, 0x54, 0xbd, 0x34, 0xb5, 0x0c, 0x5b, 0x2a, 0x2a, 0x6b, 0x22,
    0x6b, 0x22, 0xeb, 0x52, 0xd2, 0xa4, 0xf2, 0xac, 0xb2, 0xa4, 0x6d, 0x73,
    0xb1, 0xa4, 0xb1, 0xa4, 0xb2, 0xac, 0xd2, 0xac, 0xd2, 0xa4, 0xb2, 0xa4,
    0xb1, 0x9c, 0xcc, 0x4a, 0x4a, 0x22, 0x2b, 0x22, 0x4b, 0x22, 0x4a, 0x22,
    0x2a, 0x22, 0x4b, 0x22, 0x2a, 0x22, 0x4a, 0x2a, 0xac, 0x32, 0x6b, 0x2a,
    0x4a, 0x22, 0xe9, 0x21, 0x0a, 0x22, 0x0a, 0x22, 0x2a, 0x22, 0x0a, 0x22,
    0x29, 0x22, 0x2a, 0x22, 0x2a, 0x22, 0x0a, 0x22, 0x09, 0x22, 0x0a, 0x22,
    0x0a, 0x22, 0x09, 0x22, 0x2a, 0x22, 0x09, 0x22, 0x0a, 0x22, 0x2a, 0x22,
    0x2a, 0x22, 0xca, 0x52, 0x8b, 0x32, 0x6b, 0x22, 0x4b, 0x22, 0x4b, 0x22,
    0xb4, 0xcd, 0xb3, 0xcd, 0x93, 0xcd, 0xf1, 0xbc, 0xf1, 0xb4, 0xf1, 0xb4,
    0x4f, 0x9c, 0xcd, 0x8b, 0xee, 0x93, 0xcd, 0x8b, 0xcd, 0x93, 0xcd, 0x8b,
    0xb0, 0xb4, 0x70, 0xa4, 0x4c, 0x7b, 0x2f, 0x9c, 0xf1, 0xb4, 0x90, 0xac,
    0x0f, 0x94, 0xca, 0x6a, 0xaa, 0x62, 0xa9, 0x5a, 0xaa, 0x62, 0xa9, 0x62,
    0x89, 0x5a, 0x89, 0x5a, 0x89, 0x5a, 0x89, 0x5a, 0x89, 0x5a, 0xea, 0x72,
    0xb1, 0xac, 0x32, 0xc5, 0x53, 0xc5, 0x53, 0xc5, 0x32, 0xc5, 0x33, 0xc5,
    0x53, 0xc5, 0xb0, 0xac, 0xcd, 0x8b, 0x10, 0x8c, 0x0e, 0x94, 0xaf, 0xb4,
    0x51, 0xcd, 0x71, 0xd5, 0x72, 0xd5, 0xed, 0x93, 0x08, 0x4a, 0x28, 0x52,
    0x28, 0x52, 0x88, 0x5a, 0x4c, 0x7b, 0xea, 0x6a, 0x28, 0x4a, 0x07, 0x4a,
    0xce, 0x8b, 0x94, 0xc5, 0xd5, 0xd5, 0xb5, 0xcd, 0x48, 0x52, 0x27, 0x52,
    0x28, 0x4a, 0x28, 0x52, 0x28, 0x4a, 0x28, 0x4a, 0x27, 0x52, 0x27, 0x52,
    0x28, 0x52, 0xa6, 0x39, 0x65, 0x31, 0x86, 0x31, 0xc6, 0x41, 0x07, 0x4a,
    0x28, 0x52, 0x28, 0x52, 0x28, 0x52, 0x48, 0x52, 0x28, 0x52, 0x28, 0x52,
    0x28, 0x52, 0x48, 0x52, 0x28, 0x52, 0x28, 0x52, 0x27, 0x52, 0x28, 0x4a,
    0x28, 0x52, 0x48, 0x52, 0x28, 0x52, 0x48, 0x52, 0xc7, 0x41, 0x45, 0x29,
    0x65, 0x29, 0x45, 0x31, 0x04, 0x39, 0x07, 0x7a, 0xa9, 0xaa, 0xa9, 0xaa,
    0xa5, 0x69, 0x44, 0x41, 0x85, 0x49, 0xc6, 0x71, 0x48, 0x92, 0x2b, 0xb3,
    0xc9, 0xaa, 0xc6, 0x51, 0x48, 0x5a, 0x48, 0x5a, 0x48, 0x5a, 0x48, 0x5a,
    0x68, 0x5a, 0x68, 0x5a, 0x49, 0x5a, 0x48, 0x5a, 0x68, 0x5a, 0x69, 0x5a,
    0x68, 0x5a, 0x68, 0x5a, 0x89, 0x62, 0x48, 0x5a, 0x68, 0x5a, 0x69, 0x5a,
    0x48, 0x5a, 0x48, 0x5a, 0x69, 0x5a, 0x68, 0x5a, 0x69, 0x5a, 0x69, 0x5a,
    0x48, 0x5a, 0x68, 0x5a, 0x48, 0x52, 0x0e, 0x9c, 0x51, 0xd5, 0x72, 0xd5,
    0x92, 0xd5, 0x92, 0xd5, 0x07, 0x52, 0xa6, 0x39, 0xeb, 0x62, 0x86, 0x31,
    0x86, 0x31, 0xa6, 0x39, 0xa6, 0x31, 0xa6, 0x39, 0xa6, 0x39, 0x69, 0x5a,
    0x8c, 0x83, 0xed, 0x93, 0x0d, 0x9c, 0x4b, 0x83, 0x94, 0xcd, 0xf1, 0xb4,
    0x0f, 0x9c, 0x90, 0xac, 0xb1, 0xac, 0x57, 0xde, 0x57, 0xde, 0x57, 0xde,
    0x57, 0xe6, 0x16, 0xde, 0xd5, 0xd5, 0xd5, 0xd5, 0xf5, 0xd5, 0xb4, 0xcd,
    0x90, 0xa4, 0x69, 0x52, 0x48, 0x4a, 0x49, 0x4a, 0x49, 0x52, 0x48, 0x4a,
    0xca, 0x62, 0x91, 0xa4, 0x70, 0xa4, 0x90, 0xa4, 0x8c, 0x8b, 0xee, 0x93,
    0x90, 0xa4, 0x12, 0xb5, 0x32, 0xbd, 0x73, 0xc5, 0xb4, 0xcd, 0xb4, 0xcd,
    0x74, 0xc5, 0x74, 0xc5, 0xb5, 0xc5, 0x54, 0xbd, 0x34, 0xbd, 0x74, 0xbd,
    0x34, 0xb5, 0x14, 0xad, 0x34, 0xad, 0x4d, 0x6b, 0x4a, 0x2a, 0x6b, 0x22,
    0x6b, 0x22, 0x30, 0x8c, 0xd2, 0xac, 0xd2, 0xac, 0x91, 0x9c, 0x91, 0xa4,
    0xb1, 0xa4, 0xb2, 0xa4, 0xb2, 0xac, 0xd2, 0xac, 0xb2, 0xa4, 0xb1, 0xa4,
    0x8e, 0x73, 0x6a, 0x32, 0x2a, 0x22, 0x4b, 0x2a, 0x2a, 0x22, 0x4a, 0x22,
    0x4b, 0x22, 0x2b, 0x22, 0x2a, 0x22, 0x4a, 0x2a, 0x4a, 0x22, 0x09, 0x1a,
    0xe9, 0x19, 0x0a, 0x22, 0x0a, 0x1a, 0x0a, 0x1a, 0x2a, 0x1a, 0x09, 0x22,
    0x0a, 0x22, 0x2a, 0x1a, 0x0a, 0x22, 0x09, 0x22, 0x0a, 0x22, 0x0a, 0x22,
    0x09, 0x22, 0x0a, 0x22, 0x0a, 0x22, 0x2a, 0x22, 0x2a, 0x22, 0x2a, 0x22,
    0x29, 0x2a, 0x6c, 0x6b, 0xcc, 0x32, 0x6c, 0x22, 0x4b, 0x22, 0x4b, 0x22,
    0x93, 0xcd, 0xb4, 0xd5, 0xb4, 0xd5, 0x73, 0xcd, 0xf1, 0xb4, 0xf1, 0xb4,
    0x4f, 0xa4, 0xee, 0x93, 0xce, 0x8b, 0xee, 0x8b, 0xee, 0x93, 0xee, 0x93,
    0xd1, 0xb4, 0xf1, 0xb4, 0x90, 0xa4, 0xf1, 0xb4, 0xd1, 0xac, 0x4f, 0xa4,
    0x0b, 0x73, 0xa9, 0x62, 0xa9, 0x62, 0xaa, 0x62, 0xa9, 0x62, 0xa9, 0x62,
    0xa9, 0x62, 0x89, 0x62, 0x89, 0x5a, 0x89, 0x5a, 0x47, 0x5a, 0x4f, 0xa4,
    0x53, 0xc5, 0x33, 0xc5, 0x32, 0xc5, 0x53, 0xc5, 0x53, 0xc5, 0x32, 0xc5,
    0x53, 0xc5, 0xb1, 0xac, 0x2f, 0x9c, 0x8d, 0x83, 0xad, 0x8b, 0x4e, 0xac,
    0xaf, 0xbc, 0x31, 0xcd, 0x51, 0xcd, 0x8b, 0x8b, 0x28, 0x52, 0x48, 0x52,
    0xc9, 0x62, 0x89, 0x62, 0xca, 0x62, 0x28, 0x52, 0x27, 0x4a, 0x0b, 0x73,
    0x12, 0xbd, 0xd5, 0xd5, 0xd5, 0xd5, 0xce, 0x8b, 0x48, 0x52, 0x27, 0x4a,
    0x27, 0x4a, 0x27, 0x4a, 0x28, 0x52, 0x27, 0x4a, 0x28, 0x52, 0x08, 0x4a,
    0x27, 0x52, 0x07, 0x4a, 0x85, 0x39, 0x65, 0x31, 0x86, 0x31, 0xa6, 0x39,
    0xa6, 0x39, 0x08, 0x4a, 0x48, 0x52, 0x48, 0x52, 0x28, 0x52, 0x28, 0x52,
    0x48, 0x52, 0x48, 0x52, 0x48, 0x52, 0x48, 0x52, 0x28, 0x52, 0x28, 0x52,
    0x28, 0x52, 0x28, 0x52, 0x28, 0x52, 0x28, 0x52, 0x28, 0x52, 0xc7, 0x41,
    0x45, 0x29, 0x45, 0x29, 0x23, 0x39, 0x07, 0x82, 0xa9, 0xaa, 0x89, 0xaa,
    0xa5, 0x71, 0x45, 0x49, 0x85, 0x51, 0xc6, 0x69, 0x27, 0x8a, 0xa9, 0x8a,
    0x4b, 0xa3, 0xa5, 0x49, 0x48, 0x5a, 0x68, 0x5a, 0x69, 0x5a, 0x68, 0x5a,
    0x68, 0x5a, 0x68, 0x5a, 0x68, 0x5a, 0x48, 0x5a, 0x68, 0x5a, 0x69, 0x5a,
    0x69, 0x5a, 0x68, 0x5a, 0x28, 0x52, 0x48, 0x52, 0x68, 0x5a, 0x48, 0x5a,
    0x68, 0x5a, 0x48, 0x5a, 0x69, 0x5a, 0x68, 0x5a, 0x68, 0x5a, 0x68, 0x5a,
    0x69, 0x5a, 0x68, 0x5a, 0x07, 0x52, 0x0d, 0x9c, 0x71, 0xd5, 0x92, 0xd5,
    0x72, 0xd5, 0xd0, 0xbc, 0xa9, 0x62, 0xeb, 0x6a, 0x48, 0x4a, 0xa6, 0x39,
    0x86, 0x39, 0x86, 0x31, 0xa6, 0x39, 0xa6, 0x39, 0xa7, 0x39, 0xe7, 0x41,
    0x48, 0x52, 0xca, 0x6a, 0xac, 0x8b, 0x0e, 0x9c, 0x73, 0xc5, 0x2f, 0x9c,
    0x90, 0xac, 0x70, 0xa4, 0xb5, 0xcd, 0x57, 0xde, 0x57, 0xde, 0x37, 0xde,
    0x16, 0xde, 0xf5, 0xd5, 0xf5, 0xd5, 0xf5, 0xd5, 0xf5, 0xd5, 0xb5, 0xcd,
    0x33, 0xbd, 0xaa, 0x5a, 0x48, 0x4a, 0x48, 0x4a, 0x48, 0x4a, 0x48, 0x4a,
    0x69, 0x52, 0xee, 0x8b, 0x33, 0xbd, 0xf2, 0xb4, 0x8c, 0x83, 0xce, 0x8b,
    0x53, 0xbd, 0xf6, 0xcd, 0x53, 0xbd, 0xb1, 0xac, 0x70, 0xa4, 0x90, 0xa4,
    0x91, 0xa4, 0x34, 0xb5, 0x54, 0xb5, 0xb2, 0xa4, 0x33, 0xad, 0x34, 0xb5,
    0x34, 0xb5, 0x34, 0xad, 0x13, 0xad, 0x8e, 0x73, 0x6b, 0x2a, 0x6b, 0x22,
    0x4a, 0x2a, 0x71, 0x9c, 0xb2, 0xa4, 0xb2, 0xa4, 0x8d, 0x83, 0xb2, 0xa4,
    0xb2, 0xa4, 0xd2, 0xac, 0xd2, 0xa4, 0xb1, 0xa4, 0xb1, 0xa4, 0x50, 0x94,
    0x8b, 0x42, 0x09, 0x22, 0x0a, 0x22, 0x2a, 0x22, 0x2a, 0x1a, 0x2a, 0x22,
    0x4a, 0x1a, 0x2a, 0x1a, 0x2a, 0x1a, 0x2a, 0x22, 0x0a, 0x22, 0x0a, 0x22,
    0x09, 0x1a, 0x09, 0x1a, 0x0a, 0x22, 0x2a, 0x1a, 0x2a, 0x22, 0x0a, 0x22,
    0x2a, 0x1a, 0x0a, 0x22, 0x2a, 0x1a, 0x0a, 0x22, 0x2a, 0x1a, 0x09, 0x1a,
    0x09, 0x1a, 0x0a, 0x22, 0x2a, 0x22, 0x2a, 0x22, 0x2a, 0x22, 0x2a, 0x22,
    0x49, 0x3a, 0xae, 0x73, 0xed, 0x32, 0x6c, 0x22, 0x4b, 0x22, 0x4b, 0x1a,
    0xb3, 0xcd, 0xb4, 0xd5, 0xb4, 0xcd, 0x52, 0xc5, 0x70, 0xac, 0xd1, 0xb4,
    0x90, 0xac, 0x2e, 0x9c, 0xcd, 0x8b, 0xed, 0x8b, 0xee, 0x93, 0xee, 0x93,
    0x90, 0xa4, 0xf1, 0xb4, 0x6f, 0xac, 0xd1, 0xb4, 0xb1, 0xac, 0x8d, 0x83,
    0x89, 0x5a, 0x89, 0x5a, 0xa9, 0x5a, 0xa9, 0x62, 0xaa, 0x62, 0xaa, 0x5a,
    0xa9, 0x62, 0x89, 0x62, 0x89, 0x62, 0x89, 0x62, 0xed, 0x93, 0x32, 0xc5,
    0x33, 0xc5, 0x52, 0xc5, 0x53, 0xc5, 0x33, 0xc5, 0x53, 0xc5, 0x53, 0xc5,
    0x53, 0xc5, 0xb1, 0xac, 0x2f, 0x9c, 0x8c, 0x83, 0xac, 0x8b, 0x6e, 0xac,
    0x6e, 0xb4, 0xae, 0xb4, 0x51, 0xcd, 0x6b, 0x83, 0x48, 0x52, 0x8d, 0x7b,
    0x89, 0x62, 0x48, 0x52, 0x28, 0x52, 0x28, 0x52, 0x2b, 0x73, 0x12, 0xb5,
    0xd5, 0xcd, 0xd5, 0xd5, 0xf5, 0xcd, 0xaa, 0x62, 0x27, 0x4a, 0x07, 0x52,
    0x28, 0x4a, 0x08, 0x52, 0x27, 0x52, 0x07, 0x4a, 0x27, 0x4a, 0x08, 0x4a,
    0x07, 0x4a, 0x07, 0x52, 0xe7, 0x49, 0xa6, 0x39, 0x86, 0x31, 0x86, 0x31,
    0x65, 0x31, 0xa6, 0x39, 0x86, 0x39, 0x48, 0x52, 0x48, 0x52, 0x28, 0x52,
    0x28, 0x52, 0x28, 0x52, 0x28, 0x52, 0x48, 0x52, 0x28, 0x52, 0x28, 0x52,
    0x48, 0x4a, 0x27, 0x52, 0x28, 0x4a, 0x28, 0x52, 0x27, 0x52, 0x28, 0x52,
    0xe7, 0x41, 0x45, 0x29, 0x65, 0x39, 0x48, 0x8a, 0xc9, 0x9a, 0xa9, 0x9a,
    0x07, 0x7a, 0xa6, 0x59, 0xe6, 0x61, 0x85, 0x59, 0xca, 0x82, 0xad, 0x93,
    0x33, 0xbd, 0xea, 0x6a, 0x69, 0x5a, 0x68, 0x5a, 0x49, 0x5a, 0x69, 0x5a,
    0x48, 0x5a, 0x69, 0x5a, 0x69, 0x5a, 0x68, 0x5a, 0x68, 0x5a, 0x68, 0x5a,
    0x69, 0x5a, 0x48, 0x52, 0x28, 0x52, 0x48, 0x5a, 0x68, 0x5a, 0x68, 0x5a,
    0x48, 0x5a, 0x69, 0x5a, 0x68, 0x5a, 0x68, 0x5a, 0x49, 0x5a, 0x68, 0x52,
    0x68, 0x5a, 0x69, 0x5a, 0x2b, 0x7b, 0xcf, 0xbc, 0x71, 0xd5, 0x92, 0xd5,
    0x92, 0xd5, 0xc9, 0x6a, 0x89, 0x5a, 0xea, 0x6a, 0x08, 0x4a, 0xe7, 0x41,
    0xa6, 0x39, 0xa6, 0x31, 0xa6, 0x39, 0xa6, 0x39, 0xa6, 0x39, 0xc6, 0x39,
    0xc7, 0x39, 0xc7, 0x41, 0xa9, 0x62, 0xf2, 0xb4, 0x53, 0xc5, 0xac, 0x8b,
    0x90, 0xa4, 0xb1, 0xac, 0x57, 0xde, 0x57, 0xde, 0x37, 0xde, 0xf5, 0xd5,
    0xf5, 0xdd, 0xd5, 0xd5, 0xd5, 0xd5, 0xf5, 0xd5, 0xf5, 0xd5, 0x94, 0xcd,
    0xb5, 0xcd, 0xaa, 0x5a, 0x48, 0x4a, 0x49, 0x4a, 0x49, 0x4a, 0x28, 0x4a,
    0x28, 0x4a, 0x0b, 0x6b, 0x53, 0xbd, 0x13, 0xbd, 0xb1, 0xac, 0x13, 0xb5,
    0x17, 0xd6, 0x37, 0xd6, 0x95, 0xc5, 0xd2, 0xac, 0x92, 0xa4, 0xb2, 0x9c,
    0xd2, 0xa4, 0x13, 0xad, 0xf3, 0xac, 0xef, 0x8b, 0x34, 0xad, 0x34, 0xb5,
    0x34, 0xb5, 0x34, 0xad, 0x14, 0xb5, 0xcf, 0x7b, 0xac, 0x32, 0x8c, 0x22,
    0x29, 0x32, 0x70, 0x9c, 0xb2, 0xa4, 0xb1, 0xa4, 0x0f, 0x94, 0xb2, 0xa4,
    0xd2, 0xa4, 0xd2, 0xac, 0xb2, 0xac, 0xb1, 0xa4, 0xb1, 0xa4, 0x6d, 0x6b,
    0x2a, 0x2a, 0x0a, 0x22, 0x09, 0x22, 0x0a, 0x22, 0x2a, 0x22, 0x0a, 0x1a,
    0x8b, 0x2a, 0x2a, 0x1a, 0x2a, 0x22, 0x2a, 0x22, 0x0a, 0x22, 0x2a, 0x22,
    0x0a, 0x1a, 0x0a, 0x22, 0x0a, 0x22, 0x09, 0x1a, 0x2a, 0x22, 0x0a, 0x1a,
    0x29, 0x1a, 0x2a, 0x22, 0x2a, 0x22, 0x0a, 0x1a, 0x0a, 0x1a, 0x2a, 0x1a,
    0x0a, 0x22, 0x0a, 0x1a, 0x2a, 0x1a, 0x2a, 0x22, 0x2a, 0x22, 0x2a, 0x22,
    0x0a, 0x63, 0x4d, 0x53, 0xac, 0x22, 0x6b, 0x22, 0x6b, 0x22, 0x6b, 0x22,
    0xb3, 0xd5, 0xb4, 0xcd, 0xb4, 0xd5, 0x73, 0xc5, 0xb0, 0xac, 0xd1, 0xb4,
    0xb0, 0xac, 0x6f, 0xa4, 0xcd, 0x8b, 0xce, 0x93, 0xed, 0x93, 0xee, 0x93,
    0xee, 0x93, 0xd1, 0xb4, 0xb0, 0xac, 0xd1, 0xb4, 0x6f, 0xa4, 0xca, 0x62,
    0x89, 0x5a, 0x89, 0x62, 0x89, 0x5a, 0x89, 0x5a, 0xaa, 0x62, 0xa9, 0x5a,
    0xa9, 0x5a, 0x89, 0x5a, 0x2b, 0x73, 0x4f, 0xa4, 0x32, 0xc5, 0x33, 0xc5,
    0x32, 0xc5, 0x53, 0xc5, 0x52, 0xc5, 0x32, 0xc5, 0x33, 0xc5, 0x53, 0xc5,
    0x53, 0xc5, 0xb1, 0xac, 0x2f, 0x94, 0x0f, 0x94, 0x0e, 0x9c, 0x6e, 0xac,
    0x8f, 0xb4, 0x8e, 0xb4, 0x8f, 0xb4, 0x0e, 0xa4, 0x68, 0x5a, 0xca, 0x62,
    0x28, 0x52, 0x28, 0x52, 0x28, 0x4a, 0xaa, 0x62, 0x90, 0xa4, 0xd5, 0xcd,
    0xd5, 0xd5, 0xd5, 0xcd, 0x8c, 0x7b, 0x48, 0x52, 0x28, 0x52, 0x07, 0x4a,
    0x07, 0x4a, 0x28, 0x4a, 0x28, 0x52, 0x28, 0x52, 0x07, 0x4a, 0x28, 0x52,
    0x27, 0x52, 0x28, 0x52, 0x28, 0x52, 0x07, 0x52, 0xa6, 0x39, 0x86, 0x31,
    0x85, 0x31, 0x65, 0x31, 0x45, 0x31, 0xa6, 0x39, 0x85, 0x39, 0x28, 0x52,
    0x28, 0x52, 0x48, 0x52, 0x28, 0x52, 0x48, 0x52, 0x28, 0x52, 0x28, 0x52,
    0x48, 0x52, 0x28, 0x52, 0x48, 0x52, 0x48, 0x52, 0x28, 0x4a, 0x28, 0x52,
    0x27, 0x52, 0xe7, 0x41, 0x85, 0x39, 0x0b, 0x7b, 0x50, 0xa4, 0xf2, 0xb4,
    0x2c, 0x8b, 0x07, 0x6a, 0x07, 0x6a, 0xc6, 0x59, 0x6c, 0x83, 0x70, 0x9c,
    0xd6, 0xcd, 0x94, 0xc5, 0x4f, 0x9c, 0x68, 0x5a, 0x48, 0x5a, 0x48, 0x5a,
    0x68, 0x5a, 0x69, 0x5a, 0x69, 0x5a, 0x48, 0x5a, 0x69, 0x5a, 0x68, 0x5a,
    0x48, 0x52, 0x07, 0x4a, 0x48, 0x5a, 0x48, 0x5a, 0x68, 0x5a, 0x49, 0x5a,
    0x68, 0x5a, 0x69, 0x5a, 0x68, 0x5a, 0x69, 0x5a, 0x48, 0x5a, 0x68, 0x5a,
    0x48, 0x52, 0x28, 0x52, 0xed, 0x93, 0x71, 0xd5, 0x91, 0xd5, 0x71, 0xd5,
    0x92, 0xd5, 0x27, 0x52, 0xef, 0x8b, 0x48, 0x52, 0x28, 0x52, 0x28, 0x4a,
    0xa6, 0x39, 0xa6, 0x39, 0xa7, 0x39, 0xa7, 0x39, 0xa6, 0x31, 0xa6, 0x31,
    0xa6, 0x39, 0xa6, 0x39, 0x89, 0x5a, 0xf2, 0xb4, 0x8d, 0x8b, 0x0a, 0x73,
    0x0e, 0x9c, 0xd5, 0xcd, 0x37, 0xde, 0x17, 0xde, 0x94, 0xcd, 0xd5, 0xd5,
    0xf5, 0xd5, 0xd5, 0xd5, 0xf5, 0xd5, 0xf5, 0xdd, 0xd5, 0xd5, 0xf2, 0xb4,
    0x95, 0xc5, 0xaa, 0x5a, 0x48, 0x4a, 0x28, 0x4a, 0x48, 0x4a, 0x48, 0x4a,
    0x48, 0x4a, 0x0b, 0x6b, 0x33, 0xb5, 0x12, 0xb5, 0x6f, 0xa4, 0x91, 0xa4,
    0xd6, 0xcd, 0x95, 0xc5, 0x74, 0xbd, 0x54, 0xb5, 0x54, 0xb5, 0x54, 0xb5,
    0x34, 0xb5, 0x33, 0xb5, 0x13, 0xad, 0xd2, 0xa4, 0x34, 0xb5, 0x34, 0xad,
    0x34, 0xb5, 0x34, 0xb5, 0x34, 0xb5, 0xef, 0x83, 0xec, 0x32, 0x8b, 0x2a,
    0x8e, 0x73, 0x91, 0xa4, 0x91, 0xa4, 0x6d, 0x7b, 0xb1, 0xa4, 0xb2, 0xa4,
    0xd1, 0xac, 0xd2, 0xa4, 0xd2, 0xac, 0xb2, 0xa4, 0xae, 0x7b, 0x6a, 0x32,
    0x0a, 0x1a, 0x09, 0x22, 0x09, 0x1a, 0x09, 0x22, 0x09, 0x22, 0x0a, 0x1a,
    0x2b, 0x22, 0x2a, 0x1a, 0x6b, 0x22, 0x6b, 0x22, 0x4b, 0x1a, 0x2a, 0x1a,
    0x2a, 0x22, 0x2a, 0x1a, 0x2a, 0x1a, 0x0a, 0x22, 0x2a, 0x22, 0x0a, 0x1a,
    0x0a, 0x22, 0x2a, 0x22, 0x2a, 0x22, 0x0a, 0x1a, 0x2a, 0x22, 0x09, 0x22,
    0x2a, 0x22, 0x0a, 0x1a, 0x0a, 0x22, 0x2a, 0x22, 0x2a, 0x22, 0xeb, 0x52,
    0xce, 0x7b, 0xed, 0x3a, 0x8c, 0x22, 0x6c, 0x22, 0x6c, 0x1a, 0x6c, 0x22,
    0x93, 0xcd, 0xb3, 0xcd, 0xb4, 0xd5, 0x93, 0xcd, 0x72, 0xc5, 0xb0, 0xac,
    0x90, 0xac, 0x6f, 0xa4, 0xee, 0x93, 0xee, 0x8b, 0xed, 0x8b, 0xed, 0x93,
    0xed, 0x8b, 0xd1, 0xb4, 0xd1, 0xb4, 0x90, 0xac, 0x4f, 0x9c, 0xc9, 0x6a,
    0x89, 0x5a, 0xa9, 0x62, 0xaa, 0x62, 0x89, 0x5a, 0x89, 0x5a, 0x48, 0x5a,
    0x0b, 0x73, 0xad, 0x8b, 0x90, 0xac, 0x32, 0xc5, 0x53, 0xc5, 0x53, 0xc5,
    0x53, 0xc5, 0x33, 0xc5, 0x33, 0xc5, 0x32, 0xc5, 0x32, 0xc5, 0x52, 0xc5,
    0x53, 0xc5, 0xd1, 0xac, 0x2e, 0x94, 0x0e, 0x94, 0xac, 0x8b, 0x4e, 0xa4,
    0x8f, 0xb4, 0xaf, 0xb4, 0x4e, 0xac, 0x6f, 0xa4, 0x48, 0x52, 0x28, 0x52,
    0x27, 0x4a, 0x27, 0x4a, 0x28, 0x52, 0xad, 0x83, 0x94, 0xc5, 0xd5, 0xcd,
    0xd5, 0xd5, 0xb4, 0xcd, 0xca, 0x6a, 0x28, 0x4a, 0x28, 0x52, 0x28, 0x52,
    0x28, 0x4a, 0x27, 0x4a, 0x28, 0x52, 0x27, 0x4a, 0x27, 0x52, 0x07, 0x4a,
    0x27, 0x4a, 0x27, 0x4a, 0x27, 0x52, 0xa9, 0x62, 0xe7, 0x49, 0x66, 0x31,
    0x65, 0x31, 0x86, 0x31, 0x65, 0x31, 0x65, 0x29, 0x65, 0x31, 0xa6, 0x39,
    0xc6, 0x41, 0x48, 0x52, 0x48, 0x52, 0x28, 0x52, 0x28, 0x52, 0x28, 0x52,
    0x28, 0x52, 0x27, 0x4a, 0x28, 0x52, 0x28, 0x52, 0x28, 0x52, 0x28, 0x52,
    0x28, 0x52, 0x27, 0x4a, 0xe6, 0x49, 0xee, 0x8b, 0xb1, 0xa4, 0x94, 0xbd,
    0x2f, 0xa4, 0x07, 0x6a, 0x07, 0x72, 0xe6, 0x69, 0xce, 0x93, 0x90, 0xa4,
    0xf6, 0xcd, 0x57, 0xde, 0x0e, 0x9c, 0xac, 0x8b, 0x48, 0x52, 0x48, 0x5a,
    0x68, 0x5a, 0x48, 0x5a, 0x48, 0x5a, 0x68, 0x5a, 0x69, 0x5a, 0x28, 0x52,
    0x07, 0x4a, 0x28, 0x52, 0x48, 0x5a, 0x48, 0x5a, 0x69, 0x5a, 0x48, 0x52,
    0x48, 0x5a, 0x68, 0x5a, 0x48, 0x5a, 0x69, 0x5a, 0x68, 0x5a, 0x69, 0x5a,
    0x68, 0x5a, 0x07, 0x52, 0xec, 0x9b, 0x72, 0xd5, 0x71, 0xd5, 0x71, 0xd5,
    0x11, 0xc5, 0xca, 0x62, 0xca, 0x6a, 0x48, 0x52, 0x48, 0x52, 0x48, 0x52,
    0x07, 0x4a, 0xa6, 0x31, 0xc7, 0x39, 0xc7, 0x39, 0xa6, 0x39, 0xa6, 0x31,
    0xa6, 0x31, 0x86, 0x31, 0x0f, 0x8c, 0x53, 0xbd, 0x27, 0x4a, 0xcd, 0x8b,
    0x33, 0xbd, 0x57, 0xde, 0x36, 0xde, 0x94, 0xcd, 0xd5, 0xd5, 0xf5, 0xd5,
    0xf5, 0xd5, 0xf5, 0xd5, 0xf5, 0xd5, 0xf5, 0xd5, 0xd5, 0xd5, 0xf2, 0xbc,
    0x74, 0xc5, 0x89, 0x5a, 0x28, 0x4a, 0x49, 0x4a, 0x49, 0x4a, 0x49, 0x4a,
    0x69, 0x52, 0x2c, 0x73, 0x90, 0xa4, 0xf2, 0xb4, 0x2f, 0x9c, 0x0f, 0x94,
    0x95, 0xc5, 0x95, 0xbd, 0x34, 0xb5, 0x34, 0xb5, 0x54, 0xb5, 0x54, 0xb5,
    0x34, 0xb5, 0x13, 0xad, 0x10, 0x8c, 0x34, 0xb5, 0x34, 0xad, 0x34, 0xb5,
    0x34, 0xb5, 0x34, 0xad, 0x34, 0xad, 0xef, 0x83, 0xcc, 0x32, 0xcc, 0x4a,
    0x50, 0x94, 0x91, 0xa4, 0xb2, 0xa4, 0x30, 0x94, 0xb1, 0xa4, 0xb2, 0xac,
    0xb2, 0xa4, 0xd2, 0xa4, 0xd2, 0xa4, 0xef, 0x7b, 0x6a, 0x3a, 0x4a, 0x2a,
    0x6a, 0x32, 0x2a, 0x2a, 0x09, 0x1a, 0x0a, 0x22, 0x09, 0x22, 0x2a, 0x1a,
    0x2a, 0x1a, 0x2a, 0x1a, 0x4b, 0x22, 0x4b, 0x22, 0x4b, 0x1a, 0x6b, 0x22,
    0x4b, 0x22, 0x4b, 0x1a, 0x2a, 0x1a, 0x0a, 0x22, 0x2a, 0x22, 0x2a, 0x1a,
    0x0a, 0x1a, 0x2a, 0x1a, 0x0a, 0x1a, 0x0a, 0x22, 0x2a, 0x22, 0x2a, 0x1a,
    0x0a, 0x1a, 0x09, 0x22, 0x0a, 0x22, 0x0a, 0x22, 0xca, 0x4a, 0xcd, 0x7b,
    0x6e, 0x4b, 0xad, 0x22, 0x6c, 0x22, 0x6c, 0x22, 0x6c, 0x22, 0x6b, 0x22,
    0xb4, 0xcd, 0xb4, 0xcd, 0xb4, 0xd5, 0xb4, 0xd5, 0x32, 0xc5, 0x2e, 0xa4,
    0x90, 0xac, 0xf1, 0xbc, 0x4f, 0xa4, 0xee, 0x8b, 0xee, 0x93, 0xee, 0x8b,
    0xee, 0x93, 0xb0, 0xac, 0xd1, 0xb4, 0xd0, 0xb4, 0xd1, 0xb4, 0xb0, 0xac,
    0x90, 0xac, 0xb1, 0xac, 0xb1, 0xac, 0xb1, 0xac, 0x90, 0xac, 0x90, 0xac,
    0x4f, 0xa4, 0xd1, 0xb4, 0x33, 0xc5, 0x53, 0xc5, 0x52, 0xc5, 0x53, 0xc5,
    0x53, 0xc5, 0x32, 0xc5, 0x53, 0xc5, 0x53, 0xc5, 0x33, 0xc5, 0x53, 0xc5,
    0x32, 0xbd, 0x90, 0xac, 0x0e, 0x94, 0x0e, 0x94, 0x0a, 0x7b, 0x2e, 0xa4,
    0x6f, 0xac, 0x6f, 0xac, 0x6e, 0xac, 0x2e, 0x9c, 0x28, 0x4a, 0x28, 0x4a,
    0x27, 0x4a, 0xe7, 0x49, 0xea, 0x72, 0x73, 0xc5, 0xd5, 0xcd, 0xb5, 0xd5,
    0xd5, 0xcd, 0x4b, 0x7b, 0x28, 0x52, 0x28, 0x4a, 0x28, 0x4a, 0x27, 0x52,
    0x28, 0x4a, 0x07, 0x4a, 0x08, 0x4a, 0x08, 0x4a, 0x27, 0x4a, 0x07, 0x4a,
    0x08, 0x4a, 0x07, 0x52, 0x27, 0x4a, 0x48, 0x52, 0xea, 0x6a, 0xa6, 0x41,
    0x65, 0x29, 0x65, 0x29, 0x65, 0x31, 0x66, 0x31, 0x65, 0x29, 0x65, 0x29,
    0x65, 0x31, 0xa6, 0x39, 0x07, 0x4a, 0x48, 0x52, 0x48, 0x52, 0x27, 0x52,
    0x28, 0x52, 0x28, 0x52, 0x27, 0x52, 0x28, 0x52, 0x47, 0x52, 0x48, 0x52,
    0x28, 0x52, 0x07, 0x4a, 0x6b, 0x83, 0x50, 0x9c, 0xb5, 0xc5, 0x17, 0xd6,
    0x50, 0xa4, 0xe6, 0x69, 0x07, 0x72, 0x07, 0x72, 0x0b, 0x83, 0x70, 0x9c,
    0xb6, 0xcd, 0x57, 0xde, 0xac, 0x8b, 0x10, 0xc5, 0x0d, 0x9c, 0x69, 0x5a,
    0x68, 0x5a, 0x49, 0x5a, 0x48, 0x5a, 0x68, 0x5a, 0x48, 0x52, 0x08, 0x4a,
    0x07, 0x4a, 0x48, 0x52, 0x48, 0x5a, 0x68, 0x5a, 0x69, 0x5a, 0x68, 0x5a,
    0x48, 0x5a, 0x48, 0x5a, 0x69, 0x5a, 0x68, 0x5a, 0x68, 0x5a, 0x69, 0x5a,
    0x68, 0x5a, 0x6c, 0x83, 0x10, 0xc5, 0x91, 0xd5, 0x92, 0xd5, 0x71, 0xd5,
    0xa8, 0x6a, 0xca, 0x6a, 0x48, 0x52, 0x48, 0x5a, 0x48, 0x52, 0x68, 0x52,
    0x49, 0x52, 0x08, 0x4a, 0xc6, 0x39, 0xa6, 0x39, 0xa7, 0x39, 0xa6, 0x39,
    0xa6, 0x31, 0x86, 0x39, 0x70, 0xa4, 0x50, 0x9c, 0xa5, 0x41, 0x6b, 0x83,
    0x37, 0xde, 0x37, 0xde, 0x94, 0xcd, 0xf5, 0xd5, 0xf5, 0xdd, 0xf5, 0xd5,
    0xf5, 0xd5, 0xf5, 0xdd, 0xf5, 0xd5, 0xf5, 0xd5, 0x53, 0xc5, 0xd1, 0xb4,
    0x53, 0xbd, 0x89, 0x52, 0x48, 0x4a, 0x49, 0x52, 0x69, 0x52, 0x8a, 0x5a,
    0xee, 0x8b, 0xee, 0x8b, 0x0a, 0x73, 0xf1, 0xb4, 0x2e, 0x9c, 0x2f, 0x94,
    0xf2, 0xac, 0x33, 0xb5, 0x34, 0xb5, 0x34, 0xb5, 0x34, 0xb5, 0x34, 0xb5,
    0x54, 0xb5, 0x34, 0xad, 0x91, 0x9c, 0x34, 0xb5, 0x34, 0xb5, 0x34, 0xad,
    0x34, 0xb5, 0x34, 0xb5, 0x14, 0xad, 0xce, 0x83, 0x8e, 0x6b, 0x30, 0x8c,
    0xb2, 0xa4, 0xd2, 0xa4, 0x4c, 0x73, 0xd2, 0xac, 0xd2, 0xac, 0xb2, 0xa4,
    0xb1, 0xac, 0xd2, 0xa4, 0xef, 0x83, 0x4a, 0x32, 0x4b, 0x22, 0x6b, 0x2a,
    0x4a, 0x2a, 0x0a, 0x22, 0x09, 0x22, 0x0a, 0x22, 0x09, 0x1a, 0x2a, 0x1a,
    0x0a, 0x1a, 0x2a, 0x1a, 0x2a, 0x22, 0x2a, 0x1a, 0x2a, 0x1a, 0x2b, 0x22,
    0x2a, 0x1a, 0x0a, 0x1a, 0x2a, 0x1a, 0x6b, 0x22, 0x4b, 0x22, 0x2a, 0x1a,
    0x2a, 0x1a, 0x2a, 0x22, 0x09, 0x1a, 0x2a, 0x1a, 0x2a, 0x22, 0x0a, 0x1a,
    0x2a, 0x1a, 0x0a, 0x22, 0x29, 0x22, 0xca, 0x52, 0xad, 0x73, 0x4e, 0x43,
    0xad, 0x22, 0x8c, 0x22, 0x6b, 0x22, 0x6b, 0x22, 0x6b, 0x22, 0x6b, 0x22,
    0xb3, 0xcd, 0xb3, 0xd5, 0xb3, 0xd5, 0xb4, 0xcd, 0xb4, 0xd5, 0x52, 0xc5,
    0xd1, 0xb4, 0x11, 0xbd, 0x6f, 0xa4, 0xed, 0x8b, 0xed, 0x93, 0xce, 0x8b,
    0xcd, 0x8b, 0xcd, 0x93, 0xb0, 0xac, 0xf1, 0xbc, 0x12, 0xbd, 0xf2, 0xbc,
    0x11, 0xbd, 0x12, 0xbd, 0x12, 0xbd, 0x12, 0xbd, 0x32, 0xbd, 0x90, 0xac,
    0xd1, 0xb4, 0x52, 0xc5, 0x53, 0xc5, 0x53, 0xc5, 0x52, 0xc5, 0x53, 0xc5,
    0x52, 0xc5, 0x52, 0xc5, 0x53, 0xc5, 0x52, 0xc5, 0x32, 0xc5, 0x53, 0xc5,
    0x90, 0xac, 0xee, 0x93, 0x0e, 0x94, 0x0f, 0x94, 0x4b, 0x83, 0x0d, 0x9c,
    0x6f, 0xac, 0x6f, 0xac, 0x6e, 0xac, 0x4f, 0xa4, 0x28, 0x52, 0x28, 0x52,
    0x07, 0x4a, 0xea, 0x6a, 0x74, 0xc5, 0xb4, 0xcd, 0xd5, 0xd5, 0xd5, 0xd5,
    0x0e, 0x94, 0x68, 0x5a, 0x28, 0x52, 0x28, 0x52, 0x28, 0x4a, 0x07, 0x52,
    0x28, 0x52, 0x28, 0x52, 0x27, 0x52, 0x28, 0x52, 0x28, 0x52, 0x07, 0x4a,
    0x08, 0x52, 0x07, 0x4a, 0x08, 0x4a, 0x28, 0x4a, 0x27, 0x52, 0x68, 0x62,
    0x65, 0x31, 0x66, 0x31, 0x65, 0x31, 0x65, 0x29, 0x65, 0x31, 0x65, 0x31,
    0x65, 0x31, 0x66, 0x31, 0x65, 0x31, 0xa6, 0x39, 0x48, 0x52, 0x28, 0x52,
    0x28, 0x52, 0x28, 0x52, 0x28, 0x52, 0x28, 0x52, 0x28, 0x52, 0x28, 0x52,
    0x48, 0x52, 0xac, 0x8b, 0xac, 0x93, 0x91, 0x9c, 0x78, 0xde, 0x57, 0xde,
    0x12, 0xbd, 0xa9, 0x82, 0xe7, 0x69, 0x06, 0x6a, 0xc6, 0x59, 0x0f, 0x94,
    0xb1, 0xa4, 0x37, 0xd6, 0xf6, 0xd5, 0x71, 0xd5, 0x30, 0xcd, 0x6f, 0xa4,
    0x68, 0x5a, 0x68, 0x5a, 0x48, 0x5a, 0x48, 0x52, 0x08, 0x4a, 0x07, 0x4a,
    0x48, 0x52, 0x68, 0x5a, 0x69, 0x5a, 0x69, 0x5a, 0x68, 0x5a, 0x68, 0x5a,
    0x48, 0x5a, 0x69, 0x5a, 0x48, 0x5a, 0x68, 0x5a, 0x48, 0x5a, 0x68, 0x5a,
    0x28, 0x52, 0xac, 0x8b, 0x91, 0xd5, 0x92, 0xd5, 0x71, 0xd5, 0x92, 0xd5,
    0x2b, 0x7b, 0x69, 0x5a, 0x48, 0x52, 0x48, 0x52, 0x49, 0x5a, 0x69, 0x5a,
    0x48, 0x52, 0x48, 0x52, 0x07, 0x42, 0xa6, 0x39, 0xa6, 0x39, 0xa6, 0x39,
    0xa6, 0x39, 0x0f, 0x8c, 0x74, 0xc5, 0x69, 0x52, 0xc6, 0x41, 0xb5, 0xcd,
    0x37, 0xde, 0xd5, 0xd5, 0xf5, 0xd5, 0x15, 0xde, 0xf6, 0xdd, 0xf5, 0xdd,
    0xf5, 0xdd, 0xf5, 0xd5, 0xf5, 0xdd, 0xf5, 0xdd, 0x70, 0xa4, 0x90, 0xac,
    0xce, 0x83, 0x89, 0x52, 0x48, 0x4a, 0x49, 0x4a, 0xaa, 0x5a, 0xb1, 0xa4,
    0x0b, 0x6b, 0x89, 0x5a, 0xeb, 0x6a, 0xd1, 0xb4, 0xee, 0x93, 0x70, 0xa4,
    0x54, 0xb5, 0x34, 0xb5, 0x33, 0xb5, 0x34, 0xb5, 0x34, 0xad, 0x34, 0xb5,
    0x34, 0xb5, 0xb2, 0x9c, 0x34, 0xb5, 0x54, 0xb5, 0x54, 0xb5, 0x54, 0xb5,
    0x34, 0xad, 0x34, 0xad, 0x14, 0xad, 0xef, 0x83, 0x8d, 0x7b, 0x71, 0x9c,
    0xd2, 0xac, 0x30, 0x94, 0xd2, 0xa4, 0xd2, 0xac, 0xd2, 0xa4, 0xb1, 0xa4,
    0xb1, 0xa4, 0xcf, 0x7b, 0x29, 0x2a, 0x2a, 0x22, 0x2a, 0x22, 0x2a, 0x22,
    0x4b, 0x22, 0x8c, 0x22, 0x2a, 0x22, 0x6b, 0x22, 0x09, 0x1a, 0x2a, 0x22,
    0x0a, 0x1a, 0x2a, 0x1a, 0x2a, 0x1a, 0x0a, 0x1a, 0x0a, 0x1a, 0x2a, 0x1a,
    0x2a, 0x1a, 0x0a, 0x1a, 0x0a, 0x1a, 0x2a, 0x1a, 0x0a, 0x1a, 0x0a, 0x1a,
    0x4a, 0x22, 0x2a, 0x22, 0x2a, 0x22, 0x2a, 0x22, 0x2a, 0x22, 0x2a, 0x22,
    0x09, 0x22, 0x89, 0x42, 0x8d, 0x73, 0x2d, 0x53, 0xac, 0x2a, 0xac, 0x22,
    0x8c, 0x22, 0x6c, 0x22, 0x6c, 0x1a, 0x6b, 0x1a, 0x6c, 0x22, 0x8c, 0x22,
    0x94, 0xd5, 0xb4, 0xd5, 0xb4, 0xcd, 0xb4, 0xd5, 0xb3, 0xd5, 0xd0, 0xb4,
    0x0e, 0x9c, 0x12, 0xbd, 0x12, 0xbd, 0x4f, 0x9c, 0xcd, 0x8b, 0xce, 0x93,
    0x8c, 0x83, 0xb1, 0xac, 0xad, 0x8b, 0xf2, 0xbc, 0x12, 0xbd, 0xf2, 0xbc,
    0xf1, 0xbc, 0x12, 0xbd, 0x12, 0xbd, 0xf1, 0xbc, 0x12, 0xbd, 0x32, 0xbd,
    0x53, 0xc5, 0x53, 0xc5, 0x52, 0xc5, 0x52, 0xc5, 0x33, 0xc5, 0x53, 0xc5,
    0x33, 0xc5, 0x53, 0xc5, 0x53, 0xc5, 0x32, 0xc5, 0x53, 0xc5, 0x53, 0xc5,
    0x4f, 0xa4, 0x8c, 0x83, 0xcd, 0x8b, 0xee, 0x93, 0x4f, 0xa4, 0x6f, 0xac,
    0x8f, 0xac, 0x6e, 0xac, 0x4e, 0xac, 0x6e, 0xac, 0x06, 0x52, 0x48, 0x52,
    0x2b, 0x73, 0xb4, 0xcd, 0xd5, 0xd5, 0xd5, 0xd5, 0xd5, 0xd5, 0x94, 0xc5,
    0x6d, 0x7b, 0x28, 0x4a, 0x28, 0x52, 0x28, 0x52, 0x28, 0x52, 0x28, 0x52,
    0x28, 0x4a, 0x27, 0x4a, 0x28, 0x4a, 0x28, 0x52, 0x07, 0x4a, 0x28, 0x52,
    0x28, 0x52, 0x27, 0x52, 0x07, 0x4a, 0x08, 0x52, 0x07, 0x4a, 0x68, 0x5a,
    0x69, 0x62, 0x65, 0x31, 0x86, 0x31, 0x66, 0x31, 0x66, 0x31, 0x85, 0x29,
    0x66, 0x31, 0x85, 0x31, 0x85, 0x31, 0x86, 0x31, 0x86, 0x31, 0xe7, 0x49,
    0x48, 0x52, 0x28, 0x52, 0x48, 0x52, 0x28, 0x52, 0x48, 0x52, 0x48, 0x52,
    0xa4, 0x41, 0x8e, 0xb4, 0xac, 0x93, 0x50, 0x9c, 0x58, 0xde, 0x58, 0xde,
    0x33, 0xbd, 0xc9, 0x7a, 0xe6, 0x69, 0xe6, 0x69, 0x85, 0x51, 0xee, 0x93,
    0xb1, 0xa4, 0x17, 0xd6, 0x37, 0xd6, 0x2e, 0xa4, 0x51, 0xd5, 0x31, 0xcd,
    0x4e, 0xa4, 0x07, 0x4a, 0x48, 0x52, 0x08, 0x4a, 0x28, 0x4a, 0x28, 0x52,
    0x48, 0x52, 0x89, 0x5a, 0x69, 0x5a, 0x69, 0x5a, 0x69, 0x5a, 0x69, 0x5a,
    0x68, 0x5a, 0x48, 0x5a, 0x68, 0x5a, 0x69, 0x5a, 0x68, 0x5a, 0x48, 0x5a,
    0x47, 0x52, 0xac, 0x93, 0x72, 0xd5, 0x72, 0xd5, 0x71, 0xd5, 0x51, 0xcd,
    0xea, 0x6a, 0x49, 0x52, 0x68, 0x52, 0x48, 0x52, 0x49, 0x52, 0x48, 0x5a,
    0x49, 0x52, 0x69, 0x5a, 0x28, 0x52, 0xc7, 0x39, 0xa6, 0x39, 0xa7, 0x31,
    0xa6, 0x39, 0x50, 0x9c, 0x33, 0xb5, 0x28, 0x4a, 0x4c, 0x7b, 0x94, 0xc5,
    0xd5, 0xcd, 0xf5, 0xd5, 0xf5, 0xd5, 0x16, 0xd6, 0xf5, 0xd5, 0xf6, 0xdd,
    0xf6, 0xd5, 0xf6, 0xd5, 0xf5, 0xd5, 0x16, 0xde, 0x12, 0xbd, 0xd1, 0xb4,
    0xaa, 0x62, 0x48, 0x4a, 0x28, 0x4a, 0x91, 0xa4, 0xf1, 0xb4, 0xea, 0x62,
    0xaa, 0x5a, 0x69, 0x52, 0x0b, 0x6b, 0xd1, 0xac, 0xee, 0x93, 0x0f, 0x94,
    0x13, 0xad, 0x34, 0xb5, 0x34, 0xb5, 0x34, 0xb5, 0x34, 0xb5, 0x54, 0xb5,
    0x34, 0xad, 0xef, 0x8b, 0x54, 0xb5, 0x54, 0xb5, 0x54, 0xb5, 0x34, 0xb5,
    0x34, 0xb5, 0x14, 0xb5, 0x33, 0xb5, 0x50, 0x94, 0x50, 0x9c, 0xb1, 0xa4,
    0xb2, 0xa4, 0xb2, 0xa4, 0xf2, 0xac, 0xd2, 0xac, 0xd2, 0xa4, 0x30, 0x94,
    0x08, 0x32, 0x4a, 0x2a, 0x2a, 0x22, 0x2a, 0x22, 0x2a, 0x22, 0x2a, 0x22,
    0x2a, 0x22, 0x8b, 0x22, 0x8b, 0x22, 0xac, 0x22, 0x0a, 0x1a, 0x2a, 0x22,
    0x2a, 0x1a, 0x0a, 0x1a, 0x2a, 0x22, 0x2a, 0x22, 0x2a, 0x22, 0x0a, 0x1a,
    0x2a, 0x22, 0x2a, 0x1a, 0x0a, 0x1a, 0x0a, 0x1a, 0x2a, 0x1a, 0x2a, 0x1a,
    0x2a, 0x1a, 0x2a, 0x1a, 0x0a, 0x22, 0x6a, 0x32, 0xec, 0x4a, 0x6d, 0x63,
    0x8d, 0x73, 0xcc, 0x32, 0x8c, 0x22, 0xac, 0x22, 0x8c, 0x22, 0x8c, 0x22,
    0x8c, 0x22, 0x8c, 0x22, 0x6c, 0x1a, 0x6b, 0x22, 0x6c, 0x22, 0x8c, 0x22
};
