// 4.26.1 0x16185f8d D2 R0 FRGB565 U565 N0 SExtFlashSection
// Generated by imageconverter. Please, do not edit!

#include <touchgfx/hal/Config.hpp>

LOCATION_PRAGMA("ExtFlashSection")
KEEP extern const unsigned char image_dark_theme_images_backgrounds_240x240_poly[] LOCATION_ATTRIBUTE("ExtFlashSection") = { // 240x240 RGB565 pixels.
    0xe4, 0x18, 0xe4, 0x18, 0xe4, 0x18, 0xe4, 0x18, 0xe4, 0x18, 0xe4, 0x18,
    0xe4, 0x18, 0x04, 0x21, 0xe4, 0x18, 0xe4, 0x18, 0xe4, 0x18, 0xe4, 0x18,
    0xe4, 0x18, 0xe4, 0x18, 0x05, 0x21, 0x25, 0x21, 0x05, 0x21, 0x05, 0x21,
    0x25, 0x21, 0x05, 0x21, 0x05, 0x21, 0x25, 0x21, 0x25, 0x21, 0x25, 0x21,
    0x25, 0x21, 0x25, 0x21, 0x05, 0x21, 0x25, 0x21, 0x25, 0x21, 0x25, 0x21,
    0x25, 0x21, 0x25, 0x21, 0x25, 0x21, 0x25, 0x21, 0x25, 0x21, 0x25, 0x21,
    0x25, 0x21, 0x25, 0x21, 0x25, 0x21, 0x25, 0x21, 0x25, 0x21, 0x25, 0x21,
    0x25, 0x21, 0x46, 0x29, 0x25, 0x21, 0x25, 0x21, 0x46, 0x29, 0x25, 0x21,
    0x45, 0x21, 0x25, 0x21, 0x25, 0x21, 0x46, 0x29, 0x46, 0x29, 0x45, 0x21,
    0x45, 0x21, 0x25, 0x21, 0x25, 0x21, 0x25, 0x21, 0x25, 0x21, 0x25, 0x21,
    0x25, 0x21, 0x45, 0x21, 0x25, 0x21, 0x46, 0x29, 0x25, 0x21, 0x25, 0x21,
    0x25, 0x21, 0x25, 0x21, 0x25, 0x21, 0x25, 0x21, 0x25, 0x21, 0x25, 0x21,
    0x25, 0x21, 0x25, 0x21, 0x25, 0x21, 0x45, 0x21, 0x46, 0x29, 0x25, 0x21,
    0x45, 0x21, 0x25, 0x21, 0x46, 0x29, 0x45, 0x21, 0x25, 0x21, 0x25, 0x21,
    0x46, 0x29, 0x46, 0x29, 0x46, 0x29, 0x46, 0x29, 0x46, 0x29, 0x45, 0x21,
    0x46, 0x29, 0x46, 0x29, 0x46, 0x29, 0x45, 0x21, 0x46, 0x29, 0x46, 0x29,
    0x46, 0x29, 0x46, 0x29, 0x66, 0x29, 0x46, 0x29, 0x66, 0x29, 0x46, 0x29,
    0x66, 0x29, 0x66, 0x29, 0x66, 0x29, 0x66, 0x29, 0x66, 0x29, 0x46, 0x29,
    0x66, 0x29, 0x46, 0x29, 0x66, 0x29, 0x66, 0x29, 0x46, 0x29, 0x46, 0x29,
    0x66, 0x29, 0x66, 0x29, 0x66, 0x29, 0x66, 0x29, 0x66, 0x29, 0x66, 0x29,
    0x66, 0x29, 0x66, 0x29, 0x66, 0x29, 0x66, 0x29, 0x66, 0x29, 0x66, 0x29,
    0x66, 0x29, 0x66, 0x29, 0x66, 0x29, 0x66, 0x29, 0x66, 0x29, 0x66, 0x29,
    0x66, 0x29, 0x86, 0x29, 0x66, 0x29, 0x87, 0x31, 0x66, 0x29, 0x66, 0x29,
    0x86, 0x29, 0x87, 0x31, 0x86, 0x29, 0x87, 0x31, 0x86, 0x29, 0x87, 0x31,
    0x86, 0x29, 0x86, 0x29, 0x87, 0x31, 0x86, 0x29, 0x87, 0x31, 0x66, 0x29,
    0x86, 0x29, 0x87, 0x31, 0x87, 0x31, 0x87, 0x31, 0x87, 0x31, 0xa7, 0x31,
    0x87, 0x31, 0xa7, 0x31, 0xa7, 0x31, 0xc8, 0x39, 0xc8, 0x31, 0xc8, 0x39,
    0xc8, 0x39, 0xc8, 0x39, 0xc7, 0x31, 0xc8, 0x39, 0xc8, 0x39, 0xc8, 0x39,
    0xc8, 0x39, 0xc8, 0x31, 0xc8, 0x31, 0xc8, 0x39, 0xc7, 0x31, 0xc8, 0x39,
    0xc8, 0x31, 0xc8, 0x39, 0xc8, 0x39, 0xc8, 0x39, 0xc8, 0x39, 0xc8, 0x39,
    0xc8, 0x39, 0xc8, 0x39, 0xc8, 0x39, 0xc8, 0x31, 0xc8, 0x39, 0xe8, 0x39,
    0xc8, 0x39, 0xc8, 0x39, 0xc8, 0x39, 0xc8, 0x39, 0xc8, 0x39, 0xe8, 0x39,
    0xc8, 0x39, 0xc8, 0x39, 0xe8, 0x39, 0xc8, 0x39, 0xc8, 0x39, 0xe8, 0x39,
    0xe8, 0x39, 0xc8, 0x39, 0xe8, 0x39, 0xc8, 0x39, 0xe8, 0x39, 0xe8, 0x39,
    0xc8, 0x39, 0xe8, 0x39, 0xc8, 0x39, 0xc8, 0x39, 0xc8, 0x39, 0xc8, 0x39,
    0xe8, 0x39, 0xc8, 0x39, 0xc8, 0x39, 0xe8, 0x39, 0xe8, 0x39, 0xe8, 0x39,
    0xc8, 0x39, 0xe8, 0x39, 0xe8, 0x39, 0xe8, 0x39, 0xe8, 0x39, 0xe8, 0x39,
    0xe8, 0x39, 0xe8, 0x39, 0xe8, 0x39, 0xe8, 0x39, 0xe8, 0x39, 0xe8, 0x39,
    0xa7, 0x31, 0xa7, 0x31, 0xa7, 0x31, 0xa7, 0x31, 0xa7, 0x31, 0xa7, 0x31,
    0xa7, 0x31, 0xa7, 0x31, 0xa7, 0x31, 0xc8, 0x39, 0xa7, 0x31, 0xa7, 0x31,
    0xe4, 0x18, 0xe4, 0x18, 0xe4, 0x18, 0xe4, 0x18, 0xe4, 0x20, 0xe4, 0x20,
    0xe4, 0x18, 0xe4, 0x18, 0xe4, 0x20, 0x05, 0x21, 0xe4, 0x20, 0x04, 0x21,
    0xe4, 0x18, 0xe4, 0x20, 0x25, 0x21, 0x05, 0x21, 0x05, 0x21, 0x05, 0x21,
    0x25, 0x21, 0x25, 0x21, 0x05, 0x21, 0x25, 0x21, 0x05, 0x21, 0x25, 0x21,
    0x25, 0x21, 0x25, 0x21, 0x25, 0x21, 0x25, 0x21, 0x25, 0x21, 0x05, 0x21,
    0x25, 0x21, 0x25, 0x21, 0x25, 0x21, 0x25, 0x21, 0x25, 0x21, 0x46, 0x29,
    0x45, 0x21, 0x26, 0x29, 0x46, 0x29, 0x46, 0x29, 0x25, 0x21, 0x25, 0x21,
    0x25, 0x21, 0x45, 0x21, 0x25, 0x21, 0x45, 0x21, 0x25, 0x21, 0x26, 0x29,
    0x45, 0x21, 0x25, 0x21, 0x46, 0x29, 0x46, 0x21, 0x25, 0x21, 0x25, 0x21,
    0x25, 0x21, 0x25, 0x21, 0x25, 0x21, 0x25, 0x21, 0x25, 0x21, 0x25, 0x21,
    0x25, 0x21, 0x25, 0x21, 0x25, 0x21, 0x25, 0x21, 0x25, 0x21, 0x25, 0x21,
    0x25, 0x21, 0x25, 0x21, 0x25, 0x21, 0x25, 0x21, 0x46, 0x29, 0x46, 0x29,
    0x45, 0x21, 0x46, 0x29, 0x25, 0x21, 0x46, 0x29, 0x25, 0x21, 0x46, 0x29,
    0x25, 0x21, 0x46, 0x29, 0x46, 0x29, 0x46, 0x29, 0x45, 0x21, 0x25, 0x21,
    0x46, 0x29, 0x45, 0x21, 0x45, 0x21, 0x46, 0x29, 0x45, 0x21, 0x46, 0x29,
    0x45, 0x21, 0x46, 0x29, 0x45, 0x21, 0x46, 0x29, 0x45, 0x21, 0x46, 0x29,
    0x66, 0x29, 0x66, 0x29, 0x46, 0x29, 0x46, 0x29, 0x46, 0x29, 0x46, 0x21,
    0x45, 0x29, 0x66, 0x29, 0x46, 0x29, 0x66, 0x29, 0x46, 0x29, 0x66, 0x29,
    0x66, 0x29, 0x66, 0x29, 0x66, 0x29, 0x46, 0x29, 0x66, 0x29, 0x66, 0x29,
    0x66, 0x29, 0x66, 0x29, 0x66, 0x29, 0x66, 0x29, 0x66, 0x29, 0x46, 0x29,
    0x66, 0x29, 0x66, 0x29, 0x66, 0x29, 0x66, 0x29, 0x66, 0x29, 0x66, 0x29,
    0x66, 0x29, 0x66, 0x29, 0x87, 0x31, 0x66, 0x29, 0x66, 0x29, 0x67, 0x31,
    0x86, 0x29, 0x87, 0x31, 0x66, 0x29, 0x87, 0x31, 0x66, 0x29, 0x66, 0x29,
    0x87, 0x31, 0x66, 0x29, 0x66, 0x29, 0x66, 0x29, 0x87, 0x31, 0x66, 0x29,
    0x87, 0x31, 0x87, 0x31, 0x87, 0x31, 0x86, 0x29, 0x87, 0x31, 0x66, 0x29,
    0x87, 0x31, 0x66, 0x29, 0x87, 0x31, 0xa7, 0x31, 0xa7, 0x31, 0xa7, 0x31,
    0xa7, 0x31, 0xa7, 0x31, 0xa7, 0x31, 0xc8, 0x39, 0xc7, 0x39, 0xc8, 0x39,
    0xc7, 0x31, 0xc8, 0x31, 0xc8, 0x39, 0xc8, 0x39, 0xc8, 0x39, 0xc7, 0x31,
    0xc8, 0x39, 0xc8, 0x39, 0xc7, 0x39, 0xc8, 0x39, 0xc8, 0x39, 0xc8, 0x39,
    0xc8, 0x39, 0xe8, 0x39, 0xc8, 0x39, 0xe8, 0x39, 0xc8, 0x39, 0xc7, 0x31,
    0xc8, 0x39, 0xc8, 0x39, 0xc8, 0x39, 0xe8, 0x39, 0xe8, 0x39, 0xc8, 0x39,
    0xc8, 0x31, 0xc8, 0x39, 0xc8, 0x39, 0xc8, 0x39, 0xe8, 0x39, 0xe8, 0x39,
    0xe8, 0x39, 0xc8, 0x39, 0xe8, 0x39, 0xe8, 0x39, 0xe8, 0x39, 0xe8, 0x39,
    0xc8, 0x39, 0xe8, 0x39, 0xe8, 0x39, 0xe8, 0x39, 0xc8, 0x39, 0xe8, 0x39,
    0xe8, 0x39, 0xe8, 0x39, 0xe8, 0x39, 0xe8, 0x39, 0xe8, 0x39, 0xe8, 0x39,
    0xe8, 0x39, 0xe8, 0x39, 0xe8, 0x39, 0xe8, 0x39, 0xe8, 0x39, 0xe8, 0x39,
    0xc8, 0x39, 0xe8, 0x39, 0xe8, 0x39, 0xe8, 0x39, 0xe8, 0x39, 0xe8, 0x39,
    0xe8, 0x39, 0xe8, 0x39, 0x09, 0x42, 0xe8, 0x39, 0xe8, 0x39, 0xc8, 0x39,
    0xa7, 0x31, 0xc8, 0x39, 0xc8, 0x39, 0xc7, 0x31, 0xa7, 0x31, 0xa7, 0x31,
    0xc8, 0x39, 0xc8, 0x39, 0xc7, 0x31, 0xc8, 0x39, 0xc8, 0x39, 0xc8, 0x39,
    0xe4, 0x18, 0xe4, 0x20, 0xe4, 0x20, 0xe4, 0x18, 0xe4, 0x18, 0xe4, 0x20,
    0xe5, 0x18, 0xe4, 0x18, 0x05, 0x21, 0xe4, 0x18, 0x05, 0x19, 0xe4, 0x18,
    0xe5, 0x20, 0x04, 0x19, 0x05, 0x21, 0x05, 0x21, 0x25, 0x21, 0x05, 0x21,
    0x25, 0x21, 0x25, 0x21, 0x05, 0x21, 0x25, 0x21, 0x25, 0x21, 0x25, 0x21,
    0x05, 0x21, 0x25, 0x21, 0x25, 0x21, 0x25, 0x21, 0x25, 0x21, 0x25, 0x21,
    0x25, 0x21, 0x25, 0x21, 0x25, 0x21, 0x25, 0x21, 0x25, 0x21, 0x25, 0x21,
    0x25, 0x21, 0x45, 0x21, 0x25, 0x21, 0x25, 0x21, 0x46, 0x29, 0x25, 0x21,
    0x25, 0x21, 0x25, 0x21, 0x46, 0x29, 0x46, 0x29, 0x45, 0x21, 0x26, 0x29,
    0x25, 0x21, 0x46, 0x29, 0x25, 0x21, 0x25, 0x21, 0x25, 0x21, 0x25, 0x21,
    0x25, 0x21, 0x25, 0x21, 0x26, 0x29, 0x25, 0x21, 0x26, 0x29, 0x25, 0x21,
    0x25, 0x21, 0x25, 0x21, 0x25, 0x21, 0x25, 0x21, 0x46, 0x29, 0x46, 0x29,
    0x25, 0x21, 0x25, 0x21, 0x46, 0x29, 0x25, 0x21, 0x46, 0x29, 0x25, 0x21,
    0x25, 0x21, 0x46, 0x29, 0x45, 0x21, 0x25, 0x21, 0x46, 0x29, 0x46, 0x29,
    0x25, 0x21, 0x66, 0x29, 0x45, 0x21, 0x46, 0x29, 0x46, 0x29, 0x46, 0x29,
    0x46, 0x29, 0x45, 0x21, 0x45, 0x21, 0x46, 0x29, 0x46, 0x29, 0x46, 0x29,
    0x66, 0x29, 0x45, 0x21, 0x46, 0x29, 0x46, 0x29, 0x46, 0x29, 0x45, 0x21,
    0x45, 0x21, 0x46, 0x29, 0x66, 0x29, 0x66, 0x29, 0x66, 0x29, 0x46, 0x29,
    0x66, 0x29, 0x46, 0x29, 0x46, 0x29, 0x66, 0x29, 0x46, 0x29, 0x45, 0x21,
    0x46, 0x29, 0x66, 0x29, 0x46, 0x29, 0x46, 0x29, 0x66, 0x29, 0x66, 0x29,
    0x66, 0x29, 0x66, 0x29, 0x66, 0x29, 0x66, 0x29, 0x66, 0x29, 0x66, 0x29,
    0x66, 0x29, 0x66, 0x29, 0x66, 0x29, 0x66, 0x29, 0x66, 0x29, 0x66, 0x29,
    0x66, 0x29, 0x67, 0x31, 0x87, 0x31, 0x66, 0x29, 0x86, 0x29, 0x66, 0x29,
    0x66, 0x29, 0x66, 0x29, 0x66, 0x29, 0x66, 0x29, 0x87, 0x31, 0x87, 0x31,
    0x86, 0x29, 0x87, 0x31, 0x66, 0x29, 0x87, 0x31, 0x66, 0x29, 0x87, 0x31,
    0x66, 0x29, 0x86, 0x29, 0x66, 0x29, 0x66, 0x29, 0x87, 0x31, 0x87, 0x31,
    0x87, 0x31, 0x86, 0x29, 0x66, 0x29, 0x87, 0x31, 0xa7, 0x31, 0xa7, 0x31,
    0xa7, 0x31, 0x87, 0x31, 0xa7, 0x31, 0xa7, 0x31, 0xc7, 0x31, 0xc8, 0x39,
    0xc8, 0x39, 0xc8, 0x39, 0xc8, 0x31, 0xc7, 0x39, 0xc7, 0x31, 0xc8, 0x39,
    0xc8, 0x39, 0xc8, 0x39, 0xc8, 0x39, 0xe8, 0x39, 0xc8, 0x31, 0xc7, 0x39,
    0xc7, 0x31, 0xc8, 0x39, 0xc8, 0x39, 0xe8, 0x39, 0xc8, 0x31, 0xc8, 0x39,
    0xc7, 0x31, 0xc8, 0x31, 0xc8, 0x31, 0xe8, 0x39, 0xc8, 0x39, 0xc8, 0x39,
    0xe8, 0x39, 0xe8, 0x39, 0xc7, 0x31, 0xe8, 0x39, 0xe8, 0x39, 0xe8, 0x39,
    0xe8, 0x39, 0xe8, 0x39, 0xc8, 0x39, 0xc8, 0x39, 0xc8, 0x39, 0xe8, 0x39,
    0xe8, 0x39, 0xe8, 0x39, 0xc8, 0x39, 0xe8, 0x39, 0xe8, 0x39, 0xc8, 0x39,
    0xe8, 0x39, 0xe8, 0x39, 0xe8, 0x39, 0xe8, 0x39, 0xc8, 0x39, 0xe8, 0x39,
    0xe8, 0x39, 0xe8, 0x39, 0xe8, 0x39, 0xe8, 0x39, 0xe8, 0x39, 0xe8, 0x39,
    0xe8, 0x39, 0xe8, 0x39, 0xe8, 0x39, 0xe8, 0x39, 0xe8, 0x39, 0xe9, 0x41,
    0xe8, 0x39, 0xe8, 0x39, 0x09, 0x42, 0xe8, 0x39, 0xe8, 0x39, 0xa7, 0x31,
    0xa7, 0x31, 0xc7, 0x31, 0xa8, 0x39, 0xa7, 0x31, 0xc8, 0x39, 0xc8, 0x39,
    0xc8, 0x39, 0xc8, 0x39, 0xc8, 0x39, 0xc8, 0x39, 0xc7, 0x31, 0xe8, 0x39,
    0xe4, 0x18, 0xe4, 0x18, 0xe4, 0x18, 0xe4, 0x18, 0xe4, 0x18, 0xe4, 0x18,
    0xe4, 0x18, 0xe4, 0x18, 0x05, 0x21, 0xe4, 0x18, 0xe4, 0x18, 0xe4, 0x18,
    0xe4, 0x18, 0x05, 0x21, 0x05, 0x21, 0x04, 0x19, 0x25, 0x19, 0x25, 0x21,
    0x04, 0x21, 0x05, 0x21, 0x25, 0x21, 0x05, 0x21, 0x05, 0x21, 0x25, 0x21,
    0x25, 0x21, 0x25, 0x21, 0x05, 0x21, 0x25, 0x21, 0x25, 0x21, 0x25, 0x21,
    0x25, 0x21, 0x25, 0x21, 0x26, 0x29, 0x25, 0x21, 0x25, 0x21, 0x46, 0x29,
    0x26, 0x29, 0x45, 0x21, 0x25, 0x21, 0x25, 0x21, 0x25, 0x21, 0x46, 0x29,
    0x46, 0x29, 0x25, 0x21, 0x25, 0x21, 0x46, 0x29, 0x46, 0x29, 0x46, 0x29,
    0x45, 0x21, 0x45, 0x21, 0x25, 0x21, 0x25, 0x21, 0x25, 0x21, 0x25, 0x29,
    0x26, 0x21, 0x25, 0x21, 0x25, 0x21, 0x46, 0x29, 0x25, 0x21, 0x25, 0x21,
    0x46, 0x29, 0x25, 0x21, 0x25, 0x21, 0x26, 0x29, 0x46, 0x29, 0x25, 0x21,
    0x25, 0x21, 0x46, 0x29, 0x45, 0x21, 0x25, 0x21, 0x25, 0x21, 0x25, 0x21,
    0x25, 0x21, 0x46, 0x29, 0x46, 0x29, 0x45, 0x21, 0x46, 0x29, 0x46, 0x29,
    0x25, 0x21, 0x46, 0x29, 0x45, 0x21, 0x25, 0x21, 0x46, 0x29, 0x46, 0x29,
    0x66, 0x29, 0x46, 0x29, 0x46, 0x29, 0x45, 0x21, 0x46, 0x29, 0x46, 0x29,
    0x46, 0x29, 0x45, 0x21, 0x25, 0x21, 0x46, 0x29, 0x46, 0x29, 0x46, 0x29,
    0x46, 0x29, 0x45, 0x21, 0x45, 0x21, 0x46, 0x29, 0x46, 0x29, 0x66, 0x29,
    0x46, 0x21, 0x66, 0x29, 0x66, 0x29, 0x66, 0x29, 0x66, 0x29, 0x66, 0x29,
    0x66, 0x29, 0x66, 0x29, 0x66, 0x29, 0x66, 0x29, 0x66, 0x29, 0x66, 0x29,
    0x66, 0x29, 0x66, 0x29, 0x46, 0x29, 0x66, 0x29, 0x66, 0x29, 0x66, 0x29,
    0x66, 0x29, 0x67, 0x31, 0x66, 0x29, 0x66, 0x29, 0x66, 0x29, 0x46, 0x29,
    0x66, 0x29, 0x66, 0x29, 0x86, 0x29, 0x66, 0x29, 0x66, 0x29, 0x66, 0x29,
    0x87, 0x31, 0x66, 0x29, 0x87, 0x31, 0x87, 0x31, 0x86, 0x29, 0x86, 0x29,
    0x66, 0x29, 0x87, 0x31, 0x87, 0x31, 0x86, 0x29, 0x87, 0x31, 0x87, 0x31,
    0x87, 0x31, 0x87, 0x31, 0x87, 0x31, 0x86, 0x29, 0x86, 0x29, 0x87, 0x31,
    0x87, 0x31, 0x87, 0x31, 0x86, 0x29, 0x87, 0x31, 0xa7, 0x31, 0xa7, 0x31,
    0xa7, 0x31, 0x87, 0x31, 0xa7, 0x31, 0xc8, 0x39, 0xc8, 0x39, 0xc8, 0x31,
    0xc8, 0x39, 0xc8, 0x39, 0xc8, 0x39, 0xe8, 0x39, 0xc8, 0x39, 0xe8, 0x39,
    0xc8, 0x31, 0xc7, 0x31, 0xe8, 0x39, 0xc8, 0x39, 0xc8, 0x39, 0xc7, 0x31,
    0xe8, 0x39, 0xe8, 0x39, 0xe8, 0x39, 0xc8, 0x39, 0xc8, 0x31, 0xe8, 0x39,
    0xc8, 0x39, 0xc8, 0x39, 0xe8, 0x39, 0xc7, 0x31, 0xc8, 0x39, 0xe8, 0x39,
    0xe8, 0x39, 0xe8, 0x39, 0xe8, 0x39, 0xe8, 0x39, 0xe8, 0x39, 0xc8, 0x39,
    0xe8, 0x39, 0xc8, 0x39, 0xe8, 0x39, 0xe8, 0x39, 0xc8, 0x31, 0xc8, 0x39,
    0xc8, 0x39, 0xc8, 0x39, 0xe8, 0x39, 0xe8, 0x39, 0xe8, 0x39, 0xe8, 0x39,
    0xe8, 0x39, 0xe8, 0x39, 0xe9, 0x39, 0xe8, 0x39, 0xc8, 0x39, 0xe8, 0x39,
    0xe8, 0x39, 0xe8, 0x39, 0xe8, 0x39, 0xe8, 0x39, 0xe9, 0x39, 0xc8, 0x39,
    0xe8, 0x39, 0xe9, 0x39, 0xe8, 0x39, 0xe8, 0x39, 0xe9, 0x39, 0xe8, 0x39,
    0xe8, 0x39, 0xe8, 0x39, 0xe8, 0x39, 0xe8, 0x39, 0xe8, 0x39, 0xa7, 0x31,
    0xa7, 0x31, 0xa7, 0x31, 0xc7, 0x31, 0xc8, 0x39, 0xc8, 0x39, 0xc8, 0x39,
    0xc7, 0x31, 0xc7, 0x31, 0xc8, 0x39, 0xc8, 0x39, 0xc7, 0x31, 0xc8, 0x39,
    0xe4, 0x18, 0xe4, 0x18, 0xe4, 0x20, 0xe4, 0x20, 0xe4, 0x18, 0x04, 0x21,
    0xe4, 0x18, 0xe4, 0x20, 0xe4, 0x18, 0x04, 0x21, 0xe4, 0x20, 0x05, 0x21,
    0xe4, 0x18, 0x05, 0x21, 0x05, 0x21, 0x05, 0x21, 0x04, 0x21, 0x25, 0x21,
    0x25, 0x21, 0x25, 0x21, 0x25, 0x21, 0x05, 0x21, 0x25, 0x21, 0x25, 0x21,
    0x25, 0x21, 0x05, 0x21, 0x25, 0x21, 0x25, 0x21, 0x25, 0x21, 0x05, 0x21,
    0x25, 0x21, 0x25, 0x21, 0x25, 0x21, 0x25, 0x21, 0x25, 0x21, 0x25, 0x21,
    0x46, 0x29, 0x25, 0x21, 0x25, 0x21, 0x25, 0x21, 0x46, 0x29, 0x25, 0x21,
    0x45, 0x21, 0x46, 0x29, 0x46, 0x29, 0x25, 0x21, 0x45, 0x21, 0x25, 0x21,
    0x05, 0x21, 0x25, 0x21, 0x25, 0x29, 0x05, 0x21, 0x25, 0x21, 0x46, 0x29,
    0x25, 0x21, 0x25, 0x21, 0x25, 0x21, 0x25, 0x21, 0x25, 0x21, 0x25, 0x21,
    0x25, 0x21, 0x25, 0x21, 0x25, 0x21, 0x25, 0x21, 0x46, 0x29, 0x45, 0x21,
    0x25, 0x21, 0x46, 0x29, 0x25, 0x21, 0x25, 0x21, 0x46, 0x29, 0x46, 0x29,
    0x45, 0x21, 0x46, 0x29, 0x25, 0x21, 0x25, 0x21, 0x45, 0x21, 0x25, 0x21,
    0x25, 0x21, 0x46, 0x29, 0x45, 0x21, 0x46, 0x29, 0x46, 0x29, 0x45, 0x21,
    0x45, 0x21, 0x46, 0x29, 0x45, 0x21, 0x45, 0x21, 0x46, 0x29, 0x46, 0x29,
    0x46, 0x29, 0x46, 0x29, 0x46, 0x29, 0x45, 0x21, 0x45, 0x21, 0x46, 0x29,
    0x46, 0x21, 0x46, 0x29, 0x46, 0x29, 0x66, 0x29, 0x66, 0x29, 0x66, 0x29,
    0x46, 0x29, 0x66, 0x29, 0x66, 0x29, 0x66, 0x29, 0x46, 0x29, 0x66, 0x29,
    0x46, 0x29, 0x66, 0x29, 0x46, 0x29, 0x46, 0x29, 0x46, 0x29, 0x66, 0x29,
    0x66, 0x29, 0x66, 0x29, 0x46, 0x29, 0x66, 0x29, 0x66, 0x29, 0x66, 0x29,
    0x67, 0x29, 0x66, 0x29, 0x66, 0x29, 0x66, 0x29, 0x66, 0x29, 0x67, 0x31,
    0x87, 0x31, 0x86, 0x29, 0x66, 0x29, 0x67, 0x31, 0x66, 0x29, 0x66, 0x29,
    0x67, 0x31, 0x86, 0x29, 0x66, 0x29, 0x87, 0x31, 0x66, 0x29, 0x66, 0x29,
    0x87, 0x31, 0x66, 0x29, 0x87, 0x31, 0x66, 0x29, 0x86, 0x29, 0x87, 0x31,
    0x86, 0x29, 0x86, 0x31, 0x67, 0x29, 0x66, 0x29, 0x87, 0x31, 0x87, 0x31,
    0x87, 0x31, 0x87, 0x31, 0x86, 0x29, 0x87, 0x31, 0x87, 0x31, 0x87, 0x31,
    0xa7, 0x31, 0xa7, 0x31, 0xa7, 0x31, 0xc8, 0x31, 0xc8, 0x39, 0xc7, 0x39,
    0xc8, 0x31, 0xc7, 0x31, 0xc8, 0x39, 0xe8, 0x39, 0xc8, 0x39, 0xc8, 0x39,
    0xc8, 0x31, 0xc7, 0x39, 0xe8, 0x39, 0xc8, 0x31, 0xc8, 0x39, 0xe8, 0x39,
    0xc8, 0x39, 0xe8, 0x39, 0xc8, 0x39, 0xc8, 0x39, 0xc7, 0x31, 0xe8, 0x39,
    0xe8, 0x39, 0xc8, 0x39, 0xe8, 0x39, 0xe8, 0x39, 0xe8, 0x39, 0xc8, 0x39,
    0xe8, 0x39, 0xe8, 0x39, 0xc8, 0x39, 0xc8, 0x39, 0xc8, 0x39, 0xe8, 0x39,
    0xc8, 0x39, 0xe8, 0x39, 0xc8, 0x39, 0xe8, 0x39, 0xe8, 0x39, 0xe8, 0x39,
    0xe8, 0x39, 0xe8, 0x39, 0xe8, 0x39, 0xe8, 0x39, 0xe9, 0x39, 0xe8, 0x39,
    0xe8, 0x39, 0xe8, 0x39, 0xe8, 0x39, 0xe8, 0x39, 0xe8, 0x39, 0xe8, 0x39,
    0xc8, 0x39, 0xe9, 0x39, 0xe8, 0x39, 0xc8, 0x39, 0xe8, 0x39, 0xe8, 0x39,
    0xe8, 0x39, 0xe8, 0x39, 0xe8, 0x39, 0xe8, 0x39, 0xe8, 0x39, 0xe8, 0x39,
    0xe9, 0x41, 0xe8, 0x39, 0xe8, 0x39, 0xe9, 0x41, 0xc8, 0x39, 0xc8, 0x39,
    0xa7, 0x31, 0xc8, 0x39, 0xc8, 0x39, 0xc8, 0x39, 0xe8, 0x39, 0xc7, 0x31,
    0xc8, 0x39, 0xe8, 0x39, 0xc7, 0x31, 0xc8, 0x39, 0xc8, 0x39, 0xe8, 0x39,
    0xe4, 0x20, 0xe4, 0x18, 0xe4, 0x18, 0xe4, 0x18, 0xe4, 0x18, 0xe4, 0x18,
    0x04, 0x21, 0xe4, 0x18, 0xe4, 0x18, 0xe4, 0x18, 0xe4, 0x18, 0x05, 0x21,
    0x04, 0x19, 0x25, 0x21, 0x25, 0x21, 0x05, 0x21, 0x25, 0x21, 0x05, 0x21,
    0x05, 0x21, 0x25, 0x21, 0x04, 0x19, 0x05, 0x21, 0x25, 0x21, 0x25, 0x21,
    0x25, 0x21, 0x25, 0x21, 0x25, 0x21, 0x05, 0x21, 0x25, 0x21, 0x25, 0x21,
    0x25, 0x21, 0x25, 0x21, 0x25, 0x21, 0x25, 0x21, 0x25, 0x21, 0x25, 0x21,
    0x25, 0x21, 0x46, 0x29, 0x25, 0x21, 0x25, 0x21, 0x46, 0x29, 0x25, 0x21,
    0x25, 0x21, 0x25, 0x21, 0x46, 0x29, 0x45, 0x21, 0x25, 0x21, 0x25, 0x21,
    0x25, 0x21, 0x25, 0x21, 0x25, 0x21, 0x05, 0x21, 0x05, 0x21, 0x25, 0x21,
    0x25, 0x21, 0x25, 0x21, 0x25, 0x21, 0x25, 0x21, 0x25, 0x21, 0x25, 0x21,
    0x25, 0x21, 0x25, 0x29, 0x25, 0x21, 0x25, 0x21, 0x45, 0x21, 0x46, 0x29,
    0x25, 0x21, 0x46, 0x29, 0x25, 0x21, 0x25, 0x21, 0x25, 0x21, 0x25, 0x21,
    0x46, 0x29, 0x25, 0x21, 0x46, 0x29, 0x46, 0x29, 0x46, 0x29, 0x45, 0x21,
    0x25, 0x21, 0x46, 0x29, 0x46, 0x29, 0x46, 0x29, 0x45, 0x21, 0x45, 0x21,
    0x46, 0x29, 0x46, 0x29, 0x46, 0x29, 0x25, 0x21, 0x46, 0x29, 0x45, 0x21,
    0x45, 0x21, 0x46, 0x29, 0x46, 0x29, 0x45, 0x21, 0x46, 0x29, 0x46, 0x29,
    0x45, 0x21, 0x46, 0x29, 0x46, 0x29, 0x66, 0x29, 0x66, 0x29, 0x45, 0x29,
    0x46, 0x29, 0x66, 0x29, 0x66, 0x29, 0x66, 0x29, 0x66, 0x29, 0x46, 0x29,
    0x45, 0x21, 0x66, 0x29, 0x66, 0x29, 0x66, 0x29, 0x66, 0x29, 0x66, 0x29,
    0x66, 0x29, 0x66, 0x29, 0x66, 0x29, 0x66, 0x29, 0x67, 0x31, 0x66, 0x29,
    0x66, 0x29, 0x66, 0x29, 0x66, 0x31, 0x66, 0x29, 0x66, 0x29, 0x67, 0x29,
    0x66, 0x29, 0x66, 0x29, 0x67, 0x31, 0x66, 0x29, 0x86, 0x29, 0x66, 0x29,
    0x66, 0x29, 0x87, 0x31, 0x66, 0x29, 0x66, 0x29, 0x66, 0x29, 0x87, 0x31,
    0x66, 0x29, 0x86, 0x29, 0x87, 0x31, 0x86, 0x29, 0x66, 0x29, 0x87, 0x31,
    0x87, 0x31, 0x86, 0x29, 0x86, 0x29, 0x66, 0x31, 0x87, 0x31, 0x86, 0x29,
    0x86, 0x29, 0x87, 0x31, 0x86, 0x29, 0x86, 0x29, 0x87, 0x31, 0x87, 0x31,
    0x87, 0x31, 0xa7, 0x31, 0xa7, 0x31, 0xc8, 0x39, 0xc8, 0x39, 0xe8, 0x39,
    0xe8, 0x39, 0xc8, 0x39, 0xe8, 0x39, 0xe8, 0x39, 0xc8, 0x39, 0xc8, 0x31,
    0xe8, 0x39, 0xc7, 0x31, 0xe8, 0x39, 0xc8, 0x39, 0xc8, 0x39, 0xc8, 0x31,
    0xc8, 0x39, 0xc8, 0x39, 0xe8, 0x39, 0xe8, 0x39, 0xc8, 0x39, 0xc8, 0x39,
    0xe8, 0x39, 0xc8, 0x39, 0xc8, 0x39, 0xe8, 0x39, 0xe8, 0x39, 0xe8, 0x39,
    0xe8, 0x39, 0xc8, 0x39, 0xc8, 0x39, 0xe8, 0x39, 0xe8, 0x39, 0xe8, 0x39,
    0xe8, 0x39, 0xe8, 0x39, 0xc8, 0x31, 0xc8, 0x39, 0xe8, 0x39, 0xe8, 0x39,
    0xe8, 0x39, 0xe8, 0x39, 0xe8, 0x39, 0xe8, 0x39, 0xe8, 0x39, 0xe8, 0x39,
    0xe9, 0x39, 0xe8, 0x39, 0xc8, 0x39, 0xe9, 0x39, 0xe8, 0x39, 0xe8, 0x39,
    0xe8, 0x39, 0xe8, 0x39, 0xc8, 0x39, 0xe8, 0x39, 0xe9, 0x39, 0xe8, 0x39,
    0xe8, 0x39, 0xe8, 0x39, 0xe9, 0x41, 0xe8, 0x39, 0xe8, 0x39, 0xe8, 0x39,
    0xe8, 0x39, 0x09, 0x42, 0x09, 0x42, 0x08, 0x3a, 0xa7, 0x31, 0xa7, 0x31,
    0xc8, 0x39, 0xc8, 0x39, 0xc8, 0x39, 0xc8, 0x39, 0xc7, 0x31, 0xc8, 0x39,
    0xc8, 0x39, 0xc8, 0x39, 0xc7, 0x31, 0xc8, 0x39, 0xc8, 0x39, 0xc7, 0x31,
    0xe4, 0x18, 0xe4, 0x18, 0xe4, 0x18, 0xe4, 0x20, 0xe4, 0x18, 0xe4, 0x18,
    0xe4, 0x18, 0xe4, 0x18, 0xe4, 0x18, 0xe4, 0x18, 0xe4, 0x18, 0xe4, 0x20,
    0xe4, 0x18, 0x05, 0x21, 0x05, 0x21, 0x25, 0x21, 0x25, 0x21, 0x25, 0x21,
    0x05, 0x21, 0x25, 0x21, 0x25, 0x21, 0x25, 0x21, 0x05, 0x21, 0x25, 0x21,
    0x25, 0x21, 0x25, 0x21, 0x25, 0x21, 0x25, 0x21, 0x25, 0x21, 0x26, 0x29,
    0x26, 0x29, 0x25, 0x21, 0x26, 0x29, 0x26, 0x29, 0x25, 0x21, 0x25, 0x21,
    0x46, 0x29, 0x25, 0x21, 0x25, 0x21, 0x46, 0x29, 0x25, 0x21, 0x46, 0x29,
    0x46, 0x29, 0x25, 0x21, 0x25, 0x21, 0x25, 0x21, 0x25, 0x21, 0x25, 0x21,
    0x25, 0x21, 0x25, 0x21, 0x25, 0x21, 0x25, 0x21, 0x25, 0x21, 0x25, 0x21,
    0x05, 0x21, 0x25, 0x21, 0x25, 0x21, 0x26, 0x29, 0x26, 0x29, 0x25, 0x21,
    0x25, 0x21, 0x46, 0x29, 0x25, 0x21, 0x25, 0x21, 0x25, 0x21, 0x25, 0x21,
    0x26, 0x29, 0x46, 0x29, 0x25, 0x21, 0x46, 0x29, 0x25, 0x21, 0x25, 0x21,
    0x46, 0x29, 0x45, 0x21, 0x25, 0x21, 0x45, 0x21, 0x46, 0x29, 0x26, 0x29,
    0x45, 0x21, 0x45, 0x21, 0x46, 0x29, 0x25, 0x21, 0x46, 0x29, 0x46, 0x29,
    0x45, 0x21, 0x25, 0x21, 0x46, 0x29, 0x46, 0x29, 0x45, 0x21, 0x45, 0x21,
    0x46, 0x29, 0x46, 0x21, 0x46, 0x29, 0x45, 0x21, 0x46, 0x29, 0x46, 0x29,
    0x66, 0x29, 0x45, 0x21, 0x45, 0x21, 0x45, 0x21, 0x46, 0x29, 0x46, 0x29,
    0x45, 0x21, 0x46, 0x29, 0x66, 0x29, 0x66, 0x29, 0x66, 0x29, 0x46, 0x29,
    0x66, 0x29, 0x46, 0x29, 0x66, 0x29, 0x46, 0x29, 0x86, 0x29, 0x66, 0x29,
    0x66, 0x29, 0x66, 0x29, 0x66, 0x29, 0x66, 0x29, 0x66, 0x29, 0x66, 0x29,
    0x46, 0x29, 0x66, 0x29, 0x66, 0x29, 0x66, 0x29, 0x66, 0x29, 0x86, 0x31,
    0x66, 0x29, 0x86, 0x29, 0x66, 0x29, 0x87, 0x31, 0x87, 0x31, 0x87, 0x31,
    0x66, 0x29, 0x86, 0x29, 0x66, 0x29, 0x87, 0x31, 0x66, 0x29, 0x66, 0x29,
    0x66, 0x29, 0x67, 0x31, 0x86, 0x29, 0x87, 0x31, 0x87, 0x31, 0x87, 0x31,
    0x87, 0x31, 0x87, 0x31, 0xa7, 0x31, 0x87, 0x31, 0x66, 0x29, 0x86, 0x29,
    0x87, 0x31, 0x87, 0x31, 0xa7, 0x31, 0x86, 0x29, 0x86, 0x29, 0x86, 0x29,
    0xa7, 0x31, 0xa7, 0x31, 0xa7, 0x31, 0xc7, 0x31, 0xc8, 0x39, 0xc8, 0x39,
    0xc8, 0x39, 0xc7, 0x31, 0xc8, 0x39, 0xc8, 0x39, 0xc8, 0x31, 0xc7, 0x31,
    0xc7, 0x39, 0xc8, 0x39, 0xc8, 0x39, 0xc8, 0x31, 0xc8, 0x39, 0xe8, 0x39,
    0xc8, 0x39, 0xc8, 0x31, 0xe8, 0x39, 0xe8, 0x39, 0xe8, 0x39, 0xe8, 0x39,
    0xe8, 0x39, 0xe8, 0x39, 0xe8, 0x39, 0xe8, 0x39, 0xc8, 0x39, 0xe8, 0x39,
    0xe8, 0x39, 0xe8, 0x39, 0xc8, 0x31, 0xe8, 0x39, 0xe8, 0x39, 0xe8, 0x39,
    0xc8, 0x39, 0xc8, 0x39, 0xe8, 0x39, 0xe8, 0x39, 0xe8, 0x39, 0xc8, 0x39,
    0xe8, 0x39, 0xe8, 0x39, 0xc8, 0x39, 0xc8, 0x39, 0xe8, 0x39, 0xc8, 0x39,
    0xe8, 0x39, 0xe8, 0x39, 0xe8, 0x39, 0xc8, 0x39, 0xe9, 0x39, 0xe8, 0x39,
    0xe8, 0x39, 0xe8, 0x39, 0xe8, 0x39, 0xe8, 0x39, 0xe8, 0x39, 0xe8, 0x39,
    0xe8, 0x39, 0xe8, 0x39, 0xe9, 0x39, 0xe8, 0x39, 0xe8, 0x39, 0xe9, 0x41,
    0xe8, 0x39, 0xe8, 0x39, 0x09, 0x42, 0xc7, 0x31, 0xc8, 0x39, 0xc8, 0x39,
    0xc8, 0x39, 0xc8, 0x39, 0xc7, 0x31, 0xe8, 0x39, 0xe8, 0x39, 0xc7, 0x31,
    0xc8, 0x39, 0xe8, 0x39, 0xe8, 0x39, 0xe8, 0x39, 0xc8, 0x39, 0xc8, 0x39,
    0xe4, 0x18, 0xe4, 0x18, 0xe4, 0x20, 0xe4, 0x18, 0xe4, 0x18, 0xe4, 0x20,
    0xe4, 0x20, 0xe4, 0x18, 0xe4, 0x20, 0xe4, 0x18, 0xe4, 0x18, 0xe4, 0x18,
    0x05, 0x21, 0x25, 0x21, 0x04, 0x19, 0x05, 0x21, 0x25, 0x21, 0x25, 0x21,
    0x05, 0x21, 0x25, 0x21, 0x25, 0x21, 0x25, 0x21, 0x25, 0x21, 0x25, 0x21,
    0x25, 0x21, 0x25, 0x21, 0x25, 0x21, 0x25, 0x21, 0x25, 0x21, 0x25, 0x21,
    0x25, 0x21, 0x45, 0x21, 0x25, 0x21, 0x46, 0x29, 0x25, 0x21, 0x25, 0x21,
    0x46, 0x29, 0x25, 0x21, 0x25, 0x21, 0x46, 0x29, 0x25, 0x21, 0x45, 0x21,
    0x25, 0x21, 0x25, 0x21, 0x25, 0x21, 0x05, 0x21, 0x05, 0x21, 0x05, 0x21,
    0x05, 0x21, 0x25, 0x21, 0x25, 0x21, 0x25, 0x21, 0x25, 0x21, 0x25, 0x21,
    0x25, 0x21, 0x25, 0x21, 0x25, 0x21, 0x25, 0x21, 0x25, 0x21, 0x25, 0x21,
    0x25, 0x21, 0x25, 0x21, 0x26, 0x21, 0x25, 0x21, 0x46, 0x29, 0x25, 0x21,
    0x25, 0x21, 0x45, 0x21, 0x25, 0x21, 0x46, 0x29, 0x25, 0x21, 0x25, 0x21,
    0x46, 0x29, 0x25, 0x21, 0x45, 0x21, 0x46, 0x29, 0x46, 0x29, 0x25, 0x21,
    0x25, 0x21, 0x46, 0x29, 0x46, 0x29, 0x45, 0x21, 0x46, 0x29, 0x46, 0x29,
    0x46, 0x29, 0x46, 0x29, 0x46, 0x29, 0x45, 0x21, 0x46, 0x29, 0x46, 0x29,
    0x46, 0x29, 0x46, 0x29, 0x45, 0x21, 0x46, 0x29, 0x45, 0x21, 0x45, 0x21,
    0x46, 0x29, 0x46, 0x29, 0x66, 0x29, 0x45, 0x21, 0x46, 0x29, 0x46, 0x29,
    0x66, 0x29, 0x46, 0x29, 0x45, 0x21, 0x66, 0x29, 0x66, 0x29, 0x66, 0x29,
    0x66, 0x29, 0x66, 0x29, 0x46, 0x29, 0x46, 0x29, 0x66, 0x29, 0x66, 0x29,
    0x66, 0x29, 0x66, 0x29, 0x66, 0x29, 0x66, 0x29, 0x66, 0x29, 0x66, 0x29,
    0x67, 0x31, 0x66, 0x29, 0x66, 0x29, 0x66, 0x29, 0x66, 0x29, 0x66, 0x29,
    0x67, 0x29, 0x66, 0x31, 0x86, 0x29, 0x87, 0x29, 0x66, 0x29, 0x66, 0x29,
    0x66, 0x29, 0x66, 0x29, 0x66, 0x29, 0x87, 0x31, 0x66, 0x29, 0x87, 0x31,
    0x87, 0x31, 0x86, 0x29, 0x87, 0x31, 0x66, 0x29, 0x86, 0x29, 0x86, 0x29,
    0x87, 0x31, 0x87, 0x31, 0x87, 0x29, 0x86, 0x29, 0x87, 0x31, 0x87, 0x29,
    0x86, 0x29, 0x87, 0x31, 0x87, 0x31, 0x87, 0x31, 0x87, 0x31, 0x87, 0x31,
    0x87, 0x31, 0xa7, 0x31, 0xa7, 0x31, 0xc7, 0x31, 0xc8, 0x31, 0xc7, 0x31,
    0xc8, 0x39, 0xc8, 0x39, 0xe8, 0x39, 0xe8, 0x39, 0xc7, 0x39, 0xc8, 0x39,
    0xc8, 0x39, 0xc8, 0x39, 0xc8, 0x31, 0xc8, 0x39, 0xe8, 0x39, 0xc8, 0x39,
    0xe8, 0x39, 0xe8, 0x39, 0xe8, 0x39, 0xc8, 0x39, 0xc7, 0x31, 0xc8, 0x39,
    0xe8, 0x39, 0xc8, 0x39, 0xe8, 0x39, 0xe8, 0x39, 0xc8, 0x39, 0xc8, 0x31,
    0xc8, 0x39, 0xe8, 0x39, 0xe8, 0x39, 0xe8, 0x39, 0xe8, 0x39, 0xe8, 0x39,
    0xe8, 0x39, 0xe8, 0x39, 0xe8, 0x39, 0xe8, 0x39, 0xe8, 0x39, 0xc8, 0x39,
    0xe8, 0x39, 0xe9, 0x39, 0xe8, 0x39, 0xe8, 0x39, 0xe8, 0x39, 0xc8, 0x39,
    0xe8, 0x39, 0xe9, 0x39, 0xe8, 0x39, 0xe8, 0x39, 0xe8, 0x39, 0xe9, 0x39,
    0xe9, 0x39, 0xe8, 0x39, 0xe8, 0x39, 0xe8, 0x39, 0xe9, 0x41, 0xe8, 0x39,
    0xe8, 0x39, 0xe8, 0x39, 0xe8, 0x39, 0xe9, 0x41, 0xe8, 0x39, 0x09, 0x3a,
    0x08, 0x3a, 0xe8, 0x39, 0x09, 0x42, 0xe8, 0x39, 0xc8, 0x39, 0xe8, 0x39,
    0xe8, 0x39, 0xc7, 0x31, 0xe8, 0x39, 0xc8, 0x39, 0xe8, 0x39, 0xe8, 0x39,
    0xc8, 0x39, 0xc7, 0x31, 0xc8, 0x39, 0xc7, 0x31, 0xe8, 0x39, 0xc8, 0x39,
    0xe4, 0x20, 0xe4, 0x18, 0xe4, 0x18, 0xe4, 0x18, 0xe4, 0x20, 0xe4, 0x18,
    0x05, 0x21, 0xe4, 0x18, 0xe4, 0x18, 0xe4, 0x20, 0x04, 0x21, 0x04, 0x21,
    0x05, 0x21, 0x04, 0x19, 0x25, 0x21, 0x05, 0x21, 0x05, 0x21, 0x25, 0x21,
    0x25, 0x21, 0x05, 0x21, 0x25, 0x21, 0x25, 0x21, 0x25, 0x21, 0x25, 0x21,
    0x05, 0x21, 0x05, 0x21, 0x25, 0x21, 0x25, 0x21, 0x25, 0x21, 0x25, 0x21,
    0x25, 0x21, 0x25, 0x21, 0x25, 0x21, 0x25, 0x21, 0x46, 0x29, 0x46, 0x29,
    0x25, 0x21, 0x25, 0x21, 0x25, 0x21, 0x25, 0x21, 0x25, 0x21, 0x25, 0x21,
    0x05, 0x21, 0x05, 0x21, 0x05, 0x21, 0x25, 0x21, 0x25, 0x21, 0x25, 0x21,
    0x25, 0x21, 0x25, 0x21, 0x25, 0x21, 0x25, 0x21, 0x25, 0x21, 0x25, 0x21,
    0x25, 0x21, 0x25, 0x21, 0x25, 0x21, 0x25, 0x21, 0x25, 0x21, 0x25, 0x21,
    0x25, 0x21, 0x25, 0x21, 0x25, 0x21, 0x25, 0x21, 0x25, 0x21, 0x25, 0x21,
    0x25, 0x21, 0x25, 0x21, 0x25, 0x21, 0x25, 0x21, 0x25, 0x21, 0x25, 0x21,
    0x46, 0x29, 0x46, 0x29, 0x25, 0x21, 0x25, 0x21, 0x45, 0x21, 0x45, 0x21,
    0x26, 0x29, 0x45, 0x21, 0x45, 0x21, 0x25, 0x21, 0x46, 0x29, 0x46, 0x29,
    0x45, 0x21, 0x45, 0x21, 0x45, 0x21, 0x46, 0x29, 0x45, 0x21, 0x25, 0x21,
    0x45, 0x29, 0x45, 0x21, 0x46, 0x29, 0x46, 0x29, 0x46, 0x29, 0x46, 0x29,
    0x66, 0x29, 0x46, 0x29, 0x46, 0x29, 0x66, 0x29, 0x46, 0x29, 0x45, 0x21,
    0x46, 0x29, 0x66, 0x29, 0x66, 0x29, 0x66, 0x29, 0x46, 0x29, 0x46, 0x29,
    0x66, 0x29, 0x66, 0x29, 0x66, 0x29, 0x46, 0x29, 0x66, 0x29, 0x66, 0x29,
    0x66, 0x29, 0x66, 0x29, 0x66, 0x29, 0x67, 0x29, 0x66, 0x31, 0x66, 0x29,
    0x66, 0x29, 0x66, 0x29, 0x66, 0x29, 0x66, 0x29, 0x46, 0x29, 0x87, 0x31,
    0x87, 0x29, 0x87, 0x31, 0x66, 0x29, 0x86, 0x31, 0x87, 0x31, 0x66, 0x29,
    0x66, 0x29, 0x87, 0x31, 0x87, 0x31, 0x66, 0x29, 0x87, 0x31, 0x86, 0x29,
    0x87, 0x31, 0x66, 0x29, 0x66, 0x29, 0x66, 0x29, 0x87, 0x31, 0x66, 0x29,
    0x86, 0x29, 0x86, 0x29, 0x87, 0x31, 0x87, 0x31, 0x86, 0x29, 0x87, 0x31,
    0x87, 0x31, 0x87, 0x31, 0x86, 0x29, 0x87, 0x31, 0x87, 0x31, 0xa7, 0x31,
    0x87, 0x31, 0x87, 0x31, 0xa7, 0x31, 0xc7, 0x39, 0xc8, 0x39, 0xc8, 0x39,
    0xe8, 0x39, 0xc8, 0x31, 0xc8, 0x39, 0xc8, 0x39, 0xc7, 0x31, 0xc8, 0x31,
    0xc8, 0x39, 0xc8, 0x31, 0xc8, 0x39, 0xe8, 0x39, 0xe8, 0x39, 0xc8, 0x39,
    0xe8, 0x39, 0xc8, 0x39, 0xc8, 0x39, 0xe8, 0x39, 0xc8, 0x39, 0xe8, 0x39,
    0xe8, 0x39, 0xc8, 0x39, 0xc8, 0x39, 0xe8, 0x39, 0xe8, 0x39, 0xc8, 0x39,
    0xe8, 0x39, 0xe8, 0x39, 0xe8, 0x39, 0xe8, 0x39, 0xe8, 0x39, 0xe8, 0x39,
    0xc8, 0x39, 0xe8, 0x39, 0xe8, 0x39, 0xe8, 0x39, 0xe8, 0x39, 0xe8, 0x39,
    0xe8, 0x39, 0xe8, 0x39, 0xe8, 0x39, 0xe9, 0x39, 0xe9, 0x39, 0xe9, 0x39,
    0xe8, 0x39, 0xe8, 0x41, 0xe9, 0x39, 0xe8, 0x39, 0x08, 0x42, 0xe8, 0x39,
    0x08, 0x42, 0x09, 0x42, 0x09, 0x42, 0xe8, 0x39, 0x09, 0x42, 0x09, 0x42,
    0x09, 0x42, 0x09, 0x42, 0x09, 0x42, 0x09, 0x42, 0x09, 0x42, 0x09, 0x42,
    0x09, 0x42, 0x09, 0x42, 0x08, 0x42, 0x09, 0x42, 0xe8, 0x39, 0xe8, 0x39,
    0xe8, 0x39, 0xc8, 0x31, 0xc7, 0x39, 0xe8, 0x39, 0xc8, 0x39, 0xc8, 0x39,
    0xc7, 0x31, 0xc8, 0x39, 0xc8, 0x39, 0xc8, 0x39, 0xc8, 0x39, 0xc8, 0x39,
    0xe4, 0x18, 0xe4, 0x18, 0xe4, 0x20, 0x04, 0x21, 0xe4, 0x18, 0xe4, 0x18,
    0xe4, 0x18, 0xe4, 0x18, 0xe4, 0x18, 0xe4, 0x18, 0xe4, 0x18, 0xe5, 0x18,
    0x05, 0x21, 0x05, 0x21, 0x25, 0x21, 0x05, 0x21, 0x04, 0x21, 0x05, 0x19,
    0x05, 0x19, 0x25, 0x21, 0x25, 0x21, 0x25, 0x21, 0x25, 0x21, 0x25, 0x21,
    0x05, 0x21, 0x25, 0x21, 0x25, 0x21, 0x26, 0x29, 0x25, 0x21, 0x25, 0x21,
    0x26, 0x29, 0x45, 0x21, 0x25, 0x21, 0x46, 0x29, 0x25, 0x21, 0x45, 0x21,
    0x25, 0x21, 0x46, 0x29, 0x25, 0x21, 0x25, 0x21, 0x05, 0x21, 0x25, 0x21,
    0x05, 0x21, 0x05, 0x21, 0x25, 0x21, 0x25, 0x21, 0x05, 0x21, 0x25, 0x21,
    0x25, 0x21, 0x25, 0x21, 0x25, 0x21, 0x05, 0x21, 0x25, 0x21, 0x26, 0x29,
    0x25, 0x21, 0x25, 0x21, 0x25, 0x21, 0x25, 0x29, 0x26, 0x21, 0x25, 0x29,
    0x46, 0x29, 0x46, 0x29, 0x25, 0x21, 0x25, 0x21, 0x25, 0x21, 0x26, 0x29,
    0x25, 0x21, 0x46, 0x29, 0x25, 0x21, 0x25, 0x21, 0x25, 0x21, 0x25, 0x21,
    0x45, 0x21, 0x46, 0x29, 0x25, 0x21, 0x46, 0x29, 0x46, 0x29, 0x46, 0x29,
    0x46, 0x29, 0x45, 0x21, 0x25, 0x21, 0x25, 0x21, 0x25, 0x21, 0x46, 0x29,
    0x45, 0x21, 0x46, 0x29, 0x45, 0x21, 0x46, 0x29, 0x25, 0x21, 0x46, 0x29,
    0x46, 0x29, 0x46, 0x21, 0x45, 0x29, 0x46, 0x29, 0x66, 0x29, 0x45, 0x29,
    0x66, 0x29, 0x45, 0x21, 0x46, 0x29, 0x46, 0x29, 0x45, 0x21, 0x66, 0x29,
    0x46, 0x29, 0x66, 0x29, 0x46, 0x29, 0x46, 0x29, 0x46, 0x29, 0x66, 0x29,
    0x46, 0x29, 0x46, 0x29, 0x66, 0x29, 0x66, 0x29, 0x66, 0x29, 0x46, 0x29,
    0x66, 0x29, 0x66, 0x29, 0x46, 0x29, 0x46, 0x29, 0x66, 0x29, 0x46, 0x29,
    0x66, 0x29, 0x87, 0x31, 0x67, 0x29, 0x66, 0x29, 0x66, 0x31, 0x66, 0x29,
    0x66, 0x29, 0x66, 0x29, 0x66, 0x29, 0x87, 0x31, 0x66, 0x29, 0x66, 0x29,
    0x66, 0x29, 0x66, 0x29, 0x66, 0x29, 0x86, 0x29, 0x66, 0x29, 0x66, 0x29,
    0x87, 0x31, 0x86, 0x29, 0x86, 0x31, 0x67, 0x29, 0x66, 0x29, 0x87, 0x31,
    0x87, 0x31, 0x86, 0x29, 0x66, 0x29, 0x86, 0x31, 0x87, 0x31, 0x86, 0x29,
    0x87, 0x31, 0x86, 0x31, 0x87, 0x29, 0x87, 0x31, 0xa7, 0x31, 0x86, 0x29,
    0x86, 0x29, 0x87, 0x31, 0x87, 0x31, 0xa7, 0x31, 0xc8, 0x39, 0xc8, 0x39,
    0xc7, 0x31, 0xc8, 0x39, 0xe8, 0x39, 0xc7, 0x31, 0xc8, 0x39, 0xc8, 0x39,
    0xc8, 0x39, 0xe8, 0x39, 0xe8, 0x39, 0xc8, 0x39, 0xc7, 0x31, 0xe8, 0x39,
    0xe8, 0x39, 0xc8, 0x39, 0xe8, 0x39, 0xc8, 0x31, 0xe8, 0x39, 0xe8, 0x39,
    0xe8, 0x39, 0xe8, 0x39, 0xe8, 0x39, 0xe8, 0x39, 0xe8, 0x39, 0xe8, 0x39,
    0xe8, 0x39, 0xe8, 0x39, 0xe8, 0x39, 0xe9, 0x39, 0xe8, 0x39, 0xe8, 0x39,
    0xe9, 0x39, 0x09, 0x3a, 0xe8, 0x39, 0xe9, 0x39, 0xe9, 0x39, 0x08, 0x3a,
    0x09, 0x42, 0x09, 0x3a, 0x09, 0x42, 0x08, 0x42, 0x09, 0x42, 0xe8, 0x39,
    0x09, 0x42, 0x08, 0x3a, 0x08, 0x3a, 0x09, 0x42, 0x09, 0x42, 0x09, 0x42,
    0x09, 0x42, 0x08, 0x3a, 0x09, 0x3a, 0x09, 0x42, 0x08, 0x3a, 0x08, 0x3a,
    0x09, 0x42, 0x09, 0x42, 0x08, 0x3a, 0x29, 0x42, 0x08, 0x42, 0x09, 0x42,
    0x08, 0x3a, 0x09, 0x42, 0x09, 0x42, 0x08, 0x3a, 0x08, 0x3a, 0xe8, 0x39,
    0xe8, 0x39, 0xe8, 0x39, 0xe8, 0x39, 0xe8, 0x39, 0xc8, 0x39, 0xc8, 0x39,
    0xe8, 0x39, 0xe8, 0x39, 0xc8, 0x39, 0xe8, 0x39, 0xe8, 0x39, 0xc8, 0x39,
    0xe4, 0x18, 0xe4, 0x18, 0xe4, 0x18, 0xe4, 0x18, 0xe4, 0x18, 0x04, 0x21,
    0xe4, 0x18, 0xe4, 0x20, 0xe4, 0x18, 0xe4, 0x18, 0xe4, 0x20, 0xe4, 0x18,
    0x25, 0x21, 0x25, 0x21, 0x25, 0x21, 0x25, 0x21, 0x25, 0x21, 0x25, 0x21,
    0x25, 0x21, 0x25, 0x21, 0x25, 0x21, 0x05, 0x21, 0x25, 0x21, 0x25, 0x21,
    0x25, 0x21, 0x25, 0x21, 0x25, 0x21, 0x25, 0x21, 0x25, 0x21, 0x25, 0x21,
    0x46, 0x29, 0x46, 0x29, 0x25, 0x21, 0x25, 0x21, 0x45, 0x21, 0x25, 0x21,
    0x25, 0x21, 0x05, 0x21, 0x25, 0x21, 0x05, 0x21, 0x05, 0x21, 0x25, 0x21,
    0x25, 0x21, 0x25, 0x21, 0x25, 0x21, 0x25, 0x21, 0x05, 0x21, 0x05, 0x21,
    0x25, 0x21, 0x05, 0x21, 0x05, 0x21, 0x25, 0x21, 0x25, 0x21, 0x25, 0x21,
    0x25, 0x21, 0x25, 0x21, 0x25, 0x21, 0x25, 0x21, 0x25, 0x21, 0x25, 0x21,
    0x46, 0x21, 0x25, 0x21, 0x25, 0x21, 0x25, 0x29, 0x26, 0x21, 0x25, 0x21,
    0x25, 0x21, 0x25, 0x21, 0x46, 0x29, 0x25, 0x21, 0x25, 0x21, 0x46, 0x29,
    0x25, 0x21, 0x25, 0x21, 0x25, 0x21, 0x46, 0x29, 0x25, 0x21, 0x25, 0x21,
    0x46, 0x29, 0x46, 0x29, 0x25, 0x21, 0x46, 0x29, 0x25, 0x21, 0x46, 0x21,
    0x46, 0x29, 0x46, 0x29, 0x46, 0x29, 0x45, 0x21, 0x46, 0x29, 0x46, 0x29,
    0x46, 0x29, 0x46, 0x29, 0x66, 0x29, 0x66, 0x29, 0x45, 0x21, 0x45, 0x21,
    0x46, 0x21, 0x46, 0x29, 0x45, 0x29, 0x46, 0x29, 0x46, 0x21, 0x46, 0x29,
    0x66, 0x29, 0x46, 0x29, 0x66, 0x29, 0x46, 0x29, 0x46, 0x29, 0x46, 0x29,
    0x66, 0x29, 0x66, 0x29, 0x46, 0x29, 0x46, 0x29, 0x66, 0x29, 0x66, 0x29,
    0x66, 0x29, 0x66, 0x29, 0x46, 0x29, 0x66, 0x29, 0x66, 0x29, 0x66, 0x29,
    0x66, 0x29, 0x66, 0x29, 0x66, 0x29, 0x66, 0x29, 0x66, 0x29, 0x66, 0x29,
    0x66, 0x29, 0x66, 0x29, 0x66, 0x29, 0x66, 0x29, 0x66, 0x29, 0x87, 0x31,
    0x87, 0x31, 0x66, 0x29, 0x87, 0x31, 0x66, 0x29, 0x66, 0x31, 0x87, 0x31,
    0x66, 0x29, 0x87, 0x29, 0x87, 0x31, 0x66, 0x31, 0x87, 0x31, 0x86, 0x29,
    0x87, 0x31, 0x87, 0x31, 0x87, 0x31, 0x87, 0x31, 0x86, 0x29, 0x87, 0x31,
    0x87, 0x31, 0x86, 0x29, 0x86, 0x31, 0x87, 0x31, 0x86, 0x29, 0x87, 0x31,
    0x87, 0x31, 0xa7, 0x31, 0xa7, 0x31, 0xa7, 0x31, 0xc8, 0x39, 0xc8, 0x39,
    0xc8, 0x39, 0xc8, 0x31, 0xe8, 0x39, 0xe8, 0x39, 0xc8, 0x39, 0xc7, 0x31,
    0xe8, 0x39, 0xe8, 0x39, 0xe8, 0x39, 0xe8, 0x39, 0xc8, 0x39, 0xc8, 0x39,
    0xe8, 0x39, 0xe8, 0x39, 0xe8, 0x39, 0x08, 0x3a, 0x08, 0x3a, 0xe8, 0x39,
    0xe8, 0x39, 0xe8, 0x39, 0xe8, 0x39, 0xe8, 0x39, 0xe8, 0x39, 0xe8, 0x39,
    0xe9, 0x39, 0xe8, 0x39, 0xe8, 0x39, 0x09, 0x42, 0x09, 0x42, 0x08, 0x3a,
    0x09, 0x42, 0x08, 0x3a, 0xe8, 0x39, 0xe8, 0x41, 0x08, 0x3a, 0x09, 0x42,
    0xe8, 0x39, 0xe8, 0x39, 0x09, 0x3a, 0x09, 0x42, 0xe8, 0x39, 0x08, 0x42,
    0x09, 0x42, 0x09, 0x42, 0x08, 0x3a, 0x09, 0x42, 0x09, 0x42, 0x08, 0x3a,
    0x09, 0x42, 0x09, 0x42, 0xe8, 0x39, 0x08, 0x42, 0x09, 0x42, 0xe8, 0x39,
    0xe8, 0x39, 0x09, 0x42, 0x09, 0x42, 0x09, 0x42, 0x08, 0x3a, 0x08, 0x3a,
    0x09, 0x42, 0x09, 0x42, 0x09, 0x3a, 0x09, 0x42, 0x08, 0x3a, 0x09, 0x42,
    0xe8, 0x39, 0xe8, 0x39, 0xe8, 0x39, 0xe8, 0x39, 0xe8, 0x39, 0xe8, 0x39,
    0xc8, 0x39, 0xc8, 0x39, 0xc7, 0x31, 0xe8, 0x39, 0xe8, 0x39, 0xc7, 0x31,
    0xe4, 0x18, 0xe4, 0x20, 0xe4, 0x18, 0xe4, 0x18, 0xe4, 0x20, 0x05, 0x21,
    0xe4, 0x18, 0xe4, 0x18, 0xe4, 0x18, 0xe4, 0x18, 0x05, 0x21, 0x05, 0x21,
    0x25, 0x21, 0x05, 0x21, 0x05, 0x21, 0x05, 0x19, 0x25, 0x21, 0x25, 0x21,
    0x05, 0x21, 0x25, 0x21, 0x25, 0x21, 0x25, 0x21, 0x05, 0x21, 0x25, 0x21,
    0x25, 0x21, 0x05, 0x21, 0x25, 0x21, 0x25, 0x21, 0x25, 0x21, 0x46, 0x29,
    0x25, 0x21, 0x25, 0x21, 0x25, 0x21, 0x26, 0x29, 0x25, 0x21, 0x25, 0x21,
    0x05, 0x21, 0x05, 0x21, 0x05, 0x21, 0x25, 0x21, 0x05, 0x21, 0x25, 0x21,
    0x05, 0x21, 0x25, 0x21, 0x05, 0x21, 0x25, 0x21, 0x05, 0x21, 0x25, 0x21,
    0x25, 0x21, 0x25, 0x21, 0x25, 0x21, 0x25, 0x21, 0x25, 0x21, 0x25, 0x21,
    0x05, 0x21, 0x05, 0x21, 0x25, 0x21, 0x25, 0x21, 0x25, 0x21, 0x25, 0x21,
    0x25, 0x21, 0x25, 0x21, 0x25, 0x21, 0x25, 0x21, 0x46, 0x29, 0x25, 0x21,
    0x25, 0x21, 0x25, 0x21, 0x25, 0x21, 0x25, 0x21, 0x26, 0x29, 0x46, 0x29,
    0x25, 0x21, 0x46, 0x29, 0x25, 0x21, 0x45, 0x21, 0x25, 0x21, 0x45, 0x21,
    0x25, 0x21, 0x25, 0x21, 0x25, 0x21, 0x46, 0x29, 0x45, 0x29, 0x25, 0x21,
    0x25, 0x21, 0x46, 0x29, 0x45, 0x21, 0x46, 0x29, 0x46, 0x29, 0x45, 0x21,
    0x45, 0x21, 0x45, 0x21, 0x46, 0x21, 0x46, 0x29, 0x46, 0x29, 0x46, 0x29,
    0x45, 0x21, 0x46, 0x29, 0x66, 0x29, 0x45, 0x21, 0x46, 0x29, 0x45, 0x29,
    0x46, 0x29, 0x66, 0x29, 0x66, 0x29, 0x66, 0x29, 0x66, 0x29, 0x66, 0x29,
    0x45, 0x21, 0x66, 0x29, 0x66, 0x29, 0x66, 0x29, 0x66, 0x29, 0x66, 0x29,
    0x66, 0x29, 0x66, 0x29, 0x66, 0x29, 0x66, 0x29, 0x66, 0x29, 0x66, 0x29,
    0x66, 0x29, 0x66, 0x29, 0x66, 0x29, 0x66, 0x29, 0x66, 0x29, 0x67, 0x29,
    0x66, 0x29, 0x66, 0x31, 0x67, 0x29, 0x66, 0x29, 0x66, 0x29, 0x67, 0x29,
    0x87, 0x31, 0x86, 0x29, 0x87, 0x29, 0x66, 0x29, 0x87, 0x31, 0x87, 0x31,
    0x66, 0x29, 0x86, 0x29, 0x86, 0x29, 0x87, 0x31, 0x86, 0x29, 0x87, 0x31,
    0x87, 0x31, 0x66, 0x29, 0x86, 0x29, 0x87, 0x31, 0x86, 0x29, 0x87, 0x31,
    0x87, 0x31, 0x87, 0x29, 0x87, 0x31, 0x86, 0x29, 0x87, 0x31, 0xa7, 0x31,
    0x86, 0x29, 0x87, 0x31, 0x86, 0x29, 0x87, 0x31, 0xe8, 0x39, 0xe8, 0x39,
    0xe8, 0x39, 0xe8, 0x39, 0xe8, 0x39, 0xc8, 0x39, 0xe8, 0x39, 0xe8, 0x39,
    0xe8, 0x39, 0xe8, 0x39, 0xe8, 0x39, 0xe8, 0x39, 0xe8, 0x39, 0x08, 0x3a,
    0xe8, 0x39, 0xe8, 0x39, 0x08, 0x3a, 0xe8, 0x41, 0xe9, 0x41, 0xe8, 0x39,
    0xe8, 0x39, 0xe8, 0x39, 0xe9, 0x39, 0x08, 0x3a, 0xe9, 0x39, 0xe8, 0x41,
    0xe8, 0x39, 0x09, 0x3a, 0xe8, 0x39, 0x08, 0x42, 0xe8, 0x39, 0x09, 0x3a,
    0xe8, 0x39, 0xe8, 0x41, 0x09, 0x3a, 0x08, 0x3a, 0xe8, 0x41, 0x09, 0x42,
    0x09, 0x42, 0x08, 0x3a, 0x09, 0x42, 0x08, 0x3a, 0x09, 0x3a, 0x08, 0x3a,
    0x09, 0x42, 0xe8, 0x39, 0x09, 0x42, 0x08, 0x3a, 0x09, 0x3a, 0xe8, 0x39,
    0x08, 0x42, 0x09, 0x3a, 0x09, 0x42, 0x08, 0x3a, 0x09, 0x42, 0x09, 0x42,
    0x09, 0x42, 0x08, 0x3a, 0x09, 0x42, 0x09, 0x42, 0x09, 0x3a, 0x08, 0x3a,
    0x09, 0x42, 0x09, 0x42, 0x29, 0x42, 0x09, 0x42, 0x09, 0x42, 0x09, 0x42,
    0x09, 0x42, 0xe8, 0x39, 0xe8, 0x39, 0xe8, 0x39, 0xe8, 0x39, 0xe8, 0x39,
    0xe8, 0x39, 0xe8, 0x39, 0xe8, 0x39, 0xe8, 0x39, 0xc8, 0x39, 0xe8, 0x39,
    0xe4, 0x18, 0xe4, 0x18, 0xe4, 0x18, 0xe4, 0x20, 0x04, 0x19, 0xe4, 0x18,
    0xe4, 0x18, 0xe4, 0x18, 0xe4, 0x20, 0x05, 0x21, 0xe4, 0x18, 0x05, 0x21,
    0x25, 0x21, 0x25, 0x21, 0x05, 0x21, 0x25, 0x21, 0x05, 0x21, 0x25, 0x21,
    0x04, 0x21, 0x25, 0x21, 0x25, 0x21, 0x25, 0x21, 0x25, 0x21, 0x25, 0x21,
    0x25, 0x21, 0x25, 0x21, 0x25, 0x21, 0x46, 0x29, 0x25, 0x21, 0x25, 0x21,
    0x25, 0x21, 0x25, 0x21, 0x45, 0x21, 0x25, 0x21, 0x25, 0x21, 0x05, 0x21,
    0x05, 0x21, 0x04, 0x19, 0x05, 0x21, 0x05, 0x21, 0x04, 0x19, 0x04, 0x19,
    0x05, 0x21, 0x05, 0x21, 0x25, 0x21, 0x25, 0x21, 0x25, 0x21, 0x05, 0x21,
    0x25, 0x21, 0x05, 0x21, 0x25, 0x21, 0x25, 0x21, 0x25, 0x21, 0x25, 0x21,
    0x25, 0x21, 0x25, 0x21, 0x25, 0x21, 0x25, 0x21, 0x25, 0x21, 0x25, 0x21,
    0x25, 0x21, 0x26, 0x29, 0x25, 0x21, 0x25, 0x21, 0x25, 0x21, 0x46, 0x29,
    0x25, 0x21, 0x25, 0x21, 0x25, 0x21, 0x25, 0x21, 0x25, 0x21, 0x46, 0x29,
    0x25, 0x21, 0x25, 0x21, 0x25, 0x21, 0x46, 0x29, 0x25, 0x21, 0x46, 0x29,
    0x46, 0x29, 0x45, 0x21, 0x46, 0x29, 0x46, 0x29, 0x46, 0x29, 0x45, 0x21,
    0x46, 0x29, 0x25, 0x21, 0x46, 0x29, 0x45, 0x29, 0x46, 0x21, 0x46, 0x29,
    0x25, 0x21, 0x46, 0x29, 0x46, 0x29, 0x45, 0x21, 0x46, 0x29, 0x46, 0x29,
    0x46, 0x29, 0x46, 0x29, 0x46, 0x29, 0x66, 0x29, 0x45, 0x21, 0x46, 0x29,
    0x45, 0x21, 0x46, 0x21, 0x46, 0x29, 0x65, 0x29, 0x66, 0x29, 0x46, 0x29,
    0x46, 0x29, 0x66, 0x29, 0x46, 0x29, 0x66, 0x29, 0x46, 0x29, 0x46, 0x29,
    0x66, 0x29, 0x66, 0x29, 0x66, 0x29, 0x66, 0x29, 0x66, 0x29, 0x66, 0x29,
    0x66, 0x29, 0x67, 0x31, 0x66, 0x29, 0x66, 0x29, 0x66, 0x29, 0x66, 0x31,
    0x66, 0x29, 0x66, 0x29, 0x66, 0x29, 0x66, 0x31, 0x66, 0x29, 0x66, 0x29,
    0x66, 0x29, 0x66, 0x29, 0x66, 0x29, 0x86, 0x31, 0x86, 0x29, 0x67, 0x29,
    0x86, 0x31, 0x66, 0x29, 0x67, 0x29, 0x66, 0x29, 0x86, 0x29, 0x87, 0x31,
    0x87, 0x31, 0x87, 0x31, 0x87, 0x31, 0x86, 0x29, 0x87, 0x29, 0x86, 0x31,
    0x86, 0x31, 0x87, 0x29, 0x87, 0x31, 0x86, 0x31, 0x87, 0x29, 0x87, 0x31,
    0x86, 0x31, 0x86, 0x29, 0x87, 0x29, 0x86, 0x29, 0xe8, 0x39, 0xe8, 0x39,
    0xe8, 0x39, 0xc8, 0x39, 0xc8, 0x39, 0xe8, 0x39, 0xe8, 0x39, 0xe8, 0x39,
    0xe8, 0x39, 0xe8, 0x39, 0xe8, 0x39, 0xe8, 0x39, 0xe8, 0x39, 0xe8, 0x39,
    0xe8, 0x39, 0x08, 0x3a, 0x09, 0x3a, 0xe8, 0x39, 0xe8, 0x39, 0x09, 0x3a,
    0xe8, 0x41, 0x09, 0x42, 0xe8, 0x39, 0x08, 0x42, 0x08, 0x3a, 0x09, 0x3a,
    0x08, 0x42, 0xe8, 0x41, 0x09, 0x3a, 0x09, 0x42, 0x08, 0x3a, 0xe8, 0x39,
    0x09, 0x42, 0xe8, 0x41, 0x09, 0x3a, 0xe8, 0x39, 0x09, 0x42, 0x09, 0x42,
    0x09, 0x3a, 0x09, 0x42, 0x08, 0x42, 0x08, 0x42, 0xe8, 0x39, 0xe9, 0x39,
    0x09, 0x42, 0x08, 0x3a, 0x09, 0x42, 0x08, 0x42, 0x08, 0x3a, 0x09, 0x42,
    0x09, 0x42, 0x09, 0x42, 0x08, 0x3a, 0x09, 0x42, 0x09, 0x42, 0x08, 0x3a,
    0x09, 0x42, 0x08, 0x3a, 0x08, 0x3a, 0x09, 0x42, 0x09, 0x42, 0x09, 0x42,
    0x08, 0x42, 0x09, 0x42, 0x08, 0x3a, 0x08, 0x3a, 0x08, 0x3a, 0x09, 0x42,
    0x29, 0x42, 0x09, 0x42, 0xe8, 0x39, 0xe8, 0x39, 0xe8, 0x39, 0xe8, 0x39,
    0xe8, 0x39, 0x08, 0x3a, 0xe8, 0x39, 0x08, 0x3a, 0xe8, 0x39, 0xe8, 0x39,
    0xc4, 0x18, 0xe4, 0x18, 0xe4, 0x18, 0xe4, 0x18, 0xe4, 0x18, 0xe4, 0x18,
    0xe4, 0x18, 0xe4, 0x18, 0xe4, 0x20, 0xe4, 0x18, 0xe4, 0x18, 0x05, 0x21,
    0x25, 0x21, 0x25, 0x21, 0x25, 0x21, 0x25, 0x21, 0x25, 0x21, 0x25, 0x21,
    0x25, 0x21, 0x25, 0x21, 0x25, 0x21, 0x25, 0x21, 0x25, 0x21, 0x25, 0x21,
    0x25, 0x21, 0x25, 0x21, 0x25, 0x21, 0x25, 0x21, 0x25, 0x21, 0x25, 0x29,
    0x25, 0x21, 0x25, 0x21, 0x05, 0x21, 0x05, 0x21, 0x05, 0x21, 0x25, 0x21,
    0x25, 0x21, 0x05, 0x21, 0x04, 0x19, 0x05, 0x21, 0x25, 0x21, 0x05, 0x21,
    0x05, 0x21, 0x04, 0x19, 0x05, 0x21, 0x25, 0x21, 0x05, 0x21, 0x05, 0x21,
    0x25, 0x21, 0x05, 0x21, 0x25, 0x21, 0x05, 0x21, 0x05, 0x21, 0x25, 0x21,
    0x25, 0x29, 0x05, 0x21, 0x25, 0x21, 0x25, 0x21, 0x26, 0x29, 0x25, 0x21,
    0x05, 0x21, 0x25, 0x21, 0x45, 0x29, 0x46, 0x21, 0x25, 0x21, 0x25, 0x21,
    0x25, 0x21, 0x25, 0x21, 0x25, 0x21, 0x25, 0x21, 0x45, 0x21, 0x45, 0x21,
    0x46, 0x29, 0x25, 0x21, 0x46, 0x29, 0x25, 0x21, 0x25, 0x21, 0x25, 0x21,
    0x26, 0x29, 0x46, 0x29, 0x45, 0x21, 0x25, 0x21, 0x25, 0x21, 0x45, 0x21,
    0x46, 0x29, 0x45, 0x21, 0x45, 0x21, 0x46, 0x21, 0x45, 0x29, 0x45, 0x21,
    0x46, 0x29, 0x46, 0x29, 0x45, 0x21, 0x45, 0x29, 0x46, 0x21, 0x45, 0x21,
    0x46, 0x29, 0x45, 0x21, 0x46, 0x29, 0x66, 0x29, 0x46, 0x29, 0x46, 0x29,
    0x46, 0x21, 0x46, 0x29, 0x66, 0x29, 0x45, 0x21, 0x66, 0x29, 0x66, 0x29,
    0x46, 0x29, 0x66, 0x29, 0x46, 0x21, 0x45, 0x29, 0x46, 0x29, 0x66, 0x29,
    0x66, 0x29, 0x66, 0x29, 0x66, 0x29, 0x66, 0x29, 0x66, 0x29, 0x67, 0x31,
    0x66, 0x29, 0x66, 0x29, 0x66, 0x29, 0x66, 0x29, 0x66, 0x29, 0x66, 0x29,
    0x66, 0x29, 0x67, 0x29, 0x87, 0x31, 0x86, 0x29, 0x87, 0x31, 0x86, 0x31,
    0x66, 0x29, 0x66, 0x29, 0x66, 0x31, 0x66, 0x29, 0x87, 0x29, 0x66, 0x29,
    0x87, 0x31, 0x66, 0x29, 0x66, 0x29, 0x87, 0x31, 0x66, 0x29, 0x86, 0x29,
    0x86, 0x29, 0x87, 0x31, 0x87, 0x31, 0x86, 0x31, 0x87, 0x29, 0x66, 0x29,
    0x87, 0x31, 0x87, 0x31, 0x86, 0x29, 0x87, 0x31, 0x87, 0x31, 0x86, 0x29,
    0x66, 0x29, 0x67, 0x31, 0x86, 0x29, 0x87, 0x31, 0xe8, 0x39, 0xe8, 0x39,
    0xe8, 0x39, 0xe8, 0x39, 0xe8, 0x39, 0xc8, 0x39, 0xe8, 0x39, 0xe8, 0x39,
    0xc8, 0x39, 0xe8, 0x39, 0xe8, 0x39, 0xe8, 0x39, 0xe8, 0x39, 0xe8, 0x39,
    0xe8, 0x39, 0xe8, 0x39, 0x09, 0x42, 0x09, 0x42, 0xe8, 0x39, 0xe8, 0x39,
    0x08, 0x3a, 0x09, 0x3a, 0x09, 0x42, 0xe8, 0x39, 0xe8, 0x39, 0x09, 0x42,
    0xe8, 0x39, 0xe8, 0x39, 0x08, 0x3a, 0xe9, 0x41, 0x09, 0x42, 0xe8, 0x39,
    0x09, 0x42, 0xe8, 0x39, 0x08, 0x3a, 0x09, 0x42, 0x09, 0x42, 0xe8, 0x39,
    0x08, 0x3a, 0x08, 0x3a, 0xe9, 0x39, 0x09, 0x42, 0x08, 0x42, 0x09, 0x42,
    0x09, 0x42, 0xe8, 0x39, 0x09, 0x3a, 0x09, 0x42, 0x09, 0x42, 0x08, 0x3a,
    0x09, 0x42, 0x09, 0x42, 0x09, 0x42, 0x08, 0x3a, 0x09, 0x42, 0x09, 0x42,
    0x09, 0x42, 0x09, 0x42, 0x09, 0x42, 0x09, 0x42, 0x08, 0x42, 0x09, 0x3a,
    0x08, 0x3a, 0x29, 0x42, 0x29, 0x42, 0x09, 0x42, 0x09, 0x42, 0x29, 0x42,
    0x08, 0x3a, 0x09, 0x42, 0x09, 0x42, 0x08, 0x3a, 0xe8, 0x39, 0xe9, 0x41,
    0x09, 0x3a, 0x08, 0x42, 0xe8, 0x39, 0xe8, 0x39, 0x09, 0x42, 0xe8, 0x39,
    0xc4, 0x18, 0xc4, 0x18, 0xe4, 0x18, 0xe4, 0x18, 0xc4, 0x18, 0xe4, 0x18,
    0xe4, 0x20, 0xe4, 0x20, 0xe4, 0x18, 0xe4, 0x18, 0x05, 0x21, 0x25, 0x21,
    0x25, 0x21, 0x25, 0x21, 0x25, 0x21, 0x05, 0x21, 0x25, 0x21, 0x25, 0x21,
    0x25, 0x21, 0x25, 0x21, 0x05, 0x21, 0x25, 0x21, 0x25, 0x21, 0x05, 0x21,
    0x25, 0x21, 0x25, 0x21, 0x26, 0x29, 0x25, 0x21, 0x25, 0x21, 0x25, 0x21,
    0x05, 0x21, 0x05, 0x21, 0x05, 0x21, 0x05, 0x21, 0x05, 0x21, 0x25, 0x21,
    0x04, 0x21, 0x05, 0x21, 0x25, 0x21, 0x05, 0x21, 0x25, 0x21, 0x25, 0x21,
    0x05, 0x21, 0x25, 0x21, 0x25, 0x21, 0x25, 0x21, 0x04, 0x19, 0x25, 0x21,
    0x25, 0x21, 0x25, 0x21, 0x05, 0x21, 0x05, 0x21, 0x25, 0x21, 0x25, 0x21,
    0x25, 0x21, 0x05, 0x21, 0x25, 0x21, 0x25, 0x21, 0x05, 0x21, 0x25, 0x21,
    0x25, 0x21, 0x25, 0x21, 0x25, 0x21, 0x26, 0x29, 0x25, 0x21, 0x25, 0x21,
    0x25, 0x29, 0x46, 0x29, 0x25, 0x21, 0x26, 0x29, 0x26, 0x29, 0x25, 0x21,
    0x25, 0x21, 0x25, 0x21, 0x25, 0x21, 0x46, 0x29, 0x25, 0x21, 0x45, 0x21,
    0x46, 0x29, 0x45, 0x21, 0x45, 0x21, 0x26, 0x21, 0x25, 0x21, 0x46, 0x29,
    0x25, 0x21, 0x46, 0x29, 0x46, 0x29, 0x25, 0x21, 0x25, 0x21, 0x46, 0x29,
    0x45, 0x21, 0x45, 0x21, 0x46, 0x29, 0x45, 0x29, 0x45, 0x21, 0x66, 0x29,
    0x46, 0x29, 0x45, 0x21, 0x45, 0x21, 0x46, 0x29, 0x46, 0x29, 0x45, 0x29,
    0x66, 0x29, 0x46, 0x29, 0x46, 0x29, 0x45, 0x21, 0x46, 0x29, 0x46, 0x29,
    0x45, 0x21, 0x66, 0x29, 0x66, 0x29, 0x45, 0x21, 0x66, 0x29, 0x66, 0x29,
    0x66, 0x29, 0x66, 0x29, 0x66, 0x29, 0x67, 0x29, 0x66, 0x29, 0x66, 0x29,
    0x66, 0x29, 0x66, 0x29, 0x66, 0x29, 0x66, 0x29, 0x66, 0x29, 0x67, 0x31,
    0x66, 0x29, 0x66, 0x29, 0x66, 0x29, 0x87, 0x29, 0x66, 0x29, 0x66, 0x29,
    0x87, 0x29, 0x87, 0x31, 0x87, 0x31, 0x87, 0x31, 0x66, 0x29, 0x66, 0x29,
    0x66, 0x31, 0x87, 0x29, 0x86, 0x31, 0x87, 0x31, 0x66, 0x29, 0x87, 0x31,
    0x86, 0x29, 0x66, 0x29, 0x87, 0x31, 0x87, 0x31, 0x87, 0x31, 0x86, 0x29,
    0x86, 0x29, 0x87, 0x31, 0x87, 0x31, 0x86, 0x29, 0x86, 0x29, 0x87, 0x31,
    0x87, 0x31, 0x66, 0x29, 0x87, 0x31, 0x87, 0x31, 0xe8, 0x39, 0xe8, 0x39,
    0xe8, 0x39, 0xe8, 0x39, 0xe8, 0x39, 0x08, 0x3a, 0xe8, 0x39, 0x09, 0x42,
    0xe8, 0x39, 0xe8, 0x39, 0x09, 0x42, 0xe8, 0x39, 0xe8, 0x39, 0xe9, 0x41,
    0xe9, 0x41, 0xe8, 0x39, 0x08, 0x42, 0xe8, 0x39, 0xe8, 0x39, 0xe8, 0x41,
    0x09, 0x3a, 0xe8, 0x39, 0xe8, 0x39, 0x09, 0x42, 0xe8, 0x39, 0x09, 0x42,
    0x09, 0x42, 0xe8, 0x39, 0x09, 0x42, 0xe8, 0x39, 0xe8, 0x39, 0x09, 0x42,
    0x08, 0x3a, 0x09, 0x42, 0x09, 0x42, 0x09, 0x42, 0x08, 0x3a, 0x09, 0x42,
    0x08, 0x42, 0x08, 0x3a, 0x09, 0x42, 0x09, 0x42, 0xe8, 0x39, 0x08, 0x3a,
    0x08, 0x42, 0x09, 0x42, 0x08, 0x3a, 0x09, 0x42, 0x09, 0x42, 0x08, 0x3a,
    0x09, 0x42, 0x09, 0x42, 0x08, 0x3a, 0x09, 0x42, 0x08, 0x3a, 0x09, 0x42,
    0x29, 0x42, 0x09, 0x42, 0x09, 0x42, 0x29, 0x42, 0x29, 0x42, 0x09, 0x42,
    0x29, 0x42, 0x08, 0x42, 0x09, 0x42, 0x29, 0x42, 0x09, 0x42, 0x09, 0x42,
    0x29, 0x42, 0x08, 0x3a, 0x09, 0x42, 0x09, 0x42, 0xe8, 0x39, 0xe8, 0x39,
    0xe8, 0x39, 0x09, 0x42, 0xe8, 0x39, 0xe9, 0x39, 0xe8, 0x39, 0xe8, 0x39,
    0xe4, 0x18, 0xe4, 0x18, 0xe4, 0x20, 0xe4, 0x18, 0xe4, 0x18, 0xc4, 0x18,
    0xe4, 0x18, 0xe4, 0x18, 0xe4, 0x18, 0xe4, 0x18, 0x05, 0x21, 0x25, 0x21,
    0x05, 0x21, 0x25, 0x21, 0x05, 0x21, 0x25, 0x21, 0x25, 0x21, 0x25, 0x21,
    0x25, 0x21, 0x05, 0x21, 0x05, 0x21, 0x25, 0x21, 0x25, 0x21, 0x25, 0x21,
    0x25, 0x21, 0x25, 0x29, 0x25, 0x21, 0x25, 0x21, 0x25, 0x21, 0x05, 0x21,
    0x05, 0x21, 0x05, 0x21, 0x25, 0x21, 0x04, 0x19, 0x05, 0x19, 0x05, 0x21,
    0x05, 0x21, 0x04, 0x19, 0x05, 0x19, 0x05, 0x21, 0x04, 0x21, 0x04, 0x19,
    0x05, 0x21, 0x05, 0x21, 0x25, 0x21, 0x05, 0x21, 0x25, 0x21, 0x05, 0x21,
    0x25, 0x21, 0x05, 0x21, 0x25, 0x21, 0x25, 0x21, 0x05, 0x21, 0x05, 0x21,
    0x25, 0x21, 0x05, 0x21, 0x25, 0x21, 0x05, 0x21, 0x25, 0x21, 0x25, 0x21,
    0x25, 0x21, 0x25, 0x21, 0x25, 0x21, 0x25, 0x21, 0x25, 0x21, 0x25, 0x21,
    0x25, 0x21, 0x25, 0x21, 0x25, 0x21, 0x25, 0x21, 0x25, 0x21, 0x25, 0x21,
    0x25, 0x21, 0x25, 0x21, 0x45, 0x29, 0x25, 0x21, 0x25, 0x21, 0x46, 0x29,
    0x25, 0x21, 0x25, 0x21, 0x26, 0x29, 0x46, 0x29, 0x45, 0x21, 0x25, 0x21,
    0x46, 0x29, 0x25, 0x21, 0x46, 0x29, 0x25, 0x21, 0x46, 0x29, 0x46, 0x29,
    0x25, 0x21, 0x25, 0x21, 0x46, 0x29, 0x46, 0x21, 0x46, 0x29, 0x46, 0x29,
    0x46, 0x29, 0x46, 0x29, 0x45, 0x21, 0x66, 0x29, 0x46, 0x29, 0x45, 0x21,
    0x46, 0x29, 0x46, 0x29, 0x66, 0x29, 0x46, 0x29, 0x46, 0x29, 0x66, 0x29,
    0x66, 0x29, 0x66, 0x29, 0x46, 0x29, 0x46, 0x29, 0x66, 0x29, 0x46, 0x29,
    0x66, 0x29, 0x66, 0x29, 0x46, 0x29, 0x46, 0x29, 0x66, 0x29, 0x46, 0x29,
    0x66, 0x29, 0x67, 0x31, 0x66, 0x29, 0x66, 0x29, 0x66, 0x29, 0x66, 0x29,
    0x66, 0x29, 0x86, 0x31, 0x66, 0x29, 0x66, 0x29, 0x66, 0x29, 0x87, 0x31,
    0x66, 0x29, 0x66, 0x29, 0x66, 0x29, 0x86, 0x29, 0x66, 0x29, 0x87, 0x31,
    0x66, 0x29, 0x87, 0x31, 0x87, 0x29, 0x66, 0x29, 0x87, 0x31, 0x87, 0x31,
    0x66, 0x29, 0x87, 0x31, 0x86, 0x29, 0x86, 0x29, 0x87, 0x31, 0x87, 0x31,
    0x86, 0x29, 0x87, 0x31, 0x87, 0x31, 0x86, 0x31, 0x87, 0x29, 0x87, 0x31,
    0x86, 0x31, 0x87, 0x29, 0x86, 0x29, 0x87, 0x31, 0xe8, 0x39, 0xc8, 0x39,
    0xc8, 0x39, 0xe8, 0x39, 0xe8, 0x39, 0xe8, 0x39, 0xe8, 0x39, 0xe8, 0x39,
    0xe8, 0x39, 0xe8, 0x39, 0xe8, 0x39, 0x09, 0x42, 0xe8, 0x39, 0x08, 0x3a,
    0xe8, 0x39, 0xe8, 0x39, 0xe8, 0x39, 0xe8, 0x39, 0x09, 0x42, 0x09, 0x42,
    0xe8, 0x39, 0xe8, 0x41, 0x09, 0x42, 0x08, 0x3a, 0xe8, 0x39, 0x09, 0x42,
    0x08, 0x3a, 0xe8, 0x39, 0x09, 0x3a, 0x08, 0x3a, 0xe8, 0x39, 0x09, 0x42,
    0x09, 0x42, 0x08, 0x3a, 0x09, 0x42, 0x08, 0x3a, 0xe8, 0x39, 0x09, 0x42,
    0x09, 0x42, 0xe8, 0x39, 0x09, 0x3a, 0x09, 0x42, 0x08, 0x3a, 0x09, 0x42,
    0x09, 0x42, 0x09, 0x3a, 0x08, 0x42, 0x09, 0x42, 0x09, 0x42, 0x08, 0x3a,
    0x09, 0x42, 0x08, 0x3a, 0x08, 0x3a, 0x09, 0x42, 0x09, 0x42, 0x08, 0x3a,
    0x08, 0x3a, 0x29, 0x42, 0x08, 0x3a, 0x29, 0x42, 0x29, 0x42, 0x08, 0x3a,
    0x09, 0x42, 0x09, 0x42, 0x09, 0x3a, 0x09, 0x42, 0x08, 0x42, 0x09, 0x42,
    0x29, 0x42, 0x09, 0x42, 0x09, 0x42, 0x09, 0x42, 0x08, 0x3a, 0xe8, 0x39,
    0xe8, 0x39, 0x09, 0x42, 0xe8, 0x39, 0xe8, 0x39, 0x08, 0x42, 0x09, 0x3a,
    0xe4, 0x18, 0xe4, 0x18, 0xe4, 0x18, 0xe4, 0x18, 0xe4, 0x18, 0xe4, 0x20,
    0xe4, 0x20, 0xe4, 0x18, 0xe4, 0x18, 0xe4, 0x18, 0x05, 0x21, 0x25, 0x21,
    0x25, 0x21, 0x25, 0x21, 0x05, 0x21, 0x25, 0x21, 0x25, 0x21, 0x25, 0x21,
    0x05, 0x21, 0x25, 0x21, 0x25, 0x21, 0x25, 0x21, 0x25, 0x29, 0x25, 0x21,
    0x26, 0x21, 0x46, 0x29, 0x25, 0x21, 0x05, 0x21, 0x05, 0x21, 0x04, 0x21,
    0x04, 0x19, 0x05, 0x19, 0x05, 0x21, 0x05, 0x21, 0x04, 0x21, 0x05, 0x21,
    0x05, 0x21, 0x04, 0x19, 0x25, 0x21, 0x25, 0x21, 0x05, 0x21, 0x04, 0x19,
    0x05, 0x19, 0x25, 0x21, 0x05, 0x21, 0x04, 0x21, 0x05, 0x19, 0x05, 0x21,
    0x05, 0x21, 0x25, 0x21, 0x05, 0x21, 0x25, 0x21, 0x05, 0x21, 0x25, 0x21,
    0x25, 0x21, 0x25, 0x21, 0x25, 0x21, 0x25, 0x21, 0x25, 0x21, 0x25, 0x21,
    0x26, 0x29, 0x25, 0x21, 0x25, 0x21, 0x25, 0x21, 0x25, 0x21, 0x25, 0x21,
    0x25, 0x21, 0x26, 0x21, 0x25, 0x21, 0x25, 0x21, 0x25, 0x21, 0x25, 0x21,
    0x25, 0x21, 0x25, 0x21, 0x26, 0x21, 0x26, 0x21, 0x25, 0x21, 0x46, 0x29,
    0x25, 0x21, 0x25, 0x21, 0x25, 0x21, 0x46, 0x29, 0x45, 0x21, 0x25, 0x29,
    0x45, 0x21, 0x46, 0x29, 0x45, 0x21, 0x46, 0x29, 0x46, 0x29, 0x45, 0x21,
    0x46, 0x29, 0x46, 0x29, 0x45, 0x21, 0x25, 0x21, 0x25, 0x21, 0x45, 0x29,
    0x46, 0x29, 0x45, 0x21, 0x46, 0x29, 0x46, 0x29, 0x45, 0x21, 0x66, 0x29,
    0x45, 0x21, 0x45, 0x21, 0x66, 0x29, 0x66, 0x29, 0x46, 0x21, 0x66, 0x29,
    0x66, 0x29, 0x46, 0x29, 0x66, 0x29, 0x66, 0x29, 0x66, 0x29, 0x46, 0x29,
    0x46, 0x29, 0x66, 0x29, 0x66, 0x29, 0x66, 0x29, 0x66, 0x29, 0x66, 0x29,
    0x66, 0x29, 0x66, 0x29, 0x67, 0x31, 0x87, 0x31, 0x66, 0x29, 0x66, 0x29,
    0x66, 0x29, 0x87, 0x31, 0x66, 0x29, 0x66, 0x29, 0x66, 0x31, 0x87, 0x31,
    0x66, 0x29, 0x66, 0x29, 0x66, 0x29, 0x87, 0x31, 0x66, 0x29, 0x86, 0x29,
    0x66, 0x29, 0x66, 0x29, 0x66, 0x29, 0x86, 0x31, 0x87, 0x31, 0x66, 0x29,
    0x86, 0x29, 0x87, 0x31, 0x86, 0x29, 0x86, 0x29, 0x87, 0x31, 0xa7, 0x31,
    0x86, 0x29, 0x87, 0x31, 0x87, 0x31, 0x86, 0x29, 0x87, 0x31, 0x87, 0x31,
    0x86, 0x29, 0x66, 0x29, 0x87, 0x31, 0x87, 0x31, 0xe8, 0x39, 0xe8, 0x39,
    0xc8, 0x39, 0xe8, 0x39, 0xe8, 0x39, 0xe8, 0x39, 0xe8, 0x39, 0xe8, 0x39,
    0xe9, 0x41, 0xe8, 0x39, 0x08, 0x3a, 0xe8, 0x39, 0x09, 0x42, 0xe8, 0x39,
    0x08, 0x3a, 0xe9, 0x39, 0x09, 0x42, 0xe8, 0x39, 0xe8, 0x39, 0xe8, 0x39,
    0x09, 0x42, 0xe8, 0x39, 0x08, 0x3a, 0x09, 0x42, 0x09, 0x42, 0xe8, 0x39,
    0x08, 0x42, 0xe9, 0x39, 0x08, 0x42, 0xe8, 0x41, 0xe8, 0x39, 0x09, 0x3a,
    0x08, 0x42, 0xe8, 0x39, 0xe8, 0x39, 0x09, 0x42, 0x08, 0x3a, 0x09, 0x42,
    0x09, 0x3a, 0x08, 0x42, 0xe8, 0x39, 0xe8, 0x39, 0x09, 0x42, 0x09, 0x42,
    0x09, 0x3a, 0x08, 0x42, 0x09, 0x42, 0x09, 0x42, 0x08, 0x3a, 0x09, 0x42,
    0x09, 0x42, 0x09, 0x42, 0x09, 0x42, 0x09, 0x42, 0x09, 0x42, 0x09, 0x42,
    0x29, 0x42, 0x08, 0x3a, 0x09, 0x42, 0x09, 0x42, 0x09, 0x3a, 0x08, 0x42,
    0x09, 0x3a, 0x09, 0x42, 0x29, 0x42, 0x09, 0x3a, 0x09, 0x42, 0x08, 0x3a,
    0x29, 0x42, 0x09, 0x42, 0x08, 0x3a, 0x09, 0x42, 0x29, 0x42, 0x09, 0x42,
    0xe8, 0x39, 0xe8, 0x39, 0xe8, 0x39, 0xe8, 0x39, 0x09, 0x42, 0xe8, 0x39,
    0xe4, 0x18, 0xe4, 0x18, 0xe4, 0x18, 0xe4, 0x20, 0xc4, 0x18, 0xe4, 0x18,
    0xe4, 0x18, 0xe4, 0x18, 0xe4, 0x18, 0x04, 0x21, 0x05, 0x21, 0x05, 0x21,
    0x25, 0x21, 0x25, 0x21, 0x05, 0x21, 0x05, 0x21, 0x25, 0x21, 0x05, 0x21,
    0x25, 0x21, 0x25, 0x21, 0x25, 0x21, 0x25, 0x21, 0x25, 0x21, 0x25, 0x21,
    0x25, 0x21, 0x05, 0x21, 0x04, 0x21, 0x05, 0x19, 0x05, 0x21, 0x05, 0x21,
    0x05, 0x21, 0x05, 0x21, 0x04, 0x19, 0x05, 0x21, 0x04, 0x21, 0x25, 0x21,
    0x05, 0x19, 0x04, 0x21, 0x05, 0x21, 0x05, 0x21, 0x25, 0x21, 0x05, 0x21,
    0x25, 0x21, 0x04, 0x19, 0x04, 0x21, 0x25, 0x21, 0x25, 0x21, 0x04, 0x21,
    0x05, 0x21, 0x04, 0x19, 0x05, 0x21, 0x25, 0x21, 0x25, 0x21, 0x25, 0x21,
    0x25, 0x21, 0x05, 0x21, 0x25, 0x21, 0x25, 0x21, 0x25, 0x21, 0x25, 0x21,
    0x05, 0x21, 0x25, 0x21, 0x25, 0x21, 0x25, 0x21, 0x26, 0x29, 0x25, 0x21,
    0x46, 0x29, 0x45, 0x29, 0x46, 0x29, 0x46, 0x29, 0x25, 0x21, 0x26, 0x29,
    0x45, 0x29, 0x46, 0x29, 0x25, 0x21, 0x46, 0x29, 0x25, 0x21, 0x25, 0x21,
    0x46, 0x29, 0x45, 0x29, 0x25, 0x21, 0x46, 0x29, 0x46, 0x29, 0x25, 0x21,
    0x26, 0x21, 0x46, 0x29, 0x45, 0x29, 0x46, 0x21, 0x45, 0x21, 0x25, 0x21,
    0x46, 0x29, 0x46, 0x29, 0x45, 0x21, 0x46, 0x29, 0x46, 0x29, 0x46, 0x29,
    0x46, 0x29, 0x66, 0x29, 0x46, 0x21, 0x46, 0x29, 0x46, 0x29, 0x46, 0x29,
    0x46, 0x29, 0x45, 0x21, 0x46, 0x29, 0x66, 0x29, 0x46, 0x29, 0x46, 0x29,
    0x46, 0x29, 0x66, 0x29, 0x46, 0x29, 0x66, 0x29, 0x46, 0x29, 0x66, 0x29,
    0x66, 0x29, 0x66, 0x29, 0x66, 0x29, 0x66, 0x29, 0x46, 0x29, 0x66, 0x29,
    0x66, 0x29, 0x66, 0x29, 0x66, 0x29, 0x66, 0x29, 0x66, 0x29, 0x66, 0x29,
    0x67, 0x29, 0x66, 0x29, 0x66, 0x29, 0x66, 0x29, 0x66, 0x29, 0x66, 0x29,
    0x66, 0x29, 0x87, 0x31, 0x66, 0x29, 0x66, 0x29, 0x67, 0x31, 0x87, 0x29,
    0x66, 0x29, 0x87, 0x31, 0x87, 0x31, 0x86, 0x29, 0x87, 0x29, 0x66, 0x29,
    0x66, 0x29, 0x87, 0x31, 0x87, 0x31, 0x87, 0x31, 0x87, 0x31, 0x87, 0x31,
    0x87, 0x31, 0x87, 0x31, 0x86, 0x29, 0x87, 0x31, 0x87, 0x31, 0x86, 0x31,
    0x87, 0x29, 0x86, 0x31, 0x87, 0x31, 0x86, 0x29, 0xc8, 0x39, 0xe8, 0x39,
    0xe8, 0x39, 0xe8, 0x39, 0xe8, 0x39, 0xe8, 0x39, 0xe8, 0x39, 0xe8, 0x39,
    0xe8, 0x39, 0xe8, 0x39, 0xe8, 0x39, 0xe8, 0x39, 0xe8, 0x39, 0xe8, 0x41,
    0xe8, 0x39, 0xe8, 0x39, 0xe8, 0x39, 0x09, 0x42, 0xe8, 0x39, 0x09, 0x3a,
    0xe8, 0x39, 0xe8, 0x39, 0xe8, 0x39, 0xe9, 0x39, 0xe8, 0x39, 0x09, 0x42,
    0xe8, 0x39, 0x09, 0x42, 0x08, 0x3a, 0x09, 0x42, 0x09, 0x42, 0x09, 0x42,
    0x08, 0x3a, 0x09, 0x3a, 0x09, 0x42, 0x08, 0x3a, 0x09, 0x42, 0x08, 0x3a,
    0x08, 0x42, 0x09, 0x42, 0x09, 0x42, 0x08, 0x3a, 0x08, 0x42, 0x09, 0x42,
    0x09, 0x3a, 0x08, 0x3a, 0x09, 0x42, 0x08, 0x3a, 0x09, 0x42, 0x08, 0x3a,
    0x08, 0x3a, 0x09, 0x42, 0x29, 0x42, 0x08, 0x3a, 0x09, 0x42, 0x29, 0x42,
    0x29, 0x42, 0x09, 0x42, 0x29, 0x42, 0x09, 0x42, 0x09, 0x42, 0x09, 0x42,
    0x08, 0x3a, 0x29, 0x42, 0x08, 0x42, 0x09, 0x42, 0x29, 0x42, 0x29, 0x42,
    0x09, 0x42, 0x29, 0x42, 0x29, 0x42, 0x29, 0x42, 0x29, 0x42, 0x09, 0x42,
    0x09, 0x42, 0xe8, 0x39, 0x09, 0x42, 0x09, 0x42, 0xe8, 0x39, 0xe8, 0x39,
    0xe4, 0x18, 0xe4, 0x18, 0xe4, 0x18, 0xc4, 0x18, 0xc4, 0x18, 0xe4, 0x18,
    0xe4, 0x18, 0xe4, 0x18, 0xe4, 0x20, 0x05, 0x21, 0x25, 0x21, 0x05, 0x21,
    0x04, 0x21, 0x25, 0x21, 0x25, 0x21, 0x25, 0x21, 0x25, 0x21, 0x25, 0x21,
    0x25, 0x21, 0x25, 0x21, 0x25, 0x21, 0x46, 0x29, 0x25, 0x21, 0x25, 0x21,
    0x05, 0x21, 0x04, 0x21, 0x04, 0x19, 0x04, 0x21, 0x04, 0x19, 0x05, 0x21,
    0x05, 0x21, 0x04, 0x19, 0x04, 0x21, 0x05, 0x21, 0x05, 0x19, 0x04, 0x19,
    0x04, 0x19, 0x05, 0x19, 0x05, 0x21, 0x04, 0x21, 0x04, 0x19, 0x04, 0x19,
    0x05, 0x21, 0x05, 0x21, 0x05, 0x19, 0x05, 0x21, 0x05, 0x21, 0x05, 0x19,
    0x25, 0x21, 0x05, 0x21, 0x25, 0x21, 0x05, 0x21, 0x25, 0x21, 0x05, 0x21,
    0x05, 0x21, 0x05, 0x21, 0x25, 0x21, 0x25, 0x21, 0x25, 0x21, 0x25, 0x21,
    0x25, 0x21, 0x25, 0x21, 0x25, 0x21, 0x25, 0x21, 0x25, 0x21, 0x25, 0x21,
    0x25, 0x21, 0x25, 0x21, 0x25, 0x21, 0x25, 0x21, 0x25, 0x21, 0x25, 0x21,
    0x25, 0x21, 0x45, 0x21, 0x25, 0x21, 0x25, 0x21, 0x25, 0x21, 0x25, 0x21,
    0x45, 0x21, 0x26, 0x21, 0x25, 0x21, 0x25, 0x21, 0x45, 0x21, 0x46, 0x29,
    0x25, 0x21, 0x25, 0x21, 0x25, 0x21, 0x46, 0x29, 0x46, 0x29, 0x45, 0x21,
    0x45, 0x21, 0x46, 0x29, 0x46, 0x29, 0x25, 0x21, 0x45, 0x21, 0x46, 0x29,
    0x46, 0x29, 0x46, 0x29, 0x45, 0x21, 0x45, 0x21, 0x46, 0x29, 0x45, 0x21,
    0x46, 0x29, 0x46, 0x29, 0x46, 0x29, 0x46, 0x29, 0x45, 0x29, 0x66, 0x29,
    0x66, 0x29, 0x66, 0x29, 0x46, 0x29, 0x66, 0x29, 0x66, 0x29, 0x46, 0x29,
    0x66, 0x29, 0x46, 0x29, 0x66, 0x29, 0x66, 0x29, 0x66, 0x29, 0x66, 0x29,
    0x66, 0x29, 0x66, 0x29, 0x66, 0x29, 0x66, 0x29, 0x87, 0x31, 0x66, 0x29,
    0x66, 0x29, 0x66, 0x29, 0x66, 0x29, 0x67, 0x31, 0x87, 0x29, 0x66, 0x29,
    0x66, 0x29, 0x87, 0x31, 0x86, 0x29, 0x66, 0x29, 0x66, 0x29, 0x86, 0x31,
    0x66, 0x31, 0x87, 0x29, 0x66, 0x29, 0x66, 0x31, 0x87, 0x31, 0x87, 0x31,
    0xa7, 0x31, 0x87, 0x31, 0xa7, 0x31, 0x87, 0x31, 0x86, 0x29, 0x87, 0x31,
    0x87, 0x31, 0x86, 0x29, 0x86, 0x29, 0x87, 0x31, 0x87, 0x31, 0x87, 0x29,
    0xa7, 0x31, 0xa7, 0x31, 0x87, 0x31, 0x87, 0x31, 0xe8, 0x39, 0xe8, 0x39,
    0xe8, 0x39, 0xe8, 0x39, 0xe8, 0x39, 0xe8, 0x39, 0xe9, 0x41, 0xe8, 0x39,
    0xe8, 0x39, 0xe8, 0x39, 0xe9, 0x41, 0xe8, 0x39, 0xe8, 0x39, 0xe9, 0x39,
    0x09, 0x42, 0xe8, 0x41, 0xe8, 0x39, 0xe8, 0x39, 0x08, 0x42, 0xe8, 0x39,
    0xe8, 0x39, 0x09, 0x42, 0xe8, 0x39, 0x08, 0x42, 0x09, 0x42, 0x08, 0x3a,
    0xe8, 0x39, 0x09, 0x42, 0x09, 0x3a, 0x09, 0x42, 0x09, 0x42, 0x08, 0x3a,
    0x09, 0x42, 0x09, 0x42, 0x08, 0x3a, 0xe8, 0x41, 0x09, 0x3a, 0x09, 0x42,
    0xe8, 0x39, 0x09, 0x42, 0x09, 0x42, 0x29, 0x42, 0x09, 0x42, 0x09, 0x42,
    0x09, 0x42, 0x09, 0x42, 0x09, 0x42, 0x29, 0x42, 0x08, 0x3a, 0x09, 0x42,
    0x09, 0x42, 0x09, 0x42, 0x08, 0x3a, 0x08, 0x42, 0x29, 0x42, 0x09, 0x42,
    0x29, 0x42, 0x09, 0x42, 0x29, 0x42, 0x29, 0x42, 0x08, 0x42, 0x09, 0x42,
    0x09, 0x42, 0x08, 0x3a, 0x09, 0x42, 0x09, 0x42, 0x29, 0x42, 0x08, 0x42,
    0x29, 0x42, 0x09, 0x42, 0x09, 0x42, 0x29, 0x42, 0x09, 0x42, 0x29, 0x42,
    0x29, 0x42, 0x09, 0x3a, 0x09, 0x42, 0x08, 0x42, 0x09, 0x3a, 0xe8, 0x39,
    0xc4, 0x18, 0xe4, 0x20, 0xe4, 0x18, 0xe4, 0x18, 0xe4, 0x20, 0xe4, 0x20,
    0x04, 0x21, 0xe4, 0x18, 0xe4, 0x18, 0x05, 0x21, 0x25, 0x21, 0x05, 0x19,
    0x25, 0x21, 0x25, 0x21, 0x05, 0x21, 0x25, 0x21, 0x25, 0x21, 0x25, 0x21,
    0x25, 0x21, 0x25, 0x21, 0x25, 0x21, 0x05, 0x21, 0x04, 0x21, 0xe5, 0x18,
    0xe4, 0x20, 0x05, 0x21, 0x05, 0x21, 0xe4, 0x18, 0x05, 0x21, 0x04, 0x19,
    0x05, 0x21, 0x05, 0x21, 0x04, 0x21, 0x05, 0x21, 0x05, 0x21, 0x05, 0x21,
    0x05, 0x21, 0x04, 0x21, 0x05, 0x21, 0x05, 0x19, 0x05, 0x21, 0x05, 0x21,
    0x05, 0x21, 0x25, 0x21, 0x05, 0x21, 0x04, 0x21, 0x25, 0x21, 0x25, 0x21,
    0x04, 0x19, 0x25, 0x21, 0x25, 0x21, 0x25, 0x21, 0x05, 0x21, 0x25, 0x21,
    0x05, 0x19, 0x25, 0x21, 0x25, 0x21, 0x05, 0x21, 0x05, 0x21, 0x25, 0x21,
    0x25, 0x21, 0x25, 0x21, 0x05, 0x21, 0x25, 0x21, 0x25, 0x21, 0x25, 0x21,
    0x25, 0x21, 0x25, 0x21, 0x25, 0x21, 0x25, 0x21, 0x25, 0x21, 0x25, 0x21,
    0x25, 0x21, 0x26, 0x21, 0x25, 0x29, 0x46, 0x29, 0x45, 0x21, 0x25, 0x21,
    0x25, 0x21, 0x25, 0x21, 0x25, 0x21, 0x25, 0x21, 0x25, 0x21, 0x25, 0x21,
    0x45, 0x29, 0x46, 0x29, 0x25, 0x21, 0x46, 0x29, 0x45, 0x29, 0x46, 0x21,
    0x46, 0x29, 0x46, 0x29, 0x46, 0x29, 0x45, 0x21, 0x45, 0x21, 0x45, 0x21,
    0x46, 0x29, 0x45, 0x21, 0x46, 0x29, 0x46, 0x29, 0x45, 0x21, 0x46, 0x29,
    0x66, 0x29, 0x45, 0x21, 0x45, 0x21, 0x46, 0x29, 0x46, 0x21, 0x66, 0x29,
    0x45, 0x21, 0x46, 0x29, 0x45, 0x21, 0x66, 0x29, 0x66, 0x29, 0x66, 0x29,
    0x66, 0x29, 0x46, 0x29, 0x66, 0x29, 0x46, 0x29, 0x66, 0x29, 0x66, 0x29,
    0x46, 0x29, 0x46, 0x29, 0x66, 0x29, 0x66, 0x29, 0x66, 0x29, 0x66, 0x29,
    0x66, 0x29, 0x87, 0x31, 0x66, 0x29, 0x66, 0x29, 0x66, 0x29, 0x66, 0x29,
    0x87, 0x31, 0x66, 0x29, 0x87, 0x31, 0x66, 0x29, 0x87, 0x31, 0x87, 0x31,
    0x66, 0x29, 0x87, 0x31, 0x86, 0x29, 0xa7, 0x31, 0x87, 0x31, 0xa7, 0x31,
    0x86, 0x31, 0x87, 0x31, 0x87, 0x31, 0xa7, 0x31, 0x87, 0x31, 0x87, 0x31,
    0xa7, 0x31, 0x87, 0x31, 0x87, 0x31, 0x87, 0x31, 0x86, 0x31, 0x87, 0x31,
    0xa7, 0x31, 0x87, 0x31, 0x86, 0x29, 0x87, 0x31, 0xe8, 0x39, 0xe8, 0x39,
    0xe8, 0x39, 0xe8, 0x39, 0xe8, 0x39, 0xe8, 0x39, 0xe8, 0x39, 0xe8, 0x39,
    0xe9, 0x39, 0xe8, 0x39, 0xe8, 0x39, 0xe9, 0x41, 0xe8, 0x39, 0xe8, 0x39,
    0xe8, 0x39, 0x09, 0x3a, 0xe8, 0x39, 0xe8, 0x39, 0xe8, 0x39, 0x09, 0x42,
    0x09, 0x42, 0x08, 0x3a, 0x09, 0x3a, 0x09, 0x42, 0xe8, 0x39, 0x09, 0x42,
    0x08, 0x3a, 0xe8, 0x39, 0x08, 0x42, 0x08, 0x3a, 0x09, 0x42, 0x08, 0x42,
    0x09, 0x3a, 0x09, 0x42, 0x08, 0x42, 0x09, 0x42, 0x09, 0x42, 0x09, 0x42,
    0x09, 0x3a, 0x09, 0x42, 0x09, 0x42, 0x08, 0x3a, 0x09, 0x3a, 0x08, 0x42,
    0x08, 0x3a, 0x09, 0x42, 0x08, 0x3a, 0x29, 0x42, 0x29, 0x42, 0x09, 0x42,
    0x29, 0x42, 0x09, 0x42, 0x09, 0x42, 0x29, 0x42, 0x09, 0x42, 0x09, 0x3a,
    0x08, 0x42, 0x09, 0x42, 0x29, 0x42, 0x29, 0x42, 0x29, 0x42, 0x29, 0x42,
    0x29, 0x42, 0x29, 0x42, 0x29, 0x42, 0x09, 0x3a, 0x29, 0x42, 0x29, 0x42,
    0x09, 0x42, 0x09, 0x3a, 0x29, 0x42, 0x09, 0x3a, 0x29, 0x42, 0x29, 0x42,
    0x29, 0x42, 0x09, 0x42, 0x09, 0x42, 0x08, 0x3a, 0xe8, 0x39, 0x08, 0x42,
    0xe4, 0x18, 0xe4, 0x18, 0xe4, 0x18, 0xe4, 0x18, 0xe4, 0x18, 0xe4, 0x18,
    0xe4, 0x18, 0xe4, 0x18, 0xe4, 0x18, 0x05, 0x21, 0x05, 0x21, 0x25, 0x21,
    0x25, 0x21, 0x25, 0x21, 0x25, 0x21, 0x25, 0x21, 0x25, 0x21, 0x25, 0x21,
    0x25, 0x21, 0x25, 0x21, 0xe4, 0x20, 0xe4, 0x18, 0x05, 0x19, 0xe4, 0x18,
    0xe4, 0x18, 0x05, 0x21, 0xe4, 0x18, 0xe4, 0x18, 0x05, 0x21, 0xe4, 0x18,
    0x04, 0x21, 0x05, 0x21, 0x05, 0x19, 0x04, 0x21, 0x04, 0x21, 0x05, 0x19,
    0x05, 0x21, 0x04, 0x21, 0x04, 0x19, 0x05, 0x21, 0x25, 0x21, 0x04, 0x21,
    0x04, 0x19, 0x05, 0x21, 0x04, 0x19, 0x05, 0x21, 0x04, 0x19, 0x25, 0x21,
    0x05, 0x21, 0x05, 0x21, 0x25, 0x21, 0x25, 0x21, 0x05, 0x21, 0x04, 0x21,
    0x25, 0x21, 0x25, 0x21, 0x05, 0x21, 0x05, 0x21, 0x25, 0x21, 0x05, 0x21,
    0x25, 0x21, 0x25, 0x21, 0x25, 0x21, 0x05, 0x21, 0x25, 0x21, 0x25, 0x21,
    0x05, 0x21, 0x05, 0x21, 0x25, 0x21, 0x25, 0x21, 0x25, 0x21, 0x25, 0x21,
    0x26, 0x21, 0x25, 0x21, 0x25, 0x21, 0x25, 0x21, 0x46, 0x29, 0x25, 0x29,
    0x26, 0x21, 0x25, 0x21, 0x46, 0x29, 0x25, 0x21, 0x26, 0x29, 0x45, 0x21,
    0x46, 0x21, 0x46, 0x29, 0x25, 0x21, 0x25, 0x21, 0x46, 0x29, 0x25, 0x21,
    0x46, 0x29, 0x25, 0x21, 0x46, 0x29, 0x46, 0x29, 0x46, 0x29, 0x45, 0x21,
    0x46, 0x29, 0x46, 0x29, 0x45, 0x21, 0x46, 0x29, 0x45, 0x21, 0x46, 0x29,
    0x46, 0x29, 0x45, 0x21, 0x46, 0x29, 0x46, 0x29, 0x66, 0x29, 0x66, 0x29,
    0x46, 0x29, 0x46, 0x29, 0x66, 0x29, 0x46, 0x29, 0x46, 0x29, 0x45, 0x21,
    0x46, 0x29, 0x46, 0x29, 0x66, 0x29, 0x46, 0x29, 0x66, 0x29, 0x66, 0x29,
    0x66, 0x29, 0x66, 0x29, 0x66, 0x29, 0x66, 0x29, 0x66, 0x29, 0x46, 0x29,
    0x66, 0x29, 0x66, 0x29, 0x66, 0x29, 0x66, 0x31, 0x66, 0x29, 0x87, 0x31,
    0x66, 0x29, 0x66, 0x29, 0x66, 0x29, 0x66, 0x29, 0x87, 0x29, 0x66, 0x29,
    0x87, 0x31, 0xa7, 0x31, 0xa7, 0x31, 0xa7, 0x31, 0xa7, 0x31, 0xa7, 0x31,
    0xa7, 0x31, 0xa7, 0x31, 0xa7, 0x31, 0xa7, 0x31, 0xa7, 0x31, 0x86, 0x29,
    0xa7, 0x31, 0xa7, 0x31, 0x86, 0x29, 0x87, 0x29, 0x86, 0x29, 0xa7, 0x31,
    0x86, 0x29, 0x86, 0x31, 0x87, 0x31, 0xa7, 0x31, 0xe8, 0x39, 0xe8, 0x39,
    0xe8, 0x39, 0xc8, 0x39, 0xe8, 0x39, 0xe9, 0x41, 0xe8, 0x39, 0xe8, 0x39,
    0xe8, 0x41, 0xe8, 0x39, 0xe8, 0x39, 0x09, 0x42, 0xe8, 0x39, 0x08, 0x3a,
    0xe8, 0x39, 0x09, 0x42, 0xe8, 0x39, 0xe8, 0x39, 0xe9, 0x39, 0xe8, 0x39,
    0xe8, 0x39, 0xe8, 0x39, 0xe8, 0x41, 0x09, 0x3a, 0x08, 0x42, 0xe8, 0x39,
    0x09, 0x42, 0x09, 0x42, 0x09, 0x42, 0x09, 0x3a, 0x08, 0x3a, 0xe8, 0x39,
    0xe8, 0x39, 0x08, 0x3a, 0x09, 0x42, 0x08, 0x3a, 0x09, 0x42, 0x09, 0x42,
    0x08, 0x3a, 0x09, 0x42, 0x09, 0x42, 0x29, 0x42, 0x09, 0x42, 0x09, 0x42,
    0x09, 0x42, 0x29, 0x42, 0x29, 0x42, 0x08, 0x42, 0x09, 0x42, 0x09, 0x3a,
    0x09, 0x42, 0x29, 0x42, 0x09, 0x3a, 0x09, 0x42, 0x29, 0x42, 0x09, 0x3a,
    0x29, 0x42, 0x08, 0x42, 0x09, 0x3a, 0x09, 0x3a, 0x09, 0x42, 0x09, 0x3a,
    0x29, 0x42, 0x09, 0x42, 0x29, 0x42, 0x29, 0x42, 0x09, 0x42, 0x29, 0x42,
    0x29, 0x42, 0x29, 0x42, 0x09, 0x42, 0x29, 0x42, 0x29, 0x42, 0x09, 0x42,
    0x09, 0x42, 0x29, 0x42, 0x09, 0x42, 0x09, 0x3a, 0xe8, 0x39, 0x09, 0x42,
    0xc3, 0x18, 0xe4, 0x18, 0xe4, 0x18, 0xe4, 0x18, 0xe4, 0x18, 0xe4, 0x20,
    0xe4, 0x18, 0xe4, 0x20, 0xe4, 0x18, 0x25, 0x21, 0x25, 0x21, 0x05, 0x21,
    0x25, 0x21, 0x25, 0x21, 0x25, 0x21, 0x25, 0x21, 0x05, 0x21, 0x25, 0x21,
    0x04, 0x21, 0xe4, 0x18, 0x05, 0x21, 0x04, 0x21, 0x05, 0x21, 0x04, 0x21,
    0xe4, 0x18, 0x04, 0x19, 0x05, 0x21, 0x05, 0x21, 0x05, 0x21, 0x04, 0x21,
    0x04, 0x19, 0x05, 0x21, 0x05, 0x21, 0x05, 0x21, 0x04, 0x19, 0x05, 0x21,
    0x04, 0x19, 0x05, 0x21, 0x04, 0x19, 0x05, 0x21, 0x05, 0x21, 0x04, 0x19,
    0x05, 0x19, 0x05, 0x21, 0x05, 0x21, 0x05, 0x21, 0x05, 0x21, 0x25, 0x21,
    0x05, 0x21, 0x05, 0x21, 0x25, 0x21, 0x05, 0x21, 0x04, 0x19, 0x04, 0x19,
    0x05, 0x21, 0x25, 0x21, 0x05, 0x21, 0x25, 0x21, 0x25, 0x21, 0x25, 0x21,
    0x25, 0x21, 0x05, 0x21, 0x05, 0x21, 0x25, 0x21, 0x25, 0x21, 0x25, 0x21,
    0x25, 0x21, 0x05, 0x21, 0x25, 0x21, 0x25, 0x21, 0x26, 0x29, 0x25, 0x21,
    0x25, 0x21, 0x25, 0x21, 0x45, 0x21, 0x25, 0x21, 0x25, 0x21, 0x46, 0x29,
    0x45, 0x29, 0x46, 0x21, 0x46, 0x29, 0x25, 0x21, 0x46, 0x29, 0x25, 0x21,
    0x25, 0x21, 0x25, 0x21, 0x46, 0x29, 0x25, 0x21, 0x25, 0x21, 0x45, 0x21,
    0x46, 0x29, 0x45, 0x29, 0x45, 0x21, 0x25, 0x21, 0x46, 0x29, 0x45, 0x21,
    0x46, 0x29, 0x46, 0x29, 0x45, 0x21, 0x46, 0x29, 0x45, 0x21, 0x45, 0x21,
    0x46, 0x29, 0x46, 0x29, 0x46, 0x29, 0x45, 0x21, 0x66, 0x29, 0x46, 0x29,
    0x45, 0x21, 0x45, 0x21, 0x46, 0x29, 0x46, 0x29, 0x46, 0x21, 0x66, 0x29,
    0x46, 0x29, 0x66, 0x29, 0x66, 0x29, 0x66, 0x29, 0x66, 0x29, 0x66, 0x29,
    0x66, 0x29, 0x66, 0x29, 0x66, 0x29, 0x46, 0x29, 0x66, 0x29, 0x66, 0x29,
    0x66, 0x29, 0x66, 0x29, 0x87, 0x31, 0x87, 0x29, 0x66, 0x29, 0x66, 0x29,
    0x66, 0x29, 0x87, 0x31, 0x66, 0x29, 0x87, 0x31, 0x87, 0x31, 0xa7, 0x31,
    0x87, 0x31, 0xa7, 0x31, 0xa7, 0x31, 0x87, 0x31, 0x87, 0x31, 0x87, 0x31,
    0x87, 0x31, 0xa7, 0x31, 0x87, 0x31, 0x87, 0x31, 0xa7, 0x31, 0x87, 0x31,
    0x87, 0x31, 0x87, 0x31, 0xa7, 0x31, 0x87, 0x31, 0x87, 0x31, 0x87, 0x31,
    0x87, 0x31, 0x87, 0x29, 0x86, 0x29, 0x87, 0x31, 0xe8, 0x39, 0xe8, 0x39,
    0xe8, 0x39, 0xe8, 0x39, 0xe8, 0x39, 0xe8, 0x39, 0xe8, 0x39, 0xe8, 0x39,
    0xe8, 0x39, 0xe8, 0x39, 0xe8, 0x39, 0xe8, 0x39, 0xe8, 0x39, 0x09, 0x42,
    0xe8, 0x39, 0xe8, 0x39, 0xe8, 0x39, 0xe8, 0x41, 0xe8, 0x39, 0xe8, 0x39,
    0x08, 0x42, 0x09, 0x42, 0xe8, 0x39, 0x08, 0x3a, 0x09, 0x3a, 0x09, 0x42,
    0x08, 0x3a, 0xe8, 0x39, 0x09, 0x42, 0x09, 0x42, 0x08, 0x42, 0x09, 0x42,
    0x09, 0x42, 0x09, 0x42, 0x08, 0x3a, 0x09, 0x3a, 0x08, 0x3a, 0x08, 0x42,
    0x09, 0x42, 0x08, 0x3a, 0x08, 0x42, 0x08, 0x3a, 0x09, 0x3a, 0x08, 0x42,
    0x09, 0x42, 0x09, 0x3a, 0x09, 0x42, 0x09, 0x42, 0x08, 0x3a, 0x08, 0x42,
    0x08, 0x42, 0x09, 0x42, 0x29, 0x42, 0x29, 0x42, 0x08, 0x42, 0x29, 0x42,
    0x29, 0x42, 0x09, 0x42, 0x29, 0x42, 0x09, 0x42, 0x29, 0x42, 0x09, 0x42,
    0x09, 0x42, 0x09, 0x42, 0x09, 0x42, 0x29, 0x42, 0x09, 0x42, 0x29, 0x42,
    0x29, 0x42, 0x09, 0x42, 0x09, 0x42, 0x29, 0x42, 0x09, 0x42, 0x29, 0x42,
    0x09, 0x42, 0x29, 0x42, 0x29, 0x42, 0x29, 0x42, 0x09, 0x42, 0x09, 0x42,
    0xe4, 0x18, 0xc4, 0x18, 0xc3, 0x18, 0xe4, 0x18, 0xc4, 0x18, 0xe4, 0x18,
    0xe4, 0x18, 0xe4, 0x20, 0x05, 0x21, 0x05, 0x21, 0x25, 0x21, 0x05, 0x21,
    0x25, 0x21, 0x25, 0x21, 0x05, 0x21, 0x25, 0x21, 0x04, 0x21, 0xe4, 0x18,
    0xe4, 0x18, 0xe4, 0x18, 0x05, 0x21, 0xe4, 0x18, 0xe4, 0x18, 0xe4, 0x20,
    0xe4, 0x18, 0x05, 0x21, 0xe4, 0x20, 0x04, 0x19, 0xe4, 0x18, 0xe5, 0x20,
    0x05, 0x21, 0x04, 0x19, 0x04, 0x21, 0x04, 0x19, 0x05, 0x21, 0x04, 0x21,
    0x05, 0x21, 0x05, 0x21, 0x05, 0x21, 0x05, 0x21, 0x04, 0x19, 0x04, 0x21,
    0x05, 0x21, 0x04, 0x19, 0x04, 0x19, 0x05, 0x21, 0x04, 0x19, 0x04, 0x19,
    0x25, 0x21, 0x04, 0x19, 0x04, 0x21, 0x25, 0x21, 0x05, 0x21, 0x05, 0x21,
    0x25, 0x21, 0x05, 0x21, 0x25, 0x21, 0x05, 0x21, 0x05, 0x21, 0x25, 0x21,
    0x05, 0x21, 0x05, 0x21, 0x25, 0x21, 0x25, 0x21, 0x25, 0x21, 0x25, 0x21,
    0x25, 0x21, 0x05, 0x21, 0x25, 0x21, 0x25, 0x21, 0x25, 0x21, 0x25, 0x21,
    0x25, 0x21, 0x25, 0x21, 0x26, 0x29, 0x25, 0x21, 0x25, 0x21, 0x25, 0x21,
    0x25, 0x21, 0x25, 0x21, 0x25, 0x21, 0x45, 0x29, 0x45, 0x21, 0x25, 0x21,
    0x25, 0x21, 0x25, 0x21, 0x45, 0x21, 0x25, 0x21, 0x45, 0x29, 0x46, 0x21,
    0x46, 0x21, 0x25, 0x21, 0x25, 0x21, 0x45, 0x21, 0x46, 0x29, 0x46, 0x29,
    0x25, 0x21, 0x46, 0x29, 0x46, 0x29, 0x46, 0x29, 0x45, 0x21, 0x25, 0x21,
    0x46, 0x29, 0x46, 0x29, 0x45, 0x21, 0x46, 0x29, 0x45, 0x29, 0x46, 0x21,
    0x46, 0x29, 0x46, 0x29, 0x66, 0x29, 0x45, 0x29, 0x66, 0x29, 0x45, 0x21,
    0x66, 0x29, 0x46, 0x29, 0x66, 0x29, 0x46, 0x29, 0x46, 0x29, 0x66, 0x29,
    0x66, 0x29, 0x46, 0x29, 0x66, 0x29, 0x46, 0x29, 0x66, 0x29, 0x66, 0x29,
    0x46, 0x29, 0x66, 0x29, 0x66, 0x29, 0x66, 0x29, 0x66, 0x29, 0x66, 0x29,
    0x66, 0x29, 0x87, 0x31, 0x87, 0x31, 0xa7, 0x31, 0xa7, 0x31, 0xa7, 0x31,
    0xa7, 0x31, 0xa7, 0x31, 0xa7, 0x31, 0x87, 0x31, 0xa7, 0x31, 0xa7, 0x31,
    0xa7, 0x31, 0xa7, 0x31, 0x87, 0x31, 0xa7, 0x31, 0xa7, 0x31, 0x86, 0x29,
    0x87, 0x31, 0xa7, 0x31, 0xa7, 0x31, 0x86, 0x31, 0x86, 0x29, 0xa7, 0x31,
    0xa7, 0x31, 0x87, 0x31, 0xa7, 0x31, 0x87, 0x31, 0xc8, 0x39, 0xc8, 0x39,
    0xe8, 0x39, 0xe8, 0x39, 0xe8, 0x39, 0xe8, 0x39, 0xe8, 0x39, 0xe8, 0x39,
    0xe9, 0x41, 0x09, 0x42, 0xe8, 0x39, 0xe8, 0x39, 0xe8, 0x39, 0xe8, 0x39,
    0xe8, 0x39, 0xe8, 0x39, 0x09, 0x42, 0xe8, 0x39, 0xe8, 0x39, 0x09, 0x42,
    0xe8, 0x39, 0xe9, 0x39, 0xe8, 0x39, 0xe8, 0x39, 0xe9, 0x41, 0x08, 0x3a,
    0x08, 0x3a, 0x09, 0x42, 0x09, 0x42, 0x08, 0x3a, 0x09, 0x3a, 0x08, 0x3a,
    0x09, 0x42, 0x09, 0x42, 0x09, 0x42, 0x09, 0x42, 0x09, 0x42, 0x29, 0x42,
    0x09, 0x42, 0x08, 0x3a, 0x09, 0x42, 0x09, 0x42, 0x29, 0x42, 0x09, 0x42,
    0x08, 0x42, 0x09, 0x3a, 0x08, 0x42, 0x09, 0x3a, 0x29, 0x42, 0x09, 0x42,
    0x29, 0x42, 0x09, 0x42, 0x29, 0x42, 0x09, 0x42, 0x09, 0x42, 0x29, 0x42,
    0x29, 0x42, 0x29, 0x42, 0x09, 0x42, 0x29, 0x42, 0x09, 0x42, 0x29, 0x42,
    0x29, 0x42, 0x29, 0x42, 0x29, 0x42, 0x09, 0x42, 0x29, 0x42, 0x09, 0x42,
    0x29, 0x42, 0x09, 0x42, 0x29, 0x42, 0x09, 0x42, 0x29, 0x42, 0x29, 0x42,
    0x29, 0x42, 0x29, 0x42, 0x29, 0x42, 0x09, 0x42, 0x29, 0x42, 0x08, 0x3a,
    0xe4, 0x18, 0xc4, 0x18, 0xe4, 0x18, 0xc3, 0x18, 0xe4, 0x20, 0xe4, 0x18,
    0xe4, 0x18, 0xe4, 0x18, 0x04, 0x21, 0x05, 0x21, 0x25, 0x21, 0x25, 0x21,
    0x05, 0x21, 0x25, 0x21, 0x04, 0x21, 0xe4, 0x18, 0xe4, 0x18, 0x05, 0x21,
    0xe4, 0x18, 0xe4, 0x20, 0xe4, 0x18, 0xe5, 0x18, 0xe4, 0x18, 0xe4, 0x18,
    0x05, 0x21, 0xe4, 0x18, 0x05, 0x21, 0x04, 0x21, 0xe4, 0x18, 0xe4, 0x18,
    0x05, 0x21, 0xe4, 0x18, 0x05, 0x21, 0x05, 0x19, 0x05, 0x21, 0x05, 0x21,
    0x04, 0x19, 0x04, 0x21, 0x04, 0x21, 0x05, 0x21, 0x04, 0x21, 0x05, 0x21,
    0x05, 0x21, 0x05, 0x21, 0x04, 0x19, 0x04, 0x19, 0x25, 0x21, 0x05, 0x21,
    0x05, 0x21, 0x05, 0x19, 0x04, 0x19, 0x05, 0x21, 0x05, 0x21, 0x25, 0x21,
    0x25, 0x21, 0x05, 0x21, 0x04, 0x19, 0x25, 0x21, 0x05, 0x21, 0x04, 0x21,
    0x05, 0x19, 0x04, 0x21, 0x25, 0x21, 0x25, 0x21, 0x25, 0x21, 0x05, 0x21,
    0x25, 0x21, 0x05, 0x21, 0x25, 0x21, 0x25, 0x21, 0x25, 0x21, 0x25, 0x21,
    0x25, 0x21, 0x25, 0x21, 0x25, 0x21, 0x25, 0x21, 0x25, 0x21, 0x25, 0x21,
    0x26, 0x29, 0x25, 0x21, 0x25, 0x21, 0x25, 0x21, 0x26, 0x21, 0x46, 0x29,
    0x25, 0x21, 0x46, 0x29, 0x26, 0x21, 0x46, 0x29, 0x25, 0x21, 0x25, 0x21,
    0x25, 0x21, 0x46, 0x29, 0x46, 0x29, 0x46, 0x21, 0x25, 0x21, 0x45, 0x29,
    0x46, 0x21, 0x45, 0x21, 0x45, 0x21, 0x46, 0x29, 0x46, 0x29, 0x46, 0x29,
    0x66, 0x29, 0x46, 0x29, 0x45, 0x21, 0x45, 0x21, 0x46, 0x29, 0x46, 0x29,
    0x46, 0x29, 0x66, 0x29, 0x66, 0x29, 0x46, 0x29, 0x46, 0x29, 0x45, 0x21,
    0x66, 0x29, 0x46, 0x29, 0x46, 0x29, 0x45, 0x21, 0x46, 0x29, 0x46, 0x29,
    0x46, 0x29, 0x46, 0x29, 0x66, 0x29, 0x66, 0x29, 0x66, 0x29, 0x66, 0x29,
    0x46, 0x29, 0x66, 0x31, 0x66, 0x29, 0x66, 0x29, 0x66, 0x29, 0x87, 0x31,
    0x87, 0x31, 0xa7, 0x31, 0xa7, 0x31, 0xa7, 0x31, 0xa7, 0x31, 0xa7, 0x31,
    0xa7, 0x31, 0xa7, 0x31, 0x87, 0x31, 0xa7, 0x31, 0x87, 0x31, 0x86, 0x29,
    0xa7, 0x31, 0xa7, 0x31, 0xa7, 0x31, 0xa7, 0x31, 0xa7, 0x31, 0xa7, 0x31,
    0x87, 0x31, 0x86, 0x29, 0xa7, 0x31, 0x87, 0x31, 0xa7, 0x31, 0x87, 0x31,
    0x87, 0x31, 0x86, 0x29, 0xa7, 0x31, 0x87, 0x31, 0xe8, 0x39, 0xe8, 0x39,
    0xc8, 0x39, 0xe8, 0x39, 0xc8, 0x39, 0xe8, 0x39, 0xe9, 0x41, 0x09, 0x3a,
    0xe8, 0x39, 0xe8, 0x39, 0xe8, 0x39, 0xe8, 0x39, 0xe8, 0x39, 0x09, 0x42,
    0xe8, 0x39, 0x09, 0x42, 0x08, 0x3a, 0xe8, 0x39, 0xe9, 0x39, 0x09, 0x42,
    0xe8, 0x39, 0x09, 0x42, 0x09, 0x42, 0x08, 0x42, 0x09, 0x42, 0xe8, 0x39,
    0xe8, 0x41, 0x09, 0x42, 0x08, 0x3a, 0x09, 0x42, 0x09, 0x42, 0x09, 0x42,
    0x09, 0x42, 0x08, 0x3a, 0x08, 0x42, 0x09, 0x42, 0x09, 0x3a, 0x08, 0x3a,
    0x09, 0x42, 0x09, 0x42, 0x09, 0x42, 0x08, 0x3a, 0x09, 0x3a, 0x09, 0x42,
    0x09, 0x42, 0x29, 0x42, 0x08, 0x3a, 0x29, 0x42, 0x09, 0x42, 0x29, 0x42,
    0x09, 0x42, 0x29, 0x42, 0x29, 0x42, 0x29, 0x3a, 0x09, 0x42, 0x09, 0x42,
    0x09, 0x42, 0x09, 0x3a, 0x29, 0x42, 0x09, 0x42, 0x29, 0x42, 0x09, 0x42,
    0x29, 0x42, 0x29, 0x42, 0x09, 0x42, 0x29, 0x42, 0x29, 0x42, 0x09, 0x42,
    0x29, 0x3a, 0x29, 0x42, 0x29, 0x42, 0x29, 0x42, 0x29, 0x42, 0x09, 0x42,
    0x29, 0x42, 0x29, 0x42, 0x29, 0x42, 0x09, 0x42, 0x09, 0x42, 0x09, 0x42,
    0xe4, 0x18, 0xe4, 0x20, 0xe4, 0x18, 0xe4, 0x18, 0xe4, 0x18, 0xe4, 0x18,
    0xe4, 0x18, 0xc3, 0x18, 0x25, 0x21, 0x25, 0x21, 0x25, 0x21, 0x25, 0x21,
    0x04, 0x21, 0xe4, 0x18, 0xe4, 0x18, 0xe4, 0x18, 0xe4, 0x18, 0xe4, 0x18,
    0xe4, 0x18, 0xe4, 0x18, 0xe4, 0x20, 0xe4, 0x18, 0xe4, 0x18, 0xe4, 0x18,
    0xe4, 0x18, 0xe4, 0x18, 0x05, 0x21, 0xe4, 0x18, 0x04, 0x21, 0x05, 0x21,
    0xe4, 0x18, 0xe4, 0x18, 0x04, 0x21, 0x04, 0x21, 0x04, 0x19, 0x05, 0x21,
    0xe4, 0x18, 0x04, 0x19, 0x05, 0x19, 0x05, 0x19, 0x04, 0x21, 0xe4, 0x18,
    0x05, 0x19, 0x05, 0x21, 0x05, 0x21, 0x05, 0x21, 0x05, 0x21, 0x25, 0x21,
    0x05, 0x21, 0x05, 0x21, 0x05, 0x21, 0x05, 0x21, 0x04, 0x19, 0x25, 0x21,
    0x05, 0x21, 0x04, 0x19, 0x25, 0x21, 0x05, 0x21, 0x04, 0x19, 0x05, 0x19,
    0x05, 0x21, 0x05, 0x21, 0x05, 0x21, 0x05, 0x21, 0x05, 0x21, 0x25, 0x21,
    0x25, 0x21, 0x25, 0x21, 0x25, 0x21, 0x25, 0x21, 0x25, 0x29, 0x25, 0x21,
    0x25, 0x21, 0x25, 0x21, 0x25, 0x21, 0x25, 0x21, 0x25, 0x21, 0x25, 0x21,
    0x25, 0x21, 0x25, 0x21, 0x25, 0x21, 0x25, 0x21, 0x25, 0x21, 0x25, 0x29,
    0x25, 0x21, 0x25, 0x21, 0x25, 0x21, 0x25, 0x21, 0x25, 0x29, 0x46, 0x29,
    0x25, 0x21, 0x25, 0x29, 0x25, 0x21, 0x25, 0x21, 0x25, 0x21, 0x46, 0x29,
    0x45, 0x21, 0x25, 0x21, 0x46, 0x29, 0x25, 0x21, 0x46, 0x29, 0x46, 0x29,
    0x46, 0x29, 0x45, 0x21, 0x46, 0x29, 0x46, 0x29, 0x46, 0x21, 0x45, 0x29,
    0x45, 0x21, 0x46, 0x29, 0x45, 0x21, 0x66, 0x29, 0x46, 0x29, 0x66, 0x29,
    0x46, 0x29, 0x66, 0x29, 0x66, 0x29, 0x46, 0x29, 0x66, 0x29, 0x66, 0x29,
    0x66, 0x29, 0x66, 0x29, 0x46, 0x29, 0x66, 0x29, 0x66, 0x29, 0x66, 0x29,
    0x66, 0x29, 0x67, 0x29, 0x66, 0x29, 0x87, 0x31, 0xa7, 0x31, 0xa7, 0x31,
    0xa7, 0x31, 0xa7, 0x31, 0xa7, 0x31, 0xa7, 0x31, 0xa7, 0x31, 0x87, 0x31,
    0x87, 0x31, 0xa7, 0x31, 0xa7, 0x31, 0xa7, 0x31, 0xa7, 0x31, 0xa7, 0x31,
    0xa7, 0x31, 0xa7, 0x31, 0xa7, 0x31, 0xa7, 0x31, 0xa7, 0x31, 0xa7, 0x31,
    0x87, 0x31, 0x87, 0x31, 0xa7, 0x31, 0xa7, 0x31, 0x87, 0x31, 0xa7, 0x31,
    0xa7, 0x31, 0xa7, 0x31, 0xa7, 0x31, 0x86, 0x29, 0xc8, 0x39, 0xc8, 0x39,
    0xe8, 0x39, 0xe8, 0x39, 0xe8, 0x39, 0xe8, 0x39, 0xe8, 0x39, 0xe8, 0x39,
    0xe8, 0x39, 0xe8, 0x39, 0xe8, 0x39, 0xe8, 0x39, 0xe8, 0x39, 0xe8, 0x39,
    0x09, 0x42, 0xe8, 0x39, 0x08, 0x42, 0x09, 0x3a, 0xe8, 0x39, 0x08, 0x42,
    0x08, 0x3a, 0x08, 0x3a, 0xe8, 0x39, 0x09, 0x42, 0x08, 0x3a, 0x09, 0x42,
    0xe8, 0x39, 0xe8, 0x39, 0x09, 0x42, 0x08, 0x3a, 0x08, 0x3a, 0x09, 0x42,
    0x08, 0x3a, 0x09, 0x42, 0x09, 0x3a, 0x29, 0x42, 0x08, 0x3a, 0x09, 0x42,
    0x29, 0x42, 0x09, 0x42, 0x08, 0x3a, 0x09, 0x42, 0x08, 0x42, 0x08, 0x3a,
    0x09, 0x42, 0x29, 0x42, 0x09, 0x42, 0x09, 0x42, 0x29, 0x42, 0x09, 0x42,
    0x29, 0x3a, 0x09, 0x42, 0x29, 0x42, 0x09, 0x3a, 0x29, 0x42, 0x29, 0x42,
    0x29, 0x42, 0x29, 0x42, 0x09, 0x42, 0x29, 0x42, 0x29, 0x42, 0x09, 0x42,
    0x09, 0x3a, 0x09, 0x42, 0x09, 0x3a, 0x29, 0x42, 0x29, 0x42, 0x29, 0x42,
    0x29, 0x42, 0x29, 0x42, 0x29, 0x42, 0x29, 0x42, 0x29, 0x42, 0x2a, 0x42,
    0x09, 0x42, 0x09, 0x42, 0x29, 0x42, 0x29, 0x42, 0x29, 0x42, 0x29, 0x42,
    0x04, 0x21, 0x04, 0x21, 0x05, 0x21, 0xe4, 0x20, 0xc3, 0x18, 0xc4, 0x18,
    0xc4, 0x18, 0xe4, 0x18, 0x25, 0x21, 0x05, 0x21, 0x05, 0x21, 0x04, 0x19,
    0xc4, 0x18, 0xc4, 0x18, 0xe4, 0x18, 0xe4, 0x18, 0xe4, 0x18, 0xe4, 0x18,
    0xe4, 0x18, 0xe4, 0x18, 0xe4, 0x18, 0xe4, 0x18, 0xe4, 0x20, 0xe4, 0x18,
    0xe4, 0x18, 0xe4, 0x18, 0xe4, 0x18, 0xe4, 0x18, 0xe4, 0x18, 0xe4, 0x18,
    0xe4, 0x18, 0xe4, 0x18, 0xe4, 0x18, 0xe4, 0x18, 0xe4, 0x18, 0x05, 0x21,
    0xe4, 0x20, 0xe4, 0x18, 0xe5, 0x20, 0x05, 0x21, 0xe4, 0x18, 0xe4, 0x18,
    0x04, 0x21, 0x04, 0x21, 0x04, 0x21, 0xe4, 0x18, 0x05, 0x21, 0x04, 0x19,
    0x04, 0x21, 0x04, 0x21, 0x05, 0x21, 0x05, 0x19, 0x25, 0x21, 0x04, 0x19,
    0x04, 0x21, 0x04, 0x19, 0x05, 0x21, 0x04, 0x19, 0x04, 0x21, 0x25, 0x21,
    0x05, 0x21, 0x25, 0x21, 0x05, 0x21, 0x25, 0x21, 0x05, 0x21, 0x25, 0x21,
    0x25, 0x21, 0x05, 0x21, 0x05, 0x21, 0x25, 0x21, 0x25, 0x21, 0x05, 0x21,
    0x26, 0x21, 0x25, 0x21, 0x25, 0x29, 0x25, 0x21, 0x25, 0x21, 0x25, 0x21,
    0x25, 0x21, 0x25, 0x29, 0x26, 0x21, 0x25, 0x21, 0x25, 0x29, 0x46, 0x21,
    0x46, 0x29, 0x25, 0x21, 0x25, 0x21, 0x45, 0x21, 0x46, 0x29, 0x45, 0x21,
    0x46, 0x21, 0x25, 0x21, 0x46, 0x29, 0x45, 0x21, 0x25, 0x29, 0x25, 0x21,
    0x26, 0x29, 0x46, 0x29, 0x46, 0x29, 0x45, 0x21, 0x45, 0x21, 0x45, 0x21,
    0x45, 0x21, 0x45, 0x21, 0x46, 0x29, 0x46, 0x29, 0x45, 0x29, 0x46, 0x21,
    0x45, 0x21, 0x46, 0x29, 0x66, 0x29, 0x46, 0x29, 0x46, 0x29, 0x66, 0x29,
    0x46, 0x29, 0x46, 0x29, 0x66, 0x29, 0x66, 0x29, 0x46, 0x29, 0x66, 0x29,
    0x66, 0x29, 0x46, 0x29, 0x46, 0x29, 0x46, 0x29, 0x46, 0x29, 0x46, 0x29,
    0x87, 0x31, 0x87, 0x31, 0xa7, 0x31, 0xa7, 0x31, 0xa7, 0x31, 0xa7, 0x31,
    0xa7, 0x31, 0xa7, 0x31, 0xa7, 0x31, 0xa7, 0x31, 0x87, 0x31, 0xa7, 0x31,
    0xa7, 0x31, 0xa7, 0x31, 0xa7, 0x31, 0xa7, 0x31, 0xa7, 0x31, 0xa7, 0x31,
    0xa7, 0x31, 0xa7, 0x31, 0xa7, 0x31, 0x87, 0x31, 0xa7, 0x31, 0x86, 0x29,
    0xa7, 0x31, 0xa7, 0x31, 0xa7, 0x31, 0x87, 0x31, 0xa7, 0x31, 0xa7, 0x31,
    0xa7, 0x31, 0xa7, 0x31, 0x87, 0x31, 0x87, 0x31, 0xc7, 0x31, 0xe8, 0x39,
    0xe8, 0x39, 0xe8, 0x39, 0xe8, 0x39, 0xe8, 0x39, 0xe8, 0x39, 0xe8, 0x39,
    0xe8, 0x39, 0xe8, 0x41, 0x09, 0x42, 0xe8, 0x39, 0xe8, 0x39, 0xe8, 0x39,
    0xe8, 0x39, 0xe8, 0x39, 0xe8, 0x39, 0x09, 0x42, 0xe8, 0x39, 0xe8, 0x39,
    0xe8, 0x39, 0x09, 0x42, 0xe8, 0x39, 0xe8, 0x39, 0x09, 0x3a, 0xe8, 0x39,
    0x09, 0x42, 0x08, 0x3a, 0x09, 0x3a, 0x08, 0x42, 0x08, 0x3a, 0x09, 0x42,
    0x08, 0x3a, 0x09, 0x42, 0xe8, 0x39, 0x08, 0x42, 0x09, 0x42, 0x09, 0x42,
    0x09, 0x42, 0x29, 0x42, 0x29, 0x42, 0x29, 0x42, 0x29, 0x42, 0x09, 0x42,
    0x29, 0x42, 0x09, 0x42, 0x09, 0x42, 0x29, 0x42, 0x09, 0x3a, 0x08, 0x3a,
    0x09, 0x42, 0x29, 0x42, 0x09, 0x42, 0x29, 0x42, 0x29, 0x42, 0x29, 0x42,
    0x29, 0x42, 0x09, 0x42, 0x09, 0x42, 0x09, 0x3a, 0x29, 0x42, 0x29, 0x42,
    0x29, 0x42, 0x29, 0x42, 0x29, 0x42, 0x09, 0x42, 0x29, 0x42, 0x29, 0x42,
    0x29, 0x42, 0x09, 0x42, 0x29, 0x42, 0x29, 0x42, 0x29, 0x42, 0x29, 0x42,
    0x29, 0x42, 0x29, 0x42, 0x09, 0x42, 0x29, 0x42, 0x29, 0x42, 0x29, 0x42,
    0xe4, 0x18, 0xe4, 0x18, 0x05, 0x21, 0xe4, 0x18, 0x04, 0x19, 0xe4, 0x18,
    0xe4, 0x18, 0x04, 0x21, 0x05, 0x21, 0x04, 0x21, 0xe4, 0x18, 0xe4, 0x18,
    0xe4, 0x18, 0xe4, 0x18, 0xc4, 0x18, 0xc4, 0x18, 0xe4, 0x20, 0xe4, 0x18,
    0xe4, 0x20, 0xe4, 0x18, 0xe4, 0x18, 0xe4, 0x18, 0xe4, 0x18, 0xc4, 0x18,
    0xe4, 0x18, 0xe4, 0x20, 0xe4, 0x20, 0xe4, 0x18, 0xe4, 0x18, 0xe4, 0x20,
    0xe4, 0x18, 0xe4, 0x18, 0xe4, 0x20, 0xe4, 0x18, 0xe4, 0x18, 0x05, 0x21,
    0xe4, 0x18, 0xe4, 0x18, 0x04, 0x21, 0x05, 0x21, 0xe4, 0x18, 0xe4, 0x18,
    0xe5, 0x20, 0x05, 0x21, 0xe4, 0x18, 0x04, 0x19, 0xe4, 0x18, 0x05, 0x21,
    0x04, 0x19, 0x04, 0x19, 0x04, 0x19, 0x04, 0x21, 0x04, 0x21, 0x05, 0x21,
    0xe4, 0x18, 0x05, 0x21, 0x05, 0x21, 0x04, 0x21, 0x05, 0x21, 0x05, 0x21,
    0x05, 0x21, 0x04, 0x19, 0x04, 0x19, 0x05, 0x21, 0x04, 0x19, 0x05, 0x21,
    0xe4, 0x18, 0x05, 0x21, 0x25, 0x21, 0x05, 0x21, 0x05, 0x21, 0x25, 0x21,
    0x05, 0x21, 0x05, 0x21, 0x05, 0x21, 0x05, 0x21, 0x05, 0x21, 0x25, 0x21,
    0x25, 0x21, 0x25, 0x21, 0x25, 0x21, 0x25, 0x21, 0x25, 0x21, 0x25, 0x21,
    0x45, 0x29, 0x25, 0x21, 0x25, 0x21, 0x25, 0x21, 0x25, 0x21, 0x25, 0x21,
    0x25, 0x21, 0x25, 0x21, 0x25, 0x21, 0x46, 0x29, 0x25, 0x21, 0x46, 0x29,
    0x45, 0x21, 0x46, 0x29, 0x45, 0x21, 0x25, 0x21, 0x46, 0x29, 0x46, 0x29,
    0x46, 0x29, 0x46, 0x29, 0x66, 0x29, 0x46, 0x29, 0x46, 0x29, 0x46, 0x29,
    0x46, 0x29, 0x45, 0x29, 0x46, 0x21, 0x45, 0x21, 0x46, 0x29, 0x66, 0x29,
    0x45, 0x21, 0x46, 0x29, 0x46, 0x29, 0x66, 0x29, 0x46, 0x29, 0x66, 0x29,
    0x46, 0x29, 0x46, 0x29, 0x66, 0x29, 0x46, 0x29, 0x86, 0x29, 0xa7, 0x31,
    0xa7, 0x31, 0xa7, 0x31, 0xa7, 0x31, 0xa7, 0x31, 0xa7, 0x31, 0xa7, 0x31,
    0xa7, 0x31, 0xa7, 0x31, 0xa7, 0x31, 0xa7, 0x31, 0xa7, 0x31, 0xa7, 0x31,
    0xa7, 0x31, 0x87, 0x31, 0xa7, 0x31, 0xa7, 0x31, 0xa7, 0x31, 0xa7, 0x31,
    0xa7, 0x31, 0xa7, 0x31, 0x87, 0x31, 0xa7, 0x31, 0xa7, 0x31, 0xa7, 0x31,
    0x87, 0x31, 0xa7, 0x31, 0xa7, 0x31, 0x87, 0x31, 0x87, 0x31, 0x87, 0x31,
    0xa7, 0x31, 0xa7, 0x31, 0x87, 0x31, 0x87, 0x31, 0xe8, 0x39, 0xe8, 0x39,
    0xe8, 0x39, 0xe8, 0x39, 0x09, 0x42, 0xe8, 0x39, 0xe8, 0x39, 0xe8, 0x39,
    0xe8, 0x39, 0xe8, 0x39, 0xe8, 0x39, 0xc8, 0x39, 0xe8, 0x39, 0x09, 0x42,
    0xe8, 0x39, 0xe8, 0x39, 0x09, 0x42, 0xe8, 0x39, 0xe8, 0x39, 0xe9, 0x41,
    0x09, 0x42, 0x09, 0x3a, 0xe8, 0x39, 0xe8, 0x41, 0x09, 0x42, 0x08, 0x3a,
    0xe8, 0x39, 0x09, 0x42, 0xe8, 0x39, 0x09, 0x42, 0xe9, 0x41, 0x09, 0x42,
    0x08, 0x3a, 0x09, 0x42, 0x09, 0x42, 0x09, 0x42, 0x29, 0x42, 0x08, 0x3a,
    0x09, 0x42, 0x29, 0x42, 0x09, 0x42, 0x08, 0x3a, 0x09, 0x42, 0x09, 0x3a,
    0x29, 0x42, 0x08, 0x3a, 0x08, 0x3a, 0x29, 0x42, 0x29, 0x42, 0x29, 0x42,
    0x29, 0x42, 0x09, 0x42, 0x29, 0x42, 0x29, 0x42, 0x29, 0x42, 0x09, 0x42,
    0x09, 0x42, 0x29, 0x42, 0x29, 0x42, 0x29, 0x42, 0x29, 0x42, 0x29, 0x42,
    0x29, 0x42, 0x29, 0x42, 0x29, 0x42, 0x29, 0x42, 0x29, 0x42, 0x29, 0x42,
    0x2a, 0x42, 0x29, 0x42, 0x2a, 0x42, 0x09, 0x42, 0x29, 0x42, 0x29, 0x42,
    0x29, 0x42, 0x29, 0x42, 0x2a, 0x42, 0x29, 0x42, 0x2a, 0x42, 0x29, 0x42,
    0xe4, 0x18, 0x05, 0x21, 0xe4, 0x18, 0x04, 0x21, 0xe5, 0x20, 0x04, 0x21,
    0xe4, 0x18, 0x04, 0x19, 0xe4, 0x18, 0xe4, 0x18, 0xe4, 0x18, 0xe4, 0x18,
    0xe4, 0x18, 0xe4, 0x18, 0xe4, 0x18, 0xe4, 0x18, 0xe4, 0x18, 0xe4, 0x18,
    0xe4, 0x20, 0xe4, 0x20, 0xe4, 0x18, 0xe4, 0x20, 0xe4, 0x18, 0xe4, 0x18,
    0xe4, 0x18, 0xe4, 0x18, 0xe4, 0x20, 0xe4, 0x18, 0xe4, 0x18, 0xe4, 0x18,
    0xe4, 0x18, 0xe4, 0x18, 0xc4, 0x18, 0xe4, 0x18, 0xe4, 0x20, 0xe4, 0x18,
    0xe4, 0x18, 0x05, 0x21, 0xe4, 0x18, 0xe4, 0x18, 0x04, 0x21, 0x05, 0x21,
    0x05, 0x19, 0x04, 0x19, 0x05, 0x21, 0x05, 0x21, 0xe4, 0x18, 0x05, 0x21,
    0xe4, 0x18, 0xe5, 0x20, 0x05, 0x21, 0xe4, 0x18, 0xe4, 0x18, 0x05, 0x19,
    0xe4, 0x20, 0x05, 0x21, 0x05, 0x19, 0x05, 0x21, 0x05, 0x21, 0x04, 0x19,
    0x05, 0x19, 0x05, 0x21, 0x05, 0x21, 0x04, 0x19, 0x04, 0x19, 0x05, 0x21,
    0x05, 0x21, 0x25, 0x21, 0x05, 0x21, 0x05, 0x21, 0x05, 0x21, 0x25, 0x21,
    0x05, 0x21, 0x05, 0x21, 0x25, 0x21, 0x25, 0x21, 0x25, 0x21, 0x25, 0x21,
    0x05, 0x21, 0x25, 0x21, 0x25, 0x21, 0x25, 0x21, 0x25, 0x21, 0x25, 0x21,
    0x25, 0x21, 0x25, 0x21, 0x25, 0x21, 0x25, 0x21, 0x25, 0x21, 0x25, 0x21,
    0x25, 0x29, 0x25, 0x21, 0x25, 0x21, 0x25, 0x21, 0x25, 0x21, 0x25, 0x21,
    0x25, 0x21, 0x25, 0x21, 0x25, 0x21, 0x46, 0x29, 0x46, 0x29, 0x25, 0x21,
    0x25, 0x21, 0x25, 0x21, 0x45, 0x21, 0x46, 0x29, 0x45, 0x21, 0x45, 0x21,
    0x45, 0x21, 0x46, 0x29, 0x46, 0x29, 0x45, 0x21, 0x45, 0x29, 0x46, 0x21,
    0x45, 0x21, 0x45, 0x21, 0x46, 0x29, 0x45, 0x21, 0x46, 0x29, 0x45, 0x21,
    0x45, 0x21, 0x46, 0x29, 0x86, 0x29, 0xa7, 0x31, 0xa7, 0x31, 0xc7, 0x31,
    0xc7, 0x39, 0xa7, 0x31, 0xa7, 0x31, 0xa7, 0x31, 0xa7, 0x31, 0xa7, 0x31,
    0xa7, 0x31, 0xa7, 0x31, 0xa7, 0x31, 0xa7, 0x31, 0xa7, 0x31, 0xa7, 0x31,
    0xa7, 0x31, 0xa7, 0x31, 0xa7, 0x31, 0xa7, 0x31, 0xa7, 0x31, 0xa7, 0x31,
    0xa7, 0x31, 0xa7, 0x31, 0xa7, 0x31, 0x87, 0x31, 0xa7, 0x31, 0xa7, 0x31,
    0xa7, 0x31, 0xa7, 0x31, 0xa7, 0x31, 0xa7, 0x31, 0xa7, 0x31, 0x87, 0x31,
    0xa7, 0x31, 0xa7, 0x31, 0x87, 0x31, 0x87, 0x31, 0xc7, 0x31, 0xe8, 0x39,
    0xe8, 0x39, 0xe8, 0x39, 0xe8, 0x39, 0xe8, 0x41, 0xe8, 0x39, 0xe9, 0x39,
    0xe8, 0x41, 0xe8, 0x39, 0xe9, 0x39, 0xe8, 0x39, 0x09, 0x42, 0xe8, 0x39,
    0xe8, 0x39, 0x09, 0x42, 0x09, 0x42, 0xe8, 0x39, 0x09, 0x42, 0x08, 0x3a,
    0x08, 0x42, 0xe8, 0x39, 0x08, 0x3a, 0x09, 0x42, 0x09, 0x42, 0xe8, 0x39,
    0xe8, 0x39, 0x09, 0x42, 0xe8, 0x39, 0x09, 0x3a, 0xe8, 0x39, 0x08, 0x42,
    0x09, 0x42, 0x08, 0x3a, 0x08, 0x3a, 0x09, 0x42, 0x08, 0x3a, 0x29, 0x42,
    0x09, 0x42, 0x09, 0x42, 0x29, 0x42, 0x09, 0x42, 0x08, 0x3a, 0x08, 0x42,
    0x09, 0x42, 0x29, 0x42, 0x09, 0x42, 0x29, 0x42, 0x09, 0x42, 0x29, 0x42,
    0x09, 0x42, 0x29, 0x42, 0x09, 0x42, 0x09, 0x42, 0x29, 0x42, 0x09, 0x42,
    0x29, 0x42, 0x29, 0x42, 0x29, 0x42, 0x29, 0x42, 0x09, 0x42, 0x29, 0x42,
    0x29, 0x42, 0x29, 0x42, 0x29, 0x42, 0x29, 0x42, 0x2a, 0x42, 0x29, 0x42,
    0x09, 0x42, 0x09, 0x42, 0x29, 0x42, 0x29, 0x42, 0x29, 0x42, 0x09, 0x42,
    0x09, 0x42, 0x29, 0x42, 0x29, 0x42, 0x29, 0x42, 0x09, 0x42, 0x29, 0x42,
    0xe4, 0x20, 0x05, 0x21, 0xe4, 0x18, 0x04, 0x19, 0x05, 0x21, 0xe4, 0x18,
    0xe4, 0x18, 0x25, 0x21, 0x46, 0x29, 0x45, 0x21, 0x46, 0x29, 0x25, 0x21,
    0x25, 0x29, 0x25, 0x29, 0x25, 0x21, 0x25, 0x21, 0x25, 0x21, 0x45, 0x29,
    0x25, 0x21, 0x46, 0x21, 0x25, 0x29, 0x25, 0x21, 0x26, 0x29, 0x46, 0x29,
    0x25, 0x21, 0x25, 0x21, 0x46, 0x21, 0x25, 0x21, 0x25, 0x29, 0x46, 0x29,
    0x25, 0x21, 0x46, 0x29, 0x45, 0x29, 0x25, 0x21, 0x46, 0x29, 0x25, 0x21,
    0x46, 0x29, 0x46, 0x29, 0x45, 0x21, 0x25, 0x21, 0x26, 0x21, 0x45, 0x29,
    0x25, 0x21, 0x25, 0x21, 0x25, 0x21, 0x25, 0x21, 0x25, 0x29, 0x45, 0x21,
    0x25, 0x21, 0x46, 0x29, 0x46, 0x29, 0x25, 0x21, 0x45, 0x21, 0x25, 0x21,
    0x25, 0x21, 0x45, 0x21, 0x25, 0x21, 0x25, 0x21, 0x45, 0x21, 0x25, 0x21,
    0x45, 0x21, 0x46, 0x29, 0x25, 0x21, 0x45, 0x21, 0x46, 0x29, 0x25, 0x21,
    0x45, 0x21, 0x25, 0x21, 0x46, 0x29, 0x45, 0x21, 0x45, 0x21, 0x45, 0x21,
    0x46, 0x29, 0x45, 0x21, 0x45, 0x21, 0x26, 0x29, 0x25, 0x21, 0x46, 0x29,
    0x46, 0x29, 0x46, 0x29, 0x46, 0x29, 0x46, 0x29, 0x46, 0x29, 0x25, 0x21,
    0x46, 0x29, 0x46, 0x29, 0x46, 0x29, 0x46, 0x29, 0x26, 0x29, 0x46, 0x29,
    0x46, 0x29, 0x46, 0x29, 0x46, 0x29, 0x46, 0x29, 0x46, 0x29, 0x66, 0x29,
    0x46, 0x29, 0x46, 0x29, 0x46, 0x29, 0x46, 0x29, 0x45, 0x21, 0x46, 0x29,
    0x46, 0x29, 0x66, 0x29, 0x66, 0x29, 0x46, 0x29, 0x46, 0x29, 0x46, 0x29,
    0x45, 0x21, 0x46, 0x29, 0x66, 0x29, 0x46, 0x29, 0x46, 0x29, 0x66, 0x29,
    0x46, 0x29, 0x66, 0x29, 0x66, 0x29, 0x66, 0x29, 0x66, 0x29, 0x66, 0x29,
    0x87, 0x31, 0xa7, 0x31, 0xc7, 0x31, 0xa7, 0x31, 0xa7, 0x31, 0xc8, 0x39,
    0xc8, 0x39, 0xa7, 0x31, 0xa8, 0x31, 0xc8, 0x39, 0xa7, 0x39, 0xa8, 0x31,
    0xa7, 0x31, 0xa8, 0x39, 0xa7, 0x31, 0xa8, 0x39, 0xa7, 0x31, 0xa7, 0x31,
    0xa7, 0x31, 0xa7, 0x31, 0xa7, 0x31, 0xa7, 0x31, 0xa7, 0x31, 0xa7, 0x31,
    0x87, 0x31, 0xa7, 0x31, 0xa7, 0x31, 0xa7, 0x31, 0xa7, 0x31, 0xa7, 0x31,
    0xa7, 0x31, 0xa7, 0x31, 0x87, 0x31, 0xa7, 0x31, 0xa7, 0x31, 0xa7, 0x31,
    0xa7, 0x31, 0xa7, 0x31, 0x87, 0x31, 0xa7, 0x31, 0xc8, 0x31, 0xe8, 0x39,
    0xe8, 0x39, 0xe8, 0x39, 0xc8, 0x39, 0xe8, 0x39, 0xe8, 0x39, 0xe9, 0x39,
    0xe8, 0x39, 0x08, 0x42, 0xe8, 0x39, 0x09, 0x3a, 0xe8, 0x39, 0xe8, 0x39,
    0x09, 0x42, 0xe8, 0x39, 0xe8, 0x39, 0xe8, 0x39, 0x08, 0x3a, 0xe8, 0x39,
    0xe8, 0x39, 0xe8, 0x39, 0xe9, 0x39, 0x09, 0x42, 0x08, 0x3a, 0x09, 0x42,
    0x08, 0x3a, 0x09, 0x42, 0x09, 0x42, 0xe8, 0x39, 0x08, 0x3a, 0x09, 0x42,
    0x09, 0x3a, 0x09, 0x42, 0x09, 0x42, 0x08, 0x3a, 0x09, 0x42, 0x08, 0x3a,
    0x08, 0x3a, 0x09, 0x42, 0x09, 0x42, 0x09, 0x42, 0x29, 0x42, 0x09, 0x42,
    0x29, 0x42, 0x09, 0x42, 0x29, 0x42, 0x09, 0x42, 0x29, 0x42, 0x29, 0x42,
    0x09, 0x42, 0x09, 0x42, 0x29, 0x42, 0x29, 0x42, 0x09, 0x42, 0x29, 0x42,
    0x29, 0x42, 0x29, 0x42, 0x29, 0x42, 0x29, 0x42, 0x29, 0x42, 0x29, 0x42,
    0x29, 0x42, 0x09, 0x42, 0x29, 0x42, 0x29, 0x42, 0x09, 0x42, 0x29, 0x42,
    0x29, 0x42, 0x09, 0x42, 0x29, 0x42, 0x29, 0x42, 0x2a, 0x42, 0x29, 0x42,
    0x29, 0x42, 0x09, 0x42, 0x2a, 0x42, 0x2a, 0x42, 0x29, 0x42, 0x29, 0x42,
    0x05, 0x21, 0x04, 0x19, 0xe5, 0x18, 0xe4, 0x20, 0xe4, 0x18, 0x05, 0x21,
    0xe4, 0x18, 0x05, 0x21, 0x46, 0x29, 0x25, 0x21, 0x25, 0x21, 0x45, 0x21,
    0x25, 0x21, 0x46, 0x29, 0x45, 0x29, 0x45, 0x21, 0x46, 0x29, 0x25, 0x29,
    0x25, 0x21, 0x46, 0x29, 0x46, 0x21, 0x25, 0x21, 0x45, 0x29, 0x25, 0x21,
    0x46, 0x29, 0x46, 0x29, 0x46, 0x29, 0x45, 0x29, 0x26, 0x21, 0x46, 0x29,
    0x46, 0x29, 0x46, 0x29, 0x45, 0x21, 0x46, 0x29, 0x46, 0x29, 0x46, 0x29,
    0x46, 0x29, 0x46, 0x29, 0x46, 0x29, 0x46, 0x29, 0x46, 0x29, 0x25, 0x21,
    0x46, 0x29, 0x46, 0x29, 0x46, 0x29, 0x66, 0x29, 0x46, 0x29, 0x46, 0x29,
    0x46, 0x29, 0x46, 0x29, 0x46, 0x29, 0x46, 0x29, 0x46, 0x29, 0x46, 0x29,
    0x46, 0x29, 0x46, 0x29, 0x46, 0x29, 0x46, 0x29, 0x46, 0x29, 0x46, 0x29,
    0x46, 0x29, 0x46, 0x29, 0x66, 0x29, 0x46, 0x29, 0x46, 0x29, 0x46, 0x29,
    0x66, 0x29, 0x46, 0x29, 0x46, 0x29, 0x46, 0x29, 0x46, 0x29, 0x46, 0x29,
    0x66, 0x29, 0x46, 0x29, 0x46, 0x29, 0x66, 0x29, 0x66, 0x29, 0x46, 0x29,
    0x66, 0x29, 0x46, 0x29, 0x66, 0x29, 0x66, 0x29, 0x66, 0x29, 0x66, 0x29,
    0x66, 0x29, 0x66, 0x29, 0x46, 0x29, 0x66, 0x29, 0x66, 0x29, 0x66, 0x29,
    0x66, 0x29, 0x86, 0x29, 0x66, 0x29, 0x66, 0x29, 0x86, 0x29, 0x66, 0x29,
    0x66, 0x29, 0x66, 0x29, 0x87, 0x29, 0x66, 0x29, 0x66, 0x29, 0x66, 0x29,
    0x86, 0x31, 0x87, 0x29, 0x66, 0x29, 0x66, 0x29, 0x66, 0x29, 0x87, 0x31,
    0x66, 0x29, 0x66, 0x29, 0x86, 0x29, 0x67, 0x29, 0x87, 0x31, 0x86, 0x31,
    0x86, 0x29, 0x66, 0x29, 0x87, 0x31, 0x87, 0x31, 0x86, 0x29, 0x46, 0x29,
    0xa7, 0x31, 0xa7, 0x31, 0xa7, 0x31, 0xc8, 0x39, 0xa7, 0x31, 0xa8, 0x31,
    0xc8, 0x39, 0xa7, 0x31, 0xa7, 0x31, 0xc7, 0x39, 0xa7, 0x31, 0xa8, 0x39,
    0xa7, 0x31, 0xa7, 0x31, 0xa7, 0x31, 0xa7, 0x31, 0xa7, 0x31, 0xa7, 0x31,
    0xa8, 0x39, 0xa7, 0x31, 0xa7, 0x31, 0xa7, 0x31, 0xa7, 0x31, 0xa7, 0x31,
    0xa7, 0x31, 0xa7, 0x31, 0xa7, 0x31, 0xa7, 0x31, 0x87, 0x31, 0xa7, 0x31,
    0xa7, 0x31, 0xa7, 0x31, 0xa7, 0x31, 0xa7, 0x31, 0xa7, 0x31, 0xa7, 0x31,
    0xa7, 0x31, 0xa7, 0x31, 0x87, 0x31, 0xa7, 0x31, 0xc8, 0x39, 0xe8, 0x39,
    0xe8, 0x39, 0xe8, 0x39, 0xe8, 0x39, 0xe9, 0x39, 0xe8, 0x39, 0xe8, 0x39,
    0xe8, 0x39, 0xe8, 0x39, 0xe8, 0x39, 0xe8, 0x39, 0xe8, 0x41, 0x09, 0x42,
    0x08, 0x3a, 0x09, 0x42, 0xe8, 0x39, 0xe8, 0x39, 0xe9, 0x41, 0x09, 0x42,
    0x09, 0x3a, 0x09, 0x42, 0x08, 0x42, 0xe8, 0x39, 0xe8, 0x39, 0x08, 0x3a,
    0xe8, 0x39, 0xe8, 0x39, 0x09, 0x42, 0x08, 0x42, 0x09, 0x42, 0xe8, 0x39,
    0x08, 0x3a, 0x09, 0x42, 0x08, 0x3a, 0x09, 0x42, 0x09, 0x42, 0x09, 0x42,
    0x08, 0x3a, 0x09, 0x42, 0x08, 0x3a, 0x09, 0x3a, 0x29, 0x42, 0x29, 0x42,
    0x29, 0x42, 0x09, 0x42, 0x29, 0x42, 0x09, 0x42, 0x09, 0x42, 0x09, 0x42,
    0x29, 0x42, 0x09, 0x42, 0x29, 0x42, 0x29, 0x42, 0x29, 0x42, 0x29, 0x42,
    0x29, 0x42, 0x29, 0x42, 0x29, 0x42, 0x2a, 0x42, 0x29, 0x42, 0x2a, 0x42,
    0x29, 0x42, 0x2a, 0x42, 0x09, 0x42, 0x29, 0x42, 0x29, 0x42, 0x29, 0x42,
    0x2a, 0x42, 0x29, 0x42, 0x29, 0x42, 0x2a, 0x42, 0x29, 0x42, 0x09, 0x42,
    0x2a, 0x42, 0x29, 0x42, 0x29, 0x42, 0x29, 0x42, 0x29, 0x42, 0x29, 0x42,
    0xe4, 0x18, 0x04, 0x21, 0xe4, 0x18, 0x05, 0x21, 0xe4, 0x18, 0x04, 0x21,
    0x05, 0x21, 0xe4, 0x18, 0x25, 0x29, 0x26, 0x21, 0x45, 0x29, 0x46, 0x29,
    0x25, 0x21, 0x46, 0x21, 0x46, 0x29, 0x46, 0x29, 0x25, 0x21, 0x46, 0x29,
    0x25, 0x21, 0x46, 0x29, 0x46, 0x29, 0x25, 0x21, 0x46, 0x29, 0x45, 0x21,
    0x46, 0x29, 0x46, 0x29, 0x45, 0x21, 0x46, 0x29, 0x45, 0x21, 0x45, 0x29,
    0x25, 0x21, 0x45, 0x21, 0x46, 0x21, 0x45, 0x21, 0x45, 0x21, 0x25, 0x21,
    0x25, 0x21, 0x46, 0x29, 0x45, 0x29, 0x45, 0x29, 0x46, 0x29, 0x46, 0x29,
    0x46, 0x29, 0x46, 0x29, 0x66, 0x29, 0x45, 0x21, 0x46, 0x21, 0x46, 0x29,
    0x45, 0x21, 0x46, 0x29, 0x45, 0x21, 0x66, 0x29, 0x46, 0x29, 0x46, 0x29,
    0x46, 0x29, 0x46, 0x29, 0x66, 0x29, 0x46, 0x29, 0x66, 0x29, 0x66, 0x29,
    0x46, 0x29, 0x46, 0x29, 0x46, 0x29, 0x66, 0x29, 0x46, 0x29, 0x66, 0x29,
    0x46, 0x29, 0x66, 0x29, 0x66, 0x29, 0x66, 0x29, 0x46, 0x29, 0x66, 0x29,
    0x66, 0x29, 0x46, 0x29, 0x46, 0x29, 0x66, 0x29, 0x66, 0x29, 0x66, 0x29,
    0x46, 0x29, 0x66, 0x29, 0x66, 0x29, 0x46, 0x29, 0x66, 0x29, 0x66, 0x29,
    0x66, 0x29, 0x66, 0x29, 0x46, 0x29, 0x66, 0x29, 0x66, 0x29, 0x66, 0x29,
    0x66, 0x29, 0x66, 0x29, 0x66, 0x29, 0x66, 0x29, 0x87, 0x31, 0x66, 0x29,
    0x66, 0x29, 0x66, 0x29, 0x66, 0x29, 0x66, 0x29, 0x66, 0x31, 0x66, 0x29,
    0x66, 0x29, 0x87, 0x31, 0x86, 0x29, 0x66, 0x29, 0x66, 0x29, 0x87, 0x31,
    0x87, 0x31, 0x66, 0x29, 0x66, 0x31, 0x66, 0x29, 0x86, 0x29, 0x66, 0x29,
    0x67, 0x29, 0x86, 0x31, 0x87, 0x31, 0x86, 0x29, 0x46, 0x29, 0x46, 0x29,
    0x66, 0x29, 0xa7, 0x31, 0xa8, 0x39, 0xc7, 0x31, 0xc7, 0x31, 0xa7, 0x31,
    0xa7, 0x31, 0xa7, 0x31, 0xc8, 0x39, 0xc8, 0x39, 0xc7, 0x31, 0xc7, 0x31,
    0xc8, 0x39, 0xa7, 0x31, 0xa7, 0x31, 0xa7, 0x31, 0xc8, 0x39, 0xa7, 0x31,
    0xc7, 0x39, 0xa7, 0x31, 0xa8, 0x39, 0xa7, 0x31, 0xa7, 0x31, 0xa7, 0x31,
    0xa7, 0x31, 0xa8, 0x39, 0xa7, 0x31, 0x87, 0x31, 0x87, 0x31, 0xa7, 0x39,
    0xa7, 0x31, 0xa7, 0x31, 0x87, 0x31, 0x87, 0x31, 0xa7, 0x31, 0xa7, 0x31,
    0xa7, 0x31, 0xa7, 0x31, 0xa7, 0x31, 0xa7, 0x31, 0xc7, 0x39, 0xe8, 0x39,
    0xe8, 0x39, 0xe8, 0x39, 0xe8, 0x39, 0xe8, 0x39, 0xe8, 0x39, 0x09, 0x42,
    0xe8, 0x39, 0x09, 0x42, 0xe8, 0x39, 0x09, 0x42, 0xe8, 0x39, 0xe8, 0x39,
    0xe8, 0x39, 0xe8, 0x39, 0x09, 0x3a, 0x08, 0x42, 0xe8, 0x39, 0x09, 0x42,
    0xe8, 0x39, 0x08, 0x3a, 0x08, 0x42, 0xe9, 0x39, 0x09, 0x42, 0xe8, 0x39,
    0x09, 0x42, 0x09, 0x42, 0x08, 0x3a, 0x09, 0x3a, 0x08, 0x3a, 0x09, 0x42,
    0x09, 0x42, 0x08, 0x3a, 0x08, 0x42, 0x09, 0x3a, 0x09, 0x42, 0x08, 0x3a,
    0x09, 0x42, 0x09, 0x42, 0x09, 0x42, 0x08, 0x3a, 0x08, 0x3a, 0x09, 0x42,
    0x09, 0x3a, 0x29, 0x42, 0x09, 0x42, 0x29, 0x42, 0x09, 0x42, 0x29, 0x42,
    0x29, 0x42, 0x29, 0x42, 0x09, 0x42, 0x29, 0x42, 0x29, 0x42, 0x29, 0x42,
    0x29, 0x42, 0x09, 0x42, 0x29, 0x42, 0x29, 0x42, 0x09, 0x42, 0x29, 0x42,
    0x29, 0x42, 0x29, 0x42, 0x09, 0x42, 0x09, 0x42, 0x2a, 0x42, 0x29, 0x42,
    0x29, 0x42, 0x09, 0x42, 0x29, 0x42, 0x2a, 0x42, 0x29, 0x42, 0x29, 0x42,
    0x29, 0x42, 0x2a, 0x42, 0x29, 0x42, 0x29, 0x42, 0x29, 0x42, 0x29, 0x42,
    0xe4, 0x18, 0xe4, 0x18, 0xe4, 0x20, 0x05, 0x19, 0x05, 0x21, 0xe4, 0x18,
    0xe4, 0x18, 0xe4, 0x18, 0x25, 0x21, 0x46, 0x29, 0x45, 0x21, 0x46, 0x29,
    0x25, 0x21, 0x46, 0x29, 0x25, 0x21, 0x45, 0x21, 0x25, 0x21, 0x46, 0x29,
    0x25, 0x21, 0x46, 0x29, 0x46, 0x29, 0x25, 0x21, 0x46, 0x29, 0x25, 0x21,
    0x25, 0x21, 0x25, 0x21, 0x25, 0x21, 0x46, 0x29, 0x46, 0x29, 0x46, 0x21,
    0x45, 0x29, 0x46, 0x29, 0x25, 0x21, 0x46, 0x29, 0x25, 0x29, 0x46, 0x29,
    0x46, 0x21, 0x46, 0x29, 0x45, 0x21, 0x26, 0x21, 0x46, 0x29, 0x46, 0x29,
    0x45, 0x21, 0x46, 0x29, 0x46, 0x29, 0x46, 0x29, 0x45, 0x29, 0x46, 0x29,
    0x46, 0x21, 0x66, 0x29, 0x45, 0x29, 0x46, 0x29, 0x45, 0x21, 0x45, 0x29,
    0x46, 0x29, 0x66, 0x29, 0x45, 0x29, 0x46, 0x29, 0x46, 0x29, 0x45, 0x21,
    0x46, 0x29, 0x45, 0x29, 0x66, 0x29, 0x46, 0x29, 0x45, 0x29, 0x66, 0x29,
    0x66, 0x29, 0x46, 0x29, 0x66, 0x29, 0x66, 0x29, 0x66, 0x29, 0x66, 0x29,
    0x46, 0x29, 0x66, 0x29, 0x66, 0x29, 0x66, 0x29, 0x66, 0x29, 0x66, 0x29,
    0x66, 0x29, 0x66, 0x29, 0x46, 0x29, 0x66, 0x29, 0x66, 0x29, 0x66, 0x29,
    0x66, 0x29, 0x66, 0x29, 0x66, 0x29, 0x66, 0x29, 0x46, 0x29, 0x67, 0x31,
    0x66, 0x29, 0x67, 0x29, 0x66, 0x29, 0x66, 0x29, 0x66, 0x29, 0x66, 0x29,
    0x66, 0x31, 0x67, 0x31, 0x66, 0x29, 0x67, 0x31, 0x66, 0x29, 0x87, 0x29,
    0x66, 0x29, 0x66, 0x29, 0x66, 0x31, 0x66, 0x29, 0x87, 0x31, 0x66, 0x29,
    0x66, 0x29, 0x86, 0x29, 0x87, 0x31, 0x87, 0x31, 0x66, 0x29, 0x66, 0x29,
    0x66, 0x31, 0x67, 0x29, 0x66, 0x29, 0x66, 0x29, 0x46, 0x29, 0x25, 0x21,
    0x46, 0x29, 0xa7, 0x31, 0xa7, 0x31, 0xa8, 0x39, 0xa7, 0x31, 0xa7, 0x39,
    0xc7, 0x31, 0xa7, 0x31, 0xc8, 0x39, 0xa7, 0x31, 0xc8, 0x39, 0xa7, 0x31,
    0xc8, 0x39, 0xa7, 0x31, 0xa7, 0x31, 0xa7, 0x39, 0xa7, 0x31, 0xc8, 0x39,
    0xa7, 0x31, 0xa7, 0x31, 0xa7, 0x31, 0xa7, 0x31, 0xa8, 0x39, 0xa7, 0x31,
    0xa7, 0x31, 0xa7, 0x31, 0xa7, 0x31, 0xa7, 0x31, 0xa7, 0x31, 0xa7, 0x31,
    0xa7, 0x31, 0x87, 0x31, 0xa7, 0x31, 0xa7, 0x31, 0xa7, 0x31, 0xa7, 0x31,
    0xa7, 0x31, 0xa7, 0x31, 0xa7, 0x31, 0xa7, 0x31, 0xc8, 0x39, 0xe8, 0x39,
    0xe8, 0x39, 0xe8, 0x39, 0xe8, 0x41, 0xe8, 0x39, 0xe8, 0x39, 0xe8, 0x39,
    0xe8, 0x39, 0xe8, 0x39, 0x09, 0x42, 0xe8, 0x39, 0xe8, 0x39, 0x09, 0x42,
    0x08, 0x3a, 0x09, 0x42, 0xe8, 0x39, 0xe8, 0x39, 0xe8, 0x39, 0xe8, 0x39,
    0x08, 0x3a, 0x09, 0x42, 0xe8, 0x39, 0x09, 0x42, 0xe8, 0x39, 0x08, 0x42,
    0xe8, 0x39, 0x09, 0x42, 0xe8, 0x39, 0x08, 0x3a, 0x09, 0x42, 0x08, 0x42,
    0xe8, 0x39, 0x09, 0x42, 0x09, 0x42, 0x08, 0x42, 0x08, 0x3a, 0x09, 0x42,
    0x09, 0x42, 0x09, 0x42, 0x08, 0x3a, 0x09, 0x42, 0x09, 0x42, 0x09, 0x42,
    0x09, 0x42, 0x08, 0x3a, 0x29, 0x42, 0x29, 0x42, 0x09, 0x3a, 0x29, 0x42,
    0x29, 0x42, 0x29, 0x42, 0x29, 0x42, 0x29, 0x42, 0x29, 0x42, 0x2a, 0x42,
    0x09, 0x42, 0x29, 0x42, 0x2a, 0x42, 0x09, 0x42, 0x2a, 0x42, 0x29, 0x42,
    0x29, 0x42, 0x29, 0x42, 0x2a, 0x42, 0x29, 0x42, 0x29, 0x42, 0x29, 0x42,
    0x29, 0x42, 0x29, 0x42, 0x29, 0x42, 0x29, 0x42, 0x29, 0x42, 0x2a, 0x42,
    0x29, 0x42, 0x29, 0x42, 0x2a, 0x42, 0x29, 0x42, 0x29, 0x42, 0x2a, 0x42,
    0xe4, 0x18, 0xe4, 0x18, 0xe4, 0x18, 0xe4, 0x18, 0xe4, 0x20, 0xe4, 0x18,
    0xe5, 0x20, 0x04, 0x21, 0x05, 0x21, 0x46, 0x29, 0x25, 0x21, 0x25, 0x21,
    0x46, 0x29, 0x45, 0x29, 0x26, 0x29, 0x46, 0x29, 0x46, 0x29, 0x25, 0x21,
    0x46, 0x29, 0x46, 0x29, 0x45, 0x21, 0x26, 0x29, 0x45, 0x29, 0x46, 0x29,
    0x46, 0x29, 0x46, 0x29, 0x46, 0x29, 0x45, 0x21, 0x46, 0x29, 0x25, 0x21,
    0x46, 0x29, 0x46, 0x29, 0x46, 0x29, 0x46, 0x29, 0x45, 0x29, 0x46, 0x29,
    0x46, 0x29, 0x46, 0x29, 0x46, 0x29, 0x45, 0x21, 0x46, 0x29, 0x46, 0x29,
    0x45, 0x21, 0x45, 0x21, 0x46, 0x29, 0x46, 0x29, 0x46, 0x29, 0x45, 0x29,
    0x46, 0x21, 0x45, 0x21, 0x46, 0x29, 0x46, 0x29, 0x46, 0x29, 0x46, 0x21,
    0x66, 0x29, 0x46, 0x29, 0x46, 0x21, 0x66, 0x29, 0x66, 0x29, 0x66, 0x29,
    0x66, 0x29, 0x66, 0x29, 0x46, 0x21, 0x46, 0x29, 0x46, 0x29, 0x46, 0x29,
    0x66, 0x29, 0x66, 0x29, 0x46, 0x29, 0x66, 0x29, 0x66, 0x29, 0x46, 0x29,
    0x66, 0x29, 0x45, 0x29, 0x66, 0x29, 0x46, 0x29, 0x66, 0x29, 0x66, 0x29,
    0x66, 0x29, 0x66, 0x29, 0x66, 0x29, 0x66, 0x29, 0x66, 0x29, 0x66, 0x29,
    0x46, 0x29, 0x67, 0x31, 0x66, 0x29, 0x67, 0x31, 0x66, 0x29, 0x66, 0x29,
    0x66, 0x29, 0x66, 0x31, 0x66, 0x29, 0x66, 0x29, 0x67, 0x31, 0x66, 0x29,
    0x66, 0x29, 0x67, 0x29, 0x66, 0x29, 0x66, 0x29, 0x66, 0x29, 0x87, 0x31,
    0x66, 0x29, 0x66, 0x31, 0x87, 0x31, 0x66, 0x29, 0x87, 0x31, 0x87, 0x31,
    0x86, 0x29, 0x66, 0x29, 0x67, 0x29, 0x87, 0x31, 0x86, 0x29, 0x66, 0x29,
    0x87, 0x31, 0x66, 0x29, 0x66, 0x29, 0x66, 0x29, 0x46, 0x29, 0x66, 0x29,
    0x66, 0x29, 0x66, 0x29, 0xc8, 0x39, 0xc7, 0x31, 0xc8, 0x39, 0xa8, 0x31,
    0xc7, 0x39, 0xa7, 0x31, 0xa7, 0x31, 0xa7, 0x31, 0xc7, 0x31, 0xa7, 0x31,
    0xa7, 0x31, 0xc8, 0x39, 0xa7, 0x31, 0xc8, 0x39, 0xa7, 0x31, 0xa7, 0x31,
    0xa7, 0x31, 0xa7, 0x31, 0xa7, 0x31, 0xa7, 0x31, 0xa7, 0x31, 0xa7, 0x31,
    0xa8, 0x39, 0xa7, 0x31, 0xa7, 0x31, 0xa7, 0x31, 0xa8, 0x31, 0xa7, 0x31,
    0xa7, 0x31, 0xa7, 0x31, 0xc8, 0x31, 0xa7, 0x31, 0xa7, 0x31, 0x87, 0x31,
    0x87, 0x31, 0xa7, 0x31, 0xa7, 0x31, 0xa7, 0x31, 0xc8, 0x39, 0xe8, 0x39,
    0xe8, 0x39, 0xe8, 0x39, 0x09, 0x42, 0xe8, 0x39, 0xe8, 0x39, 0xe8, 0x39,
    0xe8, 0x39, 0xe8, 0x39, 0xe8, 0x39, 0xe8, 0x39, 0xe8, 0x39, 0xe8, 0x39,
    0xe8, 0x39, 0xe8, 0x39, 0x09, 0x42, 0x09, 0x42, 0x09, 0x42, 0x09, 0x42,
    0x09, 0x42, 0x09, 0x42, 0xe8, 0x39, 0xe8, 0x39, 0x08, 0x3a, 0xe8, 0x39,
    0xe9, 0x39, 0x08, 0x42, 0x09, 0x42, 0x09, 0x42, 0xe8, 0x39, 0x09, 0x42,
    0x09, 0x42, 0x09, 0x3a, 0xe8, 0x39, 0x09, 0x42, 0x08, 0x3a, 0x09, 0x3a,
    0x08, 0x42, 0x08, 0x3a, 0x08, 0x3a, 0x09, 0x42, 0x08, 0x42, 0x09, 0x42,
    0x09, 0x42, 0x09, 0x3a, 0xe8, 0x39, 0x29, 0x42, 0x09, 0x42, 0x29, 0x42,
    0x29, 0x42, 0x2a, 0x42, 0x09, 0x42, 0x29, 0x42, 0x2a, 0x42, 0x29, 0x42,
    0x29, 0x42, 0x29, 0x42, 0x09, 0x42, 0x29, 0x42, 0x2a, 0x42, 0x29, 0x42,
    0x2a, 0x42, 0x2a, 0x42, 0x29, 0x42, 0x29, 0x42, 0x29, 0x42, 0x29, 0x42,
    0x2a, 0x42, 0x29, 0x42, 0x29, 0x42, 0x2a, 0x42, 0x09, 0x42, 0x29, 0x42,
    0x4a, 0x4a, 0x29, 0x42, 0x2a, 0x4a, 0x29, 0x42, 0x29, 0x42, 0x29, 0x42,
    0x05, 0x21, 0xe5, 0x20, 0xe4, 0x18, 0x04, 0x21, 0xe4, 0x18, 0x05, 0x21,
    0x05, 0x21, 0x05, 0x21, 0x04, 0x19, 0x25, 0x21, 0x46, 0x29, 0x45, 0x21,
    0x46, 0x29, 0x46, 0x29, 0x45, 0x21, 0x46, 0x29, 0x45, 0x29, 0x46, 0x21,
    0x25, 0x21, 0x25, 0x29, 0x46, 0x21, 0x46, 0x29, 0x45, 0x21, 0x46, 0x29,
    0x46, 0x21, 0x25, 0x21, 0x45, 0x21, 0x46, 0x29, 0x45, 0x21, 0x46, 0x29,
    0x25, 0x21, 0x46, 0x29, 0x45, 0x21, 0x25, 0x21, 0x46, 0x29, 0x46, 0x29,
    0x46, 0x29, 0x46, 0x29, 0x45, 0x21, 0x45, 0x21, 0x46, 0x29, 0x46, 0x29,
    0x46, 0x29, 0x46, 0x29, 0x45, 0x21, 0x46, 0x21, 0x46, 0x29, 0x46, 0x29,
    0x45, 0x29, 0x46, 0x29, 0x46, 0x29, 0x46, 0x29, 0x66, 0x29, 0x46, 0x29,
    0x46, 0x29, 0x66, 0x29, 0x46, 0x29, 0x45, 0x21, 0x46, 0x29, 0x46, 0x29,
    0x45, 0x29, 0x46, 0x29, 0x46, 0x29, 0x66, 0x29, 0x66, 0x29, 0x46, 0x29,
    0x46, 0x29, 0x66, 0x29, 0x66, 0x29, 0x66, 0x29, 0x46, 0x29, 0x66, 0x29,
    0x46, 0x29, 0x46, 0x29, 0x46, 0x29, 0x66, 0x29, 0x66, 0x29, 0x66, 0x29,
    0x66, 0x29, 0x46, 0x29, 0x66, 0x29, 0x66, 0x29, 0x66, 0x29, 0x67, 0x31,
    0x66, 0x29, 0x66, 0x29, 0x66, 0x29, 0x66, 0x29, 0x87, 0x31, 0x66, 0x29,
    0x87, 0x29, 0x66, 0x29, 0x66, 0x31, 0x66, 0x29, 0x67, 0x29, 0x66, 0x31,
    0x66, 0x29, 0x66, 0x29, 0x87, 0x31, 0x66, 0x29, 0x66, 0x29, 0x66, 0x29,
    0x87, 0x31, 0x87, 0x29, 0x87, 0x31, 0x66, 0x29, 0x66, 0x29, 0x87, 0x31,
    0x87, 0x31, 0x66, 0x29, 0x66, 0x29, 0x66, 0x29, 0x66, 0x31, 0x87, 0x31,
    0x87, 0x29, 0x66, 0x31, 0x66, 0x29, 0x66, 0x29, 0x66, 0x29, 0x46, 0x29,
    0x46, 0x29, 0x66, 0x29, 0xa7, 0x31, 0xc8, 0x39, 0xc7, 0x31, 0xa7, 0x31,
    0xc8, 0x39, 0xa7, 0x31, 0xa7, 0x31, 0xc8, 0x39, 0xc8, 0x39, 0xa7, 0x31,
    0xc8, 0x39, 0xa7, 0x31, 0xa7, 0x31, 0xa7, 0x31, 0xc8, 0x31, 0xc8, 0x39,
    0xa7, 0x31, 0xa8, 0x39, 0xc8, 0x39, 0xa7, 0x31, 0xa7, 0x31, 0xa7, 0x31,
    0xa7, 0x31, 0xa7, 0x31, 0xa7, 0x39, 0xc8, 0x39, 0xa7, 0x31, 0xc7, 0x39,
    0xa7, 0x31, 0xa8, 0x31, 0xa7, 0x31, 0xa7, 0x31, 0xa7, 0x39, 0xa7, 0x31,
    0xa7, 0x31, 0xa7, 0x31, 0x87, 0x31, 0xa7, 0x31, 0xc8, 0x39, 0xe8, 0x39,
    0xe8, 0x39, 0xe9, 0x39, 0xe8, 0x39, 0xe8, 0x39, 0xe9, 0x39, 0xe8, 0x41,
    0x09, 0x42, 0xe8, 0x39, 0xe8, 0x39, 0xe8, 0x39, 0xe8, 0x39, 0x09, 0x42,
    0xe8, 0x39, 0xe8, 0x39, 0xe8, 0x39, 0x08, 0x3a, 0x09, 0x3a, 0xe8, 0x39,
    0xe8, 0x39, 0x09, 0x42, 0x09, 0x3a, 0x08, 0x42, 0x09, 0x42, 0xe9, 0x39,
    0x08, 0x3a, 0xe8, 0x39, 0x09, 0x42, 0x08, 0x3a, 0xe8, 0x39, 0x09, 0x3a,
    0x09, 0x42, 0xe8, 0x39, 0x09, 0x42, 0x08, 0x3a, 0x09, 0x42, 0xe8, 0x39,
    0x09, 0x42, 0x09, 0x42, 0x09, 0x42, 0x08, 0x3a, 0x09, 0x42, 0x28, 0x3a,
    0x29, 0x42, 0x08, 0x42, 0x09, 0x42, 0x09, 0x3a, 0x09, 0x42, 0x09, 0x42,
    0x29, 0x42, 0x29, 0x42, 0x29, 0x42, 0x29, 0x42, 0x09, 0x42, 0x29, 0x42,
    0x29, 0x42, 0x29, 0x42, 0x2a, 0x42, 0x29, 0x42, 0x29, 0x42, 0x29, 0x42,
    0x29, 0x4a, 0x29, 0x42, 0x29, 0x42, 0x29, 0x42, 0x2a, 0x42, 0x29, 0x42,
    0x29, 0x42, 0x2a, 0x4a, 0x2a, 0x4a, 0x29, 0x42, 0x2a, 0x42, 0x29, 0x42,
    0x49, 0x4a, 0x29, 0x42, 0x29, 0x42, 0x2a, 0x42, 0x29, 0x42, 0x29, 0x42,
    0xe4, 0x18, 0xe4, 0x18, 0xe4, 0x18, 0x05, 0x21, 0xe4, 0x18, 0xe4, 0x18,
    0x04, 0x19, 0x04, 0x19, 0xe4, 0x20, 0x25, 0x21, 0x25, 0x21, 0x25, 0x21,
    0x25, 0x29, 0x26, 0x21, 0x46, 0x29, 0x45, 0x21, 0x46, 0x29, 0x46, 0x29,
    0x25, 0x21, 0x46, 0x29, 0x46, 0x29, 0x45, 0x21, 0x45, 0x21, 0x46, 0x29,
    0x45, 0x21, 0x45, 0x29, 0x25, 0x21, 0x46, 0x29, 0x46, 0x29, 0x45, 0x21,
    0x46, 0x29, 0x46, 0x29, 0x45, 0x21, 0x46, 0x29, 0x46, 0x29, 0x45, 0x21,
    0x25, 0x21, 0x46, 0x29, 0x46, 0x29, 0x46, 0x29, 0x45, 0x21, 0x46, 0x21,
    0x46, 0x29, 0x46, 0x29, 0x45, 0x29, 0x45, 0x21, 0x46, 0x29, 0x45, 0x21,
    0x46, 0x29, 0x46, 0x29, 0x46, 0x29, 0x45, 0x29, 0x46, 0x21, 0x46, 0x29,
    0x66, 0x29, 0x66, 0x29, 0x46, 0x29, 0x66, 0x29, 0x66, 0x29, 0x66, 0x29,
    0x46, 0x29, 0x66, 0x29, 0x45, 0x29, 0x66, 0x29, 0x66, 0x29, 0x46, 0x29,
    0x46, 0x29, 0x46, 0x29, 0x66, 0x29, 0x46, 0x29, 0x46, 0x29, 0x66, 0x29,
    0x46, 0x29, 0x66, 0x29, 0x46, 0x29, 0x46, 0x29, 0x46, 0x29, 0x66, 0x29,
    0x66, 0x29, 0x66, 0x29, 0x66, 0x29, 0x66, 0x29, 0x66, 0x29, 0x66, 0x31,
    0x66, 0x29, 0x66, 0x29, 0x66, 0x29, 0x66, 0x29, 0x66, 0x29, 0x66, 0x29,
    0x66, 0x29, 0x67, 0x29, 0x86, 0x31, 0x87, 0x31, 0x67, 0x29, 0x66, 0x29,
    0x66, 0x29, 0x66, 0x31, 0x66, 0x29, 0x86, 0x29, 0x87, 0x31, 0x66, 0x29,
    0x86, 0x31, 0x67, 0x29, 0x66, 0x29, 0x86, 0x31, 0x66, 0x29, 0x66, 0x29,
    0x87, 0x31, 0x86, 0x31, 0x87, 0x31, 0x87, 0x31, 0x86, 0x29, 0x87, 0x31,
    0x66, 0x29, 0x46, 0x29, 0x46, 0x29, 0x66, 0x29, 0x66, 0x29, 0x46, 0x21,
    0x46, 0x29, 0x45, 0x29, 0x87, 0x29, 0xc8, 0x39, 0xa7, 0x31, 0xc7, 0x31,
    0xa8, 0x39, 0xa7, 0x31, 0xc8, 0x39, 0xc8, 0x31, 0xa7, 0x31, 0xa7, 0x31,
    0xc8, 0x39, 0xa7, 0x31, 0xa7, 0x31, 0xa7, 0x31, 0xa7, 0x31, 0xa7, 0x31,
    0xa7, 0x31, 0xa7, 0x31, 0xa7, 0x31, 0xa7, 0x31, 0xa7, 0x31, 0xc8, 0x39,
    0xa7, 0x31, 0xa7, 0x31, 0xa7, 0x31, 0xa8, 0x31, 0xa7, 0x31, 0xa7, 0x31,
    0xa7, 0x31, 0xc7, 0x39, 0xa7, 0x39, 0xa7, 0x31, 0xa7, 0x31, 0xc7, 0x31,
    0xc8, 0x31, 0xc7, 0x39, 0xa7, 0x31, 0xa7, 0x31, 0xc8, 0x39, 0xe8, 0x39,
    0xe8, 0x39, 0xe8, 0x39, 0xe8, 0x39, 0xe8, 0x39, 0xe8, 0x39, 0xe8, 0x39,
    0xe8, 0x39, 0xe8, 0x39, 0xe8, 0x39, 0xe9, 0x41, 0xe8, 0x39, 0xe8, 0x39,
    0xe9, 0x41, 0xe8, 0x39, 0x08, 0x42, 0x09, 0x42, 0xe8, 0x39, 0xe8, 0x39,
    0x08, 0x3a, 0xe8, 0x39, 0x08, 0x3a, 0xe8, 0x39, 0xe9, 0x41, 0x09, 0x3a,
    0x08, 0x3a, 0xe8, 0x39, 0xe8, 0x39, 0x09, 0x42, 0x09, 0x42, 0x08, 0x3a,
    0x08, 0x42, 0x09, 0x42, 0x09, 0x42, 0x08, 0x3a, 0x09, 0x42, 0x09, 0x42,
    0x09, 0x42, 0x09, 0x42, 0x09, 0x3a, 0x09, 0x42, 0x09, 0x42, 0x08, 0x3a,
    0x09, 0x3a, 0x09, 0x42, 0x08, 0x42, 0x09, 0x42, 0x09, 0x42, 0x08, 0x3a,
    0x09, 0x42, 0x09, 0x42, 0x29, 0x42, 0x29, 0x42, 0x2a, 0x42, 0x29, 0x42,
    0x2a, 0x42, 0x29, 0x42, 0x29, 0x42, 0x29, 0x42, 0x29, 0x42, 0x29, 0x42,
    0x29, 0x42, 0x29, 0x42, 0x29, 0x42, 0x2a, 0x4a, 0x2a, 0x42, 0x29, 0x42,
    0x29, 0x42, 0x29, 0x42, 0x29, 0x42, 0x29, 0x42, 0x29, 0x42, 0x2a, 0x42,
    0x29, 0x42, 0x29, 0x42, 0x29, 0x42, 0x29, 0x42, 0x29, 0x42, 0x29, 0x42,
    0xe4, 0x20, 0x04, 0x19, 0xe4, 0x18, 0x05, 0x21, 0xe4, 0x18, 0x05, 0x21,
    0xe4, 0x18, 0xe4, 0x18, 0x05, 0x21, 0xe5, 0x20, 0x45, 0x21, 0x46, 0x29,
    0x46, 0x29, 0x45, 0x21, 0x46, 0x29, 0x26, 0x29, 0x45, 0x21, 0x45, 0x21,
    0x46, 0x29, 0x25, 0x21, 0x45, 0x21, 0x46, 0x29, 0x26, 0x29, 0x46, 0x29,
    0x46, 0x29, 0x46, 0x29, 0x25, 0x21, 0x46, 0x29, 0x45, 0x21, 0x45, 0x29,
    0x46, 0x29, 0x46, 0x29, 0x46, 0x29, 0x46, 0x29, 0x46, 0x29, 0x46, 0x29,
    0x45, 0x21, 0x46, 0x29, 0x46, 0x29, 0x45, 0x29, 0x45, 0x21, 0x46, 0x29,
    0x66, 0x29, 0x46, 0x29, 0x46, 0x21, 0x46, 0x29, 0x46, 0x29, 0x66, 0x29,
    0x46, 0x29, 0x46, 0x29, 0x46, 0x21, 0x66, 0x29, 0x66, 0x29, 0x45, 0x21,
    0x66, 0x29, 0x45, 0x29, 0x46, 0x29, 0x46, 0x29, 0x66, 0x29, 0x46, 0x21,
    0x46, 0x29, 0x66, 0x29, 0x66, 0x29, 0x46, 0x21, 0x46, 0x29, 0x66, 0x29,
    0x66, 0x29, 0x46, 0x29, 0x66, 0x29, 0x66, 0x29, 0x45, 0x21, 0x46, 0x29,
    0x66, 0x29, 0x66, 0x29, 0x66, 0x29, 0x66, 0x29, 0x66, 0x29, 0x66, 0x29,
    0x66, 0x29, 0x46, 0x29, 0x66, 0x31, 0x66, 0x29, 0x67, 0x29, 0x66, 0x29,
    0x67, 0x31, 0x66, 0x29, 0x66, 0x29, 0x66, 0x29, 0x66, 0x29, 0x66, 0x31,
    0x66, 0x29, 0x66, 0x29, 0x86, 0x31, 0x67, 0x31, 0x66, 0x29, 0x86, 0x29,
    0x87, 0x31, 0x67, 0x29, 0x87, 0x31, 0x66, 0x29, 0x87, 0x31, 0x66, 0x29,
    0x66, 0x29, 0x66, 0x29, 0x66, 0x29, 0x87, 0x29, 0x86, 0x29, 0x86, 0x29,
    0x67, 0x29, 0x86, 0x29, 0x66, 0x29, 0x87, 0x31, 0x66, 0x29, 0x86, 0x29,
    0x46, 0x29, 0x46, 0x29, 0x66, 0x29, 0x46, 0x29, 0x46, 0x29, 0x45, 0x29,
    0x66, 0x29, 0x66, 0x29, 0x46, 0x29, 0xc7, 0x31, 0xc7, 0x39, 0xa8, 0x31,
    0xc8, 0x39, 0xc7, 0x39, 0xc8, 0x31, 0xc7, 0x39, 0xa7, 0x31, 0xa7, 0x31,
    0xc7, 0x31, 0xa7, 0x31, 0xc8, 0x39, 0xc8, 0x39, 0xa7, 0x31, 0xc7, 0x39,
    0xa7, 0x31, 0xa7, 0x31, 0xc8, 0x39, 0xa7, 0x31, 0xc8, 0x39, 0xa7, 0x31,
    0xc8, 0x39, 0xa7, 0x31, 0xc8, 0x39, 0xc7, 0x31, 0xa7, 0x31, 0xa7, 0x31,
    0xa7, 0x31, 0xa7, 0x31, 0xa7, 0x31, 0xa8, 0x31, 0xa7, 0x31, 0xa7, 0x31,
    0xa7, 0x31, 0xa7, 0x31, 0xa7, 0x31, 0xa7, 0x31, 0xc8, 0x39, 0xe8, 0x39,
    0xe8, 0x39, 0xe8, 0x39, 0xe8, 0x39, 0xe8, 0x39, 0xe9, 0x41, 0xe8, 0x39,
    0xe8, 0x39, 0xe8, 0x39, 0xe9, 0x41, 0xe8, 0x39, 0xe8, 0x39, 0x09, 0x42,
    0x09, 0x42, 0xe8, 0x39, 0x09, 0x3a, 0xe8, 0x39, 0x09, 0x42, 0x09, 0x42,
    0xe8, 0x39, 0x09, 0x42, 0x09, 0x42, 0xe8, 0x39, 0x08, 0x42, 0x08, 0x42,
    0x09, 0x42, 0x09, 0x42, 0x09, 0x42, 0x08, 0x3a, 0xe8, 0x39, 0x09, 0x42,
    0x08, 0x3a, 0x09, 0x3a, 0x08, 0x42, 0x08, 0x3a, 0x09, 0x42, 0x09, 0x3a,
    0x08, 0x42, 0x29, 0x42, 0x08, 0x42, 0x09, 0x42, 0x09, 0x42, 0x09, 0x42,
    0x08, 0x3a, 0x09, 0x42, 0x09, 0x3a, 0x08, 0x3a, 0x09, 0x42, 0x29, 0x42,
    0x09, 0x42, 0x29, 0x42, 0x09, 0x42, 0x29, 0x42, 0x29, 0x42, 0x29, 0x42,
    0x2a, 0x42, 0x29, 0x42, 0x29, 0x42, 0x2a, 0x42, 0x29, 0x42, 0x2a, 0x4a,
    0x29, 0x42, 0x2a, 0x42, 0x29, 0x42, 0x29, 0x4a, 0x29, 0x42, 0x2a, 0x4a,
    0x29, 0x42, 0x29, 0x42, 0x2a, 0x42, 0x29, 0x42, 0x29, 0x4a, 0x29, 0x42,
    0x2a, 0x42, 0x29, 0x42, 0x2a, 0x4a, 0x2a, 0x42, 0x4a, 0x4a, 0x2a, 0x42,
    0xe4, 0x18, 0xe4, 0x20, 0xe5, 0x20, 0xe4, 0x18, 0x04, 0x21, 0x05, 0x21,
    0xe4, 0x18, 0xe4, 0x20, 0x05, 0x19, 0xe4, 0x18, 0x25, 0x21, 0x46, 0x29,
    0x25, 0x21, 0x25, 0x21, 0x46, 0x29, 0x25, 0x21, 0x25, 0x21, 0x46, 0x29,
    0x45, 0x21, 0x46, 0x29, 0x25, 0x21, 0x46, 0x29, 0x45, 0x21, 0x25, 0x21,
    0x45, 0x21, 0x46, 0x29, 0x25, 0x21, 0x25, 0x21, 0x46, 0x29, 0x25, 0x21,
    0x25, 0x21, 0x46, 0x29, 0x45, 0x21, 0x45, 0x21, 0x46, 0x29, 0x45, 0x21,
    0x46, 0x29, 0x46, 0x29, 0x46, 0x29, 0x66, 0x29, 0x46, 0x21, 0x46, 0x29,
    0x45, 0x29, 0x45, 0x29, 0x45, 0x21, 0x46, 0x29, 0x66, 0x29, 0x46, 0x29,
    0x45, 0x29, 0x46, 0x29, 0x45, 0x21, 0x66, 0x29, 0x46, 0x29, 0x46, 0x29,
    0x66, 0x29, 0x45, 0x21, 0x46, 0x29, 0x66, 0x29, 0x46, 0x29, 0x45, 0x29,
    0x66, 0x29, 0x46, 0x21, 0x46, 0x29, 0x46, 0x29, 0x46, 0x29, 0x45, 0x21,
    0x45, 0x21, 0x66, 0x29, 0x66, 0x29, 0x45, 0x29, 0x46, 0x29, 0x66, 0x29,
    0x46, 0x29, 0x66, 0x29, 0x66, 0x29, 0x66, 0x29, 0x66, 0x29, 0x66, 0x29,
    0x66, 0x29, 0x46, 0x29, 0x66, 0x29, 0x66, 0x29, 0x67, 0x31, 0x66, 0x29,
    0x66, 0x29, 0x66, 0x29, 0x66, 0x29, 0x67, 0x31, 0x66, 0x29, 0x66, 0x29,
    0x66, 0x29, 0x66, 0x29, 0x66, 0x29, 0x67, 0x29, 0x87, 0x31, 0x66, 0x29,
    0x66, 0x29, 0x66, 0x29, 0x87, 0x31, 0x66, 0x29, 0x87, 0x31, 0x87, 0x31,
    0x66, 0x29, 0x66, 0x31, 0x66, 0x29, 0x67, 0x31, 0x87, 0x31, 0x87, 0x31,
    0x66, 0x29, 0x86, 0x31, 0x87, 0x31, 0x87, 0x31, 0x66, 0x29, 0x46, 0x29,
    0x66, 0x29, 0x66, 0x29, 0x66, 0x29, 0x66, 0x29, 0x46, 0x21, 0x45, 0x29,
    0x46, 0x29, 0x66, 0x29, 0x46, 0x29, 0x87, 0x31, 0xc8, 0x39, 0xc8, 0x39,
    0xc7, 0x31, 0xa7, 0x31, 0xc8, 0x39, 0xa7, 0x31, 0xc8, 0x39, 0xc8, 0x39,
    0xc8, 0x39, 0xc8, 0x39, 0xa7, 0x31, 0xc8, 0x39, 0xc7, 0x31, 0xa8, 0x31,
    0xc8, 0x39, 0xa7, 0x31, 0xa7, 0x31, 0xa7, 0x31, 0xa7, 0x31, 0xc8, 0x39,
    0xa7, 0x31, 0xa7, 0x31, 0xc8, 0x39, 0xc8, 0x39, 0xa7, 0x39, 0xa7, 0x31,
    0xa8, 0x31, 0xc8, 0x39, 0xa7, 0x31, 0xa7, 0x31, 0xa7, 0x31, 0xa8, 0x39,
    0xa7, 0x31, 0xa7, 0x31, 0xa7, 0x31, 0xa7, 0x31, 0xe8, 0x39, 0xe8, 0x39,
    0xc8, 0x39, 0xe8, 0x39, 0xe8, 0x39, 0xe8, 0x39, 0xe8, 0x39, 0x09, 0x42,
    0xe8, 0x39, 0xe8, 0x39, 0xe8, 0x39, 0x08, 0x3a, 0xe8, 0x39, 0x08, 0x3a,
    0xe8, 0x39, 0xe8, 0x39, 0xe8, 0x39, 0x09, 0x42, 0x08, 0x42, 0x08, 0x3a,
    0xe8, 0x39, 0x09, 0x42, 0x09, 0x42, 0x08, 0x3a, 0xe8, 0x39, 0xe8, 0x39,
    0x09, 0x42, 0x08, 0x3a, 0x09, 0x42, 0xe8, 0x39, 0x09, 0x42, 0x09, 0x42,
    0x09, 0x3a, 0x08, 0x42, 0x09, 0x3a, 0x09, 0x42, 0x08, 0x42, 0x09, 0x3a,
    0x08, 0x3a, 0x09, 0x42, 0x08, 0x3a, 0x08, 0x3a, 0x09, 0x42, 0x08, 0x3a,
    0x09, 0x42, 0x08, 0x3a, 0x09, 0x42, 0x08, 0x42, 0x09, 0x42, 0x09, 0x3a,
    0x29, 0x42, 0x08, 0x3a, 0x09, 0x42, 0x09, 0x42, 0x09, 0x42, 0x09, 0x42,
    0x09, 0x42, 0x29, 0x42, 0x29, 0x42, 0x4a, 0x4a, 0x2a, 0x42, 0x29, 0x42,
    0x29, 0x42, 0x29, 0x42, 0x2a, 0x42, 0x29, 0x42, 0x29, 0x42, 0x2a, 0x42,
    0x29, 0x42, 0x2a, 0x4a, 0x29, 0x42, 0x4a, 0x42, 0x29, 0x42, 0x2a, 0x4a,
    0x29, 0x42, 0x29, 0x42, 0x29, 0x42, 0x29, 0x42, 0x29, 0x42, 0x29, 0x42,
    0x04, 0x19, 0xe4, 0x18, 0x05, 0x21, 0xe4, 0x18, 0x05, 0x21, 0xe4, 0x18,
    0xe4, 0x18, 0x05, 0x21, 0x05, 0x21, 0x04, 0x21, 0x05, 0x21, 0x46, 0x29,
    0x45, 0x29, 0x25, 0x21, 0x26, 0x21, 0x46, 0x29, 0x46, 0x29, 0x25, 0x21,
    0x46, 0x29, 0x46, 0x29, 0x25, 0x21, 0x46, 0x29, 0x45, 0x21, 0x46, 0x29,
    0x46, 0x29, 0x46, 0x29, 0x45, 0x29, 0x46, 0x29, 0x46, 0x29, 0x46, 0x29,
    0x45, 0x21, 0x46, 0x29, 0x26, 0x29, 0x46, 0x29, 0x45, 0x21, 0x46, 0x29,
    0x45, 0x21, 0x66, 0x29, 0x45, 0x21, 0x45, 0x21, 0x46, 0x29, 0x46, 0x29,
    0x46, 0x29, 0x46, 0x21, 0x46, 0x29, 0x66, 0x29, 0x45, 0x21, 0x46, 0x29,
    0x46, 0x29, 0x45, 0x21, 0x66, 0x29, 0x46, 0x29, 0x46, 0x29, 0x66, 0x29,
    0x46, 0x29, 0x46, 0x29, 0x45, 0x21, 0x45, 0x29, 0x46, 0x29, 0x66, 0x29,
    0x46, 0x29, 0x66, 0x29, 0x46, 0x29, 0x45, 0x29, 0x45, 0x21, 0x46, 0x29,
    0x46, 0x29, 0x66, 0x29, 0x66, 0x29, 0x46, 0x29, 0x46, 0x29, 0x66, 0x29,
    0x66, 0x29, 0x66, 0x29, 0x66, 0x29, 0x87, 0x31, 0x66, 0x29, 0x46, 0x29,
    0x46, 0x29, 0x67, 0x31, 0x66, 0x29, 0x66, 0x29, 0x66, 0x29, 0x66, 0x29,
    0x66, 0x29, 0x66, 0x29, 0x66, 0x29, 0x67, 0x31, 0x66, 0x29, 0x66, 0x31,
    0x67, 0x29, 0x66, 0x29, 0x87, 0x31, 0x66, 0x29, 0x66, 0x29, 0x66, 0x29,
    0x66, 0x29, 0x66, 0x29, 0x66, 0x29, 0x86, 0x31, 0x66, 0x29, 0x66, 0x29,
    0x67, 0x31, 0x87, 0x29, 0x86, 0x31, 0x66, 0x29, 0x66, 0x29, 0x86, 0x31,
    0x87, 0x31, 0x87, 0x31, 0x67, 0x29, 0x66, 0x29, 0x66, 0x29, 0x66, 0x29,
    0x66, 0x29, 0x66, 0x29, 0x66, 0x29, 0x66, 0x29, 0x46, 0x29, 0x66, 0x29,
    0x46, 0x21, 0x45, 0x21, 0x46, 0x29, 0x66, 0x29, 0xc8, 0x31, 0xc7, 0x39,
    0xc7, 0x31, 0xa8, 0x31, 0xc7, 0x31, 0xc8, 0x39, 0xc8, 0x39, 0xa7, 0x31,
    0xc7, 0x31, 0xc8, 0x39, 0xa7, 0x31, 0xc7, 0x31, 0xa7, 0x39, 0xc8, 0x39,
    0xa7, 0x31, 0xc7, 0x31, 0xa7, 0x31, 0xa7, 0x31, 0xc8, 0x39, 0xa7, 0x31,
    0xa7, 0x31, 0xa7, 0x31, 0xa7, 0x31, 0xa8, 0x31, 0xc7, 0x31, 0xa7, 0x31,
    0xa8, 0x39, 0xa7, 0x31, 0xc7, 0x39, 0xc8, 0x31, 0xa7, 0x31, 0xa7, 0x31,
    0xc8, 0x39, 0xa7, 0x31, 0xa7, 0x31, 0xa8, 0x31, 0xc8, 0x39, 0xe8, 0x39,
    0xe8, 0x39, 0xe8, 0x39, 0xe8, 0x39, 0xe8, 0x39, 0xe8, 0x39, 0xe8, 0x39,
    0x09, 0x42, 0xe8, 0x39, 0xe8, 0x39, 0xe8, 0x39, 0xe8, 0x39, 0xe9, 0x39,
    0xe8, 0x39, 0x08, 0x42, 0xe8, 0x39, 0xe8, 0x39, 0xe8, 0x39, 0x09, 0x42,
    0x09, 0x3a, 0xe8, 0x39, 0x09, 0x42, 0x09, 0x3a, 0xe8, 0x39, 0xe9, 0x39,
    0x08, 0x3a, 0x09, 0x42, 0xe8, 0x39, 0xe8, 0x39, 0x09, 0x42, 0xe8, 0x39,
    0x08, 0x42, 0x09, 0x42, 0xe8, 0x39, 0x09, 0x42, 0x09, 0x42, 0x08, 0x42,
    0x29, 0x42, 0x09, 0x42, 0x09, 0x42, 0x09, 0x42, 0x09, 0x42, 0x08, 0x3a,
    0x09, 0x42, 0x09, 0x42, 0x09, 0x42, 0x08, 0x3a, 0x09, 0x42, 0x09, 0x42,
    0x09, 0x42, 0x09, 0x42, 0x29, 0x42, 0x09, 0x3a, 0x08, 0x3a, 0x09, 0x42,
    0x29, 0x42, 0x29, 0x42, 0x29, 0x42, 0x09, 0x42, 0x29, 0x42, 0x29, 0x42,
    0x2a, 0x4a, 0x29, 0x42, 0x29, 0x42, 0x29, 0x42, 0x2a, 0x42, 0x29, 0x42,
    0x49, 0x42, 0x29, 0x42, 0x29, 0x42, 0x2a, 0x4a, 0x4a, 0x42, 0x4a, 0x4a,
    0x4a, 0x4a, 0x4a, 0x42, 0x4a, 0x4a, 0x4a, 0x4a, 0x29, 0x42, 0x4a, 0x4a,
    0x05, 0x21, 0xe4, 0x18, 0xe4, 0x18, 0x05, 0x21, 0x04, 0x19, 0xe4, 0x18,
    0x05, 0x21, 0x05, 0x21, 0x04, 0x21, 0x04, 0x19, 0x05, 0x21, 0x46, 0x21,
    0x46, 0x29, 0x46, 0x29, 0x46, 0x29, 0x45, 0x29, 0x45, 0x21, 0x46, 0x29,
    0x25, 0x21, 0x46, 0x29, 0x46, 0x29, 0x46, 0x29, 0x45, 0x21, 0x25, 0x21,
    0x46, 0x29, 0x45, 0x21, 0x46, 0x29, 0x46, 0x29, 0x46, 0x21, 0x46, 0x29,
    0x46, 0x29, 0x45, 0x21, 0x46, 0x29, 0x46, 0x29, 0x46, 0x29, 0x46, 0x29,
    0x46, 0x29, 0x46, 0x29, 0x46, 0x29, 0x46, 0x29, 0x45, 0x21, 0x45, 0x21,
    0x46, 0x29, 0x46, 0x29, 0x46, 0x29, 0x46, 0x29, 0x25, 0x21, 0x46, 0x29,
    0x66, 0x29, 0x66, 0x29, 0x46, 0x29, 0x46, 0x29, 0x45, 0x29, 0x46, 0x21,
    0x66, 0x29, 0x66, 0x29, 0x46, 0x29, 0x46, 0x29, 0x46, 0x29, 0x66, 0x29,
    0x66, 0x29, 0x46, 0x29, 0x66, 0x29, 0x66, 0x29, 0x66, 0x29, 0x66, 0x29,
    0x66, 0x29, 0x66, 0x29, 0x66, 0x29, 0x46, 0x29, 0x66, 0x29, 0x66, 0x29,
    0x66, 0x29, 0x66, 0x29, 0x66, 0x29, 0x66, 0x29, 0x66, 0x29, 0x66, 0x29,
    0x66, 0x29, 0x66, 0x29, 0x66, 0x29, 0x66, 0x29, 0x46, 0x29, 0x66, 0x29,
    0x66, 0x29, 0x66, 0x29, 0x66, 0x29, 0x66, 0x29, 0x67, 0x31, 0x66, 0x29,
    0x66, 0x31, 0x67, 0x29, 0x86, 0x31, 0x66, 0x29, 0x66, 0x29, 0x66, 0x29,
    0x66, 0x29, 0x66, 0x29, 0x67, 0x31, 0x87, 0x29, 0x86, 0x31, 0x66, 0x29,
    0x66, 0x29, 0x87, 0x29, 0x87, 0x31, 0x66, 0x29, 0x87, 0x31, 0x87, 0x29,
    0x66, 0x29, 0x87, 0x31, 0x86, 0x29, 0x66, 0x29, 0x66, 0x29, 0x46, 0x29,
    0x66, 0x29, 0x66, 0x29, 0x46, 0x29, 0x66, 0x29, 0x46, 0x29, 0x45, 0x29,
    0x66, 0x29, 0x66, 0x29, 0x66, 0x29, 0x66, 0x29, 0x87, 0x31, 0xc7, 0x31,
    0xc8, 0x39, 0xc8, 0x39, 0xc7, 0x39, 0xc7, 0x31, 0xc7, 0x31, 0xa7, 0x31,
    0xc8, 0x39, 0xc7, 0x31, 0xa7, 0x31, 0xa7, 0x31, 0xa7, 0x31, 0xa7, 0x31,
    0xc8, 0x31, 0xa8, 0x39, 0xc7, 0x39, 0xa7, 0x31, 0xa7, 0x31, 0xa7, 0x31,
    0xc8, 0x39, 0xa7, 0x31, 0xa7, 0x31, 0xc8, 0x39, 0xc7, 0x31, 0xa7, 0x31,
    0xa7, 0x31, 0xc8, 0x39, 0xa7, 0x31, 0xc7, 0x39, 0xa7, 0x31, 0xa7, 0x31,
    0xc8, 0x39, 0xa7, 0x31, 0xc7, 0x39, 0xa7, 0x31, 0xc8, 0x39, 0xe8, 0x39,
    0xe8, 0x39, 0xe9, 0x41, 0x09, 0x42, 0x09, 0x42, 0xe8, 0x39, 0xe8, 0x39,
    0xe8, 0x39, 0xe8, 0x39, 0x09, 0x42, 0xe8, 0x41, 0xe8, 0x39, 0xe8, 0x39,
    0xe8, 0x39, 0x09, 0x42, 0xe8, 0x39, 0xe8, 0x39, 0xe8, 0x39, 0x09, 0x42,
    0x08, 0x42, 0x08, 0x3a, 0xe8, 0x39, 0xe8, 0x41, 0x08, 0x42, 0x09, 0x3a,
    0x09, 0x42, 0xe8, 0x39, 0x09, 0x42, 0x09, 0x42, 0x08, 0x3a, 0x09, 0x42,
    0x09, 0x42, 0x08, 0x3a, 0x09, 0x42, 0x08, 0x3a, 0x09, 0x3a, 0x09, 0x42,
    0x09, 0x42, 0x08, 0x3a, 0x09, 0x42, 0x09, 0x42, 0x08, 0x3a, 0x09, 0x42,
    0x09, 0x42, 0x29, 0x42, 0x29, 0x42, 0x09, 0x42, 0x29, 0x42, 0x28, 0x42,
    0x29, 0x42, 0x29, 0x42, 0x08, 0x3a, 0x09, 0x42, 0x29, 0x42, 0x09, 0x42,
    0x29, 0x42, 0x29, 0x42, 0x09, 0x42, 0x29, 0x42, 0x29, 0x42, 0x09, 0x42,
    0x29, 0x42, 0x2a, 0x42, 0x29, 0x42, 0x29, 0x42, 0x29, 0x4a, 0x4a, 0x4a,
    0x4a, 0x4a, 0x29, 0x42, 0x4a, 0x4a, 0x29, 0x42, 0x29, 0x42, 0x49, 0x4a,
    0x29, 0x42, 0x29, 0x42, 0x29, 0x42, 0x29, 0x42, 0x4a, 0x4a, 0x29, 0x42,
    0x04, 0x21, 0xe4, 0x18, 0x05, 0x21, 0xe4, 0x20, 0xe4, 0x20, 0x05, 0x21,
    0xe4, 0x18, 0x04, 0x21, 0xe4, 0x18, 0x05, 0x21, 0xe4, 0x18, 0x05, 0x21,
    0x45, 0x21, 0x45, 0x21, 0x45, 0x29, 0x46, 0x21, 0x46, 0x29, 0x45, 0x21,
    0x46, 0x29, 0x45, 0x21, 0x45, 0x29, 0x46, 0x29, 0x46, 0x29, 0x46, 0x29,
    0x25, 0x21, 0x45, 0x29, 0x46, 0x29, 0x46, 0x21, 0x46, 0x29, 0x46, 0x29,
    0x46, 0x29, 0x45, 0x21, 0x45, 0x21, 0x45, 0x21, 0x46, 0x29, 0x45, 0x21,
    0x46, 0x21, 0x46, 0x29, 0x66, 0x29, 0x45, 0x21, 0x46, 0x29, 0x46, 0x29,
    0x46, 0x29, 0x45, 0x29, 0x46, 0x29, 0x46, 0x29, 0x66, 0x29, 0x46, 0x29,
    0x46, 0x21, 0x46, 0x29, 0x46, 0x29, 0x45, 0x21, 0x45, 0x29, 0x46, 0x29,
    0x46, 0x29, 0x66, 0x29, 0x66, 0x29, 0x46, 0x29, 0x66, 0x29, 0x66, 0x29,
    0x66, 0x29, 0x66, 0x29, 0x46, 0x29, 0x66, 0x29, 0x66, 0x29, 0x46, 0x29,
    0x46, 0x29, 0x66, 0x29, 0x66, 0x29, 0x66, 0x29, 0x66, 0x29, 0x66, 0x29,
    0x66, 0x29, 0x66, 0x29, 0x66, 0x29, 0x66, 0x29, 0x46, 0x29, 0x66, 0x29,
    0x66, 0x29, 0x46, 0x29, 0x66, 0x29, 0x67, 0x31, 0x66, 0x29, 0x87, 0x31,
    0x66, 0x29, 0x66, 0x31, 0x66, 0x29, 0x66, 0x29, 0x66, 0x29, 0x66, 0x29,
    0x87, 0x29, 0x66, 0x29, 0x66, 0x29, 0x66, 0x29, 0x66, 0x29, 0x66, 0x31,
    0x66, 0x31, 0x66, 0x29, 0x66, 0x29, 0x67, 0x31, 0x87, 0x31, 0x87, 0x31,
    0x66, 0x29, 0x66, 0x29, 0x86, 0x29, 0x66, 0x29, 0x87, 0x31, 0x87, 0x31,
    0x87, 0x31, 0x86, 0x31, 0x46, 0x29, 0x66, 0x29, 0x66, 0x29, 0x66, 0x29,
    0x66, 0x29, 0x66, 0x29, 0x46, 0x29, 0x66, 0x29, 0x66, 0x29, 0x46, 0x29,
    0x46, 0x21, 0x46, 0x29, 0x46, 0x29, 0x66, 0x29, 0x66, 0x29, 0xc7, 0x31,
    0xa7, 0x31, 0xc8, 0x39, 0xc8, 0x39, 0xc7, 0x31, 0xa8, 0x31, 0xa7, 0x39,
    0xc8, 0x39, 0xa7, 0x31, 0xc8, 0x39, 0xc8, 0x39, 0xc8, 0x39, 0xa7, 0x31,
    0xa7, 0x31, 0xa7, 0x31, 0xc8, 0x39, 0xc8, 0x39, 0xc8, 0x39, 0xa7, 0x31,
    0xc8, 0x39, 0xc7, 0x39, 0xa7, 0x31, 0xc8, 0x39, 0xa7, 0x31, 0xc8, 0x39,
    0xc7, 0x31, 0xa7, 0x31, 0xa7, 0x31, 0xa7, 0x31, 0xa8, 0x39, 0xa7, 0x31,
    0xa7, 0x31, 0xa7, 0x31, 0xa7, 0x31, 0xc8, 0x39, 0xc7, 0x31, 0xe8, 0x39,
    0x08, 0x3a, 0xe8, 0x39, 0xe8, 0x39, 0xe8, 0x39, 0xe8, 0x39, 0xe8, 0x39,
    0xe8, 0x39, 0xe8, 0x39, 0xe9, 0x39, 0x09, 0x42, 0xe8, 0x39, 0x09, 0x42,
    0xe8, 0x39, 0xe8, 0x39, 0xe9, 0x39, 0x09, 0x42, 0xe8, 0x39, 0x09, 0x42,
    0x09, 0x42, 0xe8, 0x39, 0x09, 0x42, 0x08, 0x3a, 0xe8, 0x39, 0x09, 0x42,
    0x08, 0x42, 0x08, 0x3a, 0x09, 0x42, 0x09, 0x42, 0x08, 0x3a, 0x08, 0x3a,
    0x09, 0x42, 0x09, 0x3a, 0x08, 0x42, 0x08, 0x42, 0x08, 0x3a, 0x09, 0x42,
    0x09, 0x3a, 0x09, 0x42, 0x08, 0x3a, 0x09, 0x3a, 0x29, 0x42, 0x09, 0x42,
    0x08, 0x3a, 0x08, 0x3a, 0x09, 0x42, 0x08, 0x3a, 0x29, 0x42, 0x29, 0x42,
    0x09, 0x3a, 0x09, 0x42, 0x09, 0x42, 0x29, 0x42, 0x09, 0x42, 0x29, 0x42,
    0x09, 0x42, 0x09, 0x42, 0x09, 0x42, 0x09, 0x42, 0x29, 0x42, 0x09, 0x42,
    0x29, 0x42, 0x29, 0x42, 0x29, 0x42, 0x2a, 0x42, 0x29, 0x42, 0x29, 0x42,
    0x2a, 0x42, 0x29, 0x42, 0x29, 0x42, 0x2a, 0x42, 0x49, 0x42, 0x4a, 0x4a,
    0x4a, 0x4a, 0x4a, 0x42, 0x29, 0x42, 0x29, 0x42, 0x29, 0x42, 0x29, 0x42,
    0xe4, 0x18, 0xe4, 0x18, 0x05, 0x19, 0x05, 0x21, 0xe4, 0x18, 0x05, 0x21,
    0x04, 0x19, 0xe4, 0x18, 0x05, 0x21, 0x04, 0x21, 0xe4, 0x18, 0x04, 0x21,
    0x46, 0x29, 0x45, 0x21, 0x46, 0x29, 0x46, 0x29, 0x45, 0x21, 0x46, 0x29,
    0x46, 0x21, 0x46, 0x29, 0x46, 0x29, 0x45, 0x21, 0x25, 0x21, 0x46, 0x29,
    0x46, 0x29, 0x46, 0x29, 0x46, 0x29, 0x46, 0x29, 0x45, 0x21, 0x45, 0x29,
    0x46, 0x29, 0x46, 0x29, 0x46, 0x29, 0x46, 0x29, 0x45, 0x21, 0x45, 0x29,
    0x46, 0x29, 0x45, 0x29, 0x45, 0x29, 0x46, 0x29, 0x46, 0x29, 0x46, 0x29,
    0x46, 0x29, 0x45, 0x21, 0x66, 0x29, 0x66, 0x29, 0x46, 0x29, 0x45, 0x29,
    0x46, 0x29, 0x45, 0x21, 0x46, 0x29, 0x66, 0x29, 0x46, 0x29, 0x66, 0x29,
    0x46, 0x29, 0x46, 0x29, 0x66, 0x29, 0x66, 0x29, 0x66, 0x29, 0x46, 0x29,
    0x46, 0x29, 0x66, 0x29, 0x66, 0x29, 0x66, 0x29, 0x46, 0x29, 0x66, 0x29,
    0x66, 0x29, 0x66, 0x29, 0x66, 0x29, 0x66, 0x29, 0x66, 0x29, 0x66, 0x29,
    0x66, 0x29, 0x46, 0x29, 0x66, 0x29, 0x66, 0x29, 0x66, 0x29, 0x66, 0x29,
    0x66, 0x29, 0x66, 0x29, 0x66, 0x29, 0x66, 0x29, 0x66, 0x29, 0x66, 0x29,
    0x66, 0x29, 0x66, 0x29, 0x87, 0x31, 0x66, 0x29, 0x66, 0x29, 0x66, 0x29,
    0x66, 0x29, 0x66, 0x31, 0x66, 0x29, 0x87, 0x31, 0x87, 0x31, 0x67, 0x29,
    0x67, 0x29, 0x87, 0x31, 0x66, 0x29, 0x86, 0x29, 0x87, 0x29, 0x86, 0x31,
    0x66, 0x31, 0x87, 0x31, 0x87, 0x31, 0x66, 0x31, 0x66, 0x29, 0x87, 0x31,
    0x66, 0x29, 0x66, 0x29, 0x66, 0x29, 0x66, 0x29, 0x66, 0x29, 0x66, 0x29,
    0x46, 0x29, 0x66, 0x29, 0x66, 0x29, 0x46, 0x29, 0x46, 0x29, 0x66, 0x29,
    0x66, 0x29, 0x45, 0x29, 0x46, 0x29, 0x66, 0x29, 0x46, 0x29, 0xa7, 0x31,
    0xc8, 0x39, 0xc8, 0x39, 0xc8, 0x31, 0xc7, 0x39, 0xc8, 0x39, 0xa7, 0x31,
    0xc8, 0x31, 0xc8, 0x39, 0xc8, 0x39, 0xc7, 0x31, 0xa7, 0x31, 0xc8, 0x39,
    0xc7, 0x39, 0xc7, 0x31, 0xa7, 0x31, 0xc8, 0x39, 0xc8, 0x31, 0xc8, 0x39,
    0xc7, 0x31, 0xc8, 0x31, 0xa7, 0x31, 0xa7, 0x31, 0xa7, 0x31, 0xa8, 0x39,
    0xa7, 0x31, 0xa7, 0x31, 0xa8, 0x31, 0xc8, 0x39, 0xc7, 0x31, 0xa8, 0x31,
    0xc7, 0x39, 0xa7, 0x31, 0xa8, 0x31, 0xa7, 0x31, 0xc8, 0x39, 0xe8, 0x39,
    0xe8, 0x39, 0xe8, 0x39, 0xe9, 0x41, 0xe8, 0x39, 0xe8, 0x39, 0xe8, 0x39,
    0xe8, 0x39, 0xe8, 0x39, 0xe8, 0x39, 0x08, 0x3a, 0xe8, 0x39, 0x09, 0x42,
    0x08, 0x3a, 0xe8, 0x39, 0x09, 0x42, 0xe8, 0x39, 0x09, 0x42, 0x08, 0x3a,
    0x08, 0x3a, 0xe8, 0x39, 0xe8, 0x39, 0x09, 0x42, 0xe8, 0x39, 0xe8, 0x39,
    0x09, 0x42, 0xe8, 0x39, 0x09, 0x42, 0x09, 0x42, 0xe8, 0x39, 0x09, 0x42,
    0x08, 0x3a, 0x09, 0x42, 0xe9, 0x39, 0x09, 0x42, 0x09, 0x42, 0x08, 0x3a,
    0x08, 0x42, 0x09, 0x42, 0x29, 0x42, 0x08, 0x42, 0x09, 0x42, 0x08, 0x3a,
    0x09, 0x42, 0x09, 0x42, 0x09, 0x42, 0x08, 0x3a, 0x09, 0x42, 0x09, 0x3a,
    0x08, 0x42, 0x29, 0x42, 0x09, 0x42, 0x29, 0x42, 0x08, 0x42, 0x09, 0x3a,
    0x09, 0x42, 0x29, 0x42, 0x29, 0x42, 0x29, 0x42, 0x09, 0x42, 0x29, 0x42,
    0x29, 0x42, 0x09, 0x42, 0x29, 0x42, 0x09, 0x42, 0x29, 0x42, 0x4a, 0x42,
    0x4a, 0x4a, 0x29, 0x42, 0x29, 0x42, 0x4a, 0x4a, 0x29, 0x42, 0x2a, 0x4a,
    0x29, 0x42, 0x29, 0x42, 0x4a, 0x4a, 0x2a, 0x42, 0x29, 0x42, 0x2a, 0x42,
    0xe4, 0x20, 0xe4, 0x18, 0xe4, 0x18, 0x05, 0x21, 0x04, 0x19, 0xe4, 0x18,
    0xe4, 0x20, 0x05, 0x21, 0x05, 0x21, 0x05, 0x19, 0x05, 0x21, 0x05, 0x21,
    0x25, 0x21, 0x46, 0x21, 0x46, 0x29, 0x45, 0x29, 0x45, 0x29, 0x46, 0x21,
    0x45, 0x21, 0x46, 0x29, 0x45, 0x29, 0x45, 0x21, 0x46, 0x29, 0x46, 0x21,
    0x46, 0x29, 0x45, 0x21, 0x46, 0x29, 0x45, 0x21, 0x46, 0x29, 0x45, 0x21,
    0x46, 0x21, 0x46, 0x29, 0x46, 0x29, 0x45, 0x21, 0x46, 0x29, 0x46, 0x29,
    0x46, 0x29, 0x46, 0x21, 0x46, 0x21, 0x46, 0x29, 0x46, 0x29, 0x45, 0x21,
    0x46, 0x29, 0x46, 0x29, 0x66, 0x29, 0x45, 0x21, 0x66, 0x29, 0x66, 0x29,
    0x66, 0x29, 0x66, 0x29, 0x46, 0x29, 0x46, 0x29, 0x46, 0x29, 0x46, 0x29,
    0x66, 0x29, 0x66, 0x29, 0x66, 0x29, 0x46, 0x29, 0x66, 0x29, 0x46, 0x29,
    0x46, 0x29, 0x66, 0x29, 0x46, 0x29, 0x46, 0x29, 0x66, 0x29, 0x66, 0x29,
    0x66, 0x29, 0x66, 0x29, 0x66, 0x29, 0x66, 0x29, 0x66, 0x29, 0x46, 0x29,
    0x66, 0x29, 0x66, 0x29, 0x46, 0x29, 0x66, 0x29, 0x67, 0x31, 0x66, 0x29,
    0x66, 0x29, 0x66, 0x29, 0x67, 0x31, 0x67, 0x29, 0x86, 0x31, 0x66, 0x29,
    0x66, 0x29, 0x67, 0x31, 0x67, 0x31, 0x87, 0x31, 0x66, 0x29, 0x66, 0x29,
    0x87, 0x31, 0x67, 0x29, 0x66, 0x29, 0x86, 0x31, 0x66, 0x29, 0x87, 0x31,
    0x86, 0x31, 0x66, 0x29, 0x86, 0x29, 0x66, 0x31, 0x66, 0x29, 0x87, 0x29,
    0x87, 0x31, 0x87, 0x31, 0x66, 0x29, 0x86, 0x29, 0x87, 0x31, 0x86, 0x29,
    0x66, 0x29, 0x46, 0x29, 0x66, 0x29, 0x46, 0x29, 0x46, 0x29, 0x66, 0x29,
    0x46, 0x29, 0x66, 0x29, 0x66, 0x29, 0x46, 0x29, 0x46, 0x29, 0x66, 0x29,
    0x66, 0x29, 0x66, 0x29, 0x66, 0x29, 0x46, 0x29, 0x66, 0x29, 0x87, 0x31,
    0xc8, 0x39, 0xc7, 0x31, 0xc7, 0x31, 0xc8, 0x39, 0xc8, 0x39, 0xc7, 0x31,
    0xc8, 0x39, 0xc7, 0x31, 0xa7, 0x31, 0xc7, 0x31, 0xc8, 0x31, 0xa7, 0x31,
    0xc8, 0x39, 0xa8, 0x31, 0xc8, 0x39, 0xa7, 0x31, 0xc7, 0x39, 0xc7, 0x31,
    0xa7, 0x31, 0xa8, 0x39, 0xc8, 0x39, 0xa7, 0x31, 0xc8, 0x39, 0xc7, 0x31,
    0xc7, 0x39, 0xc8, 0x39, 0xc8, 0x39, 0xa7, 0x31, 0xa7, 0x31, 0xc8, 0x39,
    0xa7, 0x31, 0xa7, 0x31, 0xc8, 0x39, 0xa7, 0x31, 0xc8, 0x39, 0x09, 0x42,
    0xe8, 0x39, 0xe8, 0x39, 0x09, 0x42, 0x08, 0x42, 0x09, 0x42, 0xe8, 0x39,
    0xe8, 0x39, 0xe8, 0x39, 0xe8, 0x41, 0x09, 0x42, 0xe8, 0x39, 0xe8, 0x39,
    0xe8, 0x39, 0x09, 0x42, 0xe8, 0x39, 0x08, 0x42, 0xe8, 0x39, 0xe9, 0x39,
    0x09, 0x42, 0x09, 0x42, 0xe8, 0x39, 0x09, 0x42, 0x09, 0x3a, 0xe8, 0x39,
    0x09, 0x42, 0x09, 0x42, 0x08, 0x3a, 0x08, 0x3a, 0x09, 0x42, 0x09, 0x42,
    0x08, 0x3a, 0x08, 0x42, 0x09, 0x42, 0x09, 0x42, 0x09, 0x42, 0x09, 0x42,
    0x09, 0x42, 0x08, 0x3a, 0x09, 0x42, 0x09, 0x42, 0x09, 0x42, 0x08, 0x3a,
    0x29, 0x42, 0x29, 0x42, 0x29, 0x42, 0x29, 0x42, 0x09, 0x42, 0x09, 0x42,
    0x09, 0x42, 0x29, 0x42, 0x28, 0x3a, 0x08, 0x42, 0x29, 0x42, 0x29, 0x42,
    0x29, 0x42, 0x29, 0x42, 0x29, 0x42, 0x29, 0x42, 0x29, 0x42, 0x09, 0x42,
    0x09, 0x42, 0x29, 0x42, 0x29, 0x42, 0x09, 0x42, 0x29, 0x42, 0x09, 0x42,
    0x29, 0x42, 0x29, 0x42, 0x4a, 0x4a, 0x4a, 0x42, 0x29, 0x42, 0x29, 0x42,
    0x4a, 0x4a, 0x29, 0x42, 0x29, 0x42, 0x4a, 0x4a, 0x4a, 0x4a, 0x29, 0x4a,
    0xe4, 0x18, 0xe4, 0x18, 0x05, 0x21, 0x04, 0x21, 0x04, 0x21, 0xe5, 0x18,
    0x05, 0x21, 0x04, 0x19, 0x04, 0x21, 0x05, 0x21, 0xe4, 0x18, 0x04, 0x21,
    0x05, 0x21, 0x45, 0x29, 0x46, 0x21, 0x25, 0x21, 0x25, 0x29, 0x46, 0x29,
    0x45, 0x21, 0x45, 0x29, 0x25, 0x21, 0x26, 0x29, 0x46, 0x29, 0x46, 0x29,
    0x45, 0x21, 0x46, 0x29, 0x46, 0x29, 0x46, 0x29, 0x46, 0x29, 0x46, 0x29,
    0x46, 0x29, 0x45, 0x21, 0x45, 0x29, 0x46, 0x29, 0x46, 0x29, 0x46, 0x21,
    0x45, 0x29, 0x46, 0x29, 0x25, 0x21, 0x46, 0x29, 0x46, 0x29, 0x46, 0x29,
    0x45, 0x21, 0x46, 0x29, 0x46, 0x29, 0x66, 0x29, 0x46, 0x29, 0x66, 0x29,
    0x66, 0x29, 0x46, 0x29, 0x46, 0x29, 0x66, 0x29, 0x66, 0x29, 0x46, 0x29,
    0x46, 0x29, 0x45, 0x21, 0x46, 0x29, 0x66, 0x29, 0x66, 0x29, 0x66, 0x29,
    0x66, 0x29, 0x66, 0x29, 0x66, 0x29, 0x46, 0x29, 0x66, 0x29, 0x46, 0x29,
    0x66, 0x29, 0x46, 0x29, 0x46, 0x29, 0x46, 0x29, 0x66, 0x29, 0x66, 0x29,
    0x66, 0x29, 0x67, 0x31, 0x66, 0x29, 0x66, 0x29, 0x66, 0x29, 0x67, 0x31,
    0x66, 0x29, 0x66, 0x29, 0x66, 0x29, 0x66, 0x29, 0x67, 0x31, 0x66, 0x29,
    0x66, 0x29, 0x66, 0x29, 0x67, 0x31, 0x66, 0x29, 0x66, 0x29, 0x66, 0x29,
    0x66, 0x29, 0x66, 0x29, 0x66, 0x29, 0x87, 0x31, 0x66, 0x29, 0x66, 0x29,
    0x86, 0x31, 0x67, 0x29, 0x67, 0x29, 0x86, 0x31, 0x66, 0x29, 0x66, 0x29,
    0x87, 0x31, 0x87, 0x31, 0x87, 0x31, 0x86, 0x29, 0x66, 0x29, 0x66, 0x29,
    0x66, 0x29, 0x66, 0x29, 0x66, 0x29, 0x66, 0x29, 0x66, 0x29, 0x66, 0x29,
    0x66, 0x29, 0x46, 0x29, 0x66, 0x29, 0x66, 0x29, 0x46, 0x29, 0x66, 0x29,
    0x66, 0x29, 0x66, 0x29, 0x66, 0x29, 0x46, 0x21, 0x46, 0x29, 0x66, 0x29,
    0xa7, 0x31, 0xc7, 0x31, 0xc8, 0x39, 0xc8, 0x39, 0xc7, 0x31, 0xc8, 0x39,
    0xc8, 0x39, 0xc7, 0x31, 0xc8, 0x39, 0xc8, 0x39, 0xc7, 0x39, 0xc8, 0x39,
    0xc8, 0x31, 0xa7, 0x31, 0xc8, 0x39, 0xc7, 0x31, 0xa7, 0x31, 0xc8, 0x39,
    0xc8, 0x39, 0xc7, 0x31, 0xa7, 0x31, 0xc8, 0x39, 0xa7, 0x31, 0xa7, 0x31,
    0xc8, 0x39, 0xc7, 0x31, 0xa7, 0x31, 0xa7, 0x31, 0xa7, 0x31, 0xc8, 0x39,
    0xa7, 0x31, 0xc7, 0x31, 0xa7, 0x31, 0xa7, 0x31, 0xc8, 0x39, 0xe8, 0x39,
    0xe8, 0x39, 0xe8, 0x39, 0xe8, 0x39, 0xe8, 0x39, 0xe8, 0x39, 0xe8, 0x39,
    0xe8, 0x39, 0xe9, 0x39, 0xe8, 0x39, 0x09, 0x42, 0x09, 0x3a, 0xe8, 0x39,
    0xe8, 0x39, 0x09, 0x42, 0x08, 0x3a, 0x08, 0x3a, 0x09, 0x42, 0x09, 0x42,
    0xe8, 0x39, 0x08, 0x42, 0xe8, 0x39, 0xe8, 0x39, 0x09, 0x42, 0x08, 0x3a,
    0x08, 0x42, 0x09, 0x3a, 0x09, 0x42, 0x08, 0x3a, 0x09, 0x42, 0x09, 0x42,
    0x09, 0x3a, 0x08, 0x3a, 0x09, 0x42, 0x08, 0x3a, 0x09, 0x42, 0x08, 0x3a,
    0x09, 0x3a, 0x09, 0x42, 0x08, 0x3a, 0x09, 0x42, 0x08, 0x3a, 0x09, 0x42,
    0x29, 0x42, 0x09, 0x42, 0x09, 0x42, 0x09, 0x42, 0x08, 0x42, 0x29, 0x42,
    0x29, 0x42, 0x09, 0x42, 0x09, 0x42, 0x09, 0x42, 0x09, 0x3a, 0x09, 0x42,
    0x09, 0x42, 0x09, 0x42, 0x09, 0x42, 0x09, 0x42, 0x29, 0x42, 0x09, 0x42,
    0x29, 0x42, 0x29, 0x42, 0x09, 0x42, 0x29, 0x42, 0x29, 0x42, 0x09, 0x42,
    0x09, 0x42, 0x29, 0x42, 0x29, 0x42, 0x29, 0x42, 0x29, 0x42, 0x2a, 0x42,
    0x4a, 0x4a, 0x49, 0x42, 0x29, 0x42, 0x2a, 0x42, 0x49, 0x42, 0x4a, 0x4a,
    0x04, 0x21, 0x05, 0x21, 0x05, 0x21, 0x05, 0x21, 0xe4, 0x18, 0x05, 0x21,
    0xe4, 0x18, 0x05, 0x21, 0x05, 0x21, 0x05, 0x21, 0x04, 0x19, 0xe4, 0x18,
    0xe5, 0x20, 0x45, 0x21, 0x46, 0x29, 0x26, 0x21, 0x46, 0x29, 0x46, 0x29,
    0x25, 0x21, 0x26, 0x29, 0x46, 0x29, 0x46, 0x21, 0x46, 0x29, 0x45, 0x29,
    0x46, 0x21, 0x45, 0x21, 0x45, 0x21, 0x46, 0x29, 0x46, 0x29, 0x45, 0x29,
    0x46, 0x21, 0x46, 0x29, 0x45, 0x29, 0x45, 0x21, 0x46, 0x29, 0x45, 0x21,
    0x46, 0x29, 0x46, 0x29, 0x46, 0x29, 0x45, 0x29, 0x66, 0x29, 0x46, 0x29,
    0x45, 0x21, 0x46, 0x29, 0x46, 0x21, 0x46, 0x29, 0x66, 0x29, 0x46, 0x29,
    0x45, 0x29, 0x46, 0x29, 0x66, 0x29, 0x45, 0x21, 0x66, 0x29, 0x46, 0x29,
    0x66, 0x29, 0x46, 0x29, 0x46, 0x29, 0x66, 0x29, 0x66, 0x29, 0x46, 0x29,
    0x66, 0x29, 0x66, 0x29, 0x46, 0x29, 0x46, 0x29, 0x46, 0x29, 0x66, 0x29,
    0x66, 0x29, 0x66, 0x29, 0x66, 0x29, 0x66, 0x29, 0x66, 0x29, 0x46, 0x29,
    0x66, 0x29, 0x66, 0x29, 0x66, 0x29, 0x66, 0x29, 0x66, 0x29, 0x66, 0x29,
    0x66, 0x29, 0x66, 0x31, 0x66, 0x29, 0x66, 0x29, 0x66, 0x29, 0x66, 0x29,
    0x87, 0x31, 0x66, 0x29, 0x66, 0x29, 0x66, 0x29, 0x66, 0x29, 0x87, 0x31,
    0x87, 0x31, 0x86, 0x29, 0x86, 0x31, 0x66, 0x29, 0x67, 0x29, 0x87, 0x31,
    0x86, 0x29, 0x87, 0x31, 0x87, 0x31, 0x87, 0x29, 0x87, 0x31, 0x86, 0x31,
    0x87, 0x31, 0x86, 0x29, 0x87, 0x31, 0x87, 0x31, 0x66, 0x29, 0x46, 0x29,
    0x66, 0x29, 0x46, 0x29, 0x66, 0x29, 0x46, 0x29, 0x66, 0x29, 0x66, 0x29,
    0x66, 0x29, 0x66, 0x29, 0x45, 0x21, 0x46, 0x29, 0x45, 0x21, 0x46, 0x21,
    0x45, 0x29, 0x45, 0x21, 0x66, 0x29, 0x46, 0x29, 0x45, 0x29, 0x66, 0x29,
    0x87, 0x31, 0xc8, 0x39, 0xc7, 0x31, 0xa7, 0x31, 0xc8, 0x39, 0xc7, 0x31,
    0xc8, 0x39, 0xc8, 0x39, 0xc8, 0x39, 0xa7, 0x31, 0xc7, 0x31, 0xc8, 0x39,
    0xa7, 0x31, 0xc7, 0x39, 0xc7, 0x39, 0xc8, 0x39, 0xa7, 0x31, 0xc8, 0x39,
    0xa7, 0x31, 0xc7, 0x31, 0xa7, 0x31, 0xa7, 0x31, 0xc7, 0x31, 0xa8, 0x31,
    0xa7, 0x31, 0xa7, 0x31, 0xc8, 0x39, 0xc8, 0x39, 0xc8, 0x39, 0xc7, 0x31,
    0xc8, 0x39, 0xa8, 0x39, 0xc7, 0x31, 0xa7, 0x31, 0xc8, 0x39, 0xe8, 0x39,
    0xe8, 0x39, 0xe9, 0x39, 0xe8, 0x39, 0xe8, 0x39, 0xe8, 0x39, 0xe8, 0x39,
    0xe8, 0x39, 0xe8, 0x39, 0xe8, 0x39, 0xe8, 0x39, 0xe8, 0x41, 0x08, 0x3a,
    0xe8, 0x39, 0xe8, 0x39, 0xe8, 0x39, 0xe9, 0x39, 0x08, 0x42, 0x08, 0x3a,
    0x09, 0x3a, 0x09, 0x42, 0x08, 0x3a, 0xe8, 0x39, 0x09, 0x42, 0x09, 0x42,
    0x09, 0x42, 0x08, 0x3a, 0x09, 0x42, 0xe8, 0x39, 0x08, 0x3a, 0x08, 0x42,
    0xe8, 0x39, 0x09, 0x42, 0x09, 0x42, 0x09, 0x42, 0x08, 0x3a, 0x09, 0x42,
    0x09, 0x42, 0x08, 0x3a, 0x29, 0x42, 0x09, 0x42, 0x09, 0x42, 0x09, 0x42,
    0x09, 0x42, 0x08, 0x42, 0x09, 0x3a, 0x08, 0x42, 0x09, 0x3a, 0x09, 0x42,
    0x29, 0x42, 0x09, 0x3a, 0x29, 0x42, 0x29, 0x42, 0x09, 0x42, 0x29, 0x42,
    0x29, 0x42, 0x29, 0x42, 0x09, 0x42, 0x29, 0x42, 0x29, 0x42, 0x29, 0x42,
    0x09, 0x42, 0x29, 0x42, 0x09, 0x42, 0x09, 0x42, 0x29, 0x42, 0x09, 0x42,
    0x29, 0x42, 0x29, 0x42, 0x29, 0x42, 0x09, 0x42, 0x29, 0x42, 0x29, 0x42,
    0x29, 0x42, 0x4a, 0x4a, 0x2a, 0x42, 0x4a, 0x4a, 0x29, 0x42, 0x4a, 0x4a,
    0x05, 0x21, 0xe4, 0x18, 0xe4, 0x18, 0x05, 0x21, 0xe4, 0x18, 0x04, 0x19,
    0x05, 0x21, 0x05, 0x21, 0xe4, 0x18, 0x05, 0x21, 0x05, 0x21, 0x05, 0x21,
    0x05, 0x21, 0x25, 0x21, 0x45, 0x21, 0x25, 0x29, 0x46, 0x29, 0x46, 0x21,
    0x46, 0x29, 0x45, 0x29, 0x46, 0x29, 0x46, 0x29, 0x25, 0x21, 0x46, 0x29,
    0x46, 0x29, 0x46, 0x29, 0x45, 0x29, 0x46, 0x29, 0x45, 0x21, 0x45, 0x21,
    0x46, 0x29, 0x46, 0x29, 0x46, 0x29, 0x46, 0x29, 0x46, 0x29, 0x46, 0x29,
    0x45, 0x21, 0x45, 0x29, 0x46, 0x29, 0x46, 0x21, 0x45, 0x29, 0x46, 0x29,
    0x46, 0x29, 0x66, 0x29, 0x45, 0x29, 0x46, 0x29, 0x66, 0x29, 0x66, 0x29,
    0x46, 0x21, 0x66, 0x29, 0x46, 0x29, 0x46, 0x29, 0x66, 0x29, 0x46, 0x29,
    0x66, 0x29, 0x66, 0x29, 0x66, 0x29, 0x66, 0x29, 0x46, 0x29, 0x46, 0x29,
    0x46, 0x29, 0x66, 0x29, 0x46, 0x29, 0x66, 0x29, 0x66, 0x29, 0x66, 0x29,
    0x46, 0x29, 0x66, 0x29, 0x66, 0x29, 0x66, 0x29, 0x66, 0x29, 0x66, 0x29,
    0x46, 0x29, 0x66, 0x29, 0x46, 0x29, 0x67, 0x31, 0x66, 0x29, 0x66, 0x29,
    0x66, 0x29, 0x67, 0x31, 0x66, 0x29, 0x66, 0x29, 0x66, 0x29, 0x66, 0x29,
    0x66, 0x29, 0x67, 0x31, 0x66, 0x29, 0x87, 0x31, 0x66, 0x29, 0x66, 0x29,
    0x66, 0x29, 0x67, 0x31, 0x66, 0x29, 0x87, 0x31, 0x67, 0x31, 0x66, 0x29,
    0x87, 0x31, 0x66, 0x29, 0x86, 0x29, 0x66, 0x29, 0x87, 0x31, 0x87, 0x31,
    0x66, 0x29, 0x87, 0x29, 0x66, 0x29, 0x66, 0x29, 0x66, 0x29, 0x66, 0x29,
    0x66, 0x29, 0x66, 0x29, 0x66, 0x29, 0x66, 0x29, 0x87, 0x31, 0x66, 0x29,
    0x66, 0x29, 0x46, 0x29, 0x66, 0x29, 0x46, 0x29, 0x66, 0x29, 0x46, 0x29,
    0x66, 0x29, 0x46, 0x29, 0x66, 0x29, 0x66, 0x29, 0x66, 0x29, 0x66, 0x29,
    0x66, 0x29, 0xe8, 0x39, 0xc8, 0x39, 0xc8, 0x39, 0xa7, 0x31, 0xc8, 0x39,
    0xc7, 0x31, 0xc8, 0x39, 0xa7, 0x31, 0xc8, 0x39, 0xa7, 0x31, 0xc8, 0x39,
    0xc7, 0x31, 0xc8, 0x31, 0xc8, 0x39, 0xc8, 0x31, 0xc7, 0x31, 0xc8, 0x39,
    0xc8, 0x39, 0xa7, 0x31, 0xc8, 0x39, 0xc8, 0x39, 0xc8, 0x39, 0xa7, 0x31,
    0xc8, 0x39, 0xa7, 0x31, 0xc8, 0x39, 0xc7, 0x31, 0xc7, 0x31, 0xa7, 0x31,
    0xc8, 0x39, 0xc7, 0x31, 0xa7, 0x39, 0xa7, 0x31, 0xc8, 0x39, 0xe8, 0x39,
    0xe8, 0x39, 0xe8, 0x39, 0xe8, 0x39, 0xe8, 0x39, 0xe9, 0x39, 0xe8, 0x41,
    0xe8, 0x39, 0xe8, 0x39, 0xe8, 0x39, 0xe8, 0x39, 0xe8, 0x39, 0xe9, 0x41,
    0x09, 0x42, 0xe8, 0x39, 0x09, 0x42, 0xe8, 0x41, 0xe8, 0x39, 0xe8, 0x39,
    0xe8, 0x39, 0xe9, 0x39, 0x08, 0x42, 0x09, 0x42, 0xe8, 0x39, 0x09, 0x42,
    0x08, 0x3a, 0x08, 0x3a, 0x09, 0x42, 0x09, 0x42, 0x08, 0x3a, 0x09, 0x3a,
    0x09, 0x42, 0x09, 0x42, 0x08, 0x3a, 0x09, 0x42, 0x29, 0x42, 0x08, 0x42,
    0x09, 0x42, 0x09, 0x42, 0x09, 0x42, 0x08, 0x3a, 0x08, 0x3a, 0x29, 0x42,
    0x09, 0x42, 0x29, 0x42, 0x29, 0x42, 0x08, 0x3a, 0x09, 0x42, 0x08, 0x3a,
    0x09, 0x42, 0x08, 0x42, 0x29, 0x42, 0x29, 0x42, 0x29, 0x42, 0x29, 0x42,
    0x29, 0x42, 0x09, 0x42, 0x29, 0x3a, 0x09, 0x42, 0x29, 0x42, 0x29, 0x42,
    0x09, 0x3a, 0x09, 0x42, 0x29, 0x42, 0x29, 0x42, 0x09, 0x42, 0x29, 0x42,
    0x29, 0x42, 0x29, 0x42, 0x09, 0x42, 0x09, 0x42, 0x29, 0x42, 0x29, 0x42,
    0x29, 0x42, 0x29, 0x42, 0x2a, 0x4a, 0x49, 0x42, 0x4a, 0x4a, 0x29, 0x42,
    0x05, 0x21, 0x04, 0x21, 0xe4, 0x18, 0xe4, 0x18, 0x05, 0x21, 0x04, 0x21,
    0x04, 0x21, 0x05, 0x21, 0x04, 0x21, 0x05, 0x21, 0x04, 0x21, 0x04, 0x19,
    0x25, 0x21, 0x05, 0x21, 0x45, 0x21, 0x46, 0x29, 0x46, 0x29, 0x46, 0x21,
    0x46, 0x29, 0x25, 0x21, 0x45, 0x21, 0x46, 0x29, 0x45, 0x29, 0x46, 0x29,
    0x46, 0x21, 0x45, 0x29, 0x46, 0x29, 0x46, 0x21, 0x45, 0x29, 0x46, 0x29,
    0x46, 0x21, 0x66, 0x29, 0x46, 0x21, 0x45, 0x29, 0x46, 0x29, 0x46, 0x29,
    0x46, 0x29, 0x46, 0x29, 0x46, 0x21, 0x46, 0x29, 0x66, 0x29, 0x66, 0x29,
    0x66, 0x29, 0x66, 0x29, 0x46, 0x29, 0x46, 0x21, 0x46, 0x29, 0x66, 0x29,
    0x46, 0x29, 0x46, 0x29, 0x46, 0x29, 0x66, 0x29, 0x66, 0x29, 0x46, 0x29,
    0x45, 0x21, 0x66, 0x29, 0x46, 0x29, 0x66, 0x29, 0x66, 0x29, 0x66, 0x29,
    0x66, 0x29, 0x66, 0x29, 0x66, 0x29, 0x66, 0x29, 0x66, 0x29, 0x46, 0x29,
    0x66, 0x29, 0x66, 0x29, 0x66, 0x29, 0x66, 0x29, 0x46, 0x29, 0x66, 0x31,
    0x66, 0x29, 0x87, 0x31, 0x66, 0x29, 0x66, 0x29, 0x67, 0x31, 0x66, 0x29,
    0x66, 0x29, 0x67, 0x29, 0x66, 0x31, 0x66, 0x29, 0x66, 0x29, 0x66, 0x29,
    0x67, 0x31, 0x66, 0x29, 0x66, 0x29, 0x87, 0x31, 0x66, 0x29, 0x66, 0x29,
    0x66, 0x29, 0x66, 0x29, 0x87, 0x31, 0x86, 0x29, 0x66, 0x29, 0x86, 0x31,
    0x66, 0x29, 0x87, 0x31, 0x86, 0x31, 0x87, 0x31, 0x66, 0x29, 0x86, 0x29,
    0x87, 0x31, 0x87, 0x31, 0x66, 0x29, 0x66, 0x29, 0x46, 0x29, 0x66, 0x29,
    0x66, 0x29, 0x66, 0x29, 0x67, 0x29, 0x86, 0x29, 0x66, 0x29, 0x66, 0x29,
    0x66, 0x29, 0x66, 0x29, 0x46, 0x29, 0x66, 0x29, 0x66, 0x29, 0x46, 0x29,
    0x66, 0x29, 0x46, 0x29, 0x66, 0x29, 0x46, 0x29, 0x46, 0x29, 0x66, 0x29,
    0x66, 0x29, 0xa7, 0x31, 0xc8, 0x39, 0xc8, 0x39, 0xc7, 0x31, 0xc8, 0x39,
    0xc8, 0x39, 0xa7, 0x31, 0xa7, 0x31, 0xc7, 0x31, 0xc8, 0x39, 0xa7, 0x31,
    0xc8, 0x39, 0xc7, 0x31, 0xc8, 0x39, 0xc8, 0x39, 0xc7, 0x31, 0xc8, 0x39,
    0xc7, 0x31, 0xa7, 0x31, 0xa7, 0x31, 0xc7, 0x39, 0xc8, 0x39, 0xc8, 0x39,
    0xa7, 0x31, 0xc7, 0x31, 0xc8, 0x39, 0xc8, 0x39, 0xa7, 0x31, 0xa7, 0x39,
    0xc8, 0x31, 0xa7, 0x31, 0xc8, 0x31, 0xc8, 0x39, 0xc7, 0x31, 0xe8, 0x39,
    0xe8, 0x39, 0x09, 0x42, 0xe8, 0x39, 0x09, 0x42, 0xe8, 0x39, 0xe8, 0x39,
    0xe8, 0x39, 0xe9, 0x41, 0xe9, 0x39, 0xe8, 0x39, 0xe8, 0x39, 0xe8, 0x39,
    0x09, 0x42, 0x08, 0x3a, 0x09, 0x42, 0x09, 0x3a, 0xe8, 0x39, 0xe8, 0x39,
    0x08, 0x42, 0xe8, 0x39, 0xe8, 0x39, 0x08, 0x3a, 0x09, 0x42, 0x09, 0x42,
    0x09, 0x3a, 0x08, 0x42, 0x09, 0x42, 0x08, 0x3a, 0x09, 0x42, 0xe8, 0x39,
    0x09, 0x42, 0x08, 0x42, 0x09, 0x42, 0x09, 0x3a, 0x08, 0x3a, 0x09, 0x42,
    0x08, 0x3a, 0x29, 0x42, 0x09, 0x42, 0x29, 0x42, 0x09, 0x42, 0x09, 0x42,
    0x29, 0x3a, 0x29, 0x42, 0x29, 0x42, 0x29, 0x42, 0x09, 0x42, 0x29, 0x42,
    0x08, 0x3a, 0x09, 0x42, 0x09, 0x42, 0x08, 0x3a, 0x09, 0x42, 0x29, 0x42,
    0x29, 0x42, 0x09, 0x42, 0x09, 0x3a, 0x29, 0x42, 0x29, 0x42, 0x09, 0x42,
    0x09, 0x42, 0x29, 0x42, 0x09, 0x42, 0x29, 0x42, 0x29, 0x42, 0x09, 0x42,
    0x09, 0x42, 0x29, 0x42, 0x09, 0x42, 0x29, 0x42, 0x29, 0x42, 0x29, 0x42,
    0x29, 0x42, 0x29, 0x42, 0x29, 0x42, 0x29, 0x42, 0x4a, 0x42, 0x4a, 0x4a,
    0x05, 0x21, 0x04, 0x19, 0x05, 0x21, 0x05, 0x21, 0xe4, 0x18, 0x05, 0x21,
    0x05, 0x19, 0x05, 0x21, 0x04, 0x19, 0x04, 0x19, 0x05, 0x21, 0x05, 0x21,
    0x05, 0x19, 0x05, 0x21, 0x25, 0x21, 0x46, 0x29, 0x45, 0x29, 0x46, 0x29,
    0x45, 0x29, 0x46, 0x29, 0x45, 0x21, 0x46, 0x29, 0x45, 0x21, 0x45, 0x21,
    0x46, 0x29, 0x46, 0x29, 0x45, 0x21, 0x45, 0x21, 0x46, 0x29, 0x46, 0x29,
    0x46, 0x29, 0x45, 0x29, 0x46, 0x29, 0x66, 0x29, 0x45, 0x21, 0x46, 0x29,
    0x66, 0x29, 0x45, 0x21, 0x46, 0x29, 0x46, 0x29, 0x45, 0x21, 0x66, 0x29,
    0x46, 0x29, 0x45, 0x21, 0x66, 0x29, 0x46, 0x29, 0x66, 0x29, 0x46, 0x29,
    0x46, 0x29, 0x66, 0x29, 0x66, 0x29, 0x66, 0x29, 0x46, 0x29, 0x66, 0x29,
    0x66, 0x29, 0x66, 0x29, 0x66, 0x29, 0x66, 0x29, 0x66, 0x29, 0x46, 0x29,
    0x66, 0x29, 0x66, 0x29, 0x66, 0x29, 0x66, 0x29, 0x66, 0x29, 0x66, 0x29,
    0x66, 0x29, 0x66, 0x29, 0x46, 0x29, 0x46, 0x29, 0x66, 0x29, 0x66, 0x29,
    0x66, 0x29, 0x46, 0x29, 0x66, 0x29, 0x86, 0x31, 0x66, 0x29, 0x87, 0x31,
    0x66, 0x29, 0x87, 0x31, 0x66, 0x29, 0x66, 0x29, 0x67, 0x29, 0x67, 0x31,
    0x66, 0x29, 0x66, 0x29, 0x86, 0x31, 0x87, 0x29, 0x66, 0x29, 0x87, 0x31,
    0x87, 0x31, 0x66, 0x29, 0x87, 0x31, 0x87, 0x31, 0x66, 0x29, 0x87, 0x29,
    0x87, 0x31, 0x87, 0x31, 0x87, 0x29, 0x86, 0x31, 0x87, 0x29, 0x87, 0x31,
    0x86, 0x31, 0x66, 0x29, 0x66, 0x29, 0x66, 0x29, 0x66, 0x29, 0x66, 0x29,
    0x66, 0x29, 0x66, 0x29, 0x66, 0x29, 0x66, 0x31, 0x67, 0x29, 0x66, 0x29,
    0x66, 0x29, 0x46, 0x29, 0x46, 0x29, 0x46, 0x29, 0x46, 0x29, 0x45, 0x21,
    0x66, 0x29, 0x66, 0x29, 0x46, 0x29, 0x66, 0x29, 0x66, 0x29, 0x66, 0x29,
    0x66, 0x29, 0x66, 0x29, 0xc8, 0x39, 0xc7, 0x31, 0xc7, 0x31, 0xc8, 0x39,
    0xc8, 0x39, 0xc8, 0x39, 0xc8, 0x39, 0xc7, 0x31, 0xc8, 0x39, 0xa7, 0x31,
    0xc7, 0x39, 0xa7, 0x31, 0xc8, 0x39, 0xc8, 0x39, 0xa7, 0x31, 0xc7, 0x39,
    0xc8, 0x39, 0xc8, 0x31, 0xa7, 0x31, 0xc8, 0x39, 0xa7, 0x31, 0xc8, 0x39,
    0xc7, 0x31, 0xc7, 0x39, 0xc8, 0x31, 0xc8, 0x39, 0xc7, 0x39, 0xc8, 0x31,
    0xa7, 0x39, 0xa7, 0x31, 0xc7, 0x31, 0xa8, 0x39, 0xc8, 0x39, 0xe8, 0x39,
    0xe8, 0x39, 0xe8, 0x39, 0xe8, 0x39, 0xe8, 0x39, 0xe8, 0x39, 0xe8, 0x39,
    0xe8, 0x39, 0xe8, 0x39, 0xe8, 0x39, 0x08, 0x42, 0xe8, 0x39, 0x09, 0x3a,
    0xe8, 0x39, 0xe8, 0x39, 0x08, 0x3a, 0xe8, 0x39, 0x09, 0x42, 0xe8, 0x39,
    0x09, 0x42, 0x09, 0x3a, 0x09, 0x42, 0x08, 0x3a, 0xe8, 0x39, 0x09, 0x42,
    0x09, 0x42, 0x09, 0x42, 0x08, 0x3a, 0x09, 0x42, 0xe8, 0x39, 0x09, 0x42,
    0x09, 0x42, 0x08, 0x3a, 0x09, 0x42, 0x09, 0x42, 0x08, 0x42, 0x09, 0x3a,
    0x08, 0x3a, 0x08, 0x42, 0x09, 0x3a, 0x08, 0x3a, 0x29, 0x42, 0x09, 0x42,
    0x08, 0x42, 0x09, 0x3a, 0x09, 0x42, 0x08, 0x42, 0x29, 0x42, 0x09, 0x42,
    0x09, 0x42, 0x29, 0x42, 0x09, 0x42, 0x09, 0x42, 0x29, 0x42, 0x29, 0x42,
    0x29, 0x42, 0x29, 0x42, 0x29, 0x42, 0x09, 0x42, 0x09, 0x42, 0x29, 0x42,
    0x29, 0x42, 0x29, 0x42, 0x09, 0x42, 0x29, 0x42, 0x29, 0x42, 0x29, 0x42,
    0x29, 0x42, 0x29, 0x42, 0x29, 0x42, 0x29, 0x42, 0x2a, 0x42, 0x29, 0x42,
    0x29, 0x42, 0x29, 0x42, 0x29, 0x42, 0x09, 0x42, 0x09, 0x42, 0x29, 0x42,
    0x04, 0x21, 0x04, 0x19, 0x05, 0x21, 0xe4, 0x18, 0xe4, 0x18, 0x04, 0x21,
    0x05, 0x21, 0x05, 0x21, 0x04, 0x19, 0x05, 0x21, 0x05, 0x21, 0x04, 0x19,
    0x05, 0x21, 0x04, 0x19, 0x25, 0x21, 0x46, 0x29, 0x45, 0x21, 0x46, 0x29,
    0x46, 0x29, 0x46, 0x21, 0x46, 0x29, 0x46, 0x29, 0x46, 0x29, 0x46, 0x29,
    0x45, 0x21, 0x46, 0x29, 0x46, 0x29, 0x46, 0x29, 0x46, 0x29, 0x46, 0x29,
    0x45, 0x29, 0x46, 0x29, 0x46, 0x29, 0x45, 0x21, 0x46, 0x29, 0x46, 0x29,
    0x46, 0x29, 0x66, 0x29, 0x46, 0x29, 0x45, 0x29, 0x46, 0x21, 0x45, 0x21,
    0x46, 0x29, 0x46, 0x29, 0x45, 0x29, 0x66, 0x29, 0x46, 0x29, 0x45, 0x29,
    0x66, 0x29, 0x66, 0x29, 0x45, 0x29, 0x66, 0x29, 0x46, 0x21, 0x46, 0x29,
    0x66, 0x29, 0x66, 0x29, 0x46, 0x29, 0x46, 0x29, 0x45, 0x29, 0x66, 0x29,
    0x66, 0x29, 0x66, 0x29, 0x66, 0x29, 0x66, 0x29, 0x66, 0x29, 0x66, 0x29,
    0x66, 0x29, 0x46, 0x29, 0x66, 0x29, 0x66, 0x29, 0x66, 0x29, 0x66, 0x29,
    0x67, 0x31, 0x66, 0x29, 0x66, 0x29, 0x66, 0x29, 0x66, 0x29, 0x66, 0x29,
    0x66, 0x29, 0x86, 0x31, 0x66, 0x29, 0x67, 0x31, 0x66, 0x29, 0x87, 0x31,
    0x66, 0x29, 0x86, 0x29, 0x66, 0x31, 0x87, 0x31, 0x66, 0x29, 0x86, 0x31,
    0x66, 0x29, 0x66, 0x29, 0x87, 0x31, 0x66, 0x29, 0x86, 0x29, 0x87, 0x31,
    0x86, 0x31, 0x86, 0x29, 0x87, 0x29, 0x66, 0x29, 0x87, 0x31, 0x87, 0x31,
    0x66, 0x29, 0x66, 0x29, 0x66, 0x29, 0x66, 0x29, 0x46, 0x29, 0x46, 0x29,
    0x66, 0x29, 0x66, 0x29, 0x66, 0x29, 0x66, 0x31, 0x66, 0x29, 0x66, 0x29,
    0x66, 0x29, 0x45, 0x21, 0x46, 0x29, 0x46, 0x29, 0x66, 0x29, 0x46, 0x29,
    0x66, 0x29, 0x46, 0x29, 0x66, 0x29, 0x46, 0x29, 0x46, 0x29, 0x66, 0x29,
    0x66, 0x29, 0x66, 0x29, 0xa7, 0x31, 0xc8, 0x39, 0xc7, 0x31, 0xc8, 0x39,
    0xe8, 0x39, 0xc7, 0x31, 0xc8, 0x39, 0xc8, 0x39, 0xc8, 0x39, 0xc8, 0x31,
    0xc8, 0x39, 0xc8, 0x39, 0xc7, 0x31, 0xc7, 0x31, 0xc8, 0x39, 0xc8, 0x39,
    0xc7, 0x31, 0xc8, 0x39, 0xc8, 0x39, 0xc8, 0x39, 0xc7, 0x31, 0xc7, 0x31,
    0xc8, 0x39, 0xa7, 0x31, 0xc7, 0x31, 0xc8, 0x39, 0xc8, 0x39, 0xc7, 0x31,
    0xc8, 0x39, 0xa7, 0x31, 0xa7, 0x31, 0xc8, 0x39, 0xc8, 0x39, 0xe8, 0x39,
    0xe8, 0x39, 0xe8, 0x39, 0xe8, 0x39, 0xe8, 0x39, 0xe8, 0x39, 0xe8, 0x39,
    0xe8, 0x39, 0xe8, 0x39, 0xe9, 0x41, 0x09, 0x3a, 0x09, 0x42, 0xe8, 0x39,
    0xe8, 0x39, 0xe8, 0x39, 0xe8, 0x39, 0x09, 0x42, 0x09, 0x42, 0x08, 0x3a,
    0x09, 0x42, 0xe8, 0x39, 0x09, 0x42, 0xe8, 0x39, 0x09, 0x42, 0x08, 0x3a,
    0x08, 0x3a, 0xe8, 0x39, 0x09, 0x42, 0x09, 0x42, 0x09, 0x42, 0x09, 0x42,
    0x29, 0x42, 0x29, 0x42, 0x08, 0x3a, 0x09, 0x42, 0x29, 0x42, 0x09, 0x42,
    0x09, 0x42, 0x09, 0x42, 0x09, 0x42, 0x09, 0x42, 0x08, 0x42, 0x29, 0x42,
    0x08, 0x42, 0x09, 0x42, 0x09, 0x42, 0x29, 0x42, 0x29, 0x42, 0x09, 0x3a,
    0x29, 0x42, 0x29, 0x42, 0x29, 0x42, 0x09, 0x3a, 0x09, 0x42, 0x09, 0x42,
    0x09, 0x42, 0x09, 0x42, 0x29, 0x42, 0x09, 0x42, 0x29, 0x42, 0x09, 0x3a,
    0x29, 0x42, 0x29, 0x42, 0x29, 0x42, 0x2a, 0x42, 0x29, 0x42, 0x2a, 0x42,
    0x2a, 0x42, 0x29, 0x42, 0x29, 0x42, 0x29, 0x42, 0x09, 0x42, 0x2a, 0x42,
    0x09, 0x42, 0x2a, 0x42, 0x2a, 0x42, 0x29, 0x42, 0x29, 0x42, 0x29, 0x42,
    0x05, 0x21, 0xe4, 0x18, 0x04, 0x21, 0x05, 0x21, 0x04, 0x19, 0x05, 0x21,
    0xe4, 0x18, 0x05, 0x21, 0x04, 0x21, 0x05, 0x21, 0x04, 0x19, 0x05, 0x21,
    0x05, 0x21, 0x05, 0x21, 0x04, 0x21, 0x46, 0x29, 0x45, 0x21, 0x46, 0x21,
    0x46, 0x29, 0x46, 0x29, 0x45, 0x21, 0x45, 0x21, 0x46, 0x29, 0x46, 0x29,
    0x45, 0x21, 0x45, 0x21, 0x46, 0x29, 0x66, 0x29, 0x66, 0x29, 0x46, 0x29,
    0x45, 0x21, 0x46, 0x29, 0x66, 0x29, 0x46, 0x29, 0x46, 0x29, 0x66, 0x29,
    0x46, 0x29, 0x66, 0x29, 0x45, 0x21, 0x46, 0x29, 0x66, 0x29, 0x66, 0x29,
    0x46, 0x29, 0x45, 0x29, 0x46, 0x29, 0x66, 0x29, 0x66, 0x29, 0x46, 0x29,
    0x66, 0x29, 0x46, 0x29, 0x66, 0x29, 0x46, 0x29, 0x46, 0x29, 0x65, 0x29,
    0x46, 0x29, 0x46, 0x29, 0x66, 0x29, 0x66, 0x29, 0x46, 0x29, 0x66, 0x29,
    0x66, 0x29, 0x46, 0x29, 0x46, 0x29, 0x46, 0x29, 0x66, 0x29, 0x66, 0x29,
    0x66, 0x29, 0x66, 0x29, 0x66, 0x31, 0x46, 0x29, 0x66, 0x29, 0x66, 0x29,
    0x66, 0x29, 0x66, 0x29, 0x66, 0x29, 0x66, 0x29, 0x66, 0x29, 0x67, 0x31,
    0x67, 0x29, 0x66, 0x29, 0x66, 0x29, 0x66, 0x29, 0x87, 0x31, 0x66, 0x29,
    0x86, 0x29, 0x66, 0x29, 0x66, 0x29, 0x66, 0x29, 0x66, 0x29, 0x66, 0x29,
    0x66, 0x29, 0x66, 0x29, 0x87, 0x29, 0x87, 0x31, 0x66, 0x29, 0x87, 0x31,
    0x67, 0x31, 0x66, 0x29, 0x87, 0x31, 0x66, 0x31, 0x86, 0x29, 0x66, 0x29,
    0x66, 0x29, 0x66, 0x29, 0x46, 0x29, 0x46, 0x29, 0x66, 0x29, 0x66, 0x29,
    0x66, 0x29, 0x66, 0x29, 0x67, 0x29, 0x66, 0x29, 0x66, 0x29, 0x66, 0x29,
    0x46, 0x29, 0x66, 0x29, 0x66, 0x29, 0x46, 0x29, 0x66, 0x29, 0x66, 0x29,
    0x46, 0x29, 0x45, 0x21, 0x66, 0x29, 0x66, 0x29, 0x66, 0x29, 0x66, 0x29,
    0x66, 0x29, 0x66, 0x29, 0x86, 0x29, 0xc8, 0x39, 0xc8, 0x39, 0xc8, 0x39,
    0xc8, 0x39, 0xc7, 0x31, 0xc8, 0x39, 0xc7, 0x31, 0xc7, 0x39, 0xc8, 0x39,
    0xc7, 0x31, 0xc8, 0x39, 0xa7, 0x31, 0xc8, 0x39, 0xc8, 0x39, 0xc8, 0x39,
    0xa7, 0x31, 0xc7, 0x31, 0xc7, 0x39, 0xc8, 0x31, 0xc7, 0x31, 0xc8, 0x39,
    0xa8, 0x39, 0xa7, 0x31, 0xa7, 0x31, 0xc8, 0x39, 0xc8, 0x31, 0xa7, 0x31,
    0xc8, 0x39, 0xc8, 0x31, 0xc7, 0x39, 0xc8, 0x39, 0xc8, 0x31, 0xe8, 0x39,
    0xe8, 0x41, 0xe8, 0x39, 0x09, 0x42, 0xe9, 0x41, 0xe8, 0x39, 0xe8, 0x39,
    0xe8, 0x39, 0x09, 0x42, 0xe8, 0x39, 0xe8, 0x39, 0x09, 0x42, 0xe8, 0x39,
    0xe8, 0x41, 0xe8, 0x39, 0x09, 0x42, 0xe8, 0x39, 0x08, 0x42, 0xe8, 0x39,
    0x09, 0x42, 0xe8, 0x39, 0xe8, 0x39, 0x09, 0x42, 0xe8, 0x39, 0x09, 0x42,
    0x09, 0x42, 0x09, 0x42, 0x08, 0x3a, 0x08, 0x3a, 0xe8, 0x39, 0x08, 0x3a,
    0x09, 0x42, 0x09, 0x3a, 0x08, 0x42, 0x09, 0x3a, 0x09, 0x3a, 0x08, 0x3a,
    0x08, 0x42, 0x08, 0x3a, 0x29, 0x42, 0x29, 0x42, 0x09, 0x42, 0x09, 0x42,
    0x29, 0x42, 0x09, 0x3a, 0x08, 0x3a, 0x09, 0x42, 0x29, 0x42, 0x08, 0x42,
    0x08, 0x3a, 0x09, 0x42, 0x29, 0x42, 0x09, 0x42, 0x29, 0x42, 0x29, 0x42,
    0x09, 0x3a, 0x29, 0x42, 0x09, 0x42, 0x29, 0x42, 0x29, 0x42, 0x09, 0x42,
    0x29, 0x42, 0x29, 0x42, 0x29, 0x42, 0x29, 0x42, 0x09, 0x42, 0x29, 0x42,
    0x29, 0x42, 0x29, 0x42, 0x29, 0x42, 0x2a, 0x42, 0x29, 0x42, 0x29, 0x42,
    0x29, 0x42, 0x09, 0x42, 0x29, 0x42, 0x29, 0x42, 0x29, 0x42, 0x29, 0x42,
    0xe4, 0x18, 0xe5, 0x20, 0x04, 0x19, 0x05, 0x21, 0x05, 0x21, 0x05, 0x21,
    0x05, 0x21, 0x04, 0x21, 0x05, 0x21, 0x05, 0x21, 0x05, 0x19, 0x04, 0x21,
    0x05, 0x21, 0x05, 0x19, 0x05, 0x21, 0x25, 0x21, 0x46, 0x29, 0x46, 0x29,
    0x45, 0x29, 0x45, 0x29, 0x46, 0x29, 0x46, 0x29, 0x46, 0x29, 0x46, 0x29,
    0x46, 0x29, 0x45, 0x21, 0x46, 0x29, 0x46, 0x29, 0x45, 0x21, 0x46, 0x29,
    0x46, 0x29, 0x66, 0x29, 0x46, 0x21, 0x66, 0x29, 0x45, 0x29, 0x46, 0x21,
    0x46, 0x21, 0x45, 0x29, 0x46, 0x21, 0x46, 0x29, 0x46, 0x29, 0x66, 0x29,
    0x66, 0x29, 0x46, 0x29, 0x46, 0x29, 0x46, 0x29, 0x66, 0x29, 0x66, 0x29,
    0x46, 0x29, 0x46, 0x29, 0x66, 0x29, 0x45, 0x21, 0x66, 0x29, 0x46, 0x29,
    0x66, 0x29, 0x46, 0x29, 0x46, 0x29, 0x66, 0x29, 0x66, 0x29, 0x66, 0x29,
    0x66, 0x29, 0x66, 0x29, 0x66, 0x29, 0x66, 0x29, 0x66, 0x29, 0x66, 0x29,
    0x66, 0x29, 0x66, 0x29, 0x66, 0x29, 0x66, 0x29, 0x66, 0x29, 0x66, 0x29,
    0x66, 0x29, 0x66, 0x29, 0x66, 0x29, 0x66, 0x29, 0x66, 0x29, 0x87, 0x31,
    0x66, 0x29, 0x67, 0x31, 0x66, 0x29, 0x66, 0x29, 0x87, 0x31, 0x66, 0x29,
    0x87, 0x31, 0x66, 0x29, 0x87, 0x31, 0x67, 0x29, 0x66, 0x29, 0x67, 0x29,
    0x87, 0x31, 0x87, 0x31, 0x86, 0x29, 0x87, 0x31, 0x86, 0x31, 0x86, 0x29,
    0x87, 0x31, 0x87, 0x31, 0x87, 0x31, 0x66, 0x29, 0x66, 0x29, 0x66, 0x29,
    0x66, 0x29, 0x66, 0x29, 0x66, 0x29, 0x66, 0x29, 0x66, 0x29, 0x66, 0x29,
    0x66, 0x29, 0x66, 0x29, 0x66, 0x29, 0x66, 0x29, 0x66, 0x29, 0x66, 0x29,
    0x46, 0x29, 0x66, 0x29, 0x46, 0x29, 0x66, 0x29, 0x66, 0x29, 0x66, 0x29,
    0x45, 0x21, 0x46, 0x29, 0x66, 0x29, 0x66, 0x29, 0x66, 0x29, 0x66, 0x29,
    0x66, 0x29, 0x66, 0x29, 0x66, 0x29, 0xa7, 0x31, 0xc8, 0x39, 0xc8, 0x31,
    0xc7, 0x31, 0xc8, 0x39, 0xc8, 0x39, 0xc7, 0x31, 0xc7, 0x31, 0xc8, 0x39,
    0xc8, 0x39, 0xc8, 0x39, 0xc7, 0x31, 0xc8, 0x39, 0xa7, 0x31, 0xc7, 0x31,
    0xc8, 0x39, 0xa7, 0x31, 0xc8, 0x39, 0xc7, 0x31, 0xa8, 0x39, 0xc8, 0x39,
    0xc8, 0x39, 0xc8, 0x39, 0xc8, 0x39, 0xc7, 0x39, 0xc7, 0x31, 0xa7, 0x31,
    0xc8, 0x39, 0xc8, 0x39, 0xa7, 0x31, 0xc8, 0x39, 0xc7, 0x39, 0xe8, 0x39,
    0xe8, 0x39, 0xe8, 0x39, 0xe8, 0x39, 0xe8, 0x39, 0xe8, 0x39, 0xe8, 0x39,
    0xe8, 0x39, 0xe8, 0x39, 0x09, 0x42, 0xe8, 0x39, 0x08, 0x42, 0x09, 0x3a,
    0xe8, 0x39, 0xe8, 0x39, 0xe9, 0x39, 0x08, 0x42, 0xe8, 0x39, 0x09, 0x3a,
    0xe8, 0x39, 0x09, 0x42, 0xe8, 0x39, 0x08, 0x3a, 0x09, 0x42, 0xe8, 0x39,
    0x09, 0x42, 0x09, 0x42, 0x08, 0x3a, 0x09, 0x42, 0x09, 0x42, 0x09, 0x42,
    0x08, 0x3a, 0x09, 0x42, 0x09, 0x42, 0x09, 0x42, 0x08, 0x42, 0x09, 0x42,
    0x09, 0x3a, 0x09, 0x42, 0x09, 0x42, 0x29, 0x42, 0x08, 0x3a, 0x29, 0x42,
    0x09, 0x42, 0x09, 0x42, 0x08, 0x3a, 0x08, 0x3a, 0x09, 0x42, 0x09, 0x42,
    0x09, 0x42, 0x29, 0x42, 0x09, 0x42, 0x09, 0x42, 0x09, 0x3a, 0x29, 0x42,
    0x29, 0x42, 0x09, 0x42, 0x09, 0x42, 0x29, 0x42, 0x29, 0x42, 0x29, 0x42,
    0x09, 0x42, 0x09, 0x42, 0x29, 0x42, 0x09, 0x42, 0x29, 0x42, 0x29, 0x42,
    0x29, 0x42, 0x29, 0x42, 0x09, 0x42, 0x29, 0x42, 0x09, 0x42, 0x09, 0x42,
    0x4a, 0x4a, 0x29, 0x42, 0x29, 0x42, 0x29, 0x42, 0x29, 0x42, 0x29, 0x42,
    0x04, 0x19, 0xe4, 0x20, 0x05, 0x21, 0x04, 0x19, 0x05, 0x21, 0x04, 0x21,
    0x05, 0x21, 0x04, 0x19, 0x05, 0x21, 0x05, 0x19, 0x05, 0x21, 0x05, 0x21,
    0x04, 0x19, 0x04, 0x21, 0x25, 0x21, 0x05, 0x21, 0x45, 0x21, 0x46, 0x29,
    0x46, 0x21, 0x46, 0x21, 0x45, 0x21, 0x46, 0x29, 0x45, 0x21, 0x46, 0x29,
    0x46, 0x29, 0x46, 0x29, 0x46, 0x29, 0x46, 0x29, 0x46, 0x29, 0x46, 0x29,
    0x46, 0x29, 0x46, 0x29, 0x66, 0x29, 0x46, 0x29, 0x66, 0x29, 0x45, 0x21,
    0x66, 0x29, 0x46, 0x29, 0x46, 0x29, 0x66, 0x29, 0x66, 0x29, 0x45, 0x29,
    0x46, 0x21, 0x66, 0x29, 0x66, 0x29, 0x46, 0x29, 0x46, 0x29, 0x66, 0x29,
    0x66, 0x29, 0x46, 0x21, 0x66, 0x29, 0x46, 0x29, 0x66, 0x29, 0x66, 0x29,
    0x66, 0x29, 0x46, 0x29, 0x46, 0x29, 0x66, 0x29, 0x66, 0x29, 0x46, 0x29,
    0x66, 0x29, 0x46, 0x29, 0x66, 0x29, 0x66, 0x29, 0x46, 0x29, 0x46, 0x29,
    0x66, 0x31, 0x66, 0x29, 0x66, 0x29, 0x67, 0x31, 0x66, 0x29, 0x66, 0x29,
    0x67, 0x31, 0x67, 0x31, 0x66, 0x29, 0x66, 0x29, 0x66, 0x31, 0x66, 0x29,
    0x66, 0x29, 0x66, 0x29, 0x66, 0x29, 0x87, 0x31, 0x66, 0x29, 0x66, 0x29,
    0x66, 0x31, 0x66, 0x29, 0x66, 0x29, 0x87, 0x31, 0x66, 0x31, 0x66, 0x29,
    0x87, 0x31, 0x87, 0x31, 0x86, 0x31, 0x66, 0x29, 0x87, 0x31, 0x87, 0x31,
    0x87, 0x31, 0x86, 0x29, 0x86, 0x29, 0x87, 0x31, 0x66, 0x29, 0x66, 0x29,
    0x66, 0x29, 0x66, 0x29, 0x66, 0x29, 0x66, 0x29, 0x66, 0x29, 0x66, 0x29,
    0x66, 0x29, 0x66, 0x29, 0x67, 0x31, 0x66, 0x29, 0x66, 0x29, 0x46, 0x29,
    0x46, 0x29, 0x46, 0x29, 0x66, 0x29, 0x46, 0x29, 0x45, 0x21, 0x66, 0x29,
    0x46, 0x29, 0x46, 0x29, 0x66, 0x29, 0x66, 0x29, 0x66, 0x29, 0x66, 0x29,
    0x66, 0x29, 0x66, 0x29, 0x46, 0x29, 0x87, 0x31, 0xe8, 0x39, 0xc7, 0x39,
    0xc8, 0x39, 0xe8, 0x39, 0xc8, 0x39, 0xc8, 0x39, 0xc8, 0x39, 0xe8, 0x39,
    0xa7, 0x31, 0xc7, 0x31, 0xc8, 0x39, 0xc8, 0x39, 0xc8, 0x39, 0xc8, 0x39,
    0xc8, 0x39, 0xc8, 0x39, 0xc7, 0x31, 0xc8, 0x39, 0xc7, 0x31, 0xc8, 0x39,
    0xc7, 0x31, 0xc7, 0x31, 0xc8, 0x31, 0xc8, 0x39, 0xc8, 0x39, 0xc8, 0x39,
    0xc7, 0x31, 0xc8, 0x39, 0xc7, 0x31, 0xc7, 0x31, 0xc8, 0x39, 0xe8, 0x39,
    0xe8, 0x39, 0xe8, 0x39, 0xe8, 0x39, 0xe8, 0x39, 0xe8, 0x39, 0xe9, 0x41,
    0xe8, 0x39, 0xe8, 0x41, 0xe9, 0x39, 0x08, 0x3a, 0xe8, 0x39, 0xe8, 0x39,
    0xe8, 0x41, 0x09, 0x3a, 0xe8, 0x39, 0x09, 0x42, 0xe8, 0x39, 0x09, 0x42,
    0x09, 0x42, 0x08, 0x3a, 0xe8, 0x39, 0x09, 0x42, 0x08, 0x3a, 0xe8, 0x39,
    0x09, 0x42, 0x08, 0x3a, 0x08, 0x3a, 0xe8, 0x39, 0x09, 0x42, 0x08, 0x3a,
    0x09, 0x42, 0x09, 0x42, 0x08, 0x3a, 0x08, 0x42, 0x08, 0x3a, 0x09, 0x42,
    0x09, 0x42, 0x08, 0x3a, 0x09, 0x42, 0x09, 0x42, 0x29, 0x42, 0x09, 0x3a,
    0x29, 0x42, 0x09, 0x42, 0x09, 0x42, 0x29, 0x42, 0x29, 0x42, 0x09, 0x42,
    0x29, 0x42, 0x29, 0x42, 0x29, 0x42, 0x29, 0x42, 0x09, 0x42, 0x29, 0x42,
    0x09, 0x42, 0x29, 0x42, 0x29, 0x42, 0x29, 0x42, 0x29, 0x42, 0x29, 0x42,
    0x29, 0x42, 0x2a, 0x42, 0x2a, 0x42, 0x29, 0x42, 0x09, 0x42, 0x2a, 0x42,
    0x29, 0x42, 0x29, 0x42, 0x2a, 0x42, 0x09, 0x42, 0x09, 0x42, 0x29, 0x42,
    0x29, 0x42, 0x29, 0x42, 0x29, 0x42, 0x29, 0x42, 0x2a, 0x42, 0x2a, 0x42,
    0x05, 0x21, 0x05, 0x21, 0xe4, 0x18, 0x05, 0x21, 0x04, 0x19, 0x05, 0x21,
    0xe4, 0x18, 0x05, 0x21, 0x04, 0x19, 0x04, 0x19, 0x05, 0x21, 0x04, 0x19,
    0x05, 0x21, 0x04, 0x19, 0x25, 0x21, 0x05, 0x21, 0x45, 0x29, 0x45, 0x21,
    0x46, 0x29, 0x46, 0x29, 0x45, 0x29, 0x46, 0x21, 0x45, 0x29, 0x45, 0x21,
    0x46, 0x29, 0x45, 0x21, 0x45, 0x21, 0x46, 0x29, 0x46, 0x29, 0x45, 0x21,
    0x46, 0x29, 0x66, 0x29, 0x45, 0x21, 0x46, 0x29, 0x46, 0x29, 0x66, 0x29,
    0x46, 0x29, 0x46, 0x29, 0x66, 0x29, 0x66, 0x29, 0x46, 0x29, 0x46, 0x21,
    0x45, 0x29, 0x46, 0x29, 0x46, 0x29, 0x66, 0x29, 0x46, 0x29, 0x66, 0x29,
    0x46, 0x29, 0x66, 0x29, 0x66, 0x29, 0x66, 0x29, 0x66, 0x29, 0x66, 0x29,
    0x66, 0x29, 0x46, 0x29, 0x66, 0x29, 0x66, 0x29, 0x66, 0x29, 0x66, 0x29,
    0x46, 0x29, 0x66, 0x29, 0x66, 0x29, 0x66, 0x29, 0x46, 0x29, 0x66, 0x29,
    0x87, 0x31, 0x66, 0x29, 0x67, 0x31, 0x66, 0x29, 0x66, 0x29, 0x67, 0x29,
    0x66, 0x29, 0x66, 0x31, 0x66, 0x29, 0x67, 0x29, 0x66, 0x29, 0x67, 0x31,
    0x66, 0x29, 0x66, 0x29, 0x66, 0x29, 0x86, 0x31, 0x66, 0x29, 0x87, 0x29,
    0x87, 0x29, 0x66, 0x31, 0x87, 0x31, 0x66, 0x29, 0x66, 0x29, 0x86, 0x29,
    0x86, 0x29, 0x87, 0x31, 0x86, 0x29, 0x87, 0x29, 0x66, 0x29, 0x66, 0x29,
    0x87, 0x29, 0x86, 0x31, 0x66, 0x29, 0x66, 0x29, 0x66, 0x29, 0x46, 0x29,
    0x66, 0x29, 0x67, 0x29, 0x66, 0x29, 0x66, 0x31, 0x66, 0x29, 0x66, 0x29,
    0x66, 0x29, 0x66, 0x31, 0x66, 0x29, 0x67, 0x29, 0x66, 0x29, 0x46, 0x29,
    0x46, 0x29, 0x66, 0x29, 0x66, 0x29, 0x45, 0x21, 0x45, 0x21, 0x46, 0x29,
    0x66, 0x29, 0x66, 0x29, 0x66, 0x29, 0x66, 0x29, 0x66, 0x29, 0x46, 0x29,
    0x46, 0x29, 0x66, 0x29, 0x66, 0x29, 0x66, 0x29, 0xc8, 0x31, 0xc8, 0x39,
    0xc8, 0x39, 0xc7, 0x31, 0xc8, 0x39, 0xc8, 0x39, 0xc7, 0x31, 0xc8, 0x39,
    0xc8, 0x39, 0xc8, 0x31, 0xe8, 0x39, 0xe8, 0x39, 0xc7, 0x31, 0xc8, 0x39,
    0xc8, 0x39, 0xc8, 0x31, 0xa7, 0x31, 0xc8, 0x39, 0xc8, 0x39, 0xc7, 0x31,
    0xc7, 0x39, 0xa7, 0x31, 0xc7, 0x31, 0xc8, 0x39, 0xa7, 0x31, 0xc8, 0x39,
    0xc8, 0x39, 0xc7, 0x31, 0xa7, 0x31, 0xc8, 0x31, 0xc8, 0x39, 0x09, 0x42,
    0xe8, 0x39, 0xc8, 0x39, 0xe8, 0x39, 0xe9, 0x39, 0xe8, 0x41, 0xe8, 0x39,
    0xe8, 0x39, 0x09, 0x42, 0x09, 0x42, 0xe8, 0x39, 0xe8, 0x39, 0xe8, 0x39,
    0x09, 0x42, 0xe8, 0x41, 0xe8, 0x39, 0x09, 0x42, 0x08, 0x3a, 0xe8, 0x39,
    0x09, 0x42, 0x08, 0x3a, 0xe8, 0x41, 0x09, 0x42, 0x09, 0x42, 0xe8, 0x39,
    0xe8, 0x39, 0x09, 0x42, 0x09, 0x42, 0x09, 0x42, 0x08, 0x3a, 0x09, 0x42,
    0x08, 0x42, 0x09, 0x42, 0x09, 0x3a, 0x09, 0x42, 0x09, 0x42, 0x09, 0x42,
    0x09, 0x42, 0x08, 0x42, 0x29, 0x42, 0x29, 0x42, 0x08, 0x3a, 0x09, 0x42,
    0x09, 0x42, 0x08, 0x3a, 0x29, 0x42, 0x09, 0x42, 0x09, 0x42, 0x09, 0x3a,
    0x29, 0x42, 0x29, 0x42, 0x29, 0x42, 0x09, 0x42, 0x29, 0x42, 0x09, 0x3a,
    0x09, 0x42, 0x29, 0x42, 0x09, 0x42, 0x29, 0x42, 0x09, 0x3a, 0x09, 0x42,
    0x09, 0x42, 0x29, 0x42, 0x29, 0x42, 0x29, 0x42, 0x29, 0x42, 0x29, 0x42,
    0x29, 0x42, 0x09, 0x42, 0x29, 0x42, 0x29, 0x42, 0x29, 0x42, 0x29, 0x42,
    0x29, 0x42, 0x09, 0x42, 0x29, 0x42, 0x29, 0x42, 0x09, 0x42, 0x29, 0x42,
    0xe4, 0x18, 0xe4, 0x18, 0x05, 0x21, 0x04, 0x21, 0x05, 0x21, 0x04, 0x19,
    0x04, 0x21, 0x05, 0x21, 0x05, 0x21, 0x04, 0x21, 0x05, 0x21, 0x05, 0x21,
    0x05, 0x21, 0x05, 0x21, 0x05, 0x21, 0x05, 0x21, 0x25, 0x21, 0x46, 0x29,
    0x46, 0x29, 0x46, 0x29, 0x46, 0x29, 0x46, 0x29, 0x46, 0x21, 0x46, 0x29,
    0x66, 0x29, 0x46, 0x29, 0x66, 0x29, 0x45, 0x21, 0x45, 0x29, 0x46, 0x21,
    0x46, 0x29, 0x46, 0x29, 0x46, 0x29, 0x46, 0x21, 0x66, 0x29, 0x45, 0x29,
    0x46, 0x29, 0x45, 0x21, 0x66, 0x29, 0x45, 0x29, 0x46, 0x29, 0x46, 0x29,
    0x46, 0x29, 0x66, 0x29, 0x66, 0x29, 0x46, 0x29, 0x66, 0x29, 0x45, 0x21,
    0x66, 0x29, 0x66, 0x29, 0x46, 0x29, 0x66, 0x29, 0x46, 0x29, 0x46, 0x29,
    0x66, 0x29, 0x66, 0x29, 0x66, 0x29, 0x66, 0x29, 0x66, 0x29, 0x66, 0x29,
    0x66, 0x29, 0x66, 0x29, 0x66, 0x29, 0x66, 0x29, 0x46, 0x29, 0x66, 0x29,
    0x67, 0x29, 0x66, 0x29, 0x66, 0x29, 0x66, 0x29, 0x66, 0x29, 0x66, 0x29,
    0x66, 0x29, 0x86, 0x29, 0x66, 0x29, 0x66, 0x29, 0x66, 0x29, 0x66, 0x29,
    0x87, 0x31, 0x66, 0x29, 0x66, 0x29, 0x66, 0x29, 0x66, 0x31, 0x66, 0x29,
    0x66, 0x29, 0x66, 0x29, 0x87, 0x31, 0x66, 0x29, 0x87, 0x31, 0x66, 0x29,
    0x87, 0x31, 0x86, 0x31, 0x67, 0x31, 0x87, 0x31, 0x66, 0x31, 0x87, 0x31,
    0x67, 0x29, 0x66, 0x29, 0x46, 0x29, 0x66, 0x29, 0x66, 0x29, 0x66, 0x29,
    0x66, 0x29, 0x66, 0x29, 0x66, 0x29, 0x67, 0x31, 0x67, 0x29, 0x66, 0x29,
    0x67, 0x31, 0x66, 0x29, 0x66, 0x29, 0x87, 0x31, 0x86, 0x29, 0x46, 0x29,
    0x45, 0x21, 0x66, 0x29, 0x46, 0x29, 0x66, 0x29, 0x46, 0x29, 0x46, 0x29,
    0x66, 0x29, 0x66, 0x29, 0x46, 0x29, 0x66, 0x29, 0x66, 0x29, 0x66, 0x29,
    0x66, 0x29, 0x66, 0x29, 0x66, 0x29, 0x86, 0x29, 0x87, 0x31, 0xc8, 0x39,
    0xc8, 0x39, 0xc7, 0x31, 0xc8, 0x39, 0xc8, 0x31, 0xe8, 0x39, 0xc8, 0x39,
    0xc7, 0x39, 0xc8, 0x39, 0xc7, 0x31, 0xc8, 0x39, 0xe8, 0x39, 0xc8, 0x39,
    0xc8, 0x39, 0xc7, 0x31, 0xc8, 0x39, 0xc8, 0x39, 0xc8, 0x39, 0xc7, 0x31,
    0xc8, 0x39, 0xc8, 0x39, 0xa7, 0x31, 0xc7, 0x39, 0xc7, 0x31, 0xc7, 0x31,
    0xc8, 0x39, 0xc8, 0x39, 0xa7, 0x31, 0xa7, 0x39, 0xc8, 0x39, 0x08, 0x3a,
    0xe8, 0x39, 0xe8, 0x39, 0x09, 0x42, 0xe8, 0x39, 0x09, 0x3a, 0xe8, 0x39,
    0xe8, 0x39, 0xe8, 0x39, 0x09, 0x42, 0x08, 0x3a, 0xe9, 0x41, 0x09, 0x42,
    0xe8, 0x39, 0x08, 0x3a, 0x09, 0x42, 0xe8, 0x39, 0x08, 0x3a, 0xe8, 0x39,
    0xe8, 0x39, 0x09, 0x42, 0xe8, 0x39, 0xe8, 0x39, 0x09, 0x42, 0x09, 0x3a,
    0x09, 0x42, 0x08, 0x42, 0x09, 0x42, 0x09, 0x3a, 0x09, 0x42, 0x08, 0x42,
    0x08, 0x3a, 0x09, 0x42, 0x09, 0x42, 0x08, 0x3a, 0x08, 0x3a, 0x29, 0x42,
    0x09, 0x3a, 0x08, 0x3a, 0x09, 0x42, 0x09, 0x42, 0x29, 0x42, 0x09, 0x42,
    0x09, 0x42, 0x29, 0x42, 0x08, 0x42, 0x08, 0x3a, 0x09, 0x42, 0x29, 0x42,
    0x09, 0x42, 0x29, 0x42, 0x29, 0x42, 0x29, 0x42, 0x29, 0x42, 0x09, 0x42,
    0x29, 0x42, 0x29, 0x42, 0x29, 0x42, 0x09, 0x42, 0x29, 0x42, 0x09, 0x42,
    0x29, 0x42, 0x29, 0x42, 0x2a, 0x42, 0x29, 0x42, 0x29, 0x42, 0x29, 0x42,
    0x29, 0x42, 0x29, 0x42, 0x2a, 0x42, 0x29, 0x42, 0x29, 0x42, 0x09, 0x42,
    0x29, 0x42, 0x09, 0x42, 0x29, 0x42, 0x29, 0x42, 0x09, 0x42, 0x29, 0x42,
    0xe4, 0x18, 0x04, 0x21, 0x05, 0x21, 0x05, 0x19, 0x05, 0x21, 0x05, 0x21,
    0x05, 0x21, 0x05, 0x21, 0x04, 0x19, 0x05, 0x21, 0x05, 0x19, 0x05, 0x21,
    0x04, 0x19, 0x05, 0x21, 0x25, 0x21, 0x25, 0x21, 0x05, 0x21, 0x45, 0x21,
    0x46, 0x21, 0x45, 0x21, 0x45, 0x29, 0x46, 0x29, 0x46, 0x29, 0x45, 0x29,
    0x46, 0x29, 0x46, 0x29, 0x46, 0x29, 0x46, 0x29, 0x66, 0x29, 0x46, 0x29,
    0x46, 0x29, 0x46, 0x29, 0x45, 0x21, 0x46, 0x29, 0x45, 0x21, 0x46, 0x29,
    0x45, 0x29, 0x46, 0x29, 0x46, 0x29, 0x66, 0x29, 0x66, 0x29, 0x46, 0x29,
    0x66, 0x29, 0x66, 0x29, 0x66, 0x29, 0x46, 0x29, 0x66, 0x29, 0x66, 0x29,
    0x46, 0x29, 0x46, 0x29, 0x66, 0x29, 0x46, 0x29, 0x46, 0x29, 0x66, 0x29,
    0x46, 0x29, 0x46, 0x29, 0x66, 0x29, 0x66, 0x29, 0x46, 0x29, 0x66, 0x29,
    0x66, 0x29, 0x66, 0x29, 0x66, 0x29, 0x66, 0x29, 0x66, 0x31, 0x66, 0x29,
    0x66, 0x29, 0x66, 0x29, 0x66, 0x29, 0x66, 0x29, 0x66, 0x29, 0x66, 0x29,
    0x66, 0x31, 0x67, 0x29, 0x66, 0x29, 0x67, 0x31, 0x66, 0x29, 0x66, 0x29,
    0x87, 0x31, 0x67, 0x29, 0x66, 0x29, 0x87, 0x29, 0x67, 0x31, 0x87, 0x31,
    0x66, 0x29, 0x87, 0x31, 0x66, 0x29, 0x87, 0x31, 0x66, 0x29, 0x87, 0x29,
    0x66, 0x29, 0x66, 0x29, 0x67, 0x29, 0x86, 0x29, 0x86, 0x31, 0x87, 0x31,
    0x66, 0x29, 0x66, 0x29, 0x66, 0x29, 0x66, 0x29, 0x66, 0x29, 0x66, 0x29,
    0x66, 0x29, 0x66, 0x29, 0x66, 0x29, 0x66, 0x29, 0x66, 0x29, 0x66, 0x29,
    0x87, 0x31, 0x66, 0x29, 0x66, 0x29, 0x66, 0x29, 0x66, 0x29, 0x66, 0x29,
    0x46, 0x29, 0x46, 0x29, 0x66, 0x29, 0x66, 0x29, 0x66, 0x29, 0x66, 0x29,
    0x46, 0x29, 0x66, 0x29, 0x66, 0x29, 0x46, 0x29, 0x66, 0x29, 0x66, 0x29,
    0x66, 0x29, 0x66, 0x29, 0x66, 0x29, 0x87, 0x31, 0x87, 0x31, 0xc8, 0x39,
    0xc7, 0x31, 0xc8, 0x39, 0xe8, 0x39, 0xc8, 0x39, 0xc8, 0x39, 0xe8, 0x39,
    0xc8, 0x31, 0xc7, 0x39, 0xc8, 0x39, 0xc8, 0x39, 0xc8, 0x39, 0xc7, 0x31,
    0xe8, 0x39, 0xe8, 0x39, 0xc8, 0x39, 0xe8, 0x39, 0xc7, 0x31, 0xc8, 0x39,
    0xc8, 0x39, 0xa7, 0x31, 0xc8, 0x39, 0xc8, 0x39, 0xc8, 0x39, 0xc7, 0x31,
    0xc8, 0x39, 0xc8, 0x39, 0xc8, 0x39, 0xc7, 0x31, 0xc8, 0x39, 0xe8, 0x39,
    0xe8, 0x39, 0xe8, 0x39, 0xe8, 0x39, 0xe8, 0x39, 0xe8, 0x39, 0xe8, 0x39,
    0xe8, 0x39, 0xe8, 0x39, 0xe8, 0x39, 0xe8, 0x39, 0x08, 0x3a, 0x09, 0x42,
    0x08, 0x3a, 0xe8, 0x39, 0xe9, 0x39, 0x09, 0x42, 0x08, 0x42, 0x09, 0x42,
    0x09, 0x3a, 0x08, 0x42, 0x09, 0x3a, 0x08, 0x3a, 0x09, 0x42, 0x08, 0x3a,
    0x08, 0x3a, 0x09, 0x42, 0x08, 0x3a, 0x08, 0x3a, 0x09, 0x42, 0x09, 0x3a,
    0x09, 0x42, 0x09, 0x42, 0x08, 0x3a, 0x09, 0x42, 0x09, 0x42, 0x09, 0x42,
    0x08, 0x3a, 0x09, 0x42, 0x09, 0x3a, 0x08, 0x42, 0x08, 0x3a, 0x29, 0x42,
    0x29, 0x42, 0x08, 0x3a, 0x09, 0x42, 0x29, 0x42, 0x29, 0x42, 0x29, 0x42,
    0x09, 0x3a, 0x09, 0x42, 0x09, 0x42, 0x29, 0x42, 0x09, 0x42, 0x29, 0x42,
    0x29, 0x42, 0x09, 0x42, 0x29, 0x42, 0x09, 0x42, 0x29, 0x42, 0x29, 0x42,
    0x29, 0x42, 0x29, 0x42, 0x29, 0x42, 0x29, 0x42, 0x29, 0x42, 0x0a, 0x42,
    0x29, 0x42, 0x29, 0x42, 0x29, 0x42, 0x09, 0x42, 0x2a, 0x42, 0x09, 0x42,
    0x2a, 0x42, 0x29, 0x42, 0x09, 0x42, 0x09, 0x42, 0x29, 0x42, 0x29, 0x42,
    0x05, 0x21, 0x05, 0x21, 0xe4, 0x18, 0x04, 0x21, 0x04, 0x21, 0x05, 0x19,
    0x04, 0x21, 0x05, 0x19, 0x05, 0x21, 0x05, 0x21, 0x04, 0x21, 0x04, 0x19,
    0x05, 0x21, 0x04, 0x19, 0x05, 0x21, 0x04, 0x19, 0x05, 0x21, 0x25, 0x21,
    0x46, 0x29, 0x46, 0x29, 0x45, 0x29, 0x46, 0x21, 0x46, 0x29, 0x45, 0x29,
    0x46, 0x29, 0x46, 0x29, 0x66, 0x29, 0x46, 0x21, 0x46, 0x29, 0x66, 0x29,
    0x46, 0x29, 0x66, 0x29, 0x45, 0x21, 0x46, 0x29, 0x46, 0x29, 0x66, 0x29,
    0x46, 0x29, 0x46, 0x29, 0x46, 0x29, 0x46, 0x21, 0x46, 0x29, 0x46, 0x29,
    0x46, 0x29, 0x66, 0x29, 0x66, 0x29, 0x46, 0x29, 0x46, 0x21, 0x66, 0x29,
    0x66, 0x29, 0x46, 0x29, 0x66, 0x29, 0x66, 0x29, 0x46, 0x29, 0x66, 0x29,
    0x46, 0x29, 0x66, 0x29, 0x66, 0x29, 0x66, 0x29, 0x66, 0x29, 0x66, 0x29,
    0x66, 0x29, 0x66, 0x29, 0x46, 0x29, 0x66, 0x29, 0x66, 0x29, 0x66, 0x29,
    0x66, 0x31, 0x66, 0x29, 0x67, 0x29, 0x66, 0x29, 0x66, 0x31, 0x67, 0x29,
    0x66, 0x29, 0x66, 0x31, 0x67, 0x29, 0x66, 0x31, 0x87, 0x29, 0x87, 0x31,
    0x86, 0x31, 0x66, 0x29, 0x66, 0x29, 0x86, 0x31, 0x66, 0x29, 0x66, 0x29,
    0x86, 0x29, 0x87, 0x31, 0x87, 0x31, 0x86, 0x29, 0x66, 0x29, 0x87, 0x31,
    0x86, 0x31, 0x67, 0x31, 0x87, 0x31, 0x86, 0x29, 0x87, 0x31, 0x87, 0x29,
    0x66, 0x29, 0x46, 0x29, 0x66, 0x29, 0x46, 0x29, 0x66, 0x29, 0x66, 0x29,
    0x66, 0x29, 0x66, 0x29, 0x66, 0x29, 0x66, 0x29, 0x66, 0x29, 0x66, 0x29,
    0x66, 0x29, 0x66, 0x29, 0x66, 0x29, 0x87, 0x31, 0x66, 0x29, 0x66, 0x29,
    0x66, 0x29, 0x66, 0x29, 0x66, 0x29, 0x66, 0x29, 0x66, 0x29, 0x66, 0x29,
    0x46, 0x29, 0x66, 0x29, 0x66, 0x29, 0x46, 0x29, 0x66, 0x29, 0x66, 0x29,
    0x46, 0x29, 0x66, 0x29, 0x66, 0x29, 0x66, 0x29, 0x66, 0x29, 0xa7, 0x31,
    0xc7, 0x39, 0xc7, 0x31, 0xc8, 0x39, 0xe8, 0x39, 0xc7, 0x31, 0xe8, 0x39,
    0xc8, 0x31, 0xe8, 0x39, 0xe8, 0x39, 0xc8, 0x39, 0xc8, 0x31, 0xc7, 0x39,
    0xc7, 0x31, 0xc8, 0x39, 0xc7, 0x31, 0xc8, 0x39, 0xc8, 0x39, 0xc7, 0x31,
    0xc8, 0x39, 0xc8, 0x31, 0xc8, 0x39, 0xc7, 0x31, 0xc8, 0x39, 0xc8, 0x39,
    0xc8, 0x31, 0xc8, 0x39, 0xc7, 0x31, 0xc8, 0x39, 0xc8, 0x39, 0xe8, 0x39,
    0x09, 0x3a, 0xe8, 0x39, 0xe8, 0x39, 0xe8, 0x39, 0xe8, 0x39, 0xe8, 0x39,
    0xe8, 0x39, 0xe8, 0x39, 0xe9, 0x41, 0xe8, 0x39, 0xe8, 0x39, 0xe8, 0x39,
    0xe8, 0x39, 0x09, 0x42, 0x08, 0x3a, 0x09, 0x3a, 0x08, 0x42, 0xe8, 0x39,
    0xe9, 0x39, 0xe8, 0x39, 0xe8, 0x41, 0xe8, 0x39, 0x08, 0x3a, 0x09, 0x42,
    0x09, 0x42, 0x08, 0x3a, 0x09, 0x42, 0x09, 0x42, 0x08, 0x3a, 0x09, 0x42,
    0x09, 0x42, 0x08, 0x3a, 0x09, 0x42, 0x29, 0x42, 0x09, 0x42, 0x29, 0x42,
    0x08, 0x42, 0x08, 0x3a, 0x09, 0x42, 0x09, 0x42, 0x29, 0x42, 0x09, 0x42,
    0x09, 0x42, 0x09, 0x42, 0x09, 0x3a, 0x08, 0x42, 0x08, 0x3a, 0x09, 0x42,
    0x09, 0x42, 0x09, 0x42, 0x29, 0x42, 0x29, 0x42, 0x09, 0x42, 0x29, 0x42,
    0x09, 0x42, 0x09, 0x3a, 0x29, 0x42, 0x29, 0x42, 0x29, 0x42, 0x09, 0x42,
    0x29, 0x42, 0x2a, 0x42, 0x29, 0x42, 0x29, 0x42, 0x09, 0x42, 0x09, 0x42,
    0x09, 0x42, 0x29, 0x42, 0x2a, 0x42, 0x29, 0x42, 0x29, 0x42, 0x29, 0x42,
    0x29, 0x42, 0x2a, 0x42, 0x29, 0x42, 0x2a, 0x42, 0x29, 0x42, 0x29, 0x42,
    0x04, 0x21, 0x05, 0x19, 0xe4, 0x18, 0x04, 0x21, 0xe5, 0x18, 0x04, 0x21,
    0x04, 0x19, 0x05, 0x21, 0x04, 0x19, 0x05, 0x21, 0x25, 0x21, 0x05, 0x21,
    0x25, 0x21, 0x05, 0x21, 0x25, 0x21, 0x05, 0x21, 0x25, 0x21, 0x25, 0x21,
    0x46, 0x29, 0x45, 0x29, 0x46, 0x29, 0x46, 0x29, 0x66, 0x29, 0x66, 0x29,
    0x45, 0x21, 0x46, 0x21, 0x46, 0x29, 0x45, 0x29, 0x46, 0x29, 0x66, 0x29,
    0x45, 0x21, 0x46, 0x29, 0x66, 0x29, 0x46, 0x29, 0x46, 0x29, 0x45, 0x29,
    0x46, 0x29, 0x66, 0x29, 0x46, 0x21, 0x46, 0x29, 0x45, 0x29, 0x46, 0x29,
    0x66, 0x29, 0x66, 0x29, 0x45, 0x21, 0x66, 0x29, 0x46, 0x29, 0x45, 0x29,
    0x66, 0x29, 0x66, 0x29, 0x66, 0x29, 0x46, 0x29, 0x66, 0x29, 0x66, 0x29,
    0x66, 0x29, 0x66, 0x29, 0x66, 0x29, 0x46, 0x29, 0x66, 0x29, 0x66, 0x29,
    0x66, 0x29, 0x66, 0x31, 0x66, 0x29, 0x67, 0x29, 0x66, 0x29, 0x46, 0x29,
    0x67, 0x29, 0x66, 0x31, 0x66, 0x29, 0x87, 0x31, 0x66, 0x29, 0x66, 0x29,
    0x66, 0x29, 0x66, 0x29, 0x66, 0x29, 0x66, 0x29, 0x86, 0x29, 0x66, 0x29,
    0x66, 0x29, 0x66, 0x29, 0x87, 0x31, 0x66, 0x29, 0x66, 0x29, 0x67, 0x31,
    0x66, 0x29, 0x86, 0x29, 0x87, 0x31, 0x66, 0x29, 0x87, 0x31, 0x66, 0x29,
    0x87, 0x31, 0x66, 0x29, 0x66, 0x29, 0x87, 0x31, 0x87, 0x31, 0x46, 0x29,
    0x66, 0x29, 0x66, 0x29, 0x46, 0x29, 0x66, 0x29, 0x67, 0x29, 0x66, 0x29,
    0x67, 0x31, 0x67, 0x31, 0x66, 0x29, 0x66, 0x29, 0x67, 0x31, 0x66, 0x29,
    0x66, 0x29, 0x66, 0x29, 0x66, 0x29, 0x87, 0x31, 0x66, 0x29, 0x46, 0x29,
    0x46, 0x29, 0x66, 0x29, 0x66, 0x29, 0x46, 0x29, 0x66, 0x29, 0x66, 0x29,
    0x66, 0x29, 0x66, 0x29, 0x66, 0x29, 0x66, 0x29, 0x66, 0x29, 0x66, 0x29,
    0x66, 0x29, 0x46, 0x29, 0x66, 0x29, 0x66, 0x29, 0x66, 0x29, 0x66, 0x29,
    0xc8, 0x39, 0xc8, 0x39, 0xe8, 0x39, 0xe8, 0x39, 0xc8, 0x39, 0xc7, 0x39,
    0xc7, 0x39, 0xe8, 0x39, 0xc8, 0x39, 0xc7, 0x31, 0xe8, 0x39, 0xc8, 0x39,
    0xc8, 0x39, 0xc8, 0x39, 0xc7, 0x31, 0xc8, 0x39, 0xc8, 0x39, 0xc8, 0x39,
    0xc7, 0x31, 0xc7, 0x31, 0xc8, 0x39, 0xc8, 0x39, 0xc7, 0x31, 0xc8, 0x39,
    0xe8, 0x39, 0xc7, 0x31, 0xc7, 0x39, 0xc8, 0x39, 0xc8, 0x39, 0xe8, 0x39,
    0xe8, 0x39, 0xe8, 0x39, 0xe8, 0x39, 0xe9, 0x41, 0xe8, 0x39, 0xe8, 0x39,
    0xe8, 0x41, 0xe8, 0x39, 0x09, 0x3a, 0xe8, 0x39, 0x08, 0x42, 0x09, 0x3a,
    0xe8, 0x39, 0xe8, 0x39, 0xe8, 0x39, 0xe8, 0x39, 0x09, 0x42, 0xe8, 0x39,
    0xe8, 0x39, 0x09, 0x42, 0x09, 0x42, 0x09, 0x3a, 0x08, 0x42, 0x09, 0x42,
    0x09, 0x42, 0x09, 0x42, 0x09, 0x42, 0x08, 0x42, 0x09, 0x3a, 0x08, 0x3a,
    0x08, 0x42, 0x09, 0x42, 0x29, 0x42, 0x08, 0x3a, 0x08, 0x3a, 0x09, 0x42,
    0x09, 0x42, 0x09, 0x3a, 0x29, 0x42, 0x29, 0x42, 0x08, 0x3a, 0x29, 0x42,
    0x09, 0x42, 0x08, 0x3a, 0x09, 0x42, 0x09, 0x42, 0x09, 0x42, 0x29, 0x42,
    0x29, 0x42, 0x09, 0x42, 0x29, 0x42, 0x09, 0x3a, 0x29, 0x42, 0x29, 0x42,
    0x09, 0x42, 0x09, 0x42, 0x29, 0x42, 0x09, 0x42, 0x29, 0x42, 0x2a, 0x42,
    0x29, 0x42, 0x29, 0x42, 0x2a, 0x42, 0x29, 0x42, 0x29, 0x42, 0x2a, 0x42,
    0x29, 0x42, 0x29, 0x42, 0x09, 0x42, 0x29, 0x42, 0x29, 0x42, 0x29, 0x42,
    0x29, 0x42, 0x29, 0x42, 0x09, 0x42, 0x29, 0x42, 0x2a, 0x42, 0x29, 0x42,
    0x04, 0x19, 0x05, 0x21, 0x05, 0x21, 0x05, 0x21, 0x05, 0x21, 0x05, 0x21,
    0x05, 0x21, 0x05, 0x21, 0x04, 0x19, 0x05, 0x21, 0x05, 0x21, 0x05, 0x21,
    0x05, 0x21, 0x25, 0x21, 0x05, 0x21, 0x04, 0x19, 0x25, 0x21, 0x05, 0x21,
    0x45, 0x29, 0x46, 0x21, 0x46, 0x29, 0x46, 0x29, 0x46, 0x21, 0x46, 0x29,
    0x46, 0x29, 0x46, 0x29, 0x46, 0x29, 0x45, 0x29, 0x46, 0x21, 0x66, 0x29,
    0x46, 0x29, 0x66, 0x29, 0x66, 0x29, 0x45, 0x21, 0x66, 0x29, 0x46, 0x29,
    0x66, 0x29, 0x46, 0x29, 0x66, 0x29, 0x66, 0x29, 0x66, 0x29, 0x66, 0x29,
    0x66, 0x29, 0x66, 0x29, 0x46, 0x29, 0x46, 0x29, 0x46, 0x29, 0x46, 0x29,
    0x66, 0x29, 0x46, 0x29, 0x45, 0x29, 0x46, 0x29, 0x66, 0x29, 0x66, 0x29,
    0x66, 0x29, 0x66, 0x29, 0x66, 0x29, 0x66, 0x29, 0x66, 0x29, 0x46, 0x29,
    0x66, 0x29, 0x46, 0x29, 0x46, 0x29, 0x66, 0x29, 0x66, 0x29, 0x66, 0x29,
    0x66, 0x29, 0x66, 0x29, 0x66, 0x29, 0x87, 0x31, 0x66, 0x29, 0x66, 0x29,
    0x66, 0x29, 0x67, 0x31, 0x66, 0x29, 0x66, 0x29, 0x66, 0x29, 0x66, 0x29,
    0x67, 0x31, 0x86, 0x31, 0x87, 0x31, 0x66, 0x29, 0x67, 0x29, 0x66, 0x29,
    0x66, 0x29, 0x87, 0x31, 0x66, 0x29, 0x66, 0x29, 0x87, 0x31, 0x86, 0x29,
    0x87, 0x31, 0x87, 0x31, 0x66, 0x29, 0x86, 0x29, 0x66, 0x29, 0x66, 0x29,
    0x66, 0x29, 0x66, 0x29, 0x66, 0x29, 0x66, 0x29, 0x66, 0x31, 0x66, 0x29,
    0x66, 0x29, 0x87, 0x31, 0x66, 0x29, 0x66, 0x29, 0x66, 0x29, 0x66, 0x29,
    0x66, 0x29, 0x66, 0x29, 0x66, 0x29, 0x66, 0x29, 0x46, 0x29, 0x46, 0x29,
    0x66, 0x29, 0x66, 0x29, 0x46, 0x29, 0x46, 0x29, 0x46, 0x29, 0x66, 0x29,
    0x46, 0x29, 0x46, 0x29, 0x66, 0x29, 0x66, 0x29, 0x66, 0x29, 0x66, 0x29,
    0x66, 0x29, 0x66, 0x29, 0x67, 0x29, 0x66, 0x29, 0x66, 0x29, 0x66, 0x29,
    0xc7, 0x31, 0xe8, 0x39, 0xc8, 0x39, 0xe8, 0x39, 0xc8, 0x39, 0xc8, 0x39,
    0xe8, 0x39, 0xe8, 0x39, 0xc7, 0x31, 0xc8, 0x39, 0xe8, 0x39, 0xc8, 0x39,
    0xc7, 0x31, 0xc8, 0x39, 0xc7, 0x39, 0xc8, 0x31, 0xe8, 0x39, 0xc7, 0x39,
    0xc8, 0x39, 0xc8, 0x39, 0xc8, 0x39, 0xc8, 0x39, 0xc7, 0x31, 0xc8, 0x39,
    0xc8, 0x39, 0xc8, 0x39, 0xc8, 0x39, 0xc8, 0x31, 0xc7, 0x31, 0xe8, 0x39,
    0xe8, 0x39, 0xe8, 0x39, 0xe8, 0x39, 0xe8, 0x39, 0xe8, 0x39, 0xe8, 0x39,
    0xe9, 0x39, 0x09, 0x42, 0x08, 0x42, 0xe8, 0x39, 0xe8, 0x39, 0xe8, 0x39,
    0xe9, 0x41, 0xe8, 0x39, 0xe8, 0x39, 0x09, 0x42, 0xe8, 0x39, 0xe8, 0x39,
    0x09, 0x42, 0x08, 0x42, 0x08, 0x3a, 0xe8, 0x39, 0x09, 0x42, 0x09, 0x42,
    0x08, 0x3a, 0xe8, 0x39, 0x09, 0x42, 0x08, 0x3a, 0x08, 0x42, 0x09, 0x42,
    0x09, 0x42, 0x09, 0x3a, 0x08, 0x3a, 0x09, 0x42, 0x09, 0x42, 0x09, 0x42,
    0x08, 0x3a, 0x09, 0x42, 0x09, 0x42, 0x09, 0x42, 0x09, 0x42, 0x29, 0x42,
    0x08, 0x42, 0x29, 0x42, 0x09, 0x42, 0x09, 0x42, 0x29, 0x42, 0x09, 0x42,
    0x29, 0x42, 0x09, 0x42, 0x29, 0x42, 0x29, 0x42, 0x09, 0x42, 0x29, 0x42,
    0x29, 0x42, 0x29, 0x42, 0x29, 0x42, 0x09, 0x42, 0x29, 0x42, 0x29, 0x42,
    0x29, 0x42, 0x29, 0x42, 0x29, 0x42, 0x29, 0x42, 0x29, 0x42, 0x29, 0x42,
    0x29, 0x42, 0x2a, 0x42, 0x29, 0x42, 0x29, 0x42, 0x2a, 0x4a, 0x29, 0x42,
    0x29, 0x42, 0x29, 0x42, 0x2a, 0x42, 0x29, 0x42, 0x29, 0x42, 0x2a, 0x42,
    0x04, 0x21, 0xe4, 0x18, 0x04, 0x21, 0x04, 0x19, 0xe4, 0x18, 0x05, 0x21,
    0x25, 0x21, 0x05, 0x21, 0x05, 0x21, 0x04, 0x19, 0x25, 0x21, 0x25, 0x21,
    0x04, 0x21, 0x25, 0x21, 0x05, 0x21, 0x04, 0x19, 0x25, 0x21, 0x05, 0x21,
    0x25, 0x21, 0x46, 0x29, 0x46, 0x29, 0x46, 0x29, 0x45, 0x29, 0x46, 0x29,
    0x46, 0x29, 0x45, 0x29, 0x46, 0x21, 0x66, 0x29, 0x46, 0x29, 0x66, 0x29,
    0x45, 0x29, 0x46, 0x29, 0x66, 0x29, 0x46, 0x29, 0x66, 0x29, 0x46, 0x29,
    0x46, 0x29, 0x66, 0x29, 0x46, 0x29, 0x66, 0x29, 0x66, 0x29, 0x46, 0x29,
    0x46, 0x29, 0x66, 0x29, 0x66, 0x29, 0x66, 0x29, 0x66, 0x29, 0x66, 0x29,
    0x46, 0x29, 0x66, 0x29, 0x66, 0x29, 0x66, 0x29, 0x46, 0x29, 0x46, 0x29,
    0x66, 0x29, 0x66, 0x29, 0x66, 0x29, 0x46, 0x29, 0x66, 0x29, 0x46, 0x29,
    0x46, 0x29, 0x66, 0x29, 0x66, 0x29, 0x66, 0x29, 0x66, 0x29, 0x66, 0x29,
    0x66, 0x29, 0x66, 0x29, 0x66, 0x29, 0x66, 0x31, 0x66, 0x29, 0x66, 0x29,
    0x67, 0x31, 0x66, 0x29, 0x86, 0x29, 0x67, 0x31, 0x67, 0x31, 0x66, 0x29,
    0x66, 0x29, 0x87, 0x31, 0x66, 0x29, 0x66, 0x29, 0x87, 0x31, 0x66, 0x31,
    0x86, 0x29, 0x87, 0x31, 0x66, 0x29, 0x66, 0x31, 0x87, 0x29, 0x66, 0x31,
    0x66, 0x29, 0x87, 0x31, 0x87, 0x31, 0x66, 0x29, 0x66, 0x29, 0x66, 0x29,
    0x66, 0x29, 0x66, 0x29, 0x87, 0x31, 0x66, 0x29, 0x86, 0x29, 0x66, 0x29,
    0x66, 0x29, 0x66, 0x29, 0x86, 0x29, 0x67, 0x31, 0x86, 0x31, 0x66, 0x29,
    0x66, 0x29, 0x87, 0x31, 0x87, 0x31, 0x66, 0x29, 0x66, 0x29, 0x66, 0x29,
    0x66, 0x29, 0x66, 0x29, 0x66, 0x29, 0x66, 0x29, 0x66, 0x29, 0x66, 0x29,
    0x66, 0x29, 0x46, 0x29, 0x66, 0x29, 0x66, 0x29, 0x46, 0x29, 0x66, 0x29,
    0x66, 0x29, 0x66, 0x29, 0x66, 0x29, 0x66, 0x29, 0x66, 0x31, 0x87, 0x29,
    0x86, 0x29, 0xc8, 0x39, 0xe8, 0x39, 0xe8, 0x39, 0xe8, 0x39, 0xe8, 0x39,
    0xc8, 0x31, 0xc8, 0x39, 0xc8, 0x39, 0xe8, 0x39, 0xe8, 0x39, 0xe8, 0x39,
    0xe8, 0x39, 0xc7, 0x31, 0xc8, 0x39, 0xe8, 0x39, 0xc8, 0x39, 0xc7, 0x31,
    0xe8, 0x39, 0xc8, 0x39, 0xe8, 0x39, 0xc8, 0x39, 0xc8, 0x39, 0xc8, 0x39,
    0xe8, 0x39, 0xc7, 0x31, 0xc8, 0x39, 0xc8, 0x39, 0xe8, 0x39, 0xe8, 0x39,
    0xe8, 0x39, 0xe8, 0x39, 0xc8, 0x39, 0xe8, 0x41, 0x09, 0x42, 0xe8, 0x39,
    0xe8, 0x39, 0xe8, 0x39, 0xe8, 0x39, 0xe9, 0x41, 0x09, 0x3a, 0xe8, 0x39,
    0x09, 0x42, 0x08, 0x42, 0xe8, 0x39, 0x09, 0x42, 0x08, 0x3a, 0xe8, 0x39,
    0x09, 0x3a, 0x09, 0x42, 0x08, 0x3a, 0x09, 0x42, 0x09, 0x3a, 0xe8, 0x39,
    0x09, 0x42, 0x09, 0x3a, 0x08, 0x3a, 0xe8, 0x39, 0x09, 0x42, 0x09, 0x42,
    0x09, 0x42, 0x09, 0x42, 0x09, 0x42, 0x08, 0x3a, 0x09, 0x42, 0x09, 0x42,
    0x09, 0x42, 0x29, 0x42, 0x29, 0x42, 0x09, 0x42, 0x09, 0x42, 0x29, 0x42,
    0x08, 0x3a, 0x09, 0x42, 0x09, 0x3a, 0x08, 0x3a, 0x29, 0x42, 0x09, 0x42,
    0x09, 0x3a, 0x29, 0x42, 0x29, 0x42, 0x29, 0x42, 0x29, 0x42, 0x29, 0x42,
    0x09, 0x42, 0x29, 0x42, 0x29, 0x42, 0x09, 0x3a, 0x29, 0x42, 0x29, 0x42,
    0x29, 0x42, 0x09, 0x42, 0x09, 0x42, 0x2a, 0x42, 0x29, 0x42, 0x29, 0x42,
    0x29, 0x42, 0x29, 0x42, 0x09, 0x42, 0x29, 0x42, 0x29, 0x42, 0x29, 0x42,
    0x2a, 0x42, 0x29, 0x42, 0x29, 0x42, 0x29, 0x4a, 0x4a, 0x4a, 0x29, 0x42,
    0x05, 0x21, 0x05, 0x21, 0x05, 0x19, 0xe4, 0x18, 0x05, 0x21, 0x04, 0x19,
    0x04, 0x19, 0x04, 0x19, 0x05, 0x21, 0x05, 0x21, 0x25, 0x21, 0x05, 0x21,
    0x04, 0x19, 0x05, 0x19, 0x25, 0x21, 0x05, 0x21, 0x05, 0x21, 0x25, 0x21,
    0x25, 0x21, 0x45, 0x21, 0x45, 0x21, 0x46, 0x29, 0x46, 0x29, 0x66, 0x29,
    0x66, 0x29, 0x46, 0x21, 0x45, 0x29, 0x46, 0x29, 0x66, 0x29, 0x45, 0x21,
    0x46, 0x29, 0x46, 0x29, 0x66, 0x29, 0x66, 0x29, 0x45, 0x29, 0x46, 0x29,
    0x45, 0x21, 0x66, 0x29, 0x45, 0x21, 0x66, 0x29, 0x46, 0x29, 0x66, 0x29,
    0x66, 0x29, 0x66, 0x29, 0x45, 0x21, 0x66, 0x29, 0x46, 0x29, 0x66, 0x29,
    0x66, 0x29, 0x46, 0x29, 0x66, 0x29, 0x66, 0x29, 0x66, 0x29, 0x66, 0x29,
    0x66, 0x29, 0x66, 0x29, 0x66, 0x29, 0x66, 0x29, 0x46, 0x29, 0x66, 0x29,
    0x66, 0x29, 0x66, 0x29, 0x66, 0x29, 0x66, 0x29, 0x66, 0x29, 0x66, 0x29,
    0x66, 0x31, 0x66, 0x29, 0x66, 0x29, 0x67, 0x29, 0x67, 0x29, 0x66, 0x29,
    0x66, 0x31, 0x66, 0x29, 0x87, 0x29, 0x66, 0x29, 0x86, 0x31, 0x66, 0x29,
    0x87, 0x29, 0x66, 0x29, 0x66, 0x29, 0x87, 0x31, 0x87, 0x31, 0x66, 0x29,
    0x87, 0x31, 0x66, 0x29, 0x87, 0x31, 0x87, 0x31, 0x66, 0x29, 0x87, 0x29,
    0x86, 0x31, 0x66, 0x29, 0x66, 0x29, 0x46, 0x29, 0x46, 0x29, 0x66, 0x29,
    0x66, 0x29, 0x66, 0x29, 0x66, 0x29, 0x66, 0x29, 0x66, 0x29, 0x66, 0x29,
    0x66, 0x29, 0x66, 0x29, 0x66, 0x29, 0x87, 0x29, 0x66, 0x29, 0x66, 0x29,
    0x67, 0x29, 0x87, 0x31, 0x66, 0x29, 0x66, 0x29, 0x66, 0x29, 0x66, 0x29,
    0x66, 0x29, 0x66, 0x29, 0x66, 0x29, 0x46, 0x29, 0x66, 0x29, 0x66, 0x29,
    0x66, 0x29, 0x66, 0x29, 0x66, 0x29, 0x46, 0x29, 0x66, 0x29, 0x66, 0x29,
    0x67, 0x29, 0x66, 0x29, 0x66, 0x29, 0x66, 0x29, 0x66, 0x29, 0x66, 0x29,
    0x66, 0x29, 0xc8, 0x39, 0xe8, 0x39, 0xe8, 0x39, 0xc8, 0x39, 0xc7, 0x31,
    0xe8, 0x39, 0xc8, 0x39, 0xc7, 0x39, 0xc8, 0x31, 0xc8, 0x39, 0xe8, 0x39,
    0xe8, 0x39, 0xc8, 0x39, 0xe8, 0x39, 0xe8, 0x39, 0xc8, 0x39, 0xe8, 0x39,
    0xc8, 0x31, 0xe8, 0x39, 0xc7, 0x31, 0xc8, 0x39, 0xe8, 0x39, 0xe8, 0x39,
    0xe8, 0x39, 0xe8, 0x39, 0xc7, 0x39, 0xe8, 0x39, 0xc8, 0x39, 0xe8, 0x39,
    0xc8, 0x39, 0xe8, 0x39, 0xe8, 0x39, 0xe9, 0x39, 0xe8, 0x39, 0xe8, 0x39,
    0xe8, 0x39, 0xe8, 0x39, 0xe8, 0x39, 0xe8, 0x39, 0xe8, 0x39, 0x08, 0x42,
    0x09, 0x42, 0x09, 0x3a, 0x08, 0x42, 0xe8, 0x41, 0x09, 0x42, 0x09, 0x42,
    0x08, 0x3a, 0xe8, 0x39, 0xe8, 0x41, 0x08, 0x3a, 0x09, 0x42, 0x08, 0x3a,
    0x08, 0x42, 0x09, 0x42, 0x08, 0x3a, 0x09, 0x42, 0x09, 0x3a, 0x08, 0x3a,
    0x09, 0x42, 0x09, 0x42, 0x09, 0x42, 0x08, 0x3a, 0x08, 0x3a, 0x09, 0x42,
    0x08, 0x3a, 0x29, 0x42, 0x29, 0x42, 0x08, 0x42, 0x08, 0x3a, 0x09, 0x42,
    0x09, 0x3a, 0x09, 0x42, 0x09, 0x42, 0x29, 0x42, 0x08, 0x3a, 0x29, 0x42,
    0x29, 0x42, 0x29, 0x42, 0x29, 0x42, 0x09, 0x42, 0x09, 0x42, 0x29, 0x42,
    0x29, 0x42, 0x29, 0x42, 0x2a, 0x42, 0x29, 0x42, 0x2a, 0x42, 0x29, 0x42,
    0x29, 0x42, 0x09, 0x42, 0x09, 0x42, 0x2a, 0x42, 0x29, 0x42, 0x09, 0x42,
    0x2a, 0x42, 0x29, 0x42, 0x29, 0x42, 0x2a, 0x42, 0x29, 0x42, 0x29, 0x42,
    0x29, 0x42, 0x2a, 0x42, 0x29, 0x42, 0x29, 0x42, 0x29, 0x42, 0x29, 0x42,
    0x04, 0x21, 0xe4, 0x18, 0x05, 0x21, 0x05, 0x21, 0x04, 0x21, 0x05, 0x21,
    0x05, 0x21, 0x05, 0x21, 0x05, 0x21, 0x04, 0x19, 0x05, 0x21, 0x05, 0x21,
    0x25, 0x21, 0x05, 0x21, 0x05, 0x21, 0x25, 0x21, 0x05, 0x21, 0x25, 0x21,
    0x25, 0x21, 0x25, 0x21, 0x46, 0x29, 0x66, 0x29, 0x66, 0x29, 0x46, 0x21,
    0x66, 0x29, 0x46, 0x29, 0x46, 0x29, 0x66, 0x29, 0x45, 0x21, 0x66, 0x29,
    0x66, 0x29, 0x66, 0x29, 0x46, 0x29, 0x46, 0x29, 0x66, 0x29, 0x46, 0x21,
    0x46, 0x29, 0x46, 0x29, 0x66, 0x29, 0x66, 0x29, 0x45, 0x21, 0x66, 0x29,
    0x66, 0x29, 0x46, 0x29, 0x46, 0x29, 0x66, 0x29, 0x46, 0x29, 0x66, 0x29,
    0x66, 0x29, 0x46, 0x29, 0x66, 0x29, 0x66, 0x29, 0x46, 0x29, 0x66, 0x29,
    0x66, 0x29, 0x66, 0x29, 0x66, 0x29, 0x46, 0x29, 0x66, 0x29, 0x66, 0x29,
    0x66, 0x29, 0x46, 0x29, 0x66, 0x29, 0x66, 0x29, 0x66, 0x29, 0x67, 0x31,
    0x67, 0x31, 0x66, 0x29, 0x66, 0x29, 0x67, 0x31, 0x66, 0x29, 0x66, 0x29,
    0x87, 0x31, 0x86, 0x29, 0x66, 0x29, 0x66, 0x31, 0x87, 0x29, 0x87, 0x31,
    0x86, 0x31, 0x66, 0x29, 0x67, 0x31, 0x86, 0x29, 0x86, 0x29, 0x87, 0x31,
    0x66, 0x29, 0x86, 0x29, 0x66, 0x29, 0x87, 0x31, 0x66, 0x29, 0x87, 0x31,
    0x66, 0x29, 0x66, 0x29, 0x66, 0x29, 0x66, 0x29, 0x66, 0x29, 0x66, 0x29,
    0x66, 0x29, 0x66, 0x29, 0x66, 0x29, 0x66, 0x29, 0x66, 0x29, 0x66, 0x31,
    0x66, 0x29, 0x66, 0x29, 0x66, 0x29, 0x66, 0x31, 0x87, 0x29, 0x66, 0x29,
    0x86, 0x31, 0x86, 0x31, 0x66, 0x29, 0x66, 0x29, 0x46, 0x29, 0x46, 0x29,
    0x46, 0x29, 0x46, 0x29, 0x45, 0x29, 0x46, 0x21, 0x66, 0x29, 0x66, 0x29,
    0x66, 0x29, 0x46, 0x29, 0x66, 0x29, 0x66, 0x29, 0x86, 0x29, 0x87, 0x31,
    0x66, 0x29, 0x66, 0x29, 0x66, 0x31, 0x66, 0x29, 0x67, 0x29, 0x67, 0x31,
    0x66, 0x29, 0xa7, 0x31, 0xe8, 0x39, 0xc8, 0x39, 0xc8, 0x39, 0xe8, 0x39,
    0xc8, 0x39, 0xe8, 0x39, 0xe8, 0x39, 0xe8, 0x39, 0xc8, 0x39, 0xc8, 0x39,
    0xe8, 0x39, 0xc8, 0x39, 0xc7, 0x31, 0xe8, 0x39, 0xc8, 0x39, 0xc7, 0x31,
    0xc8, 0x39, 0xe8, 0x39, 0xe8, 0x39, 0xc8, 0x39, 0xe8, 0x39, 0xe8, 0x39,
    0xc8, 0x39, 0xc7, 0x31, 0xc8, 0x39, 0xc7, 0x31, 0xc8, 0x39, 0xe8, 0x39,
    0xe8, 0x39, 0xe8, 0x39, 0xe8, 0x39, 0xe8, 0x39, 0xe8, 0x39, 0xe8, 0x39,
    0xe8, 0x39, 0xe9, 0x41, 0xe8, 0x39, 0xe8, 0x39, 0xe8, 0x39, 0xe8, 0x39,
    0xe8, 0x39, 0xe8, 0x39, 0xe9, 0x39, 0xe8, 0x39, 0xe8, 0x39, 0xe8, 0x39,
    0x09, 0x42, 0xe8, 0x39, 0xe8, 0x39, 0x09, 0x42, 0x09, 0x42, 0x09, 0x42,
    0x08, 0x3a, 0x09, 0x42, 0x09, 0x42, 0xe8, 0x39, 0x08, 0x42, 0x09, 0x42,
    0x08, 0x3a, 0x29, 0x42, 0x08, 0x3a, 0x09, 0x42, 0x29, 0x42, 0x08, 0x3a,
    0x09, 0x42, 0x08, 0x3a, 0x09, 0x42, 0x09, 0x42, 0x09, 0x42, 0x09, 0x42,
    0x09, 0x42, 0x08, 0x42, 0x29, 0x42, 0x29, 0x42, 0x29, 0x42, 0x29, 0x42,
    0x29, 0x42, 0x29, 0x42, 0x29, 0x42, 0x09, 0x42, 0x09, 0x42, 0x29, 0x42,
    0x29, 0x42, 0x09, 0x42, 0x29, 0x42, 0x09, 0x42, 0x29, 0x42, 0x2a, 0x42,
    0x2a, 0x42, 0x29, 0x42, 0x29, 0x42, 0x29, 0x42, 0x29, 0x42, 0x29, 0x42,
    0x29, 0x42, 0x29, 0x42, 0x29, 0x42, 0x2a, 0x42, 0x2a, 0x4a, 0x29, 0x42,
    0x29, 0x42, 0x29, 0x42, 0x2a, 0x4a, 0x2a, 0x42, 0x29, 0x42, 0x29, 0x42,
    0x05, 0x21, 0x05, 0x21, 0x04, 0x21, 0x04, 0x21, 0x05, 0x21, 0x05, 0x21,
    0x05, 0x19, 0x04, 0x19, 0x05, 0x21, 0x05, 0x21, 0x04, 0x21, 0x05, 0x19,
    0x25, 0x21, 0x04, 0x21, 0x25, 0x21, 0x04, 0x21, 0x25, 0x21, 0x25, 0x21,
    0x05, 0x21, 0x25, 0x21, 0x46, 0x29, 0x46, 0x29, 0x46, 0x29, 0x46, 0x29,
    0x66, 0x29, 0x45, 0x21, 0x46, 0x29, 0x46, 0x29, 0x46, 0x29, 0x46, 0x29,
    0x66, 0x29, 0x46, 0x29, 0x46, 0x29, 0x66, 0x29, 0x45, 0x21, 0x66, 0x29,
    0x46, 0x29, 0x46, 0x29, 0x46, 0x29, 0x66, 0x29, 0x66, 0x29, 0x66, 0x29,
    0x46, 0x29, 0x46, 0x29, 0x46, 0x29, 0x46, 0x29, 0x66, 0x29, 0x46, 0x29,
    0x66, 0x29, 0x66, 0x29, 0x66, 0x29, 0x66, 0x29, 0x66, 0x29, 0x66, 0x29,
    0x66, 0x29, 0x66, 0x29, 0x66, 0x29, 0x46, 0x29, 0x66, 0x29, 0x66, 0x31,
    0x66, 0x29, 0x67, 0x31, 0x66, 0x29, 0x66, 0x29, 0x67, 0x29, 0x66, 0x29,
    0x66, 0x29, 0x66, 0x29, 0x87, 0x31, 0x66, 0x29, 0x66, 0x29, 0x86, 0x31,
    0x66, 0x29, 0x66, 0x29, 0x67, 0x31, 0x66, 0x29, 0x87, 0x31, 0x66, 0x29,
    0x66, 0x29, 0x87, 0x31, 0x66, 0x29, 0x86, 0x29, 0x67, 0x31, 0x86, 0x29,
    0x87, 0x31, 0x66, 0x29, 0x87, 0x31, 0x86, 0x29, 0x67, 0x31, 0x87, 0x31,
    0x66, 0x29, 0x66, 0x29, 0x66, 0x29, 0x66, 0x29, 0x66, 0x29, 0x66, 0x29,
    0x46, 0x29, 0x66, 0x29, 0x66, 0x29, 0x66, 0x29, 0x66, 0x29, 0x67, 0x31,
    0x66, 0x29, 0x66, 0x29, 0x67, 0x31, 0x66, 0x29, 0x66, 0x29, 0x66, 0x29,
    0x66, 0x29, 0x66, 0x29, 0x66, 0x29, 0x66, 0x29, 0x86, 0x29, 0x66, 0x29,
    0x66, 0x29, 0x66, 0x29, 0x66, 0x29, 0x46, 0x29, 0x46, 0x29, 0x66, 0x29,
    0x66, 0x29, 0x66, 0x29, 0x66, 0x29, 0x66, 0x29, 0x66, 0x29, 0x66, 0x29,
    0x66, 0x29, 0x66, 0x29, 0x66, 0x29, 0x66, 0x29, 0x66, 0x29, 0x86, 0x31,
    0x66, 0x29, 0x87, 0x31, 0xe8, 0x39, 0xe8, 0x39, 0xe8, 0x39, 0xe8, 0x39,
    0xe8, 0x39, 0xc8, 0x39, 0xe8, 0x39, 0xe8, 0x39, 0xc7, 0x39, 0xc8, 0x31,
    0xc8, 0x39, 0xe8, 0x39, 0xc8, 0x39, 0xc8, 0x39, 0xe8, 0x39, 0xc8, 0x39,
    0xc8, 0x39, 0xc8, 0x39, 0xe8, 0x39, 0xc8, 0x39, 0xc7, 0x31, 0xc8, 0x39,
    0xc7, 0x31, 0xe8, 0x39, 0xe8, 0x39, 0xc8, 0x39, 0xc8, 0x31, 0xe8, 0x39,
    0xe8, 0x39, 0xe8, 0x39, 0xe8, 0x39, 0xe8, 0x39, 0xe8, 0x41, 0xe8, 0x39,
    0xe8, 0x39, 0x09, 0x42, 0x09, 0x42, 0xe8, 0x39, 0xe8, 0x39, 0xe9, 0x39,
    0x08, 0x42, 0x09, 0x42, 0xe8, 0x39, 0x09, 0x3a, 0x08, 0x3a, 0xe8, 0x39,
    0x09, 0x42, 0x09, 0x3a, 0x09, 0x42, 0x08, 0x42, 0x09, 0x3a, 0xe8, 0x39,
    0x09, 0x42, 0x08, 0x3a, 0xe8, 0x39, 0xe8, 0x39, 0x09, 0x42, 0x29, 0x42,
    0x29, 0x42, 0x09, 0x42, 0x09, 0x42, 0x29, 0x42, 0x08, 0x3a, 0x09, 0x42,
    0x09, 0x42, 0x29, 0x42, 0x29, 0x42, 0x09, 0x3a, 0x08, 0x3a, 0x29, 0x42,
    0x29, 0x42, 0x09, 0x42, 0x29, 0x42, 0x09, 0x42, 0x29, 0x42, 0x29, 0x42,
    0x09, 0x42, 0x09, 0x42, 0x09, 0x42, 0x29, 0x42, 0x09, 0x42, 0x09, 0x3a,
    0x29, 0x42, 0x29, 0x42, 0x2a, 0x42, 0x29, 0x42, 0x29, 0x42, 0x29, 0x42,
    0x29, 0x42, 0x29, 0x42, 0x2a, 0x42, 0x29, 0x42, 0x29, 0x42, 0x29, 0x42,
    0x2a, 0x42, 0x29, 0x42, 0x29, 0x4a, 0x29, 0x42, 0x2a, 0x42, 0x29, 0x42,
    0x29, 0x42, 0x29, 0x42, 0x29, 0x42, 0x29, 0x42, 0x29, 0x42, 0x29, 0x42,
    0xe4, 0x18, 0x05, 0x21, 0x05, 0x21, 0x05, 0x19, 0x05, 0x21, 0x04, 0x19,
    0x04, 0x19, 0x05, 0x21, 0x04, 0x21, 0x25, 0x21, 0x05, 0x21, 0x05, 0x21,
    0x05, 0x19, 0x25, 0x21, 0x05, 0x21, 0x05, 0x19, 0x25, 0x21, 0x05, 0x21,
    0x25, 0x21, 0x25, 0x21, 0x46, 0x29, 0x66, 0x29, 0x45, 0x21, 0x46, 0x29,
    0x66, 0x29, 0x46, 0x29, 0x45, 0x21, 0x66, 0x29, 0x46, 0x29, 0x45, 0x29,
    0x46, 0x29, 0x46, 0x21, 0x46, 0x29, 0x46, 0x29, 0x46, 0x29, 0x66, 0x29,
    0x46, 0x29, 0x66, 0x29, 0x46, 0x29, 0x66, 0x29, 0x46, 0x29, 0x46, 0x29,
    0x66, 0x29, 0x66, 0x29, 0x66, 0x29, 0x66, 0x29, 0x66, 0x29, 0x66, 0x29,
    0x46, 0x29, 0x66, 0x29, 0x66, 0x29, 0x66, 0x29, 0x66, 0x29, 0x46, 0x29,
    0x66, 0x29, 0x66, 0x29, 0x66, 0x29, 0x66, 0x29, 0x67, 0x31, 0x66, 0x29,
    0x66, 0x29, 0x66, 0x29, 0x66, 0x29, 0x66, 0x31, 0x66, 0x29, 0x66, 0x29,
    0x66, 0x31, 0x66, 0x29, 0x66, 0x29, 0x66, 0x29, 0x87, 0x31, 0x66, 0x29,
    0x66, 0x29, 0x87, 0x29, 0x87, 0x31, 0x66, 0x29, 0x66, 0x29, 0x66, 0x29,
    0x67, 0x31, 0x87, 0x31, 0x86, 0x29, 0x66, 0x29, 0x87, 0x31, 0x66, 0x29,
    0x87, 0x31, 0x87, 0x31, 0x86, 0x29, 0x67, 0x31, 0x87, 0x31, 0x66, 0x29,
    0x66, 0x29, 0x66, 0x29, 0x66, 0x29, 0x46, 0x29, 0x66, 0x29, 0x66, 0x29,
    0x66, 0x29, 0x66, 0x29, 0x67, 0x31, 0x66, 0x29, 0x66, 0x29, 0x67, 0x29,
    0x66, 0x29, 0x66, 0x29, 0x66, 0x29, 0x66, 0x29, 0x66, 0x29, 0x87, 0x31,
    0x67, 0x29, 0x87, 0x29, 0x66, 0x29, 0x66, 0x29, 0x66, 0x29, 0x66, 0x29,
    0x66, 0x29, 0x66, 0x29, 0x66, 0x29, 0x66, 0x29, 0x66, 0x29, 0x46, 0x29,
    0x66, 0x29, 0x66, 0x29, 0x66, 0x29, 0x66, 0x29, 0x66, 0x29, 0x66, 0x29,
    0x66, 0x29, 0x66, 0x29, 0x66, 0x29, 0x87, 0x31, 0x87, 0x31, 0x66, 0x29,
    0x66, 0x29, 0x66, 0x29, 0xa7, 0x31, 0xc8, 0x39, 0xe8, 0x39, 0xe8, 0x39,
    0xe8, 0x39, 0xc8, 0x39, 0xc8, 0x39, 0xe8, 0x39, 0xe8, 0x39, 0xe8, 0x39,
    0xe8, 0x39, 0xe8, 0x39, 0xc8, 0x39, 0xe8, 0x39, 0xe8, 0x39, 0xe8, 0x39,
    0xc8, 0x31, 0xc7, 0x39, 0xc7, 0x31, 0xe8, 0x39, 0xc8, 0x39, 0xe8, 0x39,
    0xc8, 0x39, 0xc8, 0x39, 0xc8, 0x31, 0xe8, 0x39, 0xc8, 0x39, 0xe8, 0x39,
    0xe8, 0x39, 0xe8, 0x39, 0xe8, 0x39, 0xe8, 0x39, 0xe9, 0x39, 0xe8, 0x39,
    0xe8, 0x39, 0xe8, 0x39, 0xe8, 0x39, 0xe8, 0x39, 0xe8, 0x39, 0xe8, 0x39,
    0xe8, 0x39, 0x09, 0x42, 0x09, 0x42, 0x09, 0x42, 0x09, 0x42, 0x09, 0x42,
    0x09, 0x42, 0xe8, 0x39, 0xe8, 0x39, 0xe8, 0x39, 0x08, 0x3a, 0x09, 0x42,
    0x08, 0x42, 0x09, 0x42, 0x09, 0x3a, 0xe8, 0x39, 0x09, 0x42, 0x08, 0x3a,
    0x09, 0x42, 0x08, 0x3a, 0x09, 0x42, 0xe8, 0x39, 0x09, 0x42, 0x09, 0x42,
    0x08, 0x3a, 0x09, 0x42, 0x09, 0x42, 0x08, 0x42, 0x09, 0x42, 0x09, 0x42,
    0x08, 0x3a, 0x29, 0x42, 0x09, 0x42, 0x29, 0x42, 0x09, 0x42, 0x29, 0x42,
    0x29, 0x42, 0x09, 0x42, 0x29, 0x42, 0x09, 0x3a, 0x29, 0x42, 0x29, 0x42,
    0x09, 0x42, 0x09, 0x42, 0x29, 0x42, 0x09, 0x42, 0x09, 0x42, 0x09, 0x42,
    0x29, 0x42, 0x29, 0x42, 0x29, 0x42, 0x2a, 0x42, 0x29, 0x42, 0x09, 0x42,
    0x29, 0x42, 0x2a, 0x42, 0x29, 0x42, 0x29, 0x4a, 0x2a, 0x42, 0x29, 0x42,
    0x29, 0x42, 0x2a, 0x42, 0x29, 0x42, 0x2a, 0x4a, 0x29, 0x42, 0x29, 0x42,
    0x05, 0x21, 0x04, 0x21, 0x05, 0x19, 0x05, 0x21, 0x04, 0x21, 0x05, 0x19,
    0x25, 0x21, 0x05, 0x21, 0x05, 0x19, 0x25, 0x21, 0x04, 0x19, 0x05, 0x21,
    0x25, 0x21, 0x04, 0x21, 0x25, 0x21, 0x05, 0x21, 0x05, 0x21, 0x04, 0x21,
    0x25, 0x21, 0x05, 0x21, 0x45, 0x21, 0x66, 0x29, 0x46, 0x29, 0x45, 0x21,
    0x66, 0x29, 0x46, 0x29, 0x66, 0x29, 0x46, 0x29, 0x46, 0x29, 0x66, 0x29,
    0x46, 0x29, 0x46, 0x29, 0x45, 0x21, 0x46, 0x29, 0x66, 0x29, 0x66, 0x29,
    0x46, 0x29, 0x66, 0x29, 0x66, 0x29, 0x46, 0x29, 0x66, 0x29, 0x46, 0x29,
    0x66, 0x29, 0x66, 0x29, 0x66, 0x29, 0x66, 0x29, 0x46, 0x29, 0x46, 0x29,
    0x66, 0x29, 0x66, 0x29, 0x66, 0x29, 0x66, 0x29, 0x66, 0x29, 0x66, 0x31,
    0x66, 0x29, 0x66, 0x29, 0x66, 0x31, 0x66, 0x29, 0x66, 0x29, 0x66, 0x29,
    0x66, 0x29, 0x66, 0x29, 0x66, 0x29, 0x87, 0x31, 0x66, 0x29, 0x66, 0x29,
    0x66, 0x29, 0x67, 0x31, 0x87, 0x31, 0x66, 0x29, 0x66, 0x29, 0x87, 0x31,
    0x66, 0x29, 0x66, 0x29, 0x66, 0x31, 0x66, 0x29, 0x67, 0x29, 0x87, 0x31,
    0x86, 0x29, 0x87, 0x31, 0x87, 0x31, 0x86, 0x29, 0x87, 0x31, 0x86, 0x31,
    0x67, 0x29, 0x66, 0x29, 0x86, 0x31, 0x87, 0x31, 0x66, 0x29, 0x46, 0x29,
    0x66, 0x29, 0x66, 0x29, 0x66, 0x29, 0x66, 0x29, 0x66, 0x29, 0x66, 0x31,
    0x66, 0x29, 0x66, 0x29, 0x67, 0x31, 0x66, 0x29, 0x66, 0x29, 0x66, 0x29,
    0x66, 0x29, 0x66, 0x31, 0x67, 0x29, 0x66, 0x29, 0x66, 0x31, 0x87, 0x31,
    0x66, 0x29, 0x86, 0x31, 0x66, 0x29, 0x66, 0x29, 0x67, 0x31, 0x66, 0x29,
    0x66, 0x29, 0x66, 0x29, 0x66, 0x29, 0x66, 0x29, 0x66, 0x29, 0x66, 0x29,
    0x46, 0x29, 0x66, 0x29, 0x46, 0x29, 0x66, 0x29, 0x66, 0x29, 0x66, 0x29,
    0x66, 0x29, 0x66, 0x29, 0x66, 0x31, 0x67, 0x29, 0x66, 0x29, 0x66, 0x29,
    0x87, 0x29, 0x66, 0x29, 0x86, 0x31, 0xe8, 0x39, 0xe8, 0x39, 0xc8, 0x39,
    0xe8, 0x39, 0xe8, 0x39, 0xc8, 0x39, 0xc8, 0x39, 0xe8, 0x39, 0xe8, 0x39,
    0xe8, 0x39, 0xc8, 0x39, 0xe8, 0x39, 0xe8, 0x39, 0xc7, 0x31, 0xc8, 0x39,
    0xe8, 0x39, 0xe8, 0x39, 0xc8, 0x31, 0xc8, 0x39, 0xe8, 0x39, 0xc7, 0x31,
    0xe8, 0x39, 0xc8, 0x39, 0xe8, 0x39, 0xc8, 0x39, 0xc7, 0x39, 0xe8, 0x39,
    0xe8, 0x39, 0xe8, 0x39, 0xe8, 0x39, 0xe8, 0x39, 0xe8, 0x39, 0xe8, 0x39,
    0xe8, 0x39, 0xe8, 0x39, 0x09, 0x42, 0xe8, 0x39, 0x09, 0x42, 0x09, 0x42,
    0xe8, 0x39, 0xe8, 0x39, 0xe8, 0x39, 0x08, 0x3a, 0x08, 0x42, 0xe8, 0x39,
    0x08, 0x3a, 0xe8, 0x39, 0x09, 0x42, 0x09, 0x42, 0x08, 0x3a, 0x09, 0x3a,
    0xe8, 0x39, 0x09, 0x42, 0x08, 0x3a, 0x09, 0x42, 0x09, 0x42, 0x09, 0x42,
    0x08, 0x3a, 0x09, 0x42, 0x09, 0x42, 0x09, 0x42, 0x08, 0x3a, 0x09, 0x42,
    0x08, 0x42, 0x29, 0x42, 0x29, 0x42, 0x09, 0x42, 0x09, 0x42, 0x29, 0x42,
    0x09, 0x42, 0x29, 0x42, 0x08, 0x3a, 0x29, 0x42, 0x09, 0x42, 0x09, 0x42,
    0x29, 0x42, 0x29, 0x42, 0x09, 0x42, 0x29, 0x42, 0x29, 0x42, 0x29, 0x42,
    0x2a, 0x42, 0x29, 0x42, 0x2a, 0x42, 0x29, 0x42, 0x29, 0x42, 0x29, 0x42,
    0x2a, 0x42, 0x29, 0x42, 0x29, 0x42, 0x29, 0x42, 0x09, 0x42, 0x29, 0x42,
    0x29, 0x42, 0x29, 0x42, 0x4a, 0x4a, 0x2a, 0x42, 0x29, 0x42, 0x29, 0x42,
    0x29, 0x4a, 0x29, 0x42, 0x2a, 0x4a, 0x29, 0x42, 0x29, 0x42, 0x4a, 0x4a,
    0x04, 0x21, 0x04, 0x19, 0xe4, 0x18, 0x05, 0x21, 0x05, 0x21, 0x04, 0x19,
    0x05, 0x21, 0x04, 0x21, 0x05, 0x21, 0x05, 0x19, 0x25, 0x21, 0x25, 0x21,
    0x25, 0x21, 0x05, 0x21, 0x04, 0x19, 0x25, 0x21, 0x25, 0x21, 0x25, 0x21,
    0x25, 0x21, 0x25, 0x21, 0x25, 0x21, 0x46, 0x29, 0x46, 0x29, 0x46, 0x29,
    0x46, 0x29, 0x45, 0x29, 0x45, 0x29, 0x46, 0x29, 0x46, 0x29, 0x46, 0x29,
    0x45, 0x21, 0x46, 0x29, 0x66, 0x29, 0x66, 0x29, 0x46, 0x29, 0x66, 0x29,
    0x66, 0x29, 0x46, 0x29, 0x66, 0x29, 0x66, 0x29, 0x66, 0x29, 0x66, 0x29,
    0x46, 0x29, 0x66, 0x29, 0x46, 0x29, 0x66, 0x29, 0x66, 0x29, 0x66, 0x29,
    0x46, 0x29, 0x66, 0x29, 0x66, 0x29, 0x66, 0x29, 0x46, 0x29, 0x46, 0x29,
    0x46, 0x29, 0x67, 0x29, 0x66, 0x29, 0x46, 0x29, 0x66, 0x29, 0x66, 0x29,
    0x67, 0x31, 0x66, 0x29, 0x66, 0x29, 0x67, 0x29, 0x66, 0x29, 0x66, 0x31,
    0x67, 0x29, 0x66, 0x29, 0x66, 0x29, 0x87, 0x29, 0x66, 0x29, 0x66, 0x31,
    0x66, 0x29, 0x66, 0x29, 0x87, 0x31, 0x66, 0x29, 0x66, 0x29, 0x87, 0x31,
    0x66, 0x29, 0x66, 0x29, 0x66, 0x29, 0x87, 0x31, 0x86, 0x29, 0x66, 0x29,
    0x67, 0x31, 0x86, 0x29, 0x66, 0x29, 0x66, 0x29, 0x66, 0x29, 0x66, 0x29,
    0x66, 0x29, 0x46, 0x29, 0x66, 0x29, 0x66, 0x29, 0x66, 0x29, 0x87, 0x31,
    0x66, 0x29, 0x66, 0x29, 0x66, 0x29, 0x66, 0x29, 0x66, 0x29, 0x66, 0x31,
    0x87, 0x31, 0x87, 0x29, 0x66, 0x29, 0x87, 0x31, 0x66, 0x29, 0x66, 0x29,
    0x66, 0x29, 0x66, 0x29, 0x66, 0x29, 0x66, 0x29, 0x66, 0x29, 0x67, 0x29,
    0x66, 0x29, 0x66, 0x29, 0x66, 0x29, 0x66, 0x29, 0x66, 0x29, 0x66, 0x29,
    0x66, 0x29, 0x66, 0x29, 0x66, 0x29, 0x66, 0x29, 0x66, 0x29, 0x67, 0x31,
    0x66, 0x29, 0x66, 0x29, 0x67, 0x31, 0x86, 0x29, 0x66, 0x29, 0x66, 0x29,
    0x87, 0x31, 0x66, 0x29, 0x66, 0x29, 0xc8, 0x31, 0xc8, 0x39, 0xe8, 0x39,
    0xc8, 0x39, 0xe8, 0x39, 0xe8, 0x39, 0xe8, 0x39, 0xe8, 0x39, 0xc8, 0x39,
    0xe8, 0x39, 0xe8, 0x39, 0xe8, 0x39, 0xc8, 0x39, 0xe8, 0x39, 0xc8, 0x39,
    0xc8, 0x39, 0xc8, 0x39, 0xe8, 0x39, 0xc8, 0x39, 0xc8, 0x39, 0xe8, 0x39,
    0xc7, 0x31, 0xe8, 0x39, 0xc8, 0x39, 0xc7, 0x39, 0xc8, 0x31, 0xe8, 0x39,
    0xe8, 0x39, 0xe8, 0x39, 0xe8, 0x39, 0xe8, 0x41, 0xe8, 0x39, 0xe8, 0x39,
    0xe9, 0x41, 0xe8, 0x39, 0xe8, 0x39, 0xe8, 0x39, 0x09, 0x42, 0xe8, 0x39,
    0x08, 0x3a, 0xe8, 0x39, 0x09, 0x42, 0xe8, 0x39, 0x09, 0x3a, 0x09, 0x42,
    0x08, 0x42, 0x09, 0x42, 0xe8, 0x39, 0x08, 0x3a, 0x09, 0x42, 0x09, 0x42,
    0x09, 0x42, 0x09, 0x42, 0x08, 0x42, 0x09, 0x42, 0x09, 0x3a, 0x08, 0x42,
    0x09, 0x42, 0x09, 0x42, 0x29, 0x42, 0x09, 0x42, 0x08, 0x3a, 0x08, 0x3a,
    0x09, 0x42, 0x29, 0x42, 0x09, 0x42, 0x08, 0x3a, 0x09, 0x3a, 0x29, 0x42,
    0x29, 0x42, 0x09, 0x42, 0x09, 0x42, 0x29, 0x42, 0x09, 0x42, 0x29, 0x42,
    0x29, 0x42, 0x29, 0x42, 0x09, 0x42, 0x29, 0x42, 0x29, 0x42, 0x29, 0x42,
    0x29, 0x42, 0x29, 0x42, 0x29, 0x42, 0x2a, 0x42, 0x29, 0x42, 0x29, 0x42,
    0x29, 0x42, 0x29, 0x42, 0x29, 0x42, 0x2a, 0x42, 0x29, 0x42, 0x29, 0x4a,
    0x2a, 0x42, 0x29, 0x42, 0x09, 0x42, 0x29, 0x42, 0x2a, 0x42, 0x2a, 0x4a,
    0x29, 0x42, 0x29, 0x42, 0x29, 0x42, 0x29, 0x42, 0x29, 0x42, 0x29, 0x42,
    0xe4, 0x18, 0xe5, 0x20, 0x05, 0x21, 0x04, 0x21, 0x05, 0x21, 0x05, 0x19,
    0x05, 0x21, 0x25, 0x21, 0x04, 0x19, 0x05, 0x21, 0x04, 0x21, 0x05, 0x21,
    0x25, 0x21, 0x05, 0x19, 0x25, 0x21, 0x25, 0x21, 0x25, 0x21, 0x25, 0x21,
    0x05, 0x21, 0x25, 0x21, 0x25, 0x21, 0x45, 0x21, 0x66, 0x29, 0x46, 0x29,
    0x66, 0x29, 0x46, 0x29, 0x46, 0x29, 0x66, 0x29, 0x66, 0x29, 0x46, 0x21,
    0x46, 0x29, 0x66, 0x29, 0x66, 0x29, 0x46, 0x29, 0x46, 0x29, 0x66, 0x29,
    0x66, 0x29, 0x46, 0x29, 0x66, 0x29, 0x46, 0x29, 0x66, 0x29, 0x66, 0x29,
    0x66, 0x29, 0x46, 0x29, 0x66, 0x29, 0x66, 0x29, 0x66, 0x29, 0x66, 0x29,
    0x66, 0x29, 0x66, 0x29, 0x46, 0x29, 0x66, 0x29, 0x66, 0x29, 0x67, 0x29,
    0x66, 0x29, 0x66, 0x29, 0x66, 0x29, 0x66, 0x29, 0x67, 0x29, 0x66, 0x29,
    0x66, 0x29, 0x66, 0x29, 0x66, 0x31, 0x66, 0x29, 0x66, 0x29, 0x66, 0x29,
    0x67, 0x31, 0x66, 0x29, 0x66, 0x29, 0x87, 0x31, 0x66, 0x29, 0x66, 0x29,
    0x67, 0x29, 0x87, 0x31, 0x86, 0x31, 0x86, 0x29, 0x66, 0x29, 0x86, 0x31,
    0x66, 0x29, 0x66, 0x29, 0x87, 0x31, 0x66, 0x29, 0x66, 0x29, 0x67, 0x31,
    0x87, 0x31, 0x87, 0x31, 0x66, 0x29, 0x66, 0x29, 0x66, 0x29, 0x66, 0x29,
    0x66, 0x29, 0x66, 0x29, 0x66, 0x29, 0x66, 0x29, 0x66, 0x29, 0x66, 0x29,
    0x66, 0x29, 0x66, 0x29, 0x66, 0x29, 0x66, 0x29, 0x66, 0x29, 0x67, 0x29,
    0x86, 0x31, 0x66, 0x29, 0x66, 0x29, 0x86, 0x31, 0x86, 0x29, 0x87, 0x29,
    0x87, 0x31, 0x87, 0x31, 0x66, 0x29, 0x66, 0x29, 0x66, 0x29, 0x66, 0x29,
    0x66, 0x29, 0x66, 0x29, 0x66, 0x29, 0x66, 0x29, 0x66, 0x29, 0x66, 0x29,
    0x46, 0x29, 0x66, 0x29, 0x66, 0x29, 0x66, 0x29, 0x66, 0x29, 0x67, 0x29,
    0x66, 0x29, 0x66, 0x29, 0x87, 0x31, 0x66, 0x29, 0x86, 0x29, 0x66, 0x31,
    0x87, 0x31, 0x66, 0x29, 0x86, 0x29, 0x87, 0x31, 0xc8, 0x39, 0xe8, 0x39,
    0xe8, 0x39, 0xc8, 0x39, 0xc7, 0x31, 0xe8, 0x39, 0xe8, 0x39, 0xe8, 0x39,
    0xc8, 0x39, 0xc7, 0x31, 0xc8, 0x39, 0xc8, 0x39, 0xe8, 0x39, 0xc7, 0x31,
    0xe8, 0x39, 0xe8, 0x39, 0xc8, 0x39, 0xe8, 0x39, 0xe8, 0x39, 0xe8, 0x39,
    0xe8, 0x39, 0xe8, 0x39, 0xe8, 0x39, 0xc8, 0x39, 0xc8, 0x39, 0xe8, 0x39,
    0xe8, 0x39, 0xc8, 0x39, 0xe8, 0x39, 0xe8, 0x39, 0xe8, 0x39, 0xe8, 0x39,
    0xe8, 0x39, 0xe8, 0x39, 0xe8, 0x39, 0x09, 0x42, 0xe8, 0x39, 0xe8, 0x39,
    0xe8, 0x39, 0xe8, 0x39, 0x09, 0x42, 0xe8, 0x39, 0xe8, 0x39, 0x09, 0x42,
    0x09, 0x3a, 0x09, 0x42, 0x08, 0x3a, 0xe8, 0x39, 0xe8, 0x41, 0x08, 0x42,
    0x09, 0x3a, 0x08, 0x3a, 0x09, 0x42, 0x08, 0x3a, 0xe8, 0x39, 0x09, 0x42,
    0x08, 0x3a, 0x08, 0x3a, 0x09, 0x42, 0x09, 0x42, 0x29, 0x42, 0x09, 0x42,
    0x08, 0x3a, 0x09, 0x42, 0x29, 0x42, 0x08, 0x3a, 0x09, 0x42, 0x08, 0x3a,
    0x28, 0x42, 0x09, 0x3a, 0x09, 0x42, 0x09, 0x42, 0x29, 0x42, 0x09, 0x42,
    0x09, 0x3a, 0x09, 0x42, 0x29, 0x42, 0x29, 0x42, 0x09, 0x42, 0x09, 0x42,
    0x2a, 0x42, 0x29, 0x42, 0x29, 0x42, 0x09, 0x42, 0x09, 0x42, 0x29, 0x42,
    0x29, 0x42, 0x2a, 0x42, 0x29, 0x4a, 0x29, 0x42, 0x29, 0x42, 0x29, 0x42,
    0x29, 0x42, 0x2a, 0x42, 0x29, 0x4a, 0x4a, 0x4a, 0x29, 0x42, 0x29, 0x42,
    0x29, 0x42, 0x29, 0x42, 0x29, 0x42, 0x2a, 0x42, 0x2a, 0x42, 0x29, 0x42,
    0xe4, 0x18, 0x05, 0x21, 0x04, 0x19, 0x05, 0x19, 0x04, 0x21, 0x05, 0x21,
    0x05, 0x21, 0x05, 0x21, 0x05, 0x21, 0x05, 0x21, 0x04, 0x21, 0x25, 0x21,
    0x05, 0x21, 0x25, 0x21, 0x04, 0x21, 0x25, 0x21, 0x05, 0x21, 0x25, 0x21,
    0x05, 0x19, 0x25, 0x21, 0x25, 0x21, 0x25, 0x21, 0x66, 0x29, 0x66, 0x29,
    0x46, 0x29, 0x66, 0x29, 0x45, 0x21, 0x46, 0x29, 0x66, 0x29, 0x45, 0x21,
    0x66, 0x29, 0x46, 0x29, 0x46, 0x29, 0x66, 0x29, 0x46, 0x29, 0x66, 0x29,
    0x66, 0x29, 0x45, 0x29, 0x46, 0x29, 0x45, 0x29, 0x46, 0x29, 0x46, 0x29,
    0x46, 0x29, 0x46, 0x29, 0x46, 0x29, 0x66, 0x29, 0x66, 0x29, 0x66, 0x29,
    0x66, 0x29, 0x66, 0x29, 0x66, 0x29, 0x66, 0x29, 0x66, 0x29, 0x66, 0x29,
    0x66, 0x31, 0x66, 0x29, 0x66, 0x29, 0x66, 0x29, 0x46, 0x29, 0x66, 0x29,
    0x66, 0x29, 0x66, 0x29, 0x67, 0x31, 0x67, 0x31, 0x66, 0x29, 0x87, 0x31,
    0x86, 0x29, 0x66, 0x29, 0x66, 0x29, 0x86, 0x31, 0x87, 0x31, 0x66, 0x29,
    0x66, 0x29, 0x66, 0x29, 0x67, 0x29, 0x66, 0x29, 0x87, 0x31, 0x66, 0x29,
    0x87, 0x31, 0x87, 0x31, 0x87, 0x31, 0x87, 0x31, 0x86, 0x31, 0x87, 0x31,
    0x87, 0x29, 0x66, 0x29, 0x66, 0x29, 0x66, 0x29, 0x66, 0x29, 0x66, 0x29,
    0x66, 0x29, 0x66, 0x29, 0x66, 0x29, 0x67, 0x31, 0x66, 0x29, 0x66, 0x29,
    0x46, 0x29, 0x67, 0x29, 0x66, 0x29, 0x66, 0x31, 0x87, 0x29, 0x66, 0x29,
    0x86, 0x29, 0x67, 0x29, 0x66, 0x29, 0x87, 0x31, 0x86, 0x31, 0x66, 0x29,
    0x66, 0x29, 0x87, 0x31, 0x66, 0x29, 0x66, 0x29, 0x66, 0x29, 0x66, 0x31,
    0x66, 0x29, 0x67, 0x29, 0x66, 0x31, 0x67, 0x31, 0x66, 0x29, 0x66, 0x29,
    0x66, 0x29, 0x66, 0x29, 0x67, 0x31, 0x66, 0x31, 0x66, 0x29, 0x66, 0x29,
    0x66, 0x31, 0x66, 0x29, 0x87, 0x29, 0x66, 0x29, 0x87, 0x31, 0x66, 0x29,
    0x66, 0x29, 0x87, 0x31, 0x86, 0x29, 0x87, 0x31, 0xc7, 0x31, 0x08, 0x3a,
    0xe8, 0x39, 0xe8, 0x39, 0xe8, 0x39, 0xe8, 0x39, 0xe8, 0x39, 0xc8, 0x39,
    0xc8, 0x39, 0xe8, 0x39, 0xe8, 0x39, 0xc8, 0x39, 0xe8, 0x39, 0xc8, 0x39,
    0xe8, 0x39, 0xe8, 0x39, 0xe8, 0x39, 0xc8, 0x39, 0xc8, 0x39, 0xe8, 0x39,
    0xe8, 0x39, 0xc8, 0x39, 0xe8, 0x39, 0xc8, 0x39, 0xe8, 0x39, 0xc8, 0x39,
    0xe8, 0x39, 0xe8, 0x39, 0xe8, 0x39, 0xe8, 0x39, 0xe9, 0x41, 0xe8, 0x39,
    0xe8, 0x39, 0xe8, 0x39, 0xe9, 0x39, 0x08, 0x42, 0x08, 0x3a, 0xe8, 0x39,
    0xe8, 0x39, 0x09, 0x42, 0xe8, 0x39, 0xe8, 0x39, 0x08, 0x42, 0xe8, 0x39,
    0xe8, 0x39, 0xe8, 0x39, 0x09, 0x42, 0x09, 0x42, 0x09, 0x42, 0x08, 0x3a,
    0x09, 0x42, 0xe8, 0x39, 0x08, 0x3a, 0x09, 0x42, 0x09, 0x42, 0x09, 0x42,
    0x09, 0x42, 0x08, 0x3a, 0x09, 0x42, 0x09, 0x42, 0x08, 0x3a, 0x09, 0x42,
    0x29, 0x42, 0x09, 0x42, 0x09, 0x3a, 0x09, 0x42, 0x09, 0x42, 0x09, 0x42,
    0x09, 0x42, 0x09, 0x42, 0x29, 0x42, 0x29, 0x42, 0x29, 0x42, 0x09, 0x3a,
    0x09, 0x42, 0x29, 0x42, 0x09, 0x42, 0x09, 0x42, 0x29, 0x42, 0x29, 0x42,
    0x29, 0x42, 0x29, 0x42, 0x2a, 0x42, 0x29, 0x42, 0x29, 0x42, 0x29, 0x42,
    0x29, 0x42, 0x2a, 0x42, 0x29, 0x42, 0x09, 0x42, 0x2a, 0x42, 0x29, 0x42,
    0x29, 0x42, 0x29, 0x42, 0x29, 0x42, 0x29, 0x42, 0x4a, 0x42, 0x29, 0x42,
    0x29, 0x42, 0x29, 0x42, 0x2a, 0x42, 0x29, 0x4a, 0x29, 0x42, 0x29, 0x42,
    0x05, 0x21, 0x04, 0x21, 0x05, 0x21, 0x05, 0x21, 0x05, 0x21, 0x24, 0x19,
    0x04, 0x19, 0x04, 0x21, 0x05, 0x21, 0x24, 0x19, 0x05, 0x19, 0x05, 0x19,
    0x04, 0x21, 0x25, 0x21, 0x05, 0x21, 0x05, 0x21, 0x05, 0x21, 0x05, 0x21,
    0x05, 0x21, 0x05, 0x21, 0x25, 0x21, 0x25, 0x21, 0x46, 0x29, 0x46, 0x29,
    0x46, 0x29, 0x66, 0x29, 0x66, 0x29, 0x46, 0x29, 0x46, 0x29, 0x66, 0x29,
    0x66, 0x29, 0x45, 0x29, 0x46, 0x21, 0x66, 0x29, 0x66, 0x29, 0x45, 0x29,
    0x46, 0x29, 0x66, 0x21, 0x66, 0x29, 0x66, 0x29, 0x66, 0x29, 0x66, 0x29,
    0x66, 0x29, 0x46, 0x29, 0x66, 0x29, 0x66, 0x29, 0x66, 0x29, 0x66, 0x29,
    0x66, 0x29, 0x66, 0x29, 0x66, 0x29, 0x46, 0x29, 0x66, 0x31, 0x66, 0x29,
    0x66, 0x29, 0x67, 0x29, 0x66, 0x29, 0x66, 0x29, 0x66, 0x29, 0x66, 0x29,
    0x66, 0x31, 0x67, 0x29, 0x66, 0x29, 0x66, 0x29, 0x66, 0x29, 0x86, 0x31,
    0x66, 0x29, 0x66, 0x29, 0x66, 0x29, 0x66, 0x29, 0x87, 0x31, 0x66, 0x29,
    0x87, 0x31, 0x86, 0x31, 0x87, 0x31, 0x66, 0x29, 0x66, 0x29, 0x67, 0x29,
    0x86, 0x29, 0x66, 0x29, 0x66, 0x29, 0x87, 0x31, 0x87, 0x31, 0x86, 0x29,
    0x66, 0x29, 0x66, 0x29, 0x46, 0x29, 0x66, 0x29, 0x66, 0x29, 0x46, 0x29,
    0x66, 0x29, 0x66, 0x29, 0x66, 0x29, 0x66, 0x29, 0x67, 0x29, 0x66, 0x29,
    0x66, 0x31, 0x87, 0x29, 0x66, 0x29, 0x66, 0x29, 0x66, 0x31, 0x66, 0x29,
    0x87, 0x31, 0x66, 0x29, 0x66, 0x29, 0x66, 0x29, 0x87, 0x31, 0x66, 0x29,
    0x66, 0x29, 0x66, 0x29, 0x66, 0x29, 0x87, 0x31, 0x87, 0x31, 0x66, 0x29,
    0x66, 0x29, 0x66, 0x29, 0x66, 0x29, 0x66, 0x29, 0x87, 0x31, 0x66, 0x29,
    0x66, 0x29, 0x66, 0x29, 0x66, 0x29, 0x66, 0x29, 0x66, 0x29, 0x66, 0x29,
    0x67, 0x29, 0x87, 0x31, 0x66, 0x29, 0x66, 0x29, 0x87, 0x31, 0x86, 0x29,
    0x66, 0x29, 0x66, 0x29, 0x67, 0x31, 0x87, 0x31, 0x87, 0x31, 0xe8, 0x39,
    0xe8, 0x39, 0xe8, 0x39, 0xe8, 0x39, 0xe8, 0x39, 0xc8, 0x39, 0xe8, 0x39,
    0xe8, 0x39, 0xe8, 0x39, 0xc8, 0x39, 0xc8, 0x31, 0xe8, 0x39, 0xe8, 0x39,
    0xe8, 0x39, 0xc7, 0x39, 0xc8, 0x39, 0xe8, 0x39, 0xc8, 0x39, 0xc8, 0x39,
    0xc8, 0x39, 0xc8, 0x39, 0xe8, 0x39, 0xe8, 0x39, 0xe8, 0x39, 0xe8, 0x39,
    0xe8, 0x39, 0xe8, 0x39, 0xe9, 0x41, 0xe9, 0x39, 0xe8, 0x39, 0xe9, 0x41,
    0xe8, 0x39, 0xe8, 0x39, 0x09, 0x42, 0xe8, 0x39, 0xe9, 0x39, 0x09, 0x42,
    0xe8, 0x41, 0xe8, 0x39, 0xe8, 0x39, 0x09, 0x3a, 0x09, 0x42, 0x08, 0x42,
    0x09, 0x3a, 0x08, 0x42, 0x08, 0x3a, 0x09, 0x3a, 0x09, 0x42, 0x08, 0x3a,
    0x09, 0x42, 0x09, 0x42, 0x09, 0x42, 0xe8, 0x39, 0x08, 0x3a, 0x09, 0x42,
    0x09, 0x42, 0x09, 0x3a, 0x09, 0x42, 0x08, 0x3a, 0x09, 0x42, 0x09, 0x3a,
    0x09, 0x42, 0x29, 0x42, 0x08, 0x42, 0x08, 0x42, 0x09, 0x3a, 0x09, 0x42,
    0x09, 0x42, 0x29, 0x42, 0x29, 0x42, 0x09, 0x42, 0x09, 0x42, 0x29, 0x42,
    0x29, 0x42, 0x29, 0x42, 0x09, 0x42, 0x29, 0x42, 0x09, 0x42, 0x2a, 0x42,
    0x29, 0x42, 0x09, 0x42, 0x29, 0x42, 0x09, 0x42, 0x29, 0x42, 0x29, 0x42,
    0x29, 0x42, 0x09, 0x42, 0x29, 0x42, 0x29, 0x42, 0x2a, 0x4a, 0x29, 0x42,
    0x29, 0x42, 0x2a, 0x4a, 0x29, 0x42, 0x29, 0x42, 0x2a, 0x4a, 0x29, 0x42,
    0x2a, 0x42, 0x2a, 0x42, 0x29, 0x4a, 0x29, 0x42, 0x29, 0x42, 0x2a, 0x42,
    0x05, 0x21, 0x05, 0x21, 0x04, 0x19, 0x05, 0x21, 0x05, 0x21, 0x04, 0x19,
    0x25, 0x21, 0x05, 0x21, 0x05, 0x19, 0x05, 0x21, 0x25, 0x21, 0x25, 0x21,
    0x05, 0x21, 0x05, 0x21, 0x05, 0x19, 0x25, 0x21, 0x25, 0x21, 0x25, 0x21,
    0x25, 0x21, 0x25, 0x21, 0x05, 0x21, 0x05, 0x21, 0x45, 0x21, 0x46, 0x29,
    0x46, 0x29, 0x46, 0x29, 0x66, 0x29, 0x66, 0x29, 0x46, 0x29, 0x46, 0x29,
    0x66, 0x29, 0x46, 0x29, 0x66, 0x29, 0x46, 0x29, 0x66, 0x29, 0x46, 0x29,
    0x66, 0x29, 0x66, 0x29, 0x66, 0x29, 0x46, 0x29, 0x66, 0x29, 0x66, 0x29,
    0x66, 0x29, 0x66, 0x29, 0x66, 0x29, 0x46, 0x29, 0x46, 0x29, 0x66, 0x29,
    0x66, 0x29, 0x66, 0x31, 0x67, 0x29, 0x67, 0x29, 0x66, 0x29, 0x66, 0x29,
    0x67, 0x31, 0x66, 0x29, 0x66, 0x31, 0x67, 0x31, 0x87, 0x31, 0x66, 0x29,
    0x66, 0x29, 0x66, 0x29, 0x87, 0x31, 0x66, 0x29, 0x66, 0x29, 0x67, 0x29,
    0x66, 0x29, 0x67, 0x31, 0x66, 0x29, 0x87, 0x29, 0x66, 0x29, 0x87, 0x31,
    0x67, 0x29, 0x66, 0x29, 0x86, 0x31, 0x87, 0x31, 0x66, 0x29, 0x86, 0x31,
    0x87, 0x31, 0x66, 0x29, 0x66, 0x29, 0x86, 0x29, 0x87, 0x31, 0x66, 0x29,
    0x66, 0x29, 0x66, 0x29, 0x66, 0x29, 0x66, 0x29, 0x66, 0x29, 0x66, 0x29,
    0x66, 0x29, 0x66, 0x29, 0x66, 0x29, 0x66, 0x29, 0x66, 0x29, 0x66, 0x29,
    0x87, 0x31, 0x66, 0x29, 0x66, 0x29, 0x66, 0x29, 0x66, 0x29, 0x87, 0x31,
    0x66, 0x29, 0x86, 0x31, 0x87, 0x31, 0x86, 0x29, 0x87, 0x29, 0x66, 0x31,
    0x87, 0x29, 0x66, 0x29, 0x66, 0x29, 0x66, 0x29, 0x66, 0x29, 0x87, 0x31,
    0x66, 0x29, 0x66, 0x29, 0x87, 0x31, 0x86, 0x29, 0x66, 0x29, 0x66, 0x29,
    0x46, 0x29, 0x66, 0x29, 0x66, 0x29, 0x66, 0x29, 0x67, 0x29, 0x66, 0x29,
    0x66, 0x29, 0x66, 0x29, 0x66, 0x29, 0x86, 0x31, 0x67, 0x29, 0x87, 0x31,
    0x87, 0x31, 0x87, 0x29, 0x87, 0x31, 0x66, 0x29, 0x87, 0x31, 0xc8, 0x39,
    0xe8, 0x39, 0xc8, 0x39, 0xe8, 0x39, 0xe8, 0x39, 0xe8, 0x39, 0xe8, 0x39,
    0xe8, 0x39, 0xe8, 0x39, 0xe8, 0x39, 0xe8, 0x39, 0xc8, 0x39, 0xc8, 0x39,
    0xe8, 0x39, 0xc8, 0x39, 0xc8, 0x31, 0xe8, 0x39, 0xe7, 0x39, 0xe8, 0x39,
    0xe8, 0x39, 0xc7, 0x31, 0xc8, 0x39, 0xe8, 0x39, 0xe8, 0x39, 0xc8, 0x39,
    0xc8, 0x39, 0x09, 0x42, 0xe8, 0x39, 0xe8, 0x39, 0xe8, 0x39, 0xe8, 0x39,
    0xe8, 0x39, 0x09, 0x42, 0x08, 0x3a, 0xe8, 0x39, 0xe8, 0x39, 0xe8, 0x39,
    0x09, 0x3a, 0xe8, 0x39, 0x09, 0x42, 0xe8, 0x39, 0xe8, 0x39, 0xe9, 0x39,
    0x08, 0x3a, 0x09, 0x42, 0x08, 0x42, 0x09, 0x3a, 0xe8, 0x39, 0x08, 0x42,
    0x09, 0x42, 0x08, 0x3a, 0x09, 0x42, 0x09, 0x42, 0x08, 0x3a, 0x08, 0x3a,
    0x09, 0x42, 0x08, 0x42, 0x29, 0x42, 0x09, 0x42, 0x08, 0x3a, 0x08, 0x42,
    0x08, 0x3a, 0x29, 0x42, 0x29, 0x42, 0x09, 0x42, 0x29, 0x42, 0x08, 0x3a,
    0x08, 0x3a, 0x09, 0x3a, 0x29, 0x42, 0x09, 0x42, 0x29, 0x42, 0x09, 0x42,
    0x29, 0x42, 0x29, 0x42, 0x29, 0x42, 0x09, 0x3a, 0x29, 0x42, 0x29, 0x42,
    0x09, 0x42, 0x29, 0x42, 0x29, 0x42, 0x29, 0x42, 0x29, 0x42, 0x29, 0x42,
    0x09, 0x42, 0x29, 0x42, 0x2a, 0x42, 0x29, 0x42, 0x29, 0x42, 0x2a, 0x42,
    0x29, 0x42, 0x2a, 0x42, 0x29, 0x42, 0x29, 0x42, 0x29, 0x42, 0x29, 0x42,
    0x4a, 0x4a, 0x29, 0x42, 0x29, 0x42, 0x29, 0x42, 0x29, 0x42, 0x29, 0x42,
    0x04, 0x21, 0x04, 0x19, 0x05, 0x19, 0x04, 0x21, 0x05, 0x21, 0x05, 0x19,
    0x25, 0x21, 0x04, 0x21, 0x05, 0x21, 0x05, 0x21, 0x25, 0x21, 0x04, 0x21,
    0x25, 0x21, 0x05, 0x21, 0x25, 0x21, 0x25, 0x21, 0x25, 0x21, 0x25, 0x21,
    0x25, 0x21, 0x25, 0x21, 0x25, 0x21, 0x25, 0x21, 0x25, 0x21, 0x46, 0x29,
    0x46, 0x29, 0x45, 0x21, 0x66, 0x29, 0x46, 0x29, 0x66, 0x29, 0x46, 0x29,
    0x66, 0x29, 0x66, 0x29, 0x66, 0x29, 0x46, 0x29, 0x66, 0x29, 0x66, 0x29,
    0x46, 0x29, 0x66, 0x29, 0x46, 0x29, 0x66, 0x29, 0x66, 0x29, 0x66, 0x29,
    0x66, 0x29, 0x46, 0x29, 0x66, 0x29, 0x66, 0x29, 0x66, 0x29, 0x46, 0x29,
    0x46, 0x29, 0x66, 0x31, 0x66, 0x29, 0x66, 0x29, 0x66, 0x29, 0x66, 0x29,
    0x66, 0x29, 0x66, 0x29, 0x66, 0x29, 0x86, 0x29, 0x66, 0x29, 0x66, 0x29,
    0x87, 0x31, 0x66, 0x31, 0x66, 0x29, 0x67, 0x31, 0x66, 0x29, 0x86, 0x29,
    0x87, 0x31, 0x86, 0x31, 0x67, 0x31, 0x86, 0x29, 0x66, 0x29, 0x66, 0x31,
    0x66, 0x29, 0x87, 0x29, 0x66, 0x29, 0x67, 0x29, 0x87, 0x31, 0x66, 0x29,
    0x87, 0x31, 0x66, 0x29, 0x66, 0x31, 0x87, 0x31, 0x66, 0x29, 0x46, 0x29,
    0x66, 0x29, 0x46, 0x29, 0x66, 0x29, 0x66, 0x29, 0x66, 0x29, 0x66, 0x29,
    0x66, 0x29, 0x67, 0x29, 0x66, 0x29, 0x66, 0x31, 0x66, 0x29, 0x66, 0x29,
    0x66, 0x29, 0x66, 0x29, 0x66, 0x31, 0x66, 0x29, 0x67, 0x29, 0x86, 0x29,
    0x66, 0x29, 0x87, 0x31, 0x66, 0x29, 0x87, 0x29, 0x86, 0x31, 0x66, 0x29,
    0x67, 0x31, 0x66, 0x29, 0x66, 0x29, 0x66, 0x29, 0x66, 0x29, 0x66, 0x29,
    0x87, 0x31, 0x87, 0x29, 0x66, 0x29, 0x66, 0x29, 0x67, 0x31, 0x66, 0x29,
    0x86, 0x29, 0x67, 0x29, 0x66, 0x29, 0x86, 0x31, 0x66, 0x29, 0x66, 0x29,
    0x86, 0x31, 0x66, 0x29, 0x66, 0x29, 0x87, 0x31, 0x86, 0x31, 0x66, 0x29,
    0x66, 0x29, 0x87, 0x31, 0x66, 0x29, 0x86, 0x29, 0x66, 0x29, 0xa7, 0x31,
    0xe8, 0x39, 0xe8, 0x39, 0xc8, 0x39, 0xc8, 0x39, 0xe8, 0x39, 0xe8, 0x39,
    0xe8, 0x39, 0xc8, 0x39, 0xe8, 0x39, 0xe8, 0x39, 0xe8, 0x39, 0xe8, 0x39,
    0xc8, 0x39, 0xe8, 0x39, 0xc8, 0x39, 0xc8, 0x39, 0xe8, 0x39, 0xe8, 0x39,
    0xe8, 0x39, 0xe8, 0x39, 0xc8, 0x39, 0xc8, 0x39, 0xe8, 0x39, 0xe8, 0x39,
    0xe8, 0x39, 0xe8, 0x39, 0xe8, 0x39, 0xe8, 0x39, 0xe8, 0x39, 0xe8, 0x39,
    0xe8, 0x39, 0x09, 0x42, 0xe8, 0x39, 0xe8, 0x41, 0xe8, 0x39, 0x08, 0x42,
    0xe8, 0x39, 0x09, 0x42, 0x08, 0x3a, 0xe8, 0x39, 0x09, 0x42, 0x08, 0x42,
    0x09, 0x3a, 0x09, 0x42, 0xe8, 0x39, 0xe8, 0x39, 0x09, 0x42, 0x09, 0x3a,
    0x08, 0x3a, 0x09, 0x42, 0x08, 0x3a, 0x09, 0x42, 0x09, 0x42, 0x09, 0x42,
    0x09, 0x42, 0x29, 0x42, 0x08, 0x3a, 0x09, 0x42, 0x09, 0x42, 0x09, 0x42,
    0x29, 0x42, 0x09, 0x42, 0x29, 0x42, 0x09, 0x3a, 0x09, 0x42, 0x09, 0x42,
    0x08, 0x42, 0x09, 0x42, 0x29, 0x42, 0x29, 0x42, 0x09, 0x3a, 0x29, 0x42,
    0x29, 0x42, 0x09, 0x42, 0x09, 0x42, 0x29, 0x42, 0x09, 0x42, 0x29, 0x42,
    0x29, 0x42, 0x2a, 0x42, 0x29, 0x42, 0x2a, 0x42, 0x29, 0x42, 0x29, 0x42,
    0x2a, 0x42, 0x29, 0x42, 0x29, 0x42, 0x2a, 0x42, 0x29, 0x4a, 0x4a, 0x4a,
    0x2a, 0x42, 0x29, 0x42, 0x29, 0x42, 0x2a, 0x4a, 0x29, 0x42, 0x29, 0x42,
    0x29, 0x42, 0x29, 0x42, 0x29, 0x42, 0x2a, 0x42, 0x29, 0x42, 0x29, 0x42,
    0xe4, 0x18, 0x04, 0x21, 0x05, 0x21, 0x05, 0x21, 0x04, 0x19, 0x04, 0x19,
    0x05, 0x19, 0x04, 0x19, 0x25, 0x21, 0x05, 0x21, 0x04, 0x19, 0x25, 0x21,
    0x25, 0x21, 0x05, 0x21, 0x25, 0x21, 0x25, 0x21, 0x05, 0x21, 0x05, 0x21,
    0x25, 0x21, 0x05, 0x21, 0x05, 0x21, 0x25, 0x21, 0x25, 0x21, 0x46, 0x29,
    0x66, 0x29, 0x66, 0x29, 0x46, 0x29, 0x46, 0x29, 0x66, 0x29, 0x46, 0x21,
    0x66, 0x29, 0x66, 0x29, 0x46, 0x29, 0x46, 0x29, 0x66, 0x29, 0x66, 0x29,
    0x46, 0x29, 0x46, 0x29, 0x66, 0x29, 0x46, 0x29, 0x46, 0x29, 0x46, 0x29,
    0x66, 0x29, 0x66, 0x29, 0x66, 0x29, 0x66, 0x29, 0x66, 0x29, 0x66, 0x29,
    0x66, 0x29, 0x66, 0x29, 0x66, 0x29, 0x66, 0x31, 0x67, 0x31, 0x66, 0x29,
    0x66, 0x29, 0x66, 0x29, 0x66, 0x29, 0x66, 0x29, 0x66, 0x31, 0x67, 0x29,
    0x66, 0x29, 0x66, 0x29, 0x67, 0x29, 0x66, 0x29, 0x86, 0x31, 0x67, 0x29,
    0x66, 0x29, 0x66, 0x29, 0x86, 0x31, 0x67, 0x29, 0x66, 0x31, 0x87, 0x31,
    0x87, 0x31, 0x66, 0x29, 0x86, 0x31, 0x87, 0x31, 0x87, 0x31, 0x86, 0x29,
    0x87, 0x29, 0x86, 0x31, 0x87, 0x31, 0x66, 0x29, 0x66, 0x29, 0x66, 0x29,
    0x46, 0x29, 0x66, 0x29, 0x46, 0x29, 0x66, 0x29, 0x66, 0x29, 0x67, 0x31,
    0x66, 0x29, 0x66, 0x29, 0x66, 0x29, 0x66, 0x29, 0x67, 0x29, 0x66, 0x29,
    0x66, 0x29, 0x66, 0x29, 0x87, 0x31, 0x87, 0x31, 0x66, 0x29, 0x66, 0x29,
    0x66, 0x29, 0x66, 0x29, 0x66, 0x29, 0x66, 0x29, 0x66, 0x29, 0x87, 0x29,
    0x66, 0x29, 0x66, 0x29, 0x87, 0x31, 0x86, 0x29, 0x66, 0x29, 0x87, 0x31,
    0x66, 0x29, 0x66, 0x29, 0x66, 0x29, 0x66, 0x29, 0x66, 0x29, 0x66, 0x31,
    0x87, 0x31, 0x86, 0x29, 0x66, 0x29, 0x66, 0x29, 0x67, 0x29, 0x66, 0x29,
    0x66, 0x31, 0x67, 0x29, 0x87, 0x29, 0x66, 0x29, 0x66, 0x29, 0x66, 0x29,
    0x87, 0x31, 0x86, 0x29, 0x66, 0x29, 0x86, 0x31, 0x87, 0x29, 0x87, 0x31,
    0xc8, 0x39, 0xe8, 0x39, 0xe8, 0x39, 0xe8, 0x39, 0xe8, 0x39, 0xe8, 0x39,
    0xe8, 0x39, 0xe8, 0x39, 0xe8, 0x39, 0xe8, 0x39, 0xe8, 0x39, 0xc8, 0x39,
    0xe8, 0x39, 0xe8, 0x39, 0xe8, 0x39, 0xe8, 0x39, 0xe8, 0x39, 0xe8, 0x39,
    0xe8, 0x39, 0xc8, 0x39, 0xe8, 0x39, 0xe8, 0x39, 0xe8, 0x39, 0xe8, 0x39,
    0xe8, 0x39, 0xe8, 0x39, 0xe8, 0x39, 0xe8, 0x39, 0xe8, 0x39, 0xe8, 0x39,
    0x09, 0x42, 0xe8, 0x39, 0xe8, 0x39, 0xe8, 0x39, 0xe9, 0x39, 0x09, 0x42,
    0xe8, 0x39, 0xe8, 0x39, 0xe8, 0x39, 0x09, 0x42, 0xe8, 0x39, 0xe8, 0x39,
    0x09, 0x42, 0xe8, 0x39, 0x09, 0x42, 0x09, 0x42, 0x08, 0x3a, 0x09, 0x42,
    0xe8, 0x39, 0x09, 0x42, 0xe8, 0x39, 0xe8, 0x39, 0x09, 0x42, 0x09, 0x42,
    0x29, 0x42, 0x09, 0x3a, 0x08, 0x42, 0x08, 0x3a, 0x08, 0x3a, 0x29, 0x42,
    0x09, 0x42, 0x08, 0x3a, 0x08, 0x3a, 0x09, 0x42, 0x08, 0x42, 0x09, 0x42,
    0x29, 0x42, 0x29, 0x42, 0x09, 0x42, 0x29, 0x42, 0x29, 0x42, 0x09, 0x42,
    0x29, 0x42, 0x29, 0x42, 0x09, 0x42, 0x29, 0x42, 0x2a, 0x42, 0x29, 0x42,
    0x29, 0x42, 0x29, 0x42, 0x2a, 0x42, 0x09, 0x42, 0x29, 0x42, 0x29, 0x42,
    0x2a, 0x42, 0x29, 0x42, 0x29, 0x42, 0x29, 0x42, 0x09, 0x42, 0x29, 0x42,
    0x29, 0x42, 0x29, 0x4a, 0x29, 0x42, 0x2a, 0x42, 0x2a, 0x42, 0x29, 0x4a,
    0x29, 0x42, 0x29, 0x42, 0x2a, 0x4a, 0x2a, 0x42, 0x29, 0x42, 0x29, 0x42,
    0x05, 0x21, 0x05, 0x21, 0x05, 0x21, 0x05, 0x19, 0x05, 0x21, 0x05, 0x21,
    0x05, 0x21, 0x04, 0x19, 0x05, 0x21, 0x25, 0x21, 0x05, 0x21, 0x25, 0x21,
    0x05, 0x21, 0x04, 0x21, 0x25, 0x21, 0x25, 0x21, 0x05, 0x21, 0x25, 0x21,
    0x25, 0x21, 0x25, 0x21, 0x25, 0x21, 0x25, 0x21, 0x25, 0x21, 0x25, 0x21,
    0x46, 0x29, 0x46, 0x29, 0x66, 0x29, 0x66, 0x29, 0x45, 0x21, 0x46, 0x29,
    0x46, 0x29, 0x66, 0x29, 0x46, 0x29, 0x66, 0x29, 0x66, 0x29, 0x66, 0x29,
    0x66, 0x29, 0x46, 0x29, 0x66, 0x29, 0x66, 0x29, 0x66, 0x29, 0x66, 0x29,
    0x66, 0x29, 0x66, 0x29, 0x66, 0x29, 0x66, 0x29, 0x66, 0x29, 0x66, 0x29,
    0x66, 0x29, 0x67, 0x29, 0x46, 0x29, 0x66, 0x29, 0x66, 0x29, 0x67, 0x29,
    0x66, 0x29, 0x67, 0x31, 0x66, 0x29, 0x67, 0x29, 0x66, 0x31, 0x67, 0x31,
    0x66, 0x29, 0x66, 0x29, 0x87, 0x31, 0x86, 0x29, 0x66, 0x29, 0x66, 0x29,
    0x87, 0x29, 0x66, 0x31, 0x66, 0x29, 0x87, 0x29, 0x66, 0x29, 0x66, 0x29,
    0x66, 0x29, 0x66, 0x29, 0x87, 0x31, 0x66, 0x29, 0x86, 0x29, 0x67, 0x31,
    0x87, 0x31, 0x66, 0x29, 0x66, 0x29, 0x66, 0x29, 0x66, 0x29, 0x66, 0x29,
    0x66, 0x29, 0x66, 0x29, 0x66, 0x29, 0x66, 0x29, 0x66, 0x29, 0x66, 0x29,
    0x66, 0x31, 0x66, 0x29, 0x67, 0x31, 0x66, 0x29, 0x66, 0x29, 0x67, 0x31,
    0x66, 0x29, 0x87, 0x29, 0x86, 0x29, 0x66, 0x29, 0x66, 0x29, 0x87, 0x31,
    0x87, 0x31, 0x66, 0x29, 0x66, 0x29, 0x87, 0x31, 0x87, 0x31, 0x86, 0x31,
    0x66, 0x29, 0x86, 0x31, 0x66, 0x29, 0x66, 0x29, 0x66, 0x29, 0x87, 0x31,
    0x66, 0x29, 0x66, 0x31, 0x66, 0x29, 0x87, 0x31, 0x86, 0x29, 0x87, 0x29,
    0x66, 0x29, 0x87, 0x31, 0x66, 0x31, 0x87, 0x29, 0x87, 0x31, 0x66, 0x29,
    0x66, 0x29, 0x86, 0x31, 0x66, 0x29, 0x66, 0x29, 0x66, 0x29, 0x87, 0x31,
    0x86, 0x29, 0x66, 0x29, 0x87, 0x31, 0x66, 0x29, 0x86, 0x31, 0x87, 0x29,
    0xa7, 0x31, 0xe8, 0x39, 0xe8, 0x39, 0xe8, 0x39, 0xe8, 0x39, 0xc8, 0x39,
    0xe8, 0x39, 0xe8, 0x39, 0xe8, 0x39, 0xe8, 0x39, 0xe8, 0x39, 0xe8, 0x39,
    0xe8, 0x39, 0xc8, 0x39, 0xe8, 0x39, 0xe8, 0x39, 0xe8, 0x39, 0xc8, 0x31,
    0xe8, 0x39, 0xe8, 0x39, 0xe8, 0x39, 0xe8, 0x39, 0xc8, 0x39, 0xe8, 0x39,
    0xc8, 0x39, 0xe8, 0x39, 0xe8, 0x39, 0xe8, 0x39, 0xe8, 0x39, 0xe8, 0x39,
    0x09, 0x42, 0xe8, 0x39, 0xe8, 0x39, 0x09, 0x3a, 0xe8, 0x39, 0xe8, 0x39,
    0xe8, 0x39, 0xe8, 0x39, 0x09, 0x42, 0xe8, 0x39, 0x08, 0x3a, 0x09, 0x42,
    0xe8, 0x39, 0x08, 0x3a, 0x08, 0x42, 0x09, 0x42, 0x09, 0x42, 0xe8, 0x39,
    0xe8, 0x39, 0x09, 0x42, 0x09, 0x42, 0x08, 0x3a, 0x08, 0x3a, 0x08, 0x42,
    0x09, 0x42, 0x09, 0x3a, 0x09, 0x42, 0x09, 0x42, 0x09, 0x3a, 0x08, 0x42,
    0x09, 0x42, 0x08, 0x3a, 0x09, 0x42, 0x09, 0x42, 0x29, 0x42, 0x29, 0x42,
    0x09, 0x3a, 0x29, 0x42, 0x09, 0x42, 0x09, 0x42, 0x29, 0x42, 0x09, 0x42,
    0x29, 0x42, 0x09, 0x42, 0x29, 0x42, 0x29, 0x42, 0x29, 0x42, 0x09, 0x42,
    0x29, 0x42, 0x09, 0x42, 0x29, 0x42, 0x29, 0x42, 0x29, 0x42, 0x29, 0x42,
    0x09, 0x42, 0x29, 0x42, 0x09, 0x42, 0x29, 0x42, 0x29, 0x42, 0x29, 0x42,
    0x29, 0x42, 0x29, 0x42, 0x29, 0x42, 0x29, 0x42, 0x4a, 0x42, 0x2a, 0x42,
    0x29, 0x42, 0x4a, 0x4a, 0x29, 0x42, 0x29, 0x42, 0x2a, 0x42, 0x29, 0x4a,
    0x04, 0x21, 0x05, 0x19, 0x04, 0x19, 0x04, 0x21, 0x05, 0x21, 0x05, 0x21,
    0x04, 0x21, 0x05, 0x21, 0x05, 0x21, 0x05, 0x21, 0x05, 0x21, 0x25, 0x21,
    0x05, 0x19, 0x05, 0x19, 0x05, 0x21, 0x25, 0x21, 0x04, 0x19, 0x05, 0x21,
    0x25, 0x21, 0x05, 0x21, 0x25, 0x21, 0x25, 0x21, 0x25, 0x21, 0x25, 0x21,
    0x46, 0x29, 0x66, 0x29, 0x46, 0x29, 0x66, 0x29, 0x66, 0x29, 0x66, 0x29,
    0x66, 0x29, 0x46, 0x29, 0x66, 0x29, 0x66, 0x29, 0x66, 0x29, 0x46, 0x29,
    0x46, 0x29, 0x66, 0x29, 0x66, 0x29, 0x66, 0x29, 0x66, 0x29, 0x66, 0x29,
    0x66, 0x29, 0x66, 0x29, 0x66, 0x29, 0x66, 0x29, 0x46, 0x29, 0x66, 0x29,
    0x46, 0x29, 0x66, 0x29, 0x66, 0x29, 0x87, 0x31, 0x66, 0x29, 0x66, 0x29,
    0x66, 0x29, 0x66, 0x29, 0x66, 0x29, 0x66, 0x29, 0x66, 0x29, 0x66, 0x29,
    0x66, 0x29, 0x86, 0x31, 0x66, 0x29, 0x66, 0x29, 0x66, 0x29, 0x87, 0x31,
    0x66, 0x29, 0x66, 0x29, 0x66, 0x29, 0x87, 0x31, 0x87, 0x31, 0x86, 0x31,
    0x86, 0x29, 0x87, 0x31, 0x87, 0x29, 0x86, 0x29, 0x66, 0x31, 0x67, 0x31,
    0x86, 0x29, 0x87, 0x31, 0x66, 0x29, 0x66, 0x29, 0x66, 0x29, 0x66, 0x29,
    0x66, 0x29, 0x66, 0x29, 0x66, 0x29, 0x66, 0x29, 0x66, 0x29, 0x87, 0x31,
    0x66, 0x29, 0x66, 0x29, 0x66, 0x29, 0x87, 0x31, 0x66, 0x29, 0x66, 0x29,
    0x66, 0x31, 0x87, 0x31, 0x66, 0x29, 0x66, 0x29, 0x66, 0x29, 0x66, 0x29,
    0x87, 0x31, 0x87, 0x31, 0x66, 0x29, 0x87, 0x31, 0x66, 0x29, 0x66, 0x29,
    0x66, 0x29, 0x67, 0x29, 0x66, 0x29, 0x66, 0x31, 0x87, 0x31, 0x66, 0x29,
    0x66, 0x29, 0x66, 0x29, 0x87, 0x31, 0x66, 0x29, 0x66, 0x29, 0x66, 0x29,
    0x87, 0x31, 0x87, 0x31, 0x66, 0x29, 0x66, 0x29, 0x46, 0x29, 0x66, 0x29,
    0x87, 0x31, 0x66, 0x29, 0x87, 0x31, 0x87, 0x31, 0x66, 0x29, 0x87, 0x31,
    0x87, 0x31, 0x66, 0x29, 0x86, 0x29, 0x87, 0x31, 0x66, 0x29, 0x87, 0x31,
    0x87, 0x31, 0xe8, 0x39, 0xe8, 0x39, 0xe8, 0x39, 0xc8, 0x39, 0xe8, 0x39,
    0xe8, 0x39, 0xe8, 0x39, 0xe8, 0x39, 0xc8, 0x39, 0xe8, 0x39, 0xe8, 0x39,
    0xe8, 0x39, 0xe8, 0x39, 0xe8, 0x39, 0xe8, 0x39, 0xe8, 0x39, 0xe8, 0x39,
    0xe8, 0x39, 0xe8, 0x39, 0xc8, 0x39, 0xe8, 0x39, 0xc8, 0x39, 0xe8, 0x39,
    0xe8, 0x39, 0xe8, 0x39, 0xe8, 0x39, 0xe8, 0x39, 0xe8, 0x39, 0xe8, 0x39,
    0xe8, 0x39, 0xe8, 0x39, 0xe8, 0x39, 0xe8, 0x41, 0x08, 0x42, 0xe8, 0x39,
    0xe8, 0x39, 0x09, 0x42, 0x09, 0x42, 0xe8, 0x39, 0x09, 0x42, 0x09, 0x42,
    0xe8, 0x39, 0xe8, 0x39, 0x09, 0x42, 0xe8, 0x39, 0x08, 0x3a, 0x09, 0x42,
    0x09, 0x42, 0x08, 0x42, 0x08, 0x3a, 0x09, 0x3a, 0x09, 0x42, 0x09, 0x42,
    0x08, 0x3a, 0x08, 0x42, 0x09, 0x42, 0x09, 0x42, 0x09, 0x42, 0x09, 0x42,
    0x09, 0x42, 0x29, 0x42, 0x09, 0x42, 0x09, 0x42, 0x08, 0x3a, 0x08, 0x3a,
    0x09, 0x42, 0x09, 0x42, 0x29, 0x42, 0x29, 0x42, 0x09, 0x42, 0x29, 0x42,
    0x09, 0x3a, 0x29, 0x42, 0x29, 0x42, 0x09, 0x42, 0x29, 0x42, 0x29, 0x42,
    0x29, 0x42, 0x29, 0x42, 0x29, 0x42, 0x09, 0x42, 0x2a, 0x4a, 0x29, 0x42,
    0x09, 0x42, 0x29, 0x42, 0x29, 0x42, 0x2a, 0x42, 0x29, 0x42, 0x29, 0x42,
    0x2a, 0x42, 0x29, 0x42, 0x29, 0x42, 0x29, 0x42, 0x29, 0x4a, 0x29, 0x42,
    0x29, 0x42, 0x29, 0x42, 0x4a, 0x42, 0x29, 0x42, 0x29, 0x42, 0x4a, 0x4a,
    0xe4, 0x18, 0x05, 0x21, 0x05, 0x21, 0x04, 0x21, 0x25, 0x21, 0x04, 0x19,
    0x05, 0x21, 0x05, 0x19, 0x25, 0x21, 0x25, 0x21, 0x05, 0x21, 0x04, 0x21,
    0x25, 0x21, 0x05, 0x21, 0x25, 0x21, 0x25, 0x21, 0x25, 0x21, 0x05, 0x21,
    0x25, 0x21, 0x04, 0x19, 0x25, 0x21, 0x25, 0x21, 0x25, 0x21, 0x05, 0x21,
    0x45, 0x29, 0x66, 0x29, 0x46, 0x29, 0x66, 0x29, 0x66, 0x29, 0x46, 0x29,
    0x66, 0x29, 0x66, 0x29, 0x46, 0x29, 0x66, 0x29, 0x46, 0x29, 0x46, 0x29,
    0x66, 0x29, 0x66, 0x29, 0x66, 0x29, 0x66, 0x29, 0x66, 0x29, 0x66, 0x29,
    0x66, 0x29, 0x66, 0x29, 0x66, 0x29, 0x46, 0x29, 0x66, 0x29, 0x66, 0x29,
    0x66, 0x29, 0x66, 0x29, 0x66, 0x29, 0x66, 0x29, 0x66, 0x29, 0x66, 0x29,
    0x66, 0x29, 0x66, 0x31, 0x66, 0x29, 0x66, 0x29, 0x66, 0x29, 0x67, 0x31,
    0x67, 0x29, 0x86, 0x29, 0x66, 0x29, 0x67, 0x31, 0x66, 0x29, 0x66, 0x29,
    0x87, 0x31, 0x66, 0x31, 0x87, 0x31, 0x67, 0x29, 0x66, 0x29, 0x87, 0x31,
    0x67, 0x29, 0x86, 0x31, 0x87, 0x31, 0x66, 0x29, 0x87, 0x31, 0x86, 0x29,
    0x87, 0x31, 0x66, 0x29, 0x46, 0x29, 0x66, 0x29, 0x66, 0x29, 0x46, 0x29,
    0x66, 0x29, 0x66, 0x29, 0x66, 0x29, 0x66, 0x29, 0x67, 0x29, 0x66, 0x29,
    0x66, 0x29, 0x66, 0x29, 0x66, 0x29, 0x66, 0x29, 0x66, 0x29, 0x66, 0x29,
    0x66, 0x29, 0x66, 0x29, 0x67, 0x31, 0x87, 0x31, 0x66, 0x29, 0x87, 0x31,
    0x86, 0x29, 0x66, 0x29, 0x87, 0x31, 0x66, 0x29, 0x66, 0x29, 0x66, 0x29,
    0x87, 0x31, 0x66, 0x29, 0x66, 0x29, 0x87, 0x29, 0x87, 0x31, 0x66, 0x29,
    0x66, 0x29, 0x67, 0x29, 0x87, 0x31, 0x87, 0x31, 0x66, 0x29, 0x87, 0x31,
    0x87, 0x31, 0x86, 0x29, 0x66, 0x29, 0x86, 0x31, 0x66, 0x29, 0x66, 0x29,
    0x66, 0x29, 0x87, 0x29, 0x66, 0x29, 0x66, 0x29, 0x86, 0x29, 0x86, 0x29,
    0x67, 0x31, 0x87, 0x31, 0x66, 0x29, 0x87, 0x31, 0x87, 0x31, 0x86, 0x29,
    0x87, 0x31, 0xc7, 0x39, 0xe8, 0x39, 0x09, 0x3a, 0xe8, 0x39, 0xe8, 0x39,
    0xe8, 0x39, 0xe8, 0x39, 0xe8, 0x39, 0xe8, 0x39, 0xe8, 0x39, 0xe8, 0x39,
    0xe8, 0x39, 0xc8, 0x39, 0xe8, 0x39, 0xe8, 0x39, 0xc8, 0x39, 0xe8, 0x39,
    0xe8, 0x39, 0xc8, 0x39, 0xc8, 0x39, 0xe8, 0x39, 0xe8, 0x39, 0xe8, 0x39,
    0xe8, 0x39, 0xe8, 0x39, 0xe8, 0x39, 0xe9, 0x39, 0xe8, 0x41, 0xe8, 0x39,
    0xe8, 0x39, 0xe8, 0x39, 0xe9, 0x39, 0x09, 0x42, 0xe8, 0x39, 0x09, 0x42,
    0xe8, 0x39, 0xe8, 0x39, 0x09, 0x42, 0xe8, 0x39, 0xe8, 0x39, 0x09, 0x42,
    0x09, 0x42, 0x09, 0x42, 0x09, 0x3a, 0x09, 0x42, 0x08, 0x3a, 0x09, 0x42,
    0x08, 0x3a, 0x09, 0x42, 0x09, 0x42, 0x08, 0x3a, 0x09, 0x42, 0x08, 0x3a,
    0x09, 0x42, 0x09, 0x42, 0x08, 0x3a, 0x08, 0x3a, 0x09, 0x42, 0x09, 0x42,
    0x29, 0x42, 0x29, 0x42, 0x29, 0x42, 0x09, 0x42, 0x29, 0x42, 0x09, 0x42,
    0x29, 0x42, 0x29, 0x42, 0x09, 0x42, 0x29, 0x42, 0x29, 0x42, 0x29, 0x42,
    0x29, 0x42, 0x09, 0x42, 0x29, 0x42, 0x2a, 0x42, 0x09, 0x42, 0x29, 0x42,
    0x2a, 0x42, 0x09, 0x42, 0x29, 0x42, 0x2a, 0x42, 0x29, 0x42, 0x09, 0x42,
    0x29, 0x42, 0x2a, 0x42, 0x29, 0x42, 0x29, 0x42, 0x2a, 0x42, 0x29, 0x4a,
    0x29, 0x42, 0x2a, 0x42, 0x29, 0x42, 0x29, 0x42, 0x29, 0x42, 0x2a, 0x42,
    0x29, 0x42, 0x4a, 0x4a, 0x29, 0x42, 0x4a, 0x4a, 0x29, 0x42, 0x29, 0x42,
    0x05, 0x21, 0x04, 0x19, 0x05, 0x21, 0x05, 0x19, 0x05, 0x21, 0x04, 0x19,
    0x04, 0x19, 0x05, 0x21, 0x25, 0x21, 0x04, 0x19, 0x05, 0x21, 0x25, 0x21,
    0x04, 0x21, 0x25, 0x21, 0x25, 0x21, 0x04, 0x21, 0x25, 0x21, 0x25, 0x21,
    0x25, 0x21, 0x05, 0x21, 0x05, 0x21, 0x25, 0x21, 0x25, 0x21, 0x25, 0x21,
    0x45, 0x21, 0x66, 0x29, 0x46, 0x21, 0x46, 0x29, 0x66, 0x29, 0x46, 0x29,
    0x66, 0x29, 0x66, 0x29, 0x66, 0x29, 0x46, 0x29, 0x66, 0x29, 0x66, 0x29,
    0x66, 0x29, 0x66, 0x29, 0x66, 0x29, 0x66, 0x29, 0x46, 0x29, 0x66, 0x29,
    0x46, 0x29, 0x66, 0x29, 0x66, 0x29, 0x66, 0x29, 0x66, 0x31, 0x67, 0x31,
    0x66, 0x29, 0x66, 0x29, 0x66, 0x29, 0x66, 0x31, 0x66, 0x29, 0x67, 0x29,
    0x66, 0x29, 0x66, 0x29, 0x67, 0x31, 0x66, 0x29, 0x86, 0x29, 0x67, 0x31,
    0x66, 0x29, 0x66, 0x29, 0x66, 0x29, 0x66, 0x29, 0x66, 0x29, 0x66, 0x31,
    0x87, 0x29, 0x66, 0x29, 0x66, 0x29, 0x66, 0x29, 0x86, 0x31, 0x87, 0x29,
    0x66, 0x29, 0x86, 0x31, 0x67, 0x29, 0x86, 0x29, 0x86, 0x31, 0x66, 0x29,
    0x66, 0x29, 0x46, 0x29, 0x66, 0x29, 0x66, 0x29, 0x66, 0x29, 0x66, 0x29,
    0x66, 0x29, 0x66, 0x29, 0x67, 0x31, 0x66, 0x29, 0x66, 0x29, 0x66, 0x29,
    0x66, 0x29, 0x67, 0x29, 0x66, 0x29, 0x87, 0x31, 0x66, 0x29, 0x87, 0x31,
    0x66, 0x29, 0x86, 0x29, 0x86, 0x29, 0x66, 0x29, 0x66, 0x29, 0x66, 0x29,
    0x87, 0x31, 0x86, 0x29, 0x86, 0x29, 0x87, 0x31, 0x86, 0x29, 0x67, 0x29,
    0x66, 0x29, 0x87, 0x31, 0x86, 0x29, 0x66, 0x29, 0x66, 0x29, 0x66, 0x29,
    0x66, 0x29, 0x86, 0x31, 0x87, 0x29, 0x86, 0x31, 0x66, 0x29, 0x66, 0x29,
    0x86, 0x31, 0x87, 0x29, 0x87, 0x31, 0x66, 0x29, 0x66, 0x29, 0x66, 0x29,
    0x66, 0x29, 0x66, 0x31, 0x66, 0x29, 0x66, 0x29, 0x67, 0x31, 0x66, 0x29,
    0x86, 0x29, 0x66, 0x29, 0x86, 0x29, 0x87, 0x31, 0x87, 0x31, 0x86, 0x29,
    0x86, 0x29, 0x87, 0x31, 0xe8, 0x39, 0xe8, 0x39, 0xe8, 0x39, 0xe8, 0x39,
    0xe8, 0x39, 0xe9, 0x41, 0xe8, 0x39, 0xe8, 0x39, 0xe8, 0x39, 0xe8, 0x39,
    0xe8, 0x39, 0xe8, 0x39, 0xe8, 0x39, 0xe8, 0x39, 0xe8, 0x39, 0xe8, 0x39,
    0xc8, 0x39, 0xe8, 0x39, 0xe8, 0x39, 0xe8, 0x39, 0xe8, 0x39, 0xe8, 0x39,
    0xe8, 0x39, 0xc8, 0x39, 0xe8, 0x41, 0xe8, 0x39, 0xe8, 0x39, 0xe8, 0x39,
    0xe8, 0x39, 0xe8, 0x39, 0xe8, 0x39, 0xe8, 0x39, 0x09, 0x42, 0xe8, 0x39,
    0x08, 0x3a, 0xe8, 0x39, 0x09, 0x42, 0x09, 0x42, 0xe8, 0x39, 0x08, 0x3a,
    0x08, 0x3a, 0x09, 0x42, 0x08, 0x3a, 0x09, 0x42, 0x08, 0x42, 0x08, 0x3a,
    0x09, 0x3a, 0x09, 0x42, 0xe8, 0x39, 0x09, 0x42, 0x09, 0x42, 0x08, 0x42,
    0x09, 0x42, 0x09, 0x3a, 0x09, 0x42, 0x08, 0x42, 0x09, 0x3a, 0x29, 0x42,
    0x08, 0x3a, 0x09, 0x42, 0x09, 0x42, 0x08, 0x3a, 0x29, 0x42, 0x29, 0x42,
    0x09, 0x42, 0x09, 0x3a, 0x29, 0x42, 0x09, 0x3a, 0x29, 0x42, 0x29, 0x42,
    0x29, 0x42, 0x29, 0x42, 0x29, 0x42, 0x29, 0x42, 0x2a, 0x42, 0x29, 0x42,
    0x09, 0x42, 0x29, 0x42, 0x29, 0x42, 0x29, 0x42, 0x29, 0x42, 0x29, 0x42,
    0x29, 0x42, 0x29, 0x42, 0x29, 0x42, 0x29, 0x4a, 0x29, 0x42, 0x29, 0x42,
    0x2a, 0x4a, 0x29, 0x42, 0x2a, 0x42, 0x2a, 0x4a, 0x29, 0x42, 0x29, 0x42,
    0x29, 0x42, 0x29, 0x42, 0x29, 0x42, 0x2a, 0x42, 0x29, 0x42, 0x29, 0x42,
    0x04, 0x21, 0x05, 0x21, 0x04, 0x19, 0x05, 0x21, 0x05, 0x21, 0x05, 0x21,
    0x05, 0x21, 0x25, 0x21, 0x04, 0x21, 0x25, 0x21, 0x05, 0x19, 0x05, 0x21,
    0x05, 0x21, 0x05, 0x19, 0x05, 0x21, 0x25, 0x21, 0x25, 0x21, 0x05, 0x21,
    0x25, 0x21, 0x25, 0x21, 0x25, 0x21, 0x25, 0x21, 0x25, 0x21, 0x25, 0x21,
    0x25, 0x21, 0x45, 0x21, 0x66, 0x29, 0x46, 0x29, 0x66, 0x29, 0x46, 0x29,
    0x66, 0x29, 0x46, 0x29, 0x46, 0x29, 0x66, 0x29, 0x66, 0x29, 0x66, 0x29,
    0x66, 0x29, 0x66, 0x29, 0x66, 0x29, 0x46, 0x29, 0x66, 0x29, 0x66, 0x29,
    0x66, 0x29, 0x46, 0x29, 0x66, 0x31, 0x66, 0x29, 0x66, 0x29, 0x46, 0x29,
    0x66, 0x29, 0x66, 0x29, 0x67, 0x31, 0x66, 0x29, 0x66, 0x29, 0x87, 0x31,
    0x66, 0x29, 0x66, 0x29, 0x67, 0x31, 0x67, 0x29, 0x86, 0x31, 0x66, 0x29,
    0x67, 0x31, 0x86, 0x31, 0x67, 0x29, 0x87, 0x31, 0x87, 0x31, 0x66, 0x29,
    0x66, 0x29, 0x87, 0x31, 0x66, 0x29, 0x87, 0x31, 0x87, 0x31, 0x86, 0x29,
    0x66, 0x29, 0x87, 0x31, 0x87, 0x31, 0x87, 0x31, 0x67, 0x29, 0x66, 0x29,
    0x66, 0x29, 0x66, 0x29, 0x66, 0x29, 0x66, 0x29, 0x66, 0x29, 0x67, 0x29,
    0x66, 0x29, 0x66, 0x29, 0x66, 0x29, 0x66, 0x31, 0x66, 0x29, 0x87, 0x31,
    0x66, 0x31, 0x66, 0x29, 0x66, 0x29, 0x66, 0x29, 0x66, 0x29, 0x66, 0x29,
    0x87, 0x31, 0x66, 0x29, 0x66, 0x29, 0x66, 0x29, 0x87, 0x31, 0x66, 0x29,
    0x66, 0x29, 0x87, 0x31, 0x66, 0x29, 0x87, 0x31, 0x86, 0x29, 0x66, 0x29,
    0x86, 0x31, 0x87, 0x31, 0x66, 0x29, 0x86, 0x31, 0x87, 0x31, 0x87, 0x31,
    0x86, 0x29, 0x66, 0x29, 0x87, 0x31, 0x66, 0x29, 0x86, 0x29, 0x67, 0x29,
    0x66, 0x29, 0x86, 0x31, 0x67, 0x29, 0x87, 0x31, 0x66, 0x29, 0x66, 0x29,
    0x87, 0x31, 0x66, 0x29, 0x66, 0x29, 0x87, 0x31, 0x66, 0x29, 0x87, 0x31,
    0x87, 0x31, 0x86, 0x29, 0x66, 0x29, 0x87, 0x31, 0x86, 0x29, 0x87, 0x31,
    0x87, 0x31, 0x87, 0x31, 0xc8, 0x39, 0xe8, 0x39, 0xe8, 0x39, 0xe8, 0x39,
    0xe8, 0x39, 0xe8, 0x39, 0xe8, 0x39, 0xe8, 0x39, 0xe8, 0x39, 0xe8, 0x39,
    0xe8, 0x39, 0xe8, 0x39, 0xe8, 0x39, 0xe8, 0x39, 0xc8, 0x39, 0xe8, 0x39,
    0xe8, 0x39, 0xe8, 0x39, 0xe8, 0x39, 0xe8, 0x39, 0xe8, 0x39, 0xc8, 0x39,
    0xe8, 0x39, 0xe8, 0x39, 0xe8, 0x39, 0xe8, 0x39, 0xe8, 0x39, 0xe9, 0x39,
    0xe8, 0x41, 0xe8, 0x41, 0xe8, 0x39, 0xe8, 0x39, 0x09, 0x3a, 0xe8, 0x39,
    0xe8, 0x39, 0x09, 0x42, 0xe8, 0x39, 0xe8, 0x39, 0x09, 0x42, 0x08, 0x3a,
    0xe8, 0x39, 0x08, 0x42, 0xe8, 0x39, 0xe8, 0x39, 0x09, 0x42, 0x09, 0x3a,
    0x09, 0x42, 0x08, 0x3a, 0x08, 0x3a, 0x09, 0x42, 0x08, 0x3a, 0x08, 0x3a,
    0x09, 0x42, 0x09, 0x42, 0x29, 0x42, 0x09, 0x42, 0x08, 0x3a, 0x09, 0x42,
    0x09, 0x42, 0x09, 0x42, 0x09, 0x42, 0x09, 0x42, 0x09, 0x42, 0x09, 0x42,
    0x29, 0x42, 0x29, 0x42, 0x29, 0x42, 0x29, 0x42, 0x09, 0x42, 0x09, 0x42,
    0x29, 0x42, 0x09, 0x3a, 0x09, 0x42, 0x29, 0x42, 0x29, 0x42, 0x29, 0x42,
    0x29, 0x42, 0x29, 0x42, 0x29, 0x42, 0x29, 0x42, 0x2a, 0x42, 0x29, 0x42,
    0x09, 0x42, 0x29, 0x42, 0x29, 0x42, 0x2a, 0x42, 0x29, 0x42, 0x2a, 0x42,
    0x29, 0x42, 0x49, 0x4a, 0x29, 0x42, 0x2a, 0x42, 0x29, 0x42, 0x29, 0x42,
    0x4a, 0x4a, 0x29, 0x42, 0x2a, 0x42, 0x29, 0x42, 0x29, 0x42, 0x2a, 0x42,
    0x05, 0x21, 0x04, 0x19, 0x05, 0x21, 0x05, 0x21, 0x04, 0x19, 0x25, 0x21,
    0x04, 0x19, 0x05, 0x21, 0x25, 0x21, 0x04, 0x21, 0x25, 0x21, 0x05, 0x21,
    0x04, 0x19, 0x05, 0x21, 0x25, 0x21, 0x25, 0x21, 0x05, 0x21, 0x05, 0x21,
    0x25, 0x21, 0x25, 0x21, 0x25, 0x21, 0x05, 0x21, 0x25, 0x21, 0x25, 0x21,
    0x25, 0x21, 0x25, 0x21, 0x66, 0x29, 0x66, 0x29, 0x46, 0x29, 0x45, 0x29,
    0x66, 0x29, 0x66, 0x29, 0x46, 0x29, 0x66, 0x29, 0x66, 0x29, 0x66, 0x29,
    0x66, 0x29, 0x66, 0x29, 0x66, 0x29, 0x46, 0x29, 0x46, 0x29, 0x66, 0x29,
    0x67, 0x31, 0x66, 0x29, 0x66, 0x29, 0x67, 0x29, 0x66, 0x29, 0x66, 0x29,
    0x66, 0x29, 0x66, 0x29, 0x67, 0x29, 0x66, 0x29, 0x66, 0x29, 0x66, 0x31,
    0x87, 0x31, 0x66, 0x29, 0x66, 0x29, 0x87, 0x31, 0x86, 0x29, 0x87, 0x31,
    0x66, 0x29, 0x66, 0x29, 0x87, 0x31, 0x66, 0x29, 0x66, 0x29, 0x86, 0x31,
    0x67, 0x29, 0x87, 0x31, 0x86, 0x31, 0x87, 0x31, 0x87, 0x29, 0x86, 0x31,
    0x87, 0x31, 0x66, 0x29, 0x66, 0x29, 0x87, 0x31, 0x66, 0x29, 0x66, 0x29,
    0x66, 0x29, 0x66, 0x29, 0x46, 0x29, 0x66, 0x29, 0x66, 0x29, 0x46, 0x29,
    0x66, 0x29, 0x66, 0x29, 0x66, 0x29, 0x67, 0x29, 0x66, 0x29, 0x66, 0x29,
    0x66, 0x29, 0x66, 0x29, 0x66, 0x29, 0x66, 0x29, 0x66, 0x29, 0x87, 0x31,
    0x66, 0x29, 0x66, 0x29, 0x67, 0x31, 0x66, 0x29, 0x66, 0x29, 0x66, 0x29,
    0x87, 0x31, 0x87, 0x31, 0x66, 0x29, 0x66, 0x29, 0x66, 0x29, 0x67, 0x31,
    0x66, 0x29, 0x86, 0x29, 0x67, 0x29, 0x87, 0x31, 0x87, 0x29, 0x66, 0x29,
    0x66, 0x31, 0x66, 0x29, 0x87, 0x29, 0x66, 0x31, 0x86, 0x29, 0x66, 0x29,
    0x87, 0x31, 0x66, 0x29, 0x66, 0x29, 0x87, 0x31, 0x87, 0x31, 0x86, 0x29,
    0x66, 0x29, 0x67, 0x29, 0x66, 0x29, 0x66, 0x29, 0x86, 0x29, 0x87, 0x31,
    0x86, 0x29, 0x87, 0x31, 0x87, 0x31, 0x66, 0x29, 0x86, 0x29, 0x87, 0x31,
    0x86, 0x29, 0x87, 0x31, 0xa7, 0x31, 0x08, 0x3a, 0xe9, 0x41, 0xe8, 0x39,
    0x09, 0x42, 0xe8, 0x39, 0xe9, 0x41, 0xe8, 0x39, 0xe8, 0x39, 0xe9, 0x41,
    0xe8, 0x39, 0xe8, 0x39, 0xe8, 0x39, 0xe8, 0x39, 0xe8, 0x39, 0xe8, 0x39,
    0xe8, 0x39, 0xe8, 0x39, 0xe8, 0x39, 0x08, 0x3a, 0xc8, 0x39, 0xe8, 0x39,
    0xe8, 0x39, 0xe8, 0x39, 0xe9, 0x39, 0xe8, 0x39, 0x08, 0x42, 0x09, 0x42,
    0xe9, 0x39, 0xe8, 0x39, 0xe8, 0x39, 0x09, 0x42, 0x09, 0x42, 0xe8, 0x39,
    0xe8, 0x39, 0x08, 0x42, 0xe8, 0x39, 0x08, 0x3a, 0x09, 0x3a, 0x08, 0x42,
    0x09, 0x42, 0x09, 0x3a, 0x09, 0x42, 0x09, 0x42, 0xe8, 0x39, 0x09, 0x42,
    0x09, 0x42, 0x08, 0x42, 0x08, 0x3a, 0x09, 0x42, 0xe8, 0x39, 0x29, 0x42,
    0x09, 0x42, 0x09, 0x42, 0x08, 0x3a, 0x09, 0x42, 0x08, 0x42, 0x29, 0x3a,
    0x29, 0x42, 0x29, 0x42, 0x08, 0x3a, 0x08, 0x3a, 0x09, 0x42, 0x08, 0x3a,
    0x09, 0x42, 0x09, 0x42, 0x29, 0x42, 0x09, 0x42, 0x09, 0x42, 0x09, 0x42,
    0x09, 0x42, 0x29, 0x42, 0x29, 0x42, 0x29, 0x42, 0x2a, 0x42, 0x29, 0x42,
    0x29, 0x42, 0x09, 0x42, 0x29, 0x42, 0x2a, 0x42, 0x29, 0x42, 0x29, 0x42,
    0x2a, 0x4a, 0x29, 0x42, 0x29, 0x42, 0x29, 0x42, 0x2a, 0x4a, 0x29, 0x42,
    0x29, 0x42, 0x29, 0x42, 0x29, 0x42, 0x29, 0x42, 0x2a, 0x4a, 0x29, 0x42,
    0x4a, 0x4a, 0x29, 0x42, 0x29, 0x42, 0x4a, 0x4a, 0x29, 0x4a, 0x4a, 0x42,
    0x05, 0x21, 0x04, 0x19, 0x25, 0x21, 0x04, 0x19, 0x05, 0x21, 0x04, 0x19,
    0x05, 0x21, 0x05, 0x21, 0x05, 0x21, 0x05, 0x19, 0x25, 0x21, 0x25, 0x21,
    0x25, 0x21, 0x25, 0x21, 0x04, 0x21, 0x25, 0x21, 0x25, 0x21, 0x25, 0x21,
    0x25, 0x21, 0x25, 0x21, 0x25, 0x21, 0x25, 0x21, 0x25, 0x21, 0x25, 0x21,
    0x25, 0x21, 0x25, 0x29, 0x66, 0x29, 0x46, 0x29, 0x66, 0x29, 0x66, 0x29,
    0x46, 0x29, 0x66, 0x29, 0x66, 0x29, 0x46, 0x29, 0x66, 0x29, 0x66, 0x29,
    0x66, 0x29, 0x66, 0x29, 0x66, 0x29, 0x66, 0x29, 0x66, 0x29, 0x66, 0x29,
    0x66, 0x29, 0x66, 0x29, 0x66, 0x29, 0x67, 0x31, 0x66, 0x29, 0x66, 0x29,
    0x66, 0x29, 0x66, 0x29, 0x66, 0x31, 0x66, 0x29, 0x66, 0x29, 0x66, 0x29,
    0x66, 0x29, 0x67, 0x31, 0x86, 0x29, 0x66, 0x29, 0x66, 0x29, 0x66, 0x29,
    0x87, 0x31, 0x66, 0x29, 0x66, 0x29, 0x86, 0x29, 0x66, 0x29, 0x66, 0x31,
    0x67, 0x29, 0x86, 0x29, 0x66, 0x29, 0x86, 0x29, 0x87, 0x31, 0x66, 0x29,
    0x87, 0x31, 0x66, 0x29, 0x86, 0x31, 0x66, 0x29, 0x46, 0x29, 0x66, 0x29,
    0x66, 0x29, 0x66, 0x29, 0x46, 0x29, 0x66, 0x29, 0x66, 0x29, 0x66, 0x31,
    0x67, 0x29, 0x66, 0x29, 0x66, 0x29, 0x66, 0x31, 0x66, 0x29, 0x87, 0x29,
    0x66, 0x29, 0x66, 0x31, 0x66, 0x29, 0x66, 0x29, 0x87, 0x31, 0x66, 0x29,
    0x66, 0x29, 0x66, 0x29, 0x66, 0x29, 0x66, 0x29, 0x87, 0x31, 0x87, 0x29,
    0x86, 0x29, 0x66, 0x31, 0x86, 0x29, 0x66, 0x29, 0x87, 0x31, 0x86, 0x29,
    0x87, 0x31, 0x87, 0x31, 0x66, 0x29, 0x66, 0x29, 0x66, 0x29, 0x87, 0x31,
    0x87, 0x31, 0x86, 0x29, 0x87, 0x31, 0x67, 0x29, 0x86, 0x31, 0x66, 0x29,
    0x87, 0x31, 0x66, 0x29, 0x86, 0x29, 0x66, 0x29, 0x86, 0x29, 0x87, 0x31,
    0x66, 0x29, 0x86, 0x31, 0x66, 0x29, 0x87, 0x31, 0x87, 0x31, 0x87, 0x31,
    0x66, 0x29, 0x66, 0x29, 0x66, 0x29, 0x87, 0x31, 0x87, 0x31, 0x66, 0x29,
    0x86, 0x29, 0x87, 0x31, 0x87, 0x31, 0xc8, 0x39, 0xe8, 0x39, 0xe8, 0x39,
    0xe8, 0x39, 0xe8, 0x39, 0xe8, 0x39, 0xe8, 0x39, 0xe8, 0x39, 0x09, 0x42,
    0xe8, 0x39, 0xe8, 0x39, 0xe8, 0x39, 0xe8, 0x39, 0xe8, 0x39, 0xe8, 0x39,
    0xe8, 0x39, 0xe8, 0x39, 0xe8, 0x39, 0xe8, 0x39, 0xe8, 0x39, 0xe8, 0x39,
    0xe8, 0x39, 0xe8, 0x39, 0xe8, 0x39, 0xe8, 0x39, 0xe8, 0x39, 0xe8, 0x39,
    0xe8, 0x39, 0xe8, 0x39, 0x09, 0x3a, 0x08, 0x42, 0xe8, 0x39, 0xe9, 0x39,
    0x08, 0x42, 0xe8, 0x39, 0xe8, 0x39, 0x09, 0x42, 0xe8, 0x39, 0xe8, 0x39,
    0xe8, 0x39, 0xe8, 0x39, 0x08, 0x3a, 0x09, 0x42, 0x08, 0x42, 0x09, 0x42,
    0x08, 0x3a, 0x09, 0x3a, 0x09, 0x42, 0x09, 0x42, 0x09, 0x42, 0x09, 0x42,
    0x09, 0x42, 0x08, 0x3a, 0x09, 0x3a, 0x09, 0x42, 0x09, 0x42, 0x08, 0x3a,
    0x08, 0x42, 0x09, 0x42, 0x29, 0x42, 0x29, 0x42, 0x29, 0x42, 0x29, 0x42,
    0x29, 0x42, 0x09, 0x42, 0x29, 0x42, 0x29, 0x42, 0x29, 0x42, 0x29, 0x42,
    0x09, 0x42, 0x09, 0x42, 0x29, 0x42, 0x09, 0x42, 0x2a, 0x42, 0x09, 0x42,
    0x09, 0x42, 0x29, 0x42, 0x2a, 0x42, 0x29, 0x42, 0x29, 0x42, 0x29, 0x42,
    0x29, 0x42, 0x2a, 0x42, 0x2a, 0x42, 0x4a, 0x4a, 0x29, 0x42, 0x29, 0x42,
    0x2a, 0x42, 0x2a, 0x42, 0x29, 0x42, 0x29, 0x42, 0x29, 0x42, 0x29, 0x42,
    0x2a, 0x42, 0x29, 0x42, 0x29, 0x42, 0x29, 0x42, 0x4a, 0x4a, 0x29, 0x42,
    0x05, 0x21, 0x05, 0x21, 0x04, 0x19, 0x05, 0x21, 0x05, 0x21, 0x05, 0x21,
    0x04, 0x19, 0x05, 0x21, 0x05, 0x21, 0x25, 0x21, 0x05, 0x21, 0x05, 0x21,
    0x25, 0x21, 0x25, 0x21, 0x25, 0x21, 0x05, 0x21, 0x05, 0x21, 0x25, 0x21,
    0x25, 0x21, 0x05, 0x21, 0x25, 0x21, 0x25, 0x21, 0x25, 0x21, 0x25, 0x21,
    0x25, 0x21, 0x25, 0x21, 0x46, 0x29, 0x66, 0x29, 0x46, 0x29, 0x66, 0x29,
    0x66, 0x29, 0x66, 0x29, 0x46, 0x29, 0x46, 0x29, 0x66, 0x29, 0x66, 0x29,
    0x46, 0x29, 0x66, 0x29, 0x46, 0x29, 0x66, 0x29, 0x66, 0x29, 0x66, 0x31,
    0x46, 0x29, 0x46, 0x29, 0x66, 0x29, 0x66, 0x29, 0x46, 0x29, 0x66, 0x29,
    0x66, 0x29, 0x67, 0x31, 0x66, 0x29, 0x66, 0x29, 0x67, 0x31, 0x66, 0x29,
    0x66, 0x29, 0x66, 0x29, 0x66, 0x29, 0x67, 0x31, 0x66, 0x29, 0x66, 0x29,
    0x66, 0x29, 0x87, 0x31, 0x66, 0x29, 0x66, 0x29, 0x87, 0x31, 0x66, 0x29,
    0x87, 0x31, 0x87, 0x31, 0x86, 0x29, 0x66, 0x29, 0x87, 0x31, 0x66, 0x29,
    0x66, 0x29, 0x87, 0x31, 0x66, 0x29, 0x66, 0x29, 0x66, 0x29, 0x66, 0x29,
    0x66, 0x29, 0x66, 0x29, 0x46, 0x29, 0x66, 0x29, 0x66, 0x29, 0x66, 0x29,
    0x66, 0x29, 0x66, 0x29, 0x66, 0x29, 0x66, 0x29, 0x66, 0x29, 0x66, 0x29,
    0x66, 0x29, 0x67, 0x29, 0x86, 0x31, 0x87, 0x31, 0x87, 0x29, 0x66, 0x29,
    0x66, 0x31, 0x87, 0x29, 0x87, 0x31, 0x86, 0x31, 0x66, 0x29, 0x87, 0x31,
    0x66, 0x29, 0x86, 0x29, 0x87, 0x31, 0x87, 0x31, 0x66, 0x29, 0x86, 0x29,
    0x66, 0x29, 0x87, 0x31, 0x86, 0x31, 0x86, 0x29, 0x87, 0x31, 0x87, 0x31,
    0x66, 0x29, 0x66, 0x29, 0x86, 0x29, 0x87, 0x31, 0x87, 0x31, 0x87, 0x31,
    0x87, 0x29, 0x87, 0x31, 0x87, 0x31, 0x86, 0x31, 0x87, 0x29, 0x87, 0x31,
    0x87, 0x31, 0x66, 0x29, 0x86, 0x29, 0x66, 0x29, 0x87, 0x31, 0x86, 0x31,
    0x66, 0x29, 0x87, 0x29, 0x66, 0x29, 0x87, 0x31, 0x86, 0x31, 0x87, 0x29,
    0x87, 0x31, 0x86, 0x29, 0x87, 0x31, 0xa7, 0x31, 0x08, 0x3a, 0xe8, 0x39,
    0xe8, 0x39, 0xe8, 0x39, 0x09, 0x42, 0xe8, 0x39, 0xe8, 0x39, 0xe8, 0x39,
    0xe8, 0x39, 0xe9, 0x41, 0xe8, 0x39, 0xe8, 0x39, 0xe9, 0x41, 0xe8, 0x39,
    0x09, 0x42, 0xe8, 0x39, 0xe8, 0x39, 0xe9, 0x41, 0xe8, 0x39, 0xe8, 0x39,
    0xe8, 0x39, 0xe8, 0x39, 0xe8, 0x39, 0xe8, 0x39, 0xe8, 0x39, 0xe8, 0x39,
    0xe8, 0x39, 0xe8, 0x39, 0xe8, 0x39, 0xe8, 0x39, 0xe8, 0x39, 0xe8, 0x39,
    0xe8, 0x39, 0xe9, 0x39, 0xe9, 0x39, 0xe8, 0x39, 0xe8, 0x41, 0x09, 0x42,
    0x09, 0x3a, 0xe8, 0x41, 0x09, 0x42, 0xe8, 0x39, 0x09, 0x3a, 0x08, 0x3a,
    0x08, 0x42, 0x09, 0x42, 0xe8, 0x39, 0x08, 0x3a, 0x08, 0x3a, 0x09, 0x42,
    0x08, 0x3a, 0x09, 0x42, 0x08, 0x42, 0x29, 0x42, 0x08, 0x3a, 0x09, 0x42,
    0x08, 0x3a, 0x09, 0x42, 0x09, 0x42, 0x09, 0x42, 0x09, 0x42, 0x29, 0x42,
    0x09, 0x42, 0x29, 0x42, 0x09, 0x3a, 0x09, 0x42, 0x29, 0x42, 0x29, 0x42,
    0x09, 0x42, 0x29, 0x42, 0x09, 0x42, 0x29, 0x42, 0x29, 0x42, 0x29, 0x42,
    0x29, 0x42, 0x09, 0x42, 0x29, 0x42, 0x29, 0x42, 0x29, 0x42, 0x2a, 0x42,
    0x29, 0x42, 0x29, 0x42, 0x29, 0x4a, 0x29, 0x42, 0x29, 0x42, 0x29, 0x42,
    0x29, 0x42, 0x2a, 0x4a, 0x29, 0x42, 0x29, 0x42, 0x2a, 0x42, 0x29, 0x4a,
    0x29, 0x42, 0x2a, 0x42, 0x4a, 0x4a, 0x2a, 0x42, 0x29, 0x42, 0x29, 0x42,
    0x04, 0x19, 0x05, 0x21, 0x04, 0x19, 0x05, 0x21, 0x05, 0x21, 0x04, 0x19,
    0x04, 0x19, 0x04, 0x19, 0x05, 0x21, 0x05, 0x21, 0x25, 0x21, 0x25, 0x21,
    0x25, 0x21, 0x25, 0x21, 0x05, 0x21, 0x05, 0x21, 0x25, 0x21, 0x25, 0x21,
    0x25, 0x21, 0x25, 0x21, 0x25, 0x21, 0x05, 0x21, 0x25, 0x21, 0x25, 0x29,
    0x25, 0x21, 0x26, 0x21, 0x25, 0x21, 0x66, 0x29, 0x46, 0x29, 0x66, 0x29,
    0x66, 0x29, 0x46, 0x29, 0x66, 0x29, 0x66, 0x29, 0x66, 0x29, 0x66, 0x29,
    0x66, 0x29, 0x66, 0x29, 0x66, 0x31, 0x66, 0x29, 0x46, 0x29, 0x66, 0x29,
    0x66, 0x29, 0x46, 0x29, 0x67, 0x29, 0x66, 0x29, 0x66, 0x29, 0x67, 0x31,
    0x66, 0x29, 0x66, 0x29, 0x66, 0x29, 0x66, 0x29, 0x66, 0x29, 0x66, 0x29,
    0x87, 0x31, 0x66, 0x29, 0x66, 0x29, 0x87, 0x31, 0x87, 0x29, 0x66, 0x29,
    0x86, 0x31, 0x86, 0x31, 0x67, 0x29, 0x66, 0x29, 0x87, 0x31, 0x87, 0x31,
    0x66, 0x29, 0x86, 0x29, 0x67, 0x31, 0x87, 0x31, 0x66, 0x29, 0x87, 0x31,
    0x87, 0x31, 0x66, 0x29, 0x46, 0x29, 0x46, 0x29, 0x66, 0x29, 0x66, 0x29,
    0x66, 0x29, 0x66, 0x29, 0x66, 0x29, 0x66, 0x29, 0x67, 0x29, 0x66, 0x29,
    0x66, 0x29, 0x66, 0x29, 0x67, 0x31, 0x66, 0x29, 0x66, 0x29, 0x67, 0x31,
    0x87, 0x31, 0x66, 0x29, 0x66, 0x29, 0x66, 0x29, 0x66, 0x29, 0x87, 0x31,
    0x87, 0x31, 0x66, 0x29, 0x66, 0x29, 0x87, 0x31, 0x87, 0x29, 0x66, 0x29,
    0x66, 0x31, 0x87, 0x29, 0x87, 0x31, 0x66, 0x29, 0x66, 0x29, 0x66, 0x29,
    0x87, 0x31, 0x66, 0x29, 0x86, 0x29, 0x66, 0x29, 0x66, 0x29, 0x87, 0x31,
    0x86, 0x29, 0x87, 0x31, 0x87, 0x31, 0x86, 0x29, 0x86, 0x29, 0x66, 0x29,
    0x87, 0x31, 0x87, 0x31, 0x66, 0x29, 0x87, 0x31, 0x87, 0x31, 0x66, 0x29,
    0x87, 0x31, 0x66, 0x29, 0x66, 0x29, 0x87, 0x31, 0x86, 0x29, 0x87, 0x29,
    0x86, 0x31, 0x66, 0x29, 0x86, 0x29, 0x87, 0x31, 0x86, 0x29, 0x86, 0x31,
    0x87, 0x31, 0x87, 0x31, 0x86, 0x29, 0x87, 0x31, 0xe8, 0x39, 0xe9, 0x41,
    0xe8, 0x39, 0xe8, 0x39, 0xe8, 0x39, 0xe8, 0x39, 0xe8, 0x39, 0xe8, 0x39,
    0xe8, 0x39, 0xe8, 0x39, 0xe8, 0x39, 0xe8, 0x39, 0xe8, 0x39, 0xe8, 0x39,
    0xe8, 0x39, 0xe8, 0x39, 0xe8, 0x39, 0xe8, 0x39, 0xe8, 0x41, 0xe8, 0x39,
    0xe8, 0x39, 0xe8, 0x39, 0xe8, 0x39, 0xe8, 0x39, 0xe8, 0x39, 0x09, 0x42,
    0xe8, 0x39, 0xe8, 0x39, 0xe8, 0x39, 0xe9, 0x41, 0xe8, 0x39, 0xe8, 0x39,
    0xe8, 0x39, 0x08, 0x42, 0xe8, 0x39, 0x09, 0x42, 0x09, 0x42, 0x09, 0x42,
    0x08, 0x3a, 0x09, 0x42, 0x09, 0x42, 0x09, 0x42, 0x08, 0x3a, 0x09, 0x42,
    0x09, 0x42, 0x09, 0x42, 0xe8, 0x39, 0x08, 0x42, 0x09, 0x42, 0x09, 0x3a,
    0x29, 0x42, 0x09, 0x42, 0x29, 0x42, 0x08, 0x3a, 0x09, 0x42, 0x29, 0x42,
    0x29, 0x42, 0x09, 0x3a, 0x29, 0x42, 0x08, 0x42, 0x09, 0x42, 0x09, 0x3a,
    0x29, 0x42, 0x29, 0x42, 0x29, 0x42, 0x29, 0x42, 0x09, 0x42, 0x29, 0x42,
    0x09, 0x3a, 0x29, 0x42, 0x29, 0x42, 0x29, 0x42, 0x29, 0x42, 0x2a, 0x42,
    0x29, 0x42, 0x2a, 0x42, 0x2a, 0x4a, 0x29, 0x42, 0x09, 0x42, 0x29, 0x42,
    0x2a, 0x4a, 0x29, 0x42, 0x4a, 0x42, 0x29, 0x42, 0x2a, 0x42, 0x29, 0x4a,
    0x29, 0x42, 0x29, 0x42, 0x2a, 0x4a, 0x29, 0x42, 0x2a, 0x42, 0x49, 0x42,
    0x29, 0x42, 0x4a, 0x4a, 0x29, 0x42, 0x29, 0x42, 0x4a, 0x4a, 0x29, 0x42,
    0x05, 0x21, 0x05, 0x21, 0x05, 0x21, 0x05, 0x21, 0x04, 0x21, 0x25, 0x21,
    0x25, 0x21, 0x25, 0x21, 0x05, 0x21, 0x25, 0x21, 0x25, 0x21, 0x04, 0x19,
    0x25, 0x21, 0x05, 0x21, 0x25, 0x21, 0x25, 0x21, 0x25, 0x21, 0x25, 0x21,
    0x25, 0x21, 0x25, 0x21, 0x25, 0x21, 0x25, 0x21, 0x25, 0x21, 0x26, 0x21,
    0x25, 0x21, 0x25, 0x21, 0x25, 0x21, 0x66, 0x29, 0x66, 0x29, 0x66, 0x29,
    0x66, 0x29, 0x66, 0x29, 0x86, 0x29, 0x66, 0x29, 0x66, 0x29, 0x46, 0x29,
    0x66, 0x29, 0x66, 0x29, 0x46, 0x29, 0x66, 0x29, 0x66, 0x29, 0x46, 0x29,
    0x67, 0x31, 0x66, 0x29, 0x66, 0x29, 0x66, 0x29, 0x66, 0x29, 0x66, 0x31,
    0x66, 0x29, 0x66, 0x29, 0x87, 0x31, 0x66, 0x29, 0x66, 0x29, 0x66, 0x29,
    0x66, 0x29, 0x66, 0x29, 0x66, 0x31, 0x66, 0x29, 0x66, 0x29, 0x66, 0x29,
    0x66, 0x29, 0x67, 0x31, 0x87, 0x29, 0x66, 0x29, 0x86, 0x31, 0x66, 0x29,
    0x87, 0x31, 0x86, 0x29, 0x66, 0x29, 0x87, 0x31, 0x86, 0x31, 0x86, 0x29,
    0x66, 0x29, 0x66, 0x29, 0x66, 0x29, 0x66, 0x29, 0x46, 0x29, 0x46, 0x29,
    0x66, 0x29, 0x66, 0x29, 0x66, 0x29, 0x66, 0x29, 0x66, 0x31, 0x66, 0x29,
    0x66, 0x29, 0x67, 0x31, 0x66, 0x29, 0x66, 0x29, 0x66, 0x29, 0x66, 0x29,
    0x66, 0x29, 0x66, 0x29, 0x87, 0x31, 0x86, 0x29, 0x87, 0x31, 0x66, 0x29,
    0x66, 0x29, 0x86, 0x29, 0x87, 0x31, 0x86, 0x29, 0x66, 0x29, 0x87, 0x31,
    0x87, 0x31, 0x86, 0x29, 0x66, 0x29, 0x87, 0x31, 0x87, 0x31, 0x87, 0x31,
    0x87, 0x31, 0x86, 0x29, 0x67, 0x29, 0x87, 0x31, 0x66, 0x29, 0x86, 0x29,
    0x87, 0x31, 0x66, 0x29, 0x86, 0x29, 0x87, 0x31, 0x66, 0x29, 0x86, 0x29,
    0x86, 0x31, 0x87, 0x29, 0x87, 0x31, 0x86, 0x29, 0x86, 0x31, 0x66, 0x29,
    0x87, 0x29, 0x87, 0x31, 0x87, 0x31, 0x66, 0x29, 0x66, 0x29, 0x66, 0x29,
    0x87, 0x31, 0x87, 0x31, 0x87, 0x31, 0x87, 0x31, 0x66, 0x29, 0x87, 0x31,
    0x87, 0x29, 0x87, 0x31, 0x87, 0x31, 0x87, 0x31, 0xc8, 0x39, 0xe8, 0x39,
    0xe8, 0x39, 0x09, 0x42, 0xe8, 0x39, 0xe8, 0x39, 0xe9, 0x41, 0xe8, 0x39,
    0x09, 0x42, 0xe8, 0x39, 0xe8, 0x39, 0x09, 0x42, 0xe8, 0x39, 0xe8, 0x39,
    0xe8, 0x39, 0x09, 0x42, 0xe8, 0x39, 0xe8, 0x39, 0xe9, 0x39, 0xe9, 0x39,
    0xe8, 0x39, 0xe8, 0x39, 0xe9, 0x41, 0xe8, 0x39, 0xe8, 0x39, 0xe9, 0x39,
    0xe8, 0x39, 0xe8, 0x41, 0xe9, 0x39, 0xe8, 0x39, 0x09, 0x42, 0xe8, 0x39,
    0xe8, 0x39, 0xe8, 0x39, 0xe8, 0x39, 0x08, 0x3a, 0xe8, 0x39, 0x08, 0x3a,
    0xe8, 0x39, 0x09, 0x42, 0x08, 0x3a, 0x09, 0x42, 0x08, 0x3a, 0x08, 0x3a,
    0x09, 0x42, 0x08, 0x3a, 0x09, 0x3a, 0x09, 0x42, 0x09, 0x42, 0x29, 0x42,
    0x08, 0x3a, 0x09, 0x42, 0x09, 0x42, 0x09, 0x3a, 0x09, 0x42, 0x09, 0x42,
    0x09, 0x42, 0x09, 0x42, 0x29, 0x42, 0x29, 0x42, 0x08, 0x3a, 0x09, 0x42,
    0x09, 0x42, 0x29, 0x42, 0x09, 0x42, 0x29, 0x42, 0x09, 0x42, 0x09, 0x42,
    0x29, 0x42, 0x29, 0x42, 0x09, 0x42, 0x29, 0x42, 0x29, 0x42, 0x29, 0x42,
    0x29, 0x42, 0x29, 0x42, 0x29, 0x42, 0x29, 0x42, 0x29, 0x42, 0x29, 0x42,
    0x29, 0x42, 0x2a, 0x42, 0x29, 0x42, 0x29, 0x42, 0x2a, 0x42, 0x29, 0x42,
    0x2a, 0x42, 0x4a, 0x42, 0x29, 0x42, 0x29, 0x42, 0x29, 0x42, 0x2a, 0x42,
    0x4a, 0x4a, 0x29, 0x42, 0x49, 0x42, 0x2a, 0x4a, 0x4a, 0x42, 0x4a, 0x4a,
    0x05, 0x21, 0x04, 0x19, 0x05, 0x21, 0x04, 0x19, 0x05, 0x21, 0x25, 0x21,
    0x05, 0x21, 0x05, 0x21, 0x25, 0x21, 0x05, 0x21, 0x05, 0x21, 0x25, 0x21,
    0x25, 0x21, 0x25, 0x21, 0x25, 0x21, 0x25, 0x21, 0x25, 0x21, 0x05, 0x21,
    0x25, 0x21, 0x25, 0x21, 0x25, 0x21, 0x25, 0x21, 0x25, 0x21, 0x25, 0x21,
    0x25, 0x29, 0x45, 0x21, 0x46, 0x29, 0x25, 0x29, 0x66, 0x29, 0x66, 0x29,
    0x66, 0x29, 0x66, 0x29, 0x66, 0x29, 0x66, 0x29, 0x66, 0x29, 0x66, 0x29,
    0x66, 0x29, 0x66, 0x31, 0x66, 0x29, 0x67, 0x31, 0x66, 0x29, 0x66, 0x29,
    0x66, 0x29, 0x66, 0x31, 0x66, 0x29, 0x66, 0x29, 0x66, 0x29, 0x87, 0x31,
    0x66, 0x29, 0x66, 0x29, 0x66, 0x31, 0x67, 0x29, 0x66, 0x29, 0x67, 0x31,
    0x87, 0x31, 0x66, 0x29, 0x66, 0x29, 0x66, 0x29, 0x66, 0x29, 0x87, 0x31,
    0x66, 0x29, 0x66, 0x29, 0x66, 0x31, 0x87, 0x29, 0x87, 0x31, 0x87, 0x31,
    0x66, 0x29, 0x66, 0x29, 0x86, 0x29, 0x67, 0x29, 0x87, 0x31, 0x66, 0x29,
    0x46, 0x29, 0x66, 0x29, 0x46, 0x29, 0x66, 0x29, 0x66, 0x29, 0x66, 0x29,
    0x66, 0x29, 0x67, 0x29, 0x46, 0x29, 0x66, 0x29, 0x66, 0x29, 0x67, 0x29,
    0x66, 0x29, 0x66, 0x29, 0x86, 0x29, 0x66, 0x29, 0x66, 0x29, 0x66, 0x29,
    0x66, 0x29, 0x66, 0x29, 0x66, 0x29, 0x67, 0x31, 0x86, 0x29, 0x66, 0x29,
    0x66, 0x29, 0x67, 0x31, 0x87, 0x31, 0x86, 0x29, 0x86, 0x31, 0x87, 0x31,
    0x66, 0x29, 0x66, 0x29, 0x86, 0x29, 0x87, 0x31, 0x66, 0x29, 0x86, 0x29,
    0x87, 0x31, 0x66, 0x29, 0x87, 0x31, 0x87, 0x31, 0x86, 0x31, 0x87, 0x29,
    0x66, 0x29, 0x66, 0x29, 0x67, 0x31, 0x87, 0x31, 0x66, 0x29, 0x87, 0x31,
    0x87, 0x31, 0x86, 0x29, 0x87, 0x31, 0x86, 0x29, 0x87, 0x29, 0x86, 0x31,
    0x87, 0x31, 0x87, 0x31, 0x86, 0x31, 0x87, 0x29, 0x66, 0x29, 0x66, 0x31,
    0x87, 0x29, 0x66, 0x29, 0x87, 0x31, 0x66, 0x29, 0x66, 0x29, 0x87, 0x31,
    0x86, 0x29, 0x87, 0x31, 0x87, 0x31, 0xa7, 0x31, 0x87, 0x31, 0xe8, 0x39,
    0x08, 0x3a, 0xe9, 0x39, 0xe8, 0x41, 0x09, 0x3a, 0xe8, 0x39, 0xe8, 0x39,
    0xe8, 0x39, 0xe9, 0x41, 0xe8, 0x39, 0xe8, 0x39, 0xe8, 0x39, 0xe8, 0x39,
    0xe8, 0x39, 0xe8, 0x39, 0xe8, 0x39, 0xe8, 0x39, 0xe8, 0x39, 0xe8, 0x39,
    0xe8, 0x39, 0xe8, 0x39, 0xe8, 0x39, 0xe8, 0x39, 0xe8, 0x39, 0xe8, 0x39,
    0x09, 0x42, 0xe8, 0x39, 0xe8, 0x39, 0x08, 0x42, 0x09, 0x3a, 0xe8, 0x39,
    0xe9, 0x41, 0xe8, 0x39, 0xe8, 0x39, 0xe8, 0x39, 0x09, 0x42, 0xe8, 0x39,
    0x09, 0x42, 0xe8, 0x39, 0x08, 0x3a, 0xe8, 0x39, 0xe8, 0x39, 0x09, 0x42,
    0x08, 0x42, 0xe8, 0x39, 0x09, 0x42, 0x09, 0x42, 0x08, 0x3a, 0x08, 0x3a,
    0x09, 0x42, 0x08, 0x42, 0x09, 0x42, 0x09, 0x42, 0x08, 0x42, 0x08, 0x3a,
    0x09, 0x42, 0x09, 0x42, 0x08, 0x3a, 0x29, 0x42, 0x29, 0x42, 0x09, 0x42,
    0x29, 0x42, 0x29, 0x42, 0x29, 0x42, 0x09, 0x42, 0x29, 0x42, 0x29, 0x42,
    0x09, 0x42, 0x09, 0x42, 0x29, 0x42, 0x2a, 0x42, 0x09, 0x42, 0x29, 0x42,
    0x29, 0x42, 0x29, 0x42, 0x29, 0x42, 0x2a, 0x42, 0x29, 0x42, 0x29, 0x42,
    0x29, 0x42, 0x29, 0x4a, 0x29, 0x42, 0x29, 0x42, 0x4a, 0x4a, 0x29, 0x42,
    0x29, 0x42, 0x29, 0x42, 0x29, 0x42, 0x29, 0x42, 0x29, 0x4a, 0x29, 0x42,
    0x29, 0x42, 0x4a, 0x4a, 0x29, 0x42, 0x29, 0x42, 0x29, 0x42, 0x49, 0x42,
    0x25, 0x21, 0x04, 0x19, 0x05, 0x21, 0x25, 0x21, 0x05, 0x19, 0x05, 0x21,
    0x05, 0x21, 0x05, 0x21, 0x25, 0x21, 0x04, 0x21, 0x25, 0x21, 0x05, 0x21,
    0x05, 0x21, 0x25, 0x21, 0x25, 0x21, 0x25, 0x21, 0x05, 0x21, 0x25, 0x21,
    0x25, 0x21, 0x05, 0x21, 0x25, 0x21, 0x25, 0x29, 0x25, 0x21, 0x26, 0x21,
    0x25, 0x29, 0x25, 0x21, 0x25, 0x21, 0x26, 0x21, 0x66, 0x29, 0x66, 0x29,
    0x67, 0x31, 0x66, 0x29, 0x66, 0x29, 0x66, 0x29, 0x66, 0x29, 0x66, 0x29,
    0x66, 0x29, 0x66, 0x29, 0x66, 0x29, 0x66, 0x29, 0x66, 0x29, 0x66, 0x29,
    0x66, 0x29, 0x67, 0x29, 0x66, 0x29, 0x66, 0x31, 0x66, 0x29, 0x66, 0x29,
    0x66, 0x29, 0x66, 0x29, 0x67, 0x29, 0x66, 0x29, 0x66, 0x29, 0x66, 0x29,
    0x87, 0x31, 0x66, 0x29, 0x67, 0x29, 0x87, 0x31, 0x66, 0x29, 0x66, 0x29,
    0x66, 0x31, 0x66, 0x29, 0x66, 0x29, 0x87, 0x31, 0x66, 0x29, 0x86, 0x29,
    0x87, 0x31, 0x87, 0x31, 0x87, 0x31, 0x66, 0x29, 0x66, 0x29, 0x66, 0x29,
    0x66, 0x29, 0x66, 0x29, 0x66, 0x29, 0x66, 0x29, 0x46, 0x29, 0x46, 0x29,
    0x66, 0x29, 0x66, 0x29, 0x66, 0x29, 0x66, 0x29, 0x66, 0x29, 0x87, 0x31,
    0x66, 0x29, 0x66, 0x29, 0x87, 0x31, 0x66, 0x29, 0x67, 0x31, 0x87, 0x31,
    0x66, 0x29, 0x66, 0x29, 0x87, 0x31, 0x86, 0x29, 0x66, 0x29, 0x87, 0x31,
    0x66, 0x29, 0x86, 0x29, 0x87, 0x31, 0x87, 0x29, 0x66, 0x29, 0x86, 0x29,
    0x67, 0x31, 0x87, 0x31, 0x86, 0x29, 0x86, 0x29, 0x66, 0x29, 0x87, 0x31,
    0x86, 0x29, 0x86, 0x29, 0x86, 0x31, 0x66, 0x29, 0x66, 0x29, 0x66, 0x31,
    0x87, 0x29, 0x87, 0x31, 0x86, 0x31, 0x86, 0x29, 0x87, 0x31, 0x87, 0x31,
    0x86, 0x29, 0x66, 0x29, 0x87, 0x31, 0x87, 0x31, 0x86, 0x29, 0x87, 0x31,
    0x86, 0x29, 0x86, 0x29, 0x87, 0x31, 0x86, 0x29, 0x87, 0x31, 0x87, 0x31,
    0x86, 0x29, 0x86, 0x29, 0x66, 0x29, 0x87, 0x31, 0x87, 0x31, 0x86, 0x29,
    0x87, 0x31, 0xa7, 0x31, 0x86, 0x29, 0x87, 0x31, 0xa7, 0x31, 0xc7, 0x31,
    0x08, 0x42, 0xe8, 0x39, 0x09, 0x3a, 0x08, 0x42, 0x08, 0x42, 0xe8, 0x39,
    0xe8, 0x39, 0x09, 0x42, 0xe8, 0x39, 0xe8, 0x39, 0xe9, 0x41, 0xe8, 0x39,
    0xe8, 0x41, 0xe8, 0x39, 0xe8, 0x39, 0xe8, 0x39, 0xe8, 0x39, 0xe8, 0x39,
    0xe8, 0x39, 0xe8, 0x39, 0xc8, 0x39, 0xe8, 0x39, 0xe8, 0x41, 0xe8, 0x39,
    0xe8, 0x39, 0xe8, 0x39, 0xe8, 0x39, 0xe8, 0x39, 0xe8, 0x39, 0xe8, 0x39,
    0x09, 0x42, 0xe8, 0x39, 0x09, 0x42, 0x09, 0x42, 0xe8, 0x39, 0x09, 0x42,
    0x09, 0x3a, 0xe8, 0x39, 0x09, 0x42, 0x09, 0x42, 0x09, 0x3a, 0x09, 0x42,
    0xe8, 0x39, 0x09, 0x42, 0x08, 0x3a, 0x08, 0x42, 0x09, 0x42, 0x09, 0x42,
    0x09, 0x3a, 0x09, 0x42, 0x08, 0x3a, 0x09, 0x3a, 0x08, 0x42, 0x09, 0x3a,
    0x29, 0x42, 0x09, 0x42, 0x29, 0x42, 0x29, 0x42, 0x09, 0x42, 0x08, 0x3a,
    0x09, 0x42, 0x09, 0x42, 0x09, 0x42, 0x29, 0x42, 0x29, 0x42, 0x29, 0x42,
    0x29, 0x42, 0x29, 0x42, 0x29, 0x42, 0x29, 0x42, 0x29, 0x42, 0x29, 0x42,
    0x09, 0x42, 0x09, 0x42, 0x09, 0x42, 0x29, 0x42, 0x29, 0x42, 0x2a, 0x42,
    0x2a, 0x42, 0x29, 0x42, 0x29, 0x42, 0x2a, 0x4a, 0x29, 0x42, 0x29, 0x42,
    0x29, 0x4a, 0x29, 0x42, 0x4a, 0x4a, 0x4a, 0x4a, 0x2a, 0x42, 0x4a, 0x42,
    0x49, 0x4a, 0x2a, 0x42, 0x4a, 0x4a, 0x4a, 0x4a, 0x29, 0x42, 0x2a, 0x42,
    0x05, 0x21, 0x05, 0x21, 0x04, 0x19, 0x05, 0x21, 0x05, 0x21, 0x25, 0x21,
    0x04, 0x21, 0x25, 0x21, 0x25, 0x19, 0x25, 0x21, 0x25, 0x21, 0x05, 0x21,
    0x05, 0x21, 0x05, 0x21, 0x25, 0x21, 0x25, 0x21, 0x25, 0x21, 0x25, 0x21,
    0x25, 0x21, 0x25, 0x21, 0x25, 0x21, 0x25, 0x21, 0x25, 0x21, 0x46, 0x29,
    0x25, 0x21, 0x25, 0x21, 0x25, 0x21, 0x25, 0x21, 0x46, 0x29, 0x66, 0x29,
    0x46, 0x29, 0x66, 0x29, 0x66, 0x29, 0x66, 0x31, 0x66, 0x29, 0x66, 0x29,
    0x66, 0x29, 0x66, 0x31, 0x67, 0x29, 0x66, 0x29, 0x66, 0x29, 0x67, 0x31,
    0x66, 0x29, 0x66, 0x29, 0x66, 0x29, 0x67, 0x29, 0x66, 0x29, 0x66, 0x29,
    0x66, 0x29, 0x66, 0x29, 0x67, 0x31, 0x66, 0x29, 0x66, 0x31, 0x66, 0x29,
    0x66, 0x29, 0x66, 0x29, 0x86, 0x31, 0x66, 0x29, 0x87, 0x31, 0x87, 0x31,
    0x66, 0x29, 0x87, 0x29, 0x87, 0x31, 0x66, 0x29, 0x66, 0x29, 0x66, 0x29,
    0x86, 0x29, 0x87, 0x31, 0x87, 0x31, 0x66, 0x29, 0x46, 0x29, 0x66, 0x29,
    0x66, 0x29, 0x46, 0x29, 0x66, 0x29, 0x66, 0x29, 0x86, 0x29, 0x66, 0x29,
    0x66, 0x29, 0x66, 0x29, 0x66, 0x29, 0x66, 0x29, 0x66, 0x29, 0x66, 0x29,
    0x66, 0x29, 0x66, 0x29, 0x66, 0x29, 0x66, 0x29, 0x66, 0x29, 0x66, 0x29,
    0x87, 0x31, 0x86, 0x31, 0x87, 0x29, 0x66, 0x29, 0x66, 0x29, 0x87, 0x31,
    0x66, 0x29, 0x86, 0x31, 0x66, 0x29, 0x67, 0x29, 0x87, 0x31, 0x66, 0x29,
    0x87, 0x31, 0x66, 0x29, 0x66, 0x31, 0x87, 0x31, 0x87, 0x31, 0x66, 0x29,
    0x87, 0x31, 0x66, 0x29, 0x67, 0x29, 0x87, 0x31, 0x86, 0x29, 0x87, 0x31,
    0x86, 0x29, 0x66, 0x29, 0x87, 0x29, 0x66, 0x29, 0x86, 0x29, 0x87, 0x31,
    0x87, 0x31, 0x87, 0x31, 0x66, 0x29, 0x87, 0x31, 0x87, 0x31, 0x86, 0x29,
    0x87, 0x31, 0x87, 0x29, 0x87, 0x31, 0x87, 0x31, 0x66, 0x29, 0x66, 0x29,
    0x86, 0x31, 0x87, 0x31, 0x87, 0x29, 0x87, 0x31, 0x86, 0x31, 0x86, 0x29,
    0x66, 0x29, 0x87, 0x31, 0x87, 0x31, 0x86, 0x29, 0x86, 0x29, 0xa7, 0x31,
    0xe9, 0x41, 0xe8, 0x39, 0xe8, 0x39, 0xe8, 0x39, 0xe9, 0x39, 0x09, 0x42,
    0x09, 0x42, 0xe8, 0x39, 0x08, 0x3a, 0xe8, 0x39, 0x09, 0x42, 0xe8, 0x39,
    0xe8, 0x39, 0xe9, 0x39, 0xe9, 0x41, 0xe8, 0x39, 0xe8, 0x41, 0xe9, 0x41,
    0xc8, 0x39, 0xe8, 0x39, 0xe8, 0x39, 0xe9, 0x39, 0xe8, 0x39, 0xe8, 0x39,
    0x09, 0x42, 0xe8, 0x39, 0xe8, 0x39, 0xe8, 0x39, 0x09, 0x42, 0xe8, 0x39,
    0xe8, 0x39, 0xe8, 0x39, 0x08, 0x3a, 0xe8, 0x39, 0x09, 0x42, 0x08, 0x3a,
    0x08, 0x42, 0x09, 0x42, 0xe8, 0x39, 0x09, 0x42, 0xe8, 0x39, 0x08, 0x3a,
    0x09, 0x42, 0x09, 0x42, 0x09, 0x3a, 0x09, 0x42, 0x09, 0x42, 0x29, 0x42,
    0x09, 0x42, 0x08, 0x3a, 0x09, 0x42, 0x09, 0x42, 0x29, 0x42, 0x09, 0x42,
    0x29, 0x42, 0x08, 0x3a, 0x08, 0x42, 0x09, 0x42, 0x09, 0x42, 0x09, 0x42,
    0x29, 0x42, 0x29, 0x42, 0x29, 0x42, 0x29, 0x42, 0x09, 0x42, 0x29, 0x42,
    0x29, 0x42, 0x29, 0x42, 0x09, 0x42, 0x29, 0x42, 0x29, 0x42, 0x2a, 0x42,
    0x09, 0x42, 0x29, 0x42, 0x2a, 0x42, 0x29, 0x42, 0x09, 0x42, 0x29, 0x42,
    0x29, 0x42, 0x29, 0x42, 0x29, 0x42, 0x29, 0x42, 0x2a, 0x42, 0x29, 0x42,
    0x2a, 0x42, 0x4a, 0x4a, 0x29, 0x42, 0x29, 0x42, 0x29, 0x42, 0x29, 0x42,
    0x4a, 0x4a, 0x29, 0x42, 0x29, 0x42, 0x29, 0x42, 0x4a, 0x4a, 0x29, 0x42,
    0x05, 0x21, 0x04, 0x19, 0x04, 0x19, 0x05, 0x21, 0x05, 0x21, 0x04, 0x19,
    0x04, 0x19, 0x25, 0x21, 0x05, 0x21, 0x05, 0x21, 0x04, 0x21, 0x25, 0x21,
    0x25, 0x19, 0x25, 0x21, 0x05, 0x21, 0x25, 0x21, 0x25, 0x21, 0x25, 0x21,
    0x25, 0x21, 0x25, 0x21, 0x25, 0x21, 0x25, 0x21, 0x25, 0x21, 0x25, 0x21,
    0x25, 0x21, 0x25, 0x21, 0x46, 0x21, 0x25, 0x29, 0x46, 0x29, 0x66, 0x29,
    0x66, 0x29, 0x66, 0x29, 0x66, 0x29, 0x66, 0x29, 0x46, 0x29, 0x67, 0x29,
    0x67, 0x31, 0x46, 0x29, 0x67, 0x31, 0x66, 0x29, 0x66, 0x29, 0x66, 0x29,
    0x67, 0x31, 0x86, 0x29, 0x66, 0x29, 0x66, 0x29, 0x66, 0x29, 0x66, 0x29,
    0x67, 0x31, 0x67, 0x31, 0x66, 0x29, 0x66, 0x29, 0x66, 0x29, 0x67, 0x31,
    0x67, 0x29, 0x86, 0x29, 0x66, 0x31, 0x66, 0x29, 0x87, 0x29, 0x66, 0x29,
    0x66, 0x31, 0x67, 0x29, 0x87, 0x31, 0x86, 0x31, 0x67, 0x29, 0x86, 0x31,
    0x66, 0x29, 0x87, 0x31, 0x66, 0x29, 0x46, 0x29, 0x66, 0x29, 0x66, 0x29,
    0x66, 0x29, 0x66, 0x29, 0x66, 0x29, 0x66, 0x29, 0x66, 0x29, 0x66, 0x29,
    0x66, 0x29, 0x66, 0x29, 0x66, 0x29, 0x66, 0x29, 0x66, 0x29, 0x66, 0x29,
    0x66, 0x29, 0x66, 0x31, 0x66, 0x29, 0x66, 0x29, 0x66, 0x29, 0x66, 0x29,
    0x86, 0x29, 0x66, 0x29, 0x67, 0x31, 0x66, 0x29, 0x86, 0x31, 0x67, 0x29,
    0x87, 0x29, 0x66, 0x31, 0x87, 0x31, 0x86, 0x29, 0x87, 0x31, 0x86, 0x29,
    0x87, 0x31, 0x66, 0x29, 0x66, 0x29, 0x87, 0x29, 0x66, 0x29, 0x86, 0x29,
    0x87, 0x31, 0x87, 0x31, 0x66, 0x29, 0x66, 0x29, 0x66, 0x29, 0x87, 0x31,
    0x86, 0x29, 0x87, 0x31, 0x87, 0x31, 0x87, 0x31, 0x86, 0x29, 0x87, 0x31,
    0x86, 0x29, 0x86, 0x29, 0x86, 0x29, 0x86, 0x31, 0x87, 0x31, 0x87, 0x31,
    0x86, 0x31, 0x87, 0x31, 0x87, 0x31, 0x87, 0x31, 0x86, 0x29, 0x87, 0x31,
    0x87, 0x29, 0x86, 0x31, 0x87, 0x31, 0x86, 0x29, 0x86, 0x29, 0x87, 0x31,
    0x87, 0x31, 0x86, 0x31, 0x87, 0x31, 0x87, 0x31, 0x87, 0x31, 0x87, 0x31,
    0xc8, 0x39, 0x09, 0x42, 0x09, 0x42, 0xe8, 0x39, 0x08, 0x3a, 0xe8, 0x39,
    0xe8, 0x39, 0xe8, 0x39, 0xe8, 0x39, 0x09, 0x42, 0x09, 0x42, 0xe8, 0x39,
    0x08, 0x3a, 0x09, 0x42, 0x08, 0x3a, 0xe8, 0x39, 0xe8, 0x39, 0xe8, 0x39,
    0xe8, 0x39, 0xe8, 0x39, 0xe8, 0x39, 0xe8, 0x39, 0xe8, 0x39, 0xe8, 0x39,
    0xe8, 0x39, 0xe8, 0x39, 0xe8, 0x39, 0xe8, 0x39, 0x09, 0x42, 0x08, 0x3a,
    0xe8, 0x39, 0x09, 0x42, 0xe8, 0x39, 0x09, 0x3a, 0x09, 0x42, 0xe8, 0x39,
    0x08, 0x3a, 0xe8, 0x39, 0x09, 0x42, 0xe8, 0x39, 0xe8, 0x39, 0x09, 0x42,
    0x08, 0x42, 0x09, 0x42, 0x08, 0x3a, 0x08, 0x3a, 0x09, 0x42, 0x08, 0x3a,
    0x09, 0x42, 0x29, 0x42, 0x09, 0x42, 0x09, 0x42, 0x29, 0x42, 0x08, 0x3a,
    0x09, 0x42, 0x09, 0x42, 0x29, 0x42, 0x29, 0x42, 0x29, 0x42, 0x29, 0x42,
    0x09, 0x42, 0x09, 0x3a, 0x29, 0x42, 0x29, 0x42, 0x09, 0x42, 0x29, 0x42,
    0x09, 0x42, 0x09, 0x3a, 0x29, 0x42, 0x09, 0x42, 0x29, 0x42, 0x09, 0x42,
    0x29, 0x42, 0x29, 0x42, 0x2a, 0x42, 0x29, 0x42, 0x29, 0x42, 0x2a, 0x4a,
    0x29, 0x42, 0x4a, 0x4a, 0x2a, 0x42, 0x4a, 0x4a, 0x29, 0x42, 0x29, 0x42,
    0x29, 0x42, 0x29, 0x42, 0x29, 0x42, 0x29, 0x42, 0x29, 0x42, 0x4a, 0x4a,
    0x4a, 0x4a, 0x29, 0x42, 0x29, 0x42, 0x29, 0x42, 0x29, 0x42, 0x4a, 0x4a,
    0x04, 0x19, 0x05, 0x21, 0x05, 0x21, 0x25, 0x21, 0x04, 0x21, 0x25, 0x21,
    0x05, 0x21, 0x05, 0x21, 0x25, 0x21, 0x25, 0x21, 0x25, 0x21, 0x25, 0x21,
    0x04, 0x21, 0x25, 0x21, 0x05, 0x21, 0x25, 0x21, 0x25, 0x21, 0x05, 0x21,
    0x05, 0x21, 0x05, 0x21, 0x05, 0x21, 0x25, 0x21, 0x25, 0x21, 0x26, 0x21,
    0x25, 0x21, 0x25, 0x21, 0x25, 0x21, 0x46, 0x21, 0x25, 0x21, 0x66, 0x29,
    0x66, 0x29, 0x66, 0x29, 0x66, 0x29, 0x46, 0x29, 0x66, 0x31, 0x67, 0x31,
    0x66, 0x29, 0x66, 0x29, 0x66, 0x29, 0x66, 0x29, 0x66, 0x29, 0x66, 0x29,
    0x66, 0x29, 0x66, 0x29, 0x66, 0x29, 0x66, 0x29, 0x67, 0x31, 0x66, 0x29,
    0x66, 0x29, 0x66, 0x29, 0x66, 0x31, 0x66, 0x29, 0x66, 0x29, 0x87, 0x31,
    0x87, 0x31, 0x66, 0x29, 0x66, 0x29, 0x66, 0x29, 0x66, 0x31, 0x87, 0x31,
    0x86, 0x29, 0x66, 0x29, 0x66, 0x29, 0x86, 0x31, 0x87, 0x31, 0x87, 0x31,
    0x66, 0x29, 0x66, 0x29, 0x66, 0x29, 0x46, 0x29, 0x46, 0x29, 0x66, 0x29,
    0x66, 0x29, 0x66, 0x29, 0x66, 0x29, 0x46, 0x29, 0x66, 0x29, 0x66, 0x29,
    0x66, 0x29, 0x66, 0x29, 0x66, 0x29, 0x66, 0x29, 0x66, 0x31, 0x67, 0x29,
    0x66, 0x29, 0x66, 0x29, 0x67, 0x31, 0x67, 0x29, 0x66, 0x31, 0x66, 0x29,
    0x87, 0x29, 0x87, 0x31, 0x66, 0x29, 0x66, 0x29, 0x86, 0x31, 0x66, 0x29,
    0x86, 0x29, 0x87, 0x31, 0x87, 0x29, 0x66, 0x29, 0x66, 0x31, 0x66, 0x29,
    0x66, 0x29, 0x87, 0x29, 0x87, 0x31, 0x86, 0x29, 0x87, 0x31, 0x66, 0x29,
    0x66, 0x29, 0x87, 0x31, 0x86, 0x31, 0x87, 0x29, 0x87, 0x31, 0x87, 0x31,
    0x86, 0x29, 0x66, 0x29, 0x86, 0x31, 0x87, 0x31, 0x86, 0x29, 0x66, 0x29,
    0x87, 0x31, 0x66, 0x29, 0x87, 0x31, 0x87, 0x29, 0x87, 0x31, 0x87, 0x31,
    0x86, 0x29, 0x86, 0x29, 0x87, 0x31, 0x86, 0x29, 0x87, 0x31, 0x87, 0x31,
    0x86, 0x29, 0x86, 0x29, 0x67, 0x31, 0x87, 0x29, 0x86, 0x29, 0x87, 0x29,
    0x87, 0x31, 0x87, 0x31, 0x87, 0x29, 0x86, 0x29, 0x86, 0x29, 0x87, 0x31,
    0xc7, 0x31, 0x08, 0x3a, 0xe8, 0x39, 0x08, 0x42, 0xe8, 0x39, 0x08, 0x3a,
    0xe8, 0x39, 0x09, 0x42, 0xe8, 0x39, 0x08, 0x3a, 0xe8, 0x39, 0xe8, 0x39,
    0xe8, 0x39, 0xe8, 0x39, 0xe8, 0x39, 0x09, 0x42, 0xe8, 0x39, 0xe8, 0x39,
    0xe8, 0x39, 0xe8, 0x39, 0xe8, 0x39, 0xe8, 0x39, 0xe8, 0x39, 0xe9, 0x41,
    0xe8, 0x39, 0xe8, 0x39, 0xe8, 0x39, 0xe8, 0x39, 0xe8, 0x39, 0xe8, 0x39,
    0x09, 0x42, 0xe8, 0x39, 0xe8, 0x39, 0x09, 0x42, 0xe8, 0x39, 0x09, 0x42,
    0x09, 0x42, 0x09, 0x42, 0x08, 0x3a, 0x08, 0x42, 0xe8, 0x39, 0x09, 0x3a,
    0x09, 0x42, 0x08, 0x3a, 0x09, 0x42, 0x08, 0x3a, 0x09, 0x42, 0x09, 0x42,
    0x08, 0x3a, 0x08, 0x42, 0x09, 0x3a, 0x09, 0x42, 0x08, 0x3a, 0x09, 0x42,
    0x09, 0x42, 0x29, 0x42, 0x08, 0x3a, 0x09, 0x42, 0x09, 0x3a, 0x08, 0x3a,
    0x29, 0x42, 0x09, 0x42, 0x09, 0x42, 0x29, 0x42, 0x09, 0x3a, 0x29, 0x42,
    0x29, 0x42, 0x29, 0x42, 0x2a, 0x42, 0x29, 0x42, 0x29, 0x42, 0x29, 0x42,
    0x2a, 0x42, 0x29, 0x42, 0x09, 0x42, 0x29, 0x42, 0x29, 0x42, 0x29, 0x42,
    0x2a, 0x42, 0x29, 0x42, 0x29, 0x42, 0x29, 0x42, 0x4a, 0x4a, 0x29, 0x42,
    0x29, 0x42, 0x29, 0x42, 0x2a, 0x42, 0x2a, 0x42, 0x29, 0x42, 0x29, 0x42,
    0x2a, 0x42, 0x4a, 0x42, 0x29, 0x42, 0x2a, 0x42, 0x29, 0x42, 0x4a, 0x4a,
    0x05, 0x21, 0x05, 0x21, 0x05, 0x21, 0x05, 0x21, 0x05, 0x19, 0x25, 0x21,
    0x25, 0x21, 0x05, 0x21, 0x05, 0x19, 0x25, 0x21, 0x25, 0x21, 0x05, 0x21,
    0x05, 0x21, 0x25, 0x19, 0x25, 0x21, 0x25, 0x21, 0x25, 0x21, 0x05, 0x21,
    0x25, 0x21, 0x25, 0x21, 0x25, 0x21, 0x25, 0x21, 0x25, 0x21, 0x25, 0x21,
    0x25, 0x21, 0x25, 0x21, 0x25, 0x29, 0x25, 0x21, 0x25, 0x21, 0x46, 0x29,
    0x46, 0x29, 0x66, 0x29, 0x66, 0x29, 0x66, 0x29, 0x46, 0x29, 0x66, 0x29,
    0x66, 0x29, 0x66, 0x29, 0x66, 0x29, 0x66, 0x29, 0x67, 0x31, 0x66, 0x29,
    0x87, 0x31, 0x46, 0x29, 0x66, 0x31, 0x67, 0x31, 0x66, 0x29, 0x66, 0x29,
    0x66, 0x29, 0x67, 0x29, 0x67, 0x31, 0x86, 0x29, 0x66, 0x29, 0x66, 0x29,
    0x86, 0x29, 0x66, 0x29, 0x87, 0x31, 0x67, 0x31, 0x87, 0x29, 0x66, 0x29,
    0x66, 0x29, 0x87, 0x31, 0x86, 0x29, 0x87, 0x29, 0x87, 0x31, 0x66, 0x29,
    0x66, 0x29, 0x66, 0x29, 0x66, 0x29, 0x66, 0x29, 0x46, 0x29, 0x66, 0x29,
    0x66, 0x29, 0x66, 0x29, 0x46, 0x29, 0x66, 0x29, 0x66, 0x29, 0x67, 0x31,
    0x66, 0x29, 0x66, 0x29, 0x66, 0x29, 0x66, 0x29, 0x66, 0x29, 0x66, 0x29,
    0x66, 0x29, 0x66, 0x29, 0x87, 0x31, 0x66, 0x29, 0x66, 0x29, 0x66, 0x29,
    0x66, 0x31, 0x66, 0x29, 0x66, 0x29, 0x87, 0x29, 0x66, 0x29, 0x87, 0x31,
    0x66, 0x29, 0x66, 0x29, 0x87, 0x31, 0x87, 0x31, 0x86, 0x31, 0x87, 0x29,
    0x87, 0x31, 0x66, 0x29, 0x86, 0x29, 0x66, 0x31, 0x87, 0x31, 0x87, 0x31,
    0x66, 0x29, 0x87, 0x31, 0x86, 0x29, 0x87, 0x31, 0x87, 0x31, 0x86, 0x31,
    0x87, 0x29, 0x66, 0x29, 0x66, 0x29, 0x87, 0x31, 0x87, 0x31, 0x87, 0x31,
    0x87, 0x31, 0x87, 0x31, 0x66, 0x29, 0x86, 0x29, 0x87, 0x31, 0x87, 0x31,
    0x87, 0x31, 0x86, 0x29, 0x87, 0x31, 0x87, 0x31, 0x86, 0x29, 0x87, 0x31,
    0x87, 0x31, 0x87, 0x31, 0x86, 0x29, 0x87, 0x31, 0x66, 0x31, 0x87, 0x31,
    0xa7, 0x31, 0x86, 0x31, 0xa7, 0x31, 0x87, 0x31, 0x87, 0x31, 0xa7, 0x31,
    0x87, 0x31, 0xc8, 0x39, 0x09, 0x3a, 0xe8, 0x39, 0xe9, 0x41, 0xe8, 0x39,
    0x09, 0x42, 0xe8, 0x39, 0x09, 0x42, 0xe8, 0x39, 0x09, 0x3a, 0xe8, 0x39,
    0xe9, 0x41, 0xe8, 0x39, 0xe8, 0x39, 0xe9, 0x39, 0xe8, 0x39, 0xe8, 0x39,
    0xe8, 0x39, 0xe8, 0x39, 0xe8, 0x39, 0xe8, 0x39, 0xc8, 0x39, 0x09, 0x42,
    0xe8, 0x39, 0xe9, 0x41, 0xe8, 0x39, 0xe9, 0x41, 0xe8, 0x39, 0xe9, 0x41,
    0x09, 0x42, 0xe8, 0x39, 0xe8, 0x39, 0xe8, 0x41, 0xe8, 0x39, 0x08, 0x3a,
    0x09, 0x42, 0x09, 0x42, 0xe8, 0x39, 0x08, 0x3a, 0x09, 0x42, 0x09, 0x42,
    0x08, 0x3a, 0xe8, 0x39, 0x09, 0x42, 0x09, 0x42, 0x08, 0x3a, 0x29, 0x42,
    0x09, 0x42, 0x08, 0x3a, 0x08, 0x3a, 0x09, 0x42, 0x08, 0x3a, 0x09, 0x42,
    0x09, 0x42, 0x09, 0x42, 0x09, 0x42, 0x29, 0x42, 0x09, 0x42, 0x09, 0x42,
    0x29, 0x42, 0x09, 0x42, 0x09, 0x42, 0x29, 0x42, 0x29, 0x42, 0x09, 0x42,
    0x09, 0x42, 0x09, 0x42, 0x29, 0x42, 0x29, 0x42, 0x2a, 0x42, 0x09, 0x42,
    0x29, 0x42, 0x29, 0x42, 0x29, 0x42, 0x29, 0x42, 0x29, 0x42, 0x29, 0x42,
    0x2a, 0x4a, 0x4a, 0x4a, 0x29, 0x42, 0x29, 0x42, 0x4a, 0x4a, 0x29, 0x42,
    0x2a, 0x42, 0x29, 0x42, 0x29, 0x4a, 0x29, 0x42, 0x29, 0x42, 0x29, 0x42,
    0x4a, 0x4a, 0x29, 0x42, 0x4a, 0x4a, 0x29, 0x42, 0x4a, 0x4a, 0x29, 0x42,
    0x05, 0x21, 0x05, 0x21, 0x25, 0x21, 0x04, 0x19, 0x05, 0x21, 0x05, 0x21,
    0x05, 0x21, 0x25, 0x21, 0x25, 0x21, 0x25, 0x21, 0x25, 0x21, 0x05, 0x21,
    0x05, 0x21, 0x05, 0x21, 0x25, 0x21, 0x25, 0x21, 0x25, 0x21, 0x25, 0x21,
    0x25, 0x21, 0x25, 0x21, 0x25, 0x21, 0x46, 0x29, 0x25, 0x21, 0x25, 0x21,
    0x25, 0x21, 0x26, 0x29, 0x25, 0x21, 0x25, 0x21, 0x45, 0x29, 0x26, 0x21,
    0x66, 0x29, 0x66, 0x31, 0x66, 0x29, 0x46, 0x29, 0x66, 0x29, 0x66, 0x29,
    0x66, 0x29, 0x66, 0x29, 0x66, 0x31, 0x66, 0x29, 0x66, 0x29, 0x66, 0x29,
    0x66, 0x29, 0x87, 0x29, 0x66, 0x29, 0x66, 0x29, 0x66, 0x29, 0x66, 0x31,
    0x66, 0x29, 0x66, 0x29, 0x86, 0x29, 0x87, 0x31, 0x87, 0x29, 0x87, 0x31,
    0x66, 0x29, 0x67, 0x31, 0x86, 0x29, 0x86, 0x31, 0x67, 0x31, 0x66, 0x29,
    0x87, 0x31, 0x87, 0x31, 0x66, 0x29, 0x87, 0x31, 0x86, 0x29, 0x66, 0x29,
    0x46, 0x29, 0x66, 0x29, 0x66, 0x29, 0x46, 0x29, 0x66, 0x29, 0x66, 0x29,
    0x66, 0x29, 0x66, 0x29, 0x66, 0x29, 0x66, 0x29, 0x66, 0x29, 0x66, 0x29,
    0x67, 0x29, 0x66, 0x29, 0x66, 0x31, 0x67, 0x31, 0x66, 0x29, 0x66, 0x29,
    0x66, 0x29, 0x66, 0x29, 0x66, 0x29, 0x86, 0x31, 0x66, 0x29, 0x87, 0x29,
    0x66, 0x29, 0x66, 0x29, 0x66, 0x31, 0x87, 0x31, 0x87, 0x29, 0x66, 0x31,
    0x87, 0x31, 0x86, 0x29, 0x86, 0x31, 0x66, 0x29, 0x86, 0x29, 0x86, 0x29,
    0x87, 0x31, 0x87, 0x31, 0x86, 0x29, 0x87, 0x31, 0x66, 0x29, 0x66, 0x29,
    0x87, 0x31, 0x86, 0x29, 0x66, 0x29, 0x87, 0x29, 0x86, 0x31, 0x86, 0x29,
    0x87, 0x31, 0x87, 0x31, 0x66, 0x29, 0x87, 0x31, 0x86, 0x29, 0x86, 0x29,
    0x87, 0x31, 0x87, 0x31, 0x87, 0x31, 0x86, 0x29, 0x87, 0x31, 0xa7, 0x31,
    0x87, 0x31, 0x87, 0x31, 0x87, 0x31, 0x86, 0x31, 0x86, 0x29, 0x87, 0x31,
    0x87, 0x31, 0x87, 0x31, 0x86, 0x29, 0x87, 0x31, 0x66, 0x29, 0x86, 0x29,
    0x87, 0x31, 0x87, 0x29, 0x86, 0x31, 0x87, 0x31, 0x87, 0x29, 0x86, 0x31,
    0xa7, 0x31, 0xc7, 0x31, 0xe8, 0x39, 0x09, 0x42, 0x08, 0x3a, 0x09, 0x42,
    0xe8, 0x39, 0xe8, 0x39, 0x09, 0x42, 0xe8, 0x41, 0xe8, 0x39, 0xe8, 0x39,
    0x09, 0x42, 0x08, 0x42, 0x08, 0x3a, 0xe8, 0x39, 0xe8, 0x39, 0x09, 0x42,
    0xe8, 0x39, 0xc8, 0x39, 0xe8, 0x39, 0xe8, 0x39, 0xe8, 0x39, 0xe8, 0x39,
    0xe8, 0x39, 0xe8, 0x39, 0xe8, 0x39, 0x08, 0x3a, 0xe8, 0x39, 0xe8, 0x39,
    0xe8, 0x39, 0x08, 0x3a, 0x09, 0x42, 0xe8, 0x39, 0xe8, 0x39, 0x09, 0x3a,
    0x08, 0x42, 0x09, 0x3a, 0xe8, 0x39, 0xe8, 0x39, 0xe9, 0x39, 0x08, 0x42,
    0x09, 0x42, 0x08, 0x3a, 0x08, 0x3a, 0x09, 0x42, 0x08, 0x3a, 0xe8, 0x39,
    0x09, 0x42, 0x09, 0x42, 0x09, 0x42, 0x09, 0x42, 0x08, 0x3a, 0x08, 0x42,
    0x09, 0x42, 0x29, 0x42, 0x29, 0x42, 0x08, 0x3a, 0x29, 0x42, 0x29, 0x42,
    0x08, 0x3a, 0x29, 0x42, 0x09, 0x42, 0x29, 0x42, 0x29, 0x42, 0x09, 0x42,
    0x29, 0x42, 0x29, 0x42, 0x29, 0x42, 0x29, 0x42, 0x09, 0x42, 0x29, 0x42,
    0x09, 0x42, 0x29, 0x42, 0x29, 0x42, 0x2a, 0x42, 0x29, 0x42, 0x4a, 0x4a,
    0x29, 0x42, 0x29, 0x42, 0x29, 0x42, 0x2a, 0x42, 0x29, 0x42, 0x29, 0x42,
    0x29, 0x42, 0x2a, 0x4a, 0x29, 0x42, 0x4a, 0x4a, 0x2a, 0x42, 0x4a, 0x4a,
    0x29, 0x42, 0x29, 0x42, 0x29, 0x42, 0x29, 0x42, 0x4a, 0x4a, 0x4a, 0x42,
    0x04, 0x19, 0x05, 0x21, 0x25, 0x21, 0x25, 0x21, 0x04, 0x21, 0x25, 0x21,
    0x05, 0x21, 0x04, 0x21, 0x04, 0x19, 0x25, 0x21, 0x05, 0x21, 0x25, 0x21,
    0x25, 0x21, 0x25, 0x21, 0x05, 0x21, 0x25, 0x21, 0x25, 0x21, 0x25, 0x21,
    0x25, 0x21, 0x25, 0x21, 0x25, 0x21, 0x25, 0x21, 0x25, 0x21, 0x25, 0x21,
    0x46, 0x29, 0x25, 0x21, 0x25, 0x21, 0x46, 0x21, 0x25, 0x29, 0x25, 0x21,
    0x46, 0x29, 0x66, 0x29, 0x66, 0x29, 0x46, 0x29, 0x66, 0x29, 0x67, 0x31,
    0x46, 0x29, 0x66, 0x29, 0x67, 0x29, 0x66, 0x29, 0x66, 0x31, 0x66, 0x29,
    0x66, 0x29, 0x66, 0x29, 0x66, 0x29, 0x67, 0x31, 0x66, 0x29, 0x67, 0x29,
    0x87, 0x31, 0x66, 0x29, 0x66, 0x29, 0x66, 0x29, 0x66, 0x29, 0x66, 0x29,
    0x66, 0x29, 0x67, 0x31, 0x86, 0x29, 0x66, 0x29, 0x66, 0x29, 0x87, 0x31,
    0x86, 0x29, 0x86, 0x31, 0x66, 0x29, 0x66, 0x31, 0x87, 0x31, 0x46, 0x29,
    0x46, 0x29, 0x66, 0x29, 0x66, 0x29, 0x46, 0x29, 0x66, 0x29, 0x66, 0x29,
    0x66, 0x29, 0x66, 0x29, 0x66, 0x29, 0x67, 0x29, 0x66, 0x29, 0x66, 0x29,
    0x66, 0x29, 0x66, 0x29, 0x66, 0x29, 0x66, 0x29, 0x66, 0x29, 0x67, 0x31,
    0x66, 0x29, 0x66, 0x29, 0x66, 0x29, 0x87, 0x31, 0x87, 0x29, 0x86, 0x31,
    0x66, 0x29, 0x67, 0x29, 0x86, 0x31, 0x66, 0x29, 0x86, 0x29, 0x66, 0x29,
    0x87, 0x31, 0x87, 0x29, 0x87, 0x29, 0x87, 0x31, 0x87, 0x29, 0x66, 0x31,
    0x66, 0x29, 0x87, 0x31, 0x66, 0x29, 0x86, 0x29, 0x86, 0x29, 0x87, 0x31,
    0x87, 0x31, 0x87, 0x31, 0x87, 0x31, 0x66, 0x29, 0x87, 0x31, 0x87, 0x31,
    0x87, 0x31, 0x86, 0x29, 0x87, 0x31, 0x66, 0x29, 0x87, 0x31, 0x87, 0x29,
    0x87, 0x31, 0x86, 0x31, 0x86, 0x29, 0x87, 0x29, 0x87, 0x31, 0x86, 0x31,
    0x86, 0x29, 0x87, 0x31, 0x87, 0x29, 0x87, 0x31, 0x87, 0x31, 0x86, 0x29,
    0x86, 0x29, 0x87, 0x31, 0x87, 0x31, 0x86, 0x29, 0x87, 0x31, 0x86, 0x29,
    0x87, 0x31, 0x87, 0x29, 0x87, 0x31, 0x87, 0x31, 0x86, 0x31, 0xa7, 0x31,
    0x87, 0x31, 0x87, 0x31, 0xe8, 0x39, 0xe8, 0x39, 0x09, 0x42, 0xe8, 0x39,
    0xe8, 0x39, 0x09, 0x42, 0x08, 0x3a, 0x08, 0x3a, 0xe8, 0x39, 0x09, 0x42,
    0xe8, 0x39, 0xe8, 0x39, 0x09, 0x42, 0x09, 0x42, 0xe8, 0x41, 0x09, 0x3a,
    0xc8, 0x39, 0xe8, 0x39, 0xe8, 0x39, 0xe8, 0x39, 0xe8, 0x39, 0xc8, 0x39,
    0x09, 0x42, 0xe8, 0x39, 0xe8, 0x39, 0xe8, 0x39, 0xe8, 0x39, 0xe8, 0x39,
    0x09, 0x42, 0xe8, 0x39, 0xe8, 0x39, 0xe8, 0x39, 0xe8, 0x39, 0xe8, 0x39,
    0x09, 0x42, 0x08, 0x42, 0xe8, 0x39, 0x09, 0x42, 0xe8, 0x39, 0x09, 0x3a,
    0x09, 0x42, 0x09, 0x42, 0x09, 0x42, 0xe8, 0x39, 0x09, 0x42, 0x09, 0x42,
    0x29, 0x42, 0x09, 0x42, 0x08, 0x42, 0x09, 0x42, 0x09, 0x42, 0x29, 0x3a,
    0x29, 0x42, 0x08, 0x3a, 0x09, 0x42, 0x09, 0x42, 0x09, 0x42, 0x08, 0x3a,
    0x29, 0x42, 0x29, 0x42, 0x09, 0x42, 0x29, 0x42, 0x09, 0x42, 0x09, 0x42,
    0x29, 0x42, 0x29, 0x42, 0x09, 0x42, 0x29, 0x42, 0x2a, 0x42, 0x09, 0x42,
    0x29, 0x42, 0x2a, 0x42, 0x29, 0x42, 0x29, 0x42, 0x29, 0x42, 0x29, 0x42,
    0x2a, 0x42, 0x29, 0x42, 0x29, 0x42, 0x2a, 0x4a, 0x29, 0x42, 0x29, 0x42,
    0x29, 0x42, 0x2a, 0x42, 0x4a, 0x4a, 0x29, 0x42, 0x4a, 0x42, 0x29, 0x4a,
    0x4a, 0x42, 0x29, 0x42, 0x29, 0x42, 0x4a, 0x4a, 0x29, 0x42, 0x4a, 0x4a,
    0x05, 0x21, 0x04, 0x19, 0x05, 0x21, 0x05, 0x21, 0x25, 0x21, 0x04, 0x19,
    0x05, 0x19, 0x25, 0x21, 0x25, 0x21, 0x05, 0x21, 0x05, 0x21, 0x04, 0x19,
    0x25, 0x21, 0x04, 0x21, 0x25, 0x21, 0x25, 0x21, 0x25, 0x21, 0x25, 0x21,
    0x25, 0x21, 0x25, 0x21, 0x25, 0x21, 0x25, 0x21, 0x25, 0x21, 0x25, 0x21,
    0x25, 0x21, 0x25, 0x21, 0x45, 0x29, 0x26, 0x21, 0x25, 0x21, 0x45, 0x21,
    0x46, 0x29, 0x66, 0x29, 0x66, 0x29, 0x66, 0x29, 0x66, 0x29, 0x66, 0x29,
    0x66, 0x29, 0x66, 0x29, 0x67, 0x29, 0x87, 0x31, 0x66, 0x31, 0x66, 0x29,
    0x67, 0x29, 0x66, 0x29, 0x66, 0x29, 0x66, 0x31, 0x66, 0x29, 0x87, 0x31,
    0x87, 0x31, 0x66, 0x29, 0x66, 0x31, 0x66, 0x29, 0x66, 0x29, 0x87, 0x31,
    0x66, 0x29, 0x66, 0x29, 0x66, 0x29, 0x87, 0x31, 0x87, 0x31, 0x66, 0x29,
    0x87, 0x29, 0x66, 0x29, 0x87, 0x31, 0x87, 0x29, 0x66, 0x29, 0x66, 0x29,
    0x46, 0x29, 0x66, 0x29, 0x46, 0x29, 0x46, 0x29, 0x66, 0x29, 0x46, 0x29,
    0x66, 0x29, 0x66, 0x29, 0x46, 0x29, 0x66, 0x29, 0x46, 0x29, 0x66, 0x29,
    0x66, 0x29, 0x66, 0x31, 0x67, 0x29, 0x66, 0x29, 0x66, 0x29, 0x67, 0x29,
    0x66, 0x29, 0x66, 0x29, 0x67, 0x31, 0x66, 0x29, 0x66, 0x29, 0x66, 0x29,
    0x66, 0x29, 0x87, 0x31, 0x87, 0x29, 0x66, 0x29, 0x87, 0x31, 0x87, 0x31,
    0x66, 0x29, 0x86, 0x31, 0x66, 0x29, 0x66, 0x29, 0x87, 0x31, 0x87, 0x31,
    0x66, 0x29, 0x86, 0x29, 0x87, 0x31, 0x87, 0x31, 0x86, 0x29, 0x86, 0x29,
    0x66, 0x29, 0x86, 0x29, 0x87, 0x31, 0x87, 0x31, 0x86, 0x29, 0x66, 0x29,
    0x86, 0x29, 0x87, 0x29, 0x87, 0x31, 0x87, 0x31, 0x86, 0x29, 0x86, 0x31,
    0x87, 0x31, 0x87, 0x31, 0x86, 0x29, 0x87, 0x31, 0x87, 0x31, 0x87, 0x31,
    0x87, 0x31, 0x86, 0x29, 0x86, 0x31, 0x87, 0x31, 0x87, 0x29, 0xa7, 0x31,
    0x87, 0x31, 0xa7, 0x31, 0x87, 0x31, 0x86, 0x29, 0x87, 0x31, 0x87, 0x31,
    0x86, 0x31, 0x86, 0x31, 0x87, 0x31, 0x87, 0x29, 0x86, 0x29, 0x87, 0x31,
    0xa7, 0x31, 0x87, 0x31, 0xc8, 0x39, 0x09, 0x42, 0x08, 0x3a, 0xe8, 0x39,
    0x08, 0x3a, 0xe8, 0x39, 0x09, 0x42, 0xe9, 0x39, 0x09, 0x42, 0x08, 0x3a,
    0xe8, 0x39, 0xe9, 0x39, 0xe8, 0x39, 0x09, 0x42, 0xe8, 0x39, 0xe8, 0x39,
    0xe8, 0x39, 0xc8, 0x39, 0xe8, 0x39, 0xe9, 0x41, 0xe8, 0x39, 0xe8, 0x39,
    0xe8, 0x39, 0x09, 0x42, 0xe8, 0x39, 0xe9, 0x41, 0xe8, 0x39, 0x09, 0x42,
    0x08, 0x3a, 0x09, 0x42, 0xe8, 0x39, 0xe8, 0x39, 0xe8, 0x41, 0x09, 0x42,
    0x09, 0x3a, 0x08, 0x3a, 0xe8, 0x39, 0x09, 0x42, 0x08, 0x42, 0x08, 0x3a,
    0x09, 0x42, 0x08, 0x3a, 0x09, 0x3a, 0xe8, 0x39, 0x08, 0x3a, 0x08, 0x3a,
    0x09, 0x42, 0x08, 0x3a, 0x09, 0x3a, 0x09, 0x42, 0x08, 0x42, 0x09, 0x3a,
    0x29, 0x42, 0x09, 0x42, 0x09, 0x42, 0x29, 0x42, 0x09, 0x42, 0x08, 0x3a,
    0x09, 0x42, 0x09, 0x42, 0x09, 0x3a, 0x29, 0x42, 0x29, 0x42, 0x29, 0x42,
    0x09, 0x3a, 0x09, 0x42, 0x09, 0x42, 0x2a, 0x42, 0x29, 0x42, 0x29, 0x42,
    0x29, 0x42, 0x29, 0x42, 0x09, 0x42, 0x09, 0x42, 0x29, 0x42, 0x29, 0x42,
    0x2a, 0x4a, 0x29, 0x42, 0x29, 0x42, 0x29, 0x42, 0x29, 0x42, 0x4a, 0x4a,
    0x29, 0x42, 0x29, 0x42, 0x4a, 0x4a, 0x29, 0x42, 0x49, 0x4a, 0x29, 0x42,
    0x2a, 0x4a, 0x29, 0x42, 0x4a, 0x4a, 0x4a, 0x4a, 0x29, 0x42, 0x4a, 0x42,
    0x05, 0x21, 0x05, 0x21, 0x05, 0x21, 0x05, 0x19, 0x05, 0x21, 0x05, 0x21,
    0x25, 0x21, 0x05, 0x21, 0x25, 0x21, 0x25, 0x21, 0x05, 0x21, 0x25, 0x21,
    0x05, 0x21, 0x25, 0x21, 0x25, 0x21, 0x05, 0x21, 0x05, 0x21, 0x25, 0x21,
    0x25, 0x21, 0x25, 0x21, 0x25, 0x21, 0x25, 0x21, 0x26, 0x29, 0x25, 0x21,
    0x25, 0x21, 0x25, 0x21, 0x25, 0x21, 0x25, 0x21, 0x25, 0x21, 0x25, 0x21,
    0x25, 0x21, 0x67, 0x29, 0x46, 0x29, 0x66, 0x31, 0x67, 0x29, 0x66, 0x29,
    0x66, 0x31, 0x66, 0x29, 0x66, 0x29, 0x66, 0x29, 0x66, 0x29, 0x66, 0x29,
    0x87, 0x31, 0x66, 0x29, 0x66, 0x29, 0x66, 0x29, 0x66, 0x29, 0x66, 0x29,
    0x66, 0x29, 0x66, 0x29, 0x87, 0x29, 0x66, 0x29, 0x66, 0x31, 0x66, 0x29,
    0x87, 0x31, 0x86, 0x31, 0x67, 0x29, 0x66, 0x29, 0x87, 0x31, 0x66, 0x29,
    0x87, 0x31, 0x87, 0x31, 0x66, 0x29, 0x46, 0x29, 0x66, 0x29, 0x66, 0x29,
    0x46, 0x29, 0x66, 0x29, 0x66, 0x29, 0x66, 0x29, 0x66, 0x29, 0x66, 0x29,
    0x66, 0x29, 0x66, 0x29, 0x66, 0x29, 0x66, 0x29, 0x66, 0x29, 0x66, 0x29,
    0x66, 0x29, 0x66, 0x29, 0x66, 0x29, 0x66, 0x29, 0x87, 0x31, 0x66, 0x29,
    0x66, 0x29, 0x66, 0x29, 0x66, 0x29, 0x66, 0x29, 0x66, 0x29, 0x87, 0x31,
    0x66, 0x29, 0x66, 0x29, 0x86, 0x31, 0x87, 0x31, 0x87, 0x29, 0x66, 0x29,
    0x66, 0x29, 0x87, 0x31, 0x86, 0x31, 0x66, 0x29, 0x87, 0x31, 0x86, 0x29,
    0x66, 0x29, 0x87, 0x31, 0x87, 0x31, 0x67, 0x29, 0x87, 0x31, 0x87, 0x31,
    0x86, 0x29, 0x87, 0x31, 0x87, 0x31, 0x86, 0x29, 0x66, 0x29, 0x87, 0x31,
    0x66, 0x29, 0x87, 0x31, 0x86, 0x31, 0x87, 0x31, 0x87, 0x29, 0x86, 0x31,
    0x87, 0x31, 0x87, 0x31, 0xa7, 0x31, 0x86, 0x31, 0x87, 0x29, 0x87, 0x29,
    0x86, 0x29, 0x87, 0x31, 0x86, 0x31, 0x87, 0x31, 0xa7, 0x31, 0x86, 0x29,
    0x87, 0x31, 0xa7, 0x31, 0x87, 0x31, 0x66, 0x29, 0x86, 0x29, 0xa7, 0x31,
    0xa7, 0x31, 0x87, 0x31, 0xa7, 0x31, 0x86, 0x29, 0xa7, 0x31, 0xa7, 0x31,
    0x87, 0x31, 0xa7, 0x31, 0xa7, 0x31, 0xe8, 0x39, 0xe8, 0x39, 0x09, 0x42,
    0x09, 0x42, 0xe8, 0x39, 0x09, 0x42, 0xe8, 0x39, 0x08, 0x3a, 0xe8, 0x39,
    0x09, 0x42, 0xe8, 0x39, 0xe8, 0x39, 0x08, 0x3a, 0xe8, 0x39, 0xe8, 0x39,
    0xe8, 0x39, 0xe8, 0x39, 0xe8, 0x39, 0xe8, 0x39, 0xc8, 0x39, 0x08, 0x3a,
    0xe8, 0x39, 0xe8, 0x39, 0xe8, 0x39, 0xe8, 0x39, 0x09, 0x42, 0xe8, 0x39,
    0xe8, 0x39, 0xe8, 0x39, 0x09, 0x42, 0xe8, 0x39, 0x09, 0x3a, 0xe8, 0x41,
    0xe8, 0x39, 0x09, 0x3a, 0xe8, 0x41, 0x09, 0x42, 0x09, 0x3a, 0x08, 0x42,
    0x09, 0x42, 0x09, 0x42, 0x09, 0x42, 0x09, 0x42, 0x09, 0x42, 0x08, 0x3a,
    0x08, 0x3a, 0x09, 0x42, 0x29, 0x42, 0x08, 0x3a, 0x09, 0x42, 0x08, 0x42,
    0x09, 0x42, 0x29, 0x42, 0x08, 0x3a, 0x29, 0x42, 0x09, 0x42, 0x09, 0x42,
    0x29, 0x42, 0x29, 0x42, 0x29, 0x42, 0x09, 0x42, 0x29, 0x42, 0x09, 0x42,
    0x29, 0x42, 0x29, 0x42, 0x29, 0x42, 0x29, 0x42, 0x29, 0x42, 0x2a, 0x42,
    0x29, 0x42, 0x29, 0x42, 0x29, 0x42, 0x2a, 0x42, 0x29, 0x42, 0x29, 0x42,
    0x29, 0x42, 0x2a, 0x42, 0x29, 0x42, 0x29, 0x42, 0x29, 0x42, 0x2a, 0x4a,
    0x4a, 0x42, 0x4a, 0x4a, 0x29, 0x42, 0x4a, 0x42, 0x2a, 0x42, 0x49, 0x42,
    0x4a, 0x4a, 0x2a, 0x42, 0x49, 0x42, 0x2a, 0x42, 0x49, 0x4a, 0x4a, 0x4a,
    0x05, 0x21, 0x05, 0x21, 0x24, 0x21, 0x05, 0x19, 0x04, 0x21, 0x25, 0x21,
    0x05, 0x21, 0x05, 0x21, 0x25, 0x21, 0x05, 0x21, 0x04, 0x19, 0x25, 0x21,
    0x05, 0x21, 0x05, 0x21, 0x25, 0x21, 0x25, 0x21, 0x25, 0x21, 0x25, 0x21,
    0x25, 0x21, 0x25, 0x21, 0x25, 0x21, 0x05, 0x21, 0x25, 0x21, 0x25, 0x21,
    0x25, 0x21, 0x25, 0x21, 0x25, 0x21, 0x46, 0x29, 0x25, 0x21, 0x25, 0x29,
    0x46, 0x29, 0x46, 0x29, 0x66, 0x29, 0x66, 0x29, 0x66, 0x29, 0x67, 0x29,
    0x66, 0x29, 0x66, 0x29, 0x66, 0x29, 0x66, 0x29, 0x87, 0x31, 0x66, 0x29,
    0x66, 0x29, 0x66, 0x29, 0x66, 0x31, 0x67, 0x31, 0x66, 0x29, 0x66, 0x29,
    0x87, 0x31, 0x66, 0x29, 0x87, 0x31, 0x66, 0x29, 0x66, 0x29, 0x66, 0x29,
    0x66, 0x29, 0x67, 0x31, 0x87, 0x31, 0x66, 0x29, 0x66, 0x29, 0x86, 0x29,
    0x66, 0x29, 0x87, 0x31, 0x46, 0x29, 0x66, 0x29, 0x46, 0x29, 0x66, 0x29,
    0x66, 0x29, 0x46, 0x29, 0x66, 0x29, 0x66, 0x29, 0x66, 0x29, 0x66, 0x29,
    0x66, 0x29, 0x66, 0x29, 0x66, 0x29, 0x66, 0x29, 0x66, 0x29, 0x66, 0x31,
    0x66, 0x29, 0x66, 0x29, 0x66, 0x29, 0x66, 0x29, 0x66, 0x29, 0x66, 0x31,
    0x87, 0x31, 0x66, 0x29, 0x66, 0x29, 0x87, 0x31, 0x66, 0x29, 0x66, 0x29,
    0x87, 0x31, 0x66, 0x29, 0x66, 0x29, 0x86, 0x31, 0x66, 0x29, 0x87, 0x31,
    0x86, 0x29, 0x87, 0x29, 0x66, 0x29, 0x87, 0x31, 0x86, 0x29, 0x87, 0x31,
    0x66, 0x29, 0x86, 0x31, 0x86, 0x29, 0x66, 0x29, 0x87, 0x31, 0x86, 0x31,
    0x87, 0x29, 0x66, 0x29, 0x87, 0x31, 0x86, 0x29, 0x87, 0x31, 0x86, 0x29,
    0x87, 0x31, 0x66, 0x29, 0x87, 0x31, 0x87, 0x31, 0x87, 0x29, 0x87, 0x29,
    0x87, 0x31, 0x86, 0x29, 0x87, 0x29, 0x86, 0x31, 0x87, 0x31, 0x86, 0x31,
    0x87, 0x31, 0x87, 0x29, 0xa7, 0x31, 0x87, 0x31, 0xa7, 0x31, 0x86, 0x29,
    0x87, 0x31, 0x87, 0x31, 0xa7, 0x31, 0x87, 0x31, 0x87, 0x31, 0x87, 0x31,
    0x87, 0x29, 0x87, 0x29, 0x86, 0x29, 0x87, 0x31, 0x87, 0x31, 0x87, 0x31,
    0xa7, 0x31, 0x86, 0x29, 0xa7, 0x31, 0xc8, 0x39, 0x08, 0x3a, 0xe8, 0x39,
    0xe9, 0x41, 0xe8, 0x39, 0x08, 0x42, 0x09, 0x42, 0x09, 0x42, 0x09, 0x42,
    0x08, 0x42, 0x08, 0x3a, 0xe9, 0x41, 0x09, 0x42, 0x08, 0x3a, 0xe9, 0x41,
    0xe8, 0x39, 0xe8, 0x39, 0xe8, 0x39, 0xe8, 0x39, 0xe8, 0x39, 0xe8, 0x39,
    0xe8, 0x39, 0xe8, 0x39, 0xe8, 0x39, 0xe8, 0x39, 0xe8, 0x39, 0xe8, 0x39,
    0xe9, 0x41, 0xe8, 0x39, 0xe8, 0x39, 0xe8, 0x39, 0xe8, 0x39, 0xe8, 0x39,
    0x09, 0x42, 0xe8, 0x39, 0x08, 0x3a, 0x09, 0x42, 0xe8, 0x39, 0xe8, 0x39,
    0xe8, 0x39, 0x08, 0x3a, 0x09, 0x42, 0x08, 0x42, 0x09, 0x42, 0x09, 0x42,
    0xe8, 0x39, 0x09, 0x42, 0x08, 0x3a, 0x09, 0x42, 0x08, 0x3a, 0x09, 0x42,
    0x08, 0x3a, 0x09, 0x42, 0x08, 0x3a, 0x29, 0x42, 0x09, 0x42, 0x29, 0x42,
    0x09, 0x42, 0x09, 0x42, 0x09, 0x3a, 0x29, 0x42, 0x09, 0x42, 0x09, 0x42,
    0x29, 0x42, 0x09, 0x42, 0x09, 0x42, 0x29, 0x42, 0x2a, 0x42, 0x29, 0x42,
    0x29, 0x42, 0x29, 0x42, 0x29, 0x42, 0x09, 0x42, 0x29, 0x42, 0x29, 0x42,
    0x29, 0x42, 0x4a, 0x4a, 0x2a, 0x42, 0x4a, 0x4a, 0x2a, 0x42, 0x49, 0x42,
    0x4a, 0x4a, 0x29, 0x42, 0x29, 0x42, 0x4a, 0x4a, 0x29, 0x42, 0x4a, 0x42,
    0x4a, 0x4a, 0x49, 0x4a, 0x29, 0x42, 0x4a, 0x42, 0x29, 0x42, 0x4a, 0x4a,
    0x04, 0x19, 0x04, 0x19, 0x25, 0x21, 0x05, 0x21, 0x25, 0x21, 0x25, 0x21,
    0x25, 0x21, 0x04, 0x19, 0x25, 0x21, 0x05, 0x21, 0x25, 0x21, 0x25, 0x21,
    0x05, 0x21, 0x25, 0x21, 0x25, 0x21, 0x25, 0x21, 0x05, 0x21, 0x25, 0x21,
    0x25, 0x21, 0x25, 0x21, 0x25, 0x21, 0x25, 0x21, 0x25, 0x21, 0x25, 0x21,
    0x25, 0x21, 0x26, 0x29, 0x26, 0x29, 0x25, 0x21, 0x25, 0x21, 0x46, 0x21,
    0x25, 0x21, 0x25, 0x29, 0x66, 0x29, 0x66, 0x29, 0x66, 0x29, 0x66, 0x29,
    0x66, 0x29, 0x66, 0x29, 0x87, 0x31, 0x66, 0x29, 0x66, 0x29, 0x66, 0x31,
    0x66, 0x29, 0x67, 0x31, 0x66, 0x29, 0x66, 0x29, 0x87, 0x31, 0x66, 0x29,
    0x66, 0x29, 0x66, 0x29, 0x66, 0x29, 0x87, 0x31, 0x66, 0x29, 0x66, 0x29,
    0x86, 0x31, 0x66, 0x29, 0x87, 0x29, 0x87, 0x31, 0x86, 0x31, 0x87, 0x31,
    0x66, 0x29, 0x66, 0x29, 0x66, 0x29, 0x66, 0x29, 0x46, 0x29, 0x46, 0x29,
    0x66, 0x29, 0x66, 0x29, 0x66, 0x29, 0x46, 0x29, 0x66, 0x29, 0x66, 0x29,
    0x46, 0x29, 0x66, 0x29, 0x66, 0x29, 0x66, 0x29, 0x66, 0x31, 0x67, 0x29,
    0x66, 0x29, 0x66, 0x29, 0x67, 0x31, 0x66, 0x29, 0x66, 0x29, 0x66, 0x29,
    0x87, 0x31, 0x87, 0x31, 0x66, 0x29, 0x87, 0x31, 0x66, 0x29, 0x66, 0x29,
    0x66, 0x29, 0x67, 0x29, 0x87, 0x31, 0x87, 0x29, 0x87, 0x31, 0x66, 0x29,
    0x87, 0x31, 0x86, 0x31, 0x66, 0x29, 0x66, 0x29, 0x87, 0x31, 0x66, 0x29,
    0x67, 0x29, 0x87, 0x31, 0x86, 0x29, 0x66, 0x29, 0x86, 0x31, 0x87, 0x29,
    0x87, 0x31, 0x86, 0x31, 0x66, 0x29, 0x87, 0x31, 0x66, 0x29, 0x87, 0x31,
    0x86, 0x29, 0x86, 0x29, 0x86, 0x29, 0x87, 0x31, 0x86, 0x29, 0x87, 0x31,
    0x86, 0x31, 0x87, 0x29, 0x87, 0x31, 0x87, 0x31, 0xa7, 0x31, 0x87, 0x31,
    0x86, 0x29, 0x87, 0x31, 0x86, 0x29, 0xa7, 0x31, 0x87, 0x31, 0x87, 0x31,
    0x87, 0x31, 0xa7, 0x31, 0x86, 0x29, 0xa7, 0x31, 0x87, 0x31, 0x86, 0x29,
    0x87, 0x31, 0x87, 0x31, 0x86, 0x31, 0x87, 0x31, 0xa7, 0x31, 0x87, 0x29,
    0x86, 0x29, 0x87, 0x31, 0x87, 0x31, 0xa7, 0x31, 0x09, 0x42, 0x08, 0x3a,
    0x09, 0x3a, 0x08, 0x3a, 0xe8, 0x39, 0x09, 0x42, 0x08, 0x3a, 0xe8, 0x39,
    0xe9, 0x39, 0x08, 0x3a, 0xe8, 0x41, 0xe8, 0x39, 0xe8, 0x39, 0x09, 0x42,
    0xe8, 0x39, 0xe8, 0x39, 0xe8, 0x41, 0xe8, 0x39, 0xe9, 0x39, 0xe8, 0x39,
    0xe8, 0x39, 0xe9, 0x41, 0xe8, 0x39, 0xe8, 0x39, 0x09, 0x42, 0xe8, 0x39,
    0xe8, 0x39, 0xe8, 0x39, 0x09, 0x42, 0x09, 0x42, 0xe8, 0x39, 0xe8, 0x39,
    0xe8, 0x39, 0x09, 0x42, 0xe8, 0x39, 0xe8, 0x39, 0x09, 0x42, 0x08, 0x3a,
    0xe8, 0x39, 0x09, 0x42, 0x09, 0x42, 0x08, 0x3a, 0x08, 0x3a, 0x09, 0x42,
    0x09, 0x42, 0x09, 0x42, 0x09, 0x42, 0x08, 0x3a, 0x09, 0x42, 0x09, 0x42,
    0x29, 0x42, 0x09, 0x42, 0x09, 0x42, 0x08, 0x3a, 0x09, 0x42, 0x29, 0x42,
    0x08, 0x3a, 0x09, 0x42, 0x09, 0x42, 0x29, 0x42, 0x29, 0x42, 0x29, 0x42,
    0x29, 0x42, 0x29, 0x42, 0x09, 0x3a, 0x29, 0x42, 0x29, 0x42, 0x29, 0x42,
    0x09, 0x42, 0x2a, 0x42, 0x29, 0x42, 0x2a, 0x42, 0x09, 0x42, 0x29, 0x42,
    0x29, 0x42, 0x29, 0x42, 0x4a, 0x4a, 0x29, 0x42, 0x4a, 0x4a, 0x29, 0x42,
    0x29, 0x42, 0x4a, 0x4a, 0x29, 0x42, 0x4a, 0x4a, 0x29, 0x4a, 0x29, 0x42,
    0x4a, 0x4a, 0x29, 0x42, 0x29, 0x42, 0x2a, 0x4a, 0x4a, 0x4a, 0x29, 0x42,
    0x25, 0x21, 0x05, 0x21, 0x25, 0x21, 0x25, 0x21, 0x05, 0x21, 0x05, 0x21,
    0x04, 0x21, 0x05, 0x21, 0x25, 0x21, 0x25, 0x21, 0x05, 0x21, 0x25, 0x21,
    0x25, 0x21, 0x05, 0x21, 0x25, 0x21, 0x25, 0x21, 0x25, 0x21, 0x25, 0x21,
    0x25, 0x21, 0x25, 0x29, 0x25, 0x21, 0x25, 0x21, 0x25, 0x21, 0x25, 0x29,
    0x26, 0x21, 0x45, 0x21, 0x25, 0x21, 0x45, 0x21, 0x25, 0x21, 0x25, 0x21,
    0x25, 0x21, 0x46, 0x21, 0x46, 0x29, 0x66, 0x29, 0x66, 0x31, 0x66, 0x29,
    0x66, 0x29, 0x66, 0x29, 0x66, 0x29, 0x66, 0x29, 0x66, 0x29, 0x66, 0x29,
    0x66, 0x29, 0x66, 0x29, 0x87, 0x31, 0x86, 0x29, 0x67, 0x29, 0x86, 0x31,
    0x66, 0x29, 0x66, 0x29, 0x66, 0x29, 0x66, 0x29, 0x67, 0x31, 0x67, 0x29,
    0x66, 0x29, 0x66, 0x31, 0x66, 0x29, 0x87, 0x31, 0x87, 0x29, 0x66, 0x29,
    0x46, 0x29, 0x46, 0x29, 0x66, 0x29, 0x46, 0x29, 0x66, 0x29, 0x66, 0x29,
    0x46, 0x29, 0x66, 0x29, 0x46, 0x29, 0x66, 0x29, 0x46, 0x29, 0x46, 0x29,
    0x66, 0x29, 0x66, 0x29, 0x66, 0x29, 0x66, 0x29, 0x66, 0x29, 0x66, 0x29,
    0x87, 0x31, 0x66, 0x29, 0x66, 0x29, 0x66, 0x29, 0x66, 0x29, 0x66, 0x29,
    0x86, 0x29, 0x66, 0x29, 0x87, 0x31, 0x66, 0x29, 0x66, 0x29, 0x87, 0x31,
    0x87, 0x31, 0x66, 0x29, 0x87, 0x31, 0x86, 0x29, 0x66, 0x29, 0x66, 0x29,
    0x66, 0x29, 0x87, 0x31, 0x86, 0x29, 0x87, 0x31, 0x66, 0x29, 0x86, 0x29,
    0x66, 0x29, 0x67, 0x31, 0x87, 0x31, 0x87, 0x29, 0x86, 0x29, 0x66, 0x31,
    0x87, 0x31, 0x86, 0x29, 0x87, 0x31, 0x87, 0x31, 0x87, 0x31, 0x66, 0x29,
    0x87, 0x31, 0x87, 0x31, 0x87, 0x31, 0xa7, 0x31, 0x86, 0x29, 0x86, 0x31,
    0x87, 0x31, 0x86, 0x31, 0x87, 0x31, 0x86, 0x29, 0x87, 0x29, 0xa7, 0x31,
    0x87, 0x31, 0xa7, 0x31, 0x86, 0x31, 0xa7, 0x31, 0x87, 0x31, 0x87, 0x29,
    0x86, 0x31, 0xa7, 0x31, 0x87, 0x31, 0x87, 0x31, 0xa7, 0x31, 0x86, 0x29,
    0x86, 0x31, 0x86, 0x29, 0x87, 0x31, 0x86, 0x31, 0x87, 0x31, 0xa7, 0x31,
    0xa7, 0x31, 0x87, 0x31, 0xa7, 0x31, 0x87, 0x31, 0xe8, 0x39, 0xe8, 0x39,
    0x08, 0x42, 0x09, 0x3a, 0xe8, 0x39, 0xe8, 0x39, 0x08, 0x3a, 0xe8, 0x39,
    0xe9, 0x41, 0xe8, 0x39, 0x09, 0x3a, 0xe8, 0x39, 0x09, 0x42, 0xe8, 0x39,
    0xe8, 0x39, 0xe8, 0x39, 0xe8, 0x39, 0xe8, 0x39, 0xe8, 0x39, 0xe8, 0x41,
    0xe8, 0x39, 0xe8, 0x39, 0xe8, 0x39, 0xe8, 0x39, 0xe8, 0x39, 0xe8, 0x39,
    0x09, 0x42, 0xe8, 0x39, 0xe8, 0x39, 0x09, 0x3a, 0x08, 0x42, 0x09, 0x3a,
    0x09, 0x42, 0x08, 0x3a, 0xe8, 0x39, 0x09, 0x42, 0xe8, 0x39, 0xe8, 0x39,
    0x09, 0x42, 0x08, 0x3a, 0x09, 0x42, 0x09, 0x3a, 0x09, 0x42, 0x08, 0x3a,
    0xe8, 0x39, 0x09, 0x42, 0x09, 0x3a, 0x09, 0x42, 0x08, 0x42, 0x29, 0x42,
    0x09, 0x3a, 0x08, 0x42, 0x09, 0x42, 0x29, 0x42, 0x29, 0x42, 0x29, 0x42,
    0x09, 0x42, 0x09, 0x42, 0x29, 0x42, 0x29, 0x42, 0x09, 0x42, 0x29, 0x42,
    0x09, 0x3a, 0x09, 0x42, 0x29, 0x42, 0x09, 0x42, 0x29, 0x42, 0x29, 0x42,
    0x2a, 0x42, 0x29, 0x42, 0x09, 0x42, 0x29, 0x42, 0x29, 0x42, 0x2a, 0x42,
    0x2a, 0x4a, 0x29, 0x42, 0x29, 0x42, 0x4a, 0x4a, 0x4a, 0x4a, 0x29, 0x42,
    0x4a, 0x42, 0x4a, 0x4a, 0x29, 0x42, 0x4a, 0x4a, 0x4a, 0x42, 0x29, 0x42,
    0x4a, 0x4a, 0x4a, 0x42, 0x29, 0x42, 0x4a, 0x42, 0x49, 0x42, 0x4a, 0x4a,
    0x25, 0x21, 0x25, 0x21, 0x05, 0x21, 0x04, 0x21, 0x25, 0x21, 0x04, 0x19,
    0x05, 0x21, 0x25, 0x21, 0x25, 0x21, 0x05, 0x21, 0x25, 0x21, 0x25, 0x21,
    0x25, 0x21, 0x25, 0x21, 0x25, 0x21, 0x25, 0x21, 0x25, 0x21, 0x05, 0x21,
    0x25, 0x21, 0x05, 0x21, 0x25, 0x21, 0x25, 0x21, 0x26, 0x29, 0x25, 0x21,
    0x25, 0x21, 0x46, 0x29, 0x45, 0x29, 0x25, 0x21, 0x25, 0x21, 0x25, 0x29,
    0x46, 0x29, 0x46, 0x29, 0x46, 0x29, 0x66, 0x29, 0x66, 0x29, 0x66, 0x29,
    0x66, 0x29, 0x66, 0x29, 0x66, 0x31, 0x67, 0x29, 0x66, 0x29, 0x66, 0x31,
    0x66, 0x29, 0x66, 0x29, 0x66, 0x29, 0x67, 0x31, 0x66, 0x29, 0x66, 0x29,
    0x66, 0x29, 0x87, 0x31, 0x66, 0x31, 0x86, 0x31, 0x66, 0x29, 0x67, 0x29,
    0x86, 0x29, 0x87, 0x31, 0x66, 0x29, 0x87, 0x31, 0x66, 0x29, 0x46, 0x29,
    0x46, 0x29, 0x66, 0x29, 0x46, 0x29, 0x66, 0x29, 0x66, 0x29, 0x45, 0x21,
    0x66, 0x29, 0x66, 0x29, 0x66, 0x29, 0x66, 0x29, 0x66, 0x29, 0x66, 0x29,
    0x66, 0x29, 0x46, 0x29, 0x66, 0x29, 0x46, 0x29, 0x66, 0x29, 0x66, 0x29,
    0x66, 0x29, 0x66, 0x29, 0x66, 0x29, 0x66, 0x29, 0x66, 0x29, 0x87, 0x31,
    0x66, 0x29, 0x66, 0x29, 0x66, 0x29, 0x66, 0x29, 0x66, 0x29, 0x86, 0x29,
    0x66, 0x29, 0x86, 0x31, 0x66, 0x29, 0x87, 0x31, 0x86, 0x31, 0x86, 0x29,
    0x66, 0x29, 0x87, 0x31, 0x87, 0x31, 0x87, 0x31, 0x87, 0x31, 0x86, 0x29,
    0x86, 0x29, 0x86, 0x31, 0x87, 0x31, 0x86, 0x29, 0x87, 0x31, 0x86, 0x29,
    0x87, 0x31, 0x87, 0x29, 0x86, 0x29, 0x86, 0x29, 0x87, 0x31, 0xa7, 0x31,
    0x87, 0x31, 0x87, 0x31, 0x86, 0x29, 0x87, 0x31, 0xa7, 0x31, 0x87, 0x31,
    0x87, 0x29, 0x87, 0x31, 0x86, 0x29, 0x87, 0x31, 0x87, 0x31, 0xa7, 0x31,
    0x87, 0x31, 0xa7, 0x31, 0x87, 0x31, 0x87, 0x29, 0x87, 0x31, 0xa7, 0x31,
    0xa7, 0x31, 0x87, 0x31, 0xa7, 0x31, 0x87, 0x31, 0x87, 0x31, 0xa7, 0x31,
    0x87, 0x31, 0x87, 0x31, 0x87, 0x29, 0x87, 0x29, 0x87, 0x31, 0x87, 0x31,
    0x87, 0x31, 0x86, 0x31, 0x87, 0x31, 0x87, 0x31, 0xc7, 0x31, 0x08, 0x3a,
    0xe9, 0x41, 0x09, 0x42, 0xe8, 0x39, 0x09, 0x42, 0x09, 0x42, 0xe8, 0x39,
    0xe8, 0x39, 0x09, 0x42, 0x09, 0x42, 0xe8, 0x39, 0x09, 0x42, 0x08, 0x3a,
    0xe8, 0x39, 0xe8, 0x39, 0xc8, 0x39, 0xc8, 0x39, 0xe8, 0x39, 0xe8, 0x39,
    0xe8, 0x39, 0xe8, 0x39, 0xe8, 0x39, 0xe9, 0x41, 0xe8, 0x39, 0xe8, 0x39,
    0xe8, 0x39, 0xe8, 0x39, 0xe8, 0x39, 0xe8, 0x39, 0xe8, 0x39, 0xe8, 0x41,
    0xe8, 0x39, 0x09, 0x42, 0xe8, 0x39, 0xe8, 0x39, 0x09, 0x42, 0x09, 0x42,
    0x09, 0x3a, 0x08, 0x42, 0x09, 0x42, 0x08, 0x3a, 0x08, 0x42, 0x09, 0x3a,
    0x08, 0x3a, 0x09, 0x42, 0x08, 0x3a, 0x09, 0x42, 0x09, 0x42, 0x08, 0x3a,
    0x29, 0x42, 0x09, 0x42, 0x09, 0x42, 0x29, 0x42, 0x29, 0x42, 0x09, 0x3a,
    0x08, 0x42, 0x09, 0x42, 0x29, 0x42, 0x09, 0x42, 0x09, 0x3a, 0x29, 0x42,
    0x09, 0x42, 0x09, 0x42, 0x29, 0x42, 0x2a, 0x42, 0x09, 0x42, 0x09, 0x42,
    0x29, 0x42, 0x29, 0x42, 0x29, 0x42, 0x29, 0x42, 0x29, 0x4a, 0x2a, 0x42,
    0x29, 0x42, 0x29, 0x42, 0x29, 0x42, 0x4a, 0x4a, 0x49, 0x42, 0x29, 0x42,
    0x4a, 0x4a, 0x29, 0x42, 0x49, 0x42, 0x29, 0x42, 0x4a, 0x4a, 0x4a, 0x42,
    0x4a, 0x4a, 0x29, 0x42, 0x4a, 0x4a, 0x4a, 0x4a, 0x29, 0x42, 0x29, 0x42,
    0x05, 0x21, 0x25, 0x21, 0x25, 0x21, 0x05, 0x21, 0x25, 0x21, 0x25, 0x21,
    0x05, 0x19, 0x25, 0x21, 0x05, 0x21, 0x25, 0x21, 0x25, 0x21, 0x05, 0x21,
    0x05, 0x21, 0x04, 0x19, 0x25, 0x21, 0x25, 0x21, 0x25, 0x21, 0x25, 0x21,
    0x25, 0x21, 0x25, 0x21, 0x26, 0x21, 0x25, 0x21, 0x25, 0x21, 0x25, 0x21,
    0x25, 0x21, 0x25, 0x21, 0x25, 0x21, 0x26, 0x21, 0x25, 0x21, 0x46, 0x29,
    0x45, 0x21, 0x25, 0x21, 0x45, 0x21, 0x66, 0x29, 0x67, 0x29, 0x66, 0x29,
    0x66, 0x31, 0x66, 0x29, 0x66, 0x29, 0x67, 0x29, 0x66, 0x29, 0x66, 0x29,
    0x67, 0x29, 0x67, 0x31, 0x66, 0x29, 0x66, 0x29, 0x66, 0x29, 0x66, 0x29,
    0x87, 0x31, 0x66, 0x29, 0x87, 0x29, 0x87, 0x31, 0x66, 0x29, 0x66, 0x29,
    0x66, 0x31, 0x87, 0x29, 0x66, 0x29, 0x66, 0x29, 0x66, 0x29, 0x46, 0x29,
    0x66, 0x29, 0x66, 0x29, 0x45, 0x29, 0x66, 0x29, 0x66, 0x29, 0x46, 0x29,
    0x46, 0x29, 0x66, 0x29, 0x66, 0x29, 0x46, 0x29, 0x66, 0x29, 0x66, 0x29,
    0x66, 0x29, 0x66, 0x29, 0x66, 0x29, 0x66, 0x29, 0x66, 0x29, 0x66, 0x29,
    0x66, 0x29, 0x66, 0x29, 0x66, 0x29, 0x67, 0x31, 0x66, 0x29, 0x66, 0x29,
    0x87, 0x31, 0x66, 0x29, 0x66, 0x29, 0x87, 0x31, 0x66, 0x29, 0x66, 0x29,
    0x87, 0x31, 0x87, 0x29, 0x66, 0x29, 0x66, 0x29, 0x66, 0x29, 0x67, 0x29,
    0x66, 0x29, 0x87, 0x31, 0x86, 0x29, 0x86, 0x29, 0x66, 0x29, 0x87, 0x31,
    0x67, 0x29, 0x66, 0x29, 0x87, 0x31, 0x66, 0x29, 0x87, 0x31, 0x87, 0x31,
    0x87, 0x29, 0x66, 0x31, 0x86, 0x31, 0x87, 0x29, 0x86, 0x29, 0x87, 0x31,
    0x87, 0x31, 0x86, 0x31, 0x87, 0x31, 0x87, 0x29, 0x86, 0x31, 0x87, 0x31,
    0x87, 0x29, 0x86, 0x31, 0x87, 0x31, 0x87, 0x31, 0xa7, 0x31, 0xa7, 0x31,
    0x86, 0x29, 0x87, 0x31, 0x86, 0x29, 0xa7, 0x31, 0x87, 0x31, 0x86, 0x31,
    0x87, 0x29, 0xa7, 0x31, 0xa7, 0x31, 0x86, 0x31, 0x87, 0x29, 0xa7, 0x31,
    0xa7, 0x31, 0x87, 0x31, 0x86, 0x31, 0x87, 0x31, 0x86, 0x31, 0xa7, 0x31,
    0x86, 0x29, 0x87, 0x29, 0xa7, 0x31, 0xa7, 0x31, 0xa7, 0x31, 0xe8, 0x39,
    0x09, 0x42, 0xe8, 0x39, 0x08, 0x3a, 0xe8, 0x39, 0xe9, 0x41, 0x09, 0x42,
    0x08, 0x3a, 0x08, 0x42, 0x08, 0x3a, 0x09, 0x42, 0x08, 0x3a, 0xe8, 0x41,
    0xc8, 0x39, 0xc8, 0x39, 0xe8, 0x39, 0xe8, 0x39, 0xe8, 0x39, 0xe8, 0x39,
    0xe8, 0x39, 0xe9, 0x41, 0xe8, 0x39, 0xe8, 0x39, 0xe8, 0x39, 0xe8, 0x39,
    0xe8, 0x39, 0xe8, 0x41, 0xe9, 0x39, 0xe8, 0x39, 0x09, 0x42, 0xe8, 0x39,
    0xe8, 0x39, 0x09, 0x42, 0x09, 0x42, 0x08, 0x3a, 0x08, 0x3a, 0xe8, 0x39,
    0x09, 0x42, 0x09, 0x42, 0x08, 0x3a, 0xe8, 0x39, 0x09, 0x42, 0x09, 0x42,
    0x09, 0x42, 0x09, 0x42, 0x09, 0x42, 0x08, 0x3a, 0x09, 0x42, 0x29, 0x42,
    0x08, 0x3a, 0x09, 0x42, 0x09, 0x42, 0x08, 0x3a, 0x09, 0x42, 0x09, 0x42,
    0x29, 0x42, 0x29, 0x42, 0x09, 0x42, 0x29, 0x42, 0x29, 0x42, 0x09, 0x42,
    0x29, 0x42, 0x09, 0x42, 0x29, 0x42, 0x29, 0x42, 0x29, 0x42, 0x29, 0x42,
    0x29, 0x42, 0x29, 0x42, 0x2a, 0x42, 0x2a, 0x42, 0x4a, 0x4a, 0x49, 0x4a,
    0x29, 0x42, 0x2a, 0x42, 0x4a, 0x4a, 0x4a, 0x4a, 0x29, 0x42, 0x2a, 0x42,
    0x4a, 0x4a, 0x4a, 0x4a, 0x29, 0x42, 0x2a, 0x42, 0x29, 0x42, 0x49, 0x4a,
    0x29, 0x42, 0x4a, 0x4a, 0x4a, 0x42, 0x29, 0x42, 0x4a, 0x4a, 0x4a, 0x4a,
    0x25, 0x21, 0x05, 0x21, 0x25, 0x21, 0x25, 0x21, 0x45, 0x21, 0x05, 0x21,
    0x25, 0x21, 0x04, 0x19, 0x25, 0x21, 0x25, 0x21, 0x25, 0x21, 0x25, 0x21,
    0x05, 0x21, 0x25, 0x21, 0x25, 0x21, 0x25, 0x21, 0x25, 0x21, 0x05, 0x21,
    0x25, 0x21, 0x46, 0x29, 0x25, 0x21, 0x25, 0x21, 0x25, 0x21, 0x25, 0x21,
    0x26, 0x21, 0x25, 0x21, 0x25, 0x21, 0x46, 0x29, 0x25, 0x21, 0x25, 0x21,
    0x46, 0x29, 0x25, 0x21, 0x45, 0x29, 0x66, 0x29, 0x66, 0x29, 0x66, 0x29,
    0x66, 0x29, 0x67, 0x31, 0x66, 0x29, 0x66, 0x31, 0x66, 0x29, 0x66, 0x31,
    0x66, 0x29, 0x87, 0x31, 0x66, 0x29, 0x66, 0x29, 0x66, 0x29, 0x67, 0x29,
    0x86, 0x31, 0x67, 0x29, 0x66, 0x29, 0x87, 0x31, 0x67, 0x31, 0x87, 0x31,
    0x66, 0x29, 0x87, 0x31, 0x66, 0x29, 0x66, 0x29, 0x46, 0x29, 0x46, 0x29,
    0x66, 0x29, 0x46, 0x29, 0x46, 0x29, 0x66, 0x29, 0x46, 0x29, 0x46, 0x29,
    0x66, 0x29, 0x66, 0x29, 0x66, 0x29, 0x66, 0x29, 0x66, 0x29, 0x46, 0x29,
    0x66, 0x29, 0x66, 0x29, 0x66, 0x29, 0x66, 0x29, 0x66, 0x31, 0x87, 0x31,
    0x66, 0x29, 0x67, 0x29, 0x66, 0x29, 0x66, 0x29, 0x66, 0x29, 0x66, 0x29,
    0x87, 0x31, 0x66, 0x29, 0x66, 0x29, 0x87, 0x31, 0x66, 0x29, 0x87, 0x31,
    0x86, 0x29, 0x66, 0x29, 0x87, 0x31, 0x66, 0x29, 0x87, 0x31, 0x86, 0x31,
    0x87, 0x31, 0x66, 0x29, 0x87, 0x31, 0x86, 0x29, 0x86, 0x31, 0x87, 0x31,
    0x87, 0x31, 0x87, 0x31, 0x87, 0x31, 0x87, 0x31, 0x86, 0x29, 0x87, 0x31,
    0x87, 0x31, 0x86, 0x31, 0x87, 0x31, 0x87, 0x31, 0x87, 0x31, 0x86, 0x29,
    0x86, 0x29, 0x87, 0x31, 0x87, 0x29, 0x87, 0x31, 0x86, 0x29, 0x86, 0x29,
    0x87, 0x31, 0x86, 0x31, 0xa7, 0x31, 0x86, 0x29, 0xa7, 0x31, 0x87, 0x31,
    0xa7, 0x31, 0x87, 0x31, 0x87, 0x31, 0x87, 0x31, 0x86, 0x29, 0xa7, 0x31,
    0x87, 0x31, 0x86, 0x31, 0x87, 0x29, 0xa7, 0x31, 0x87, 0x31, 0x87, 0x31,
    0xa7, 0x31, 0x86, 0x29, 0xa7, 0x31, 0x87, 0x31, 0x87, 0x29, 0xa7, 0x31,
    0x87, 0x31, 0xa7, 0x31, 0x87, 0x31, 0x87, 0x31, 0xa7, 0x31, 0xc7, 0x31,
    0x09, 0x42, 0x09, 0x42, 0x09, 0x42, 0x08, 0x3a, 0x08, 0x3a, 0x08, 0x3a,
    0x09, 0x42, 0x08, 0x3a, 0xe8, 0x39, 0xe9, 0x39, 0x08, 0x3a, 0x09, 0x42,
    0xe8, 0x39, 0xe8, 0x39, 0xc8, 0x39, 0xe8, 0x39, 0xe8, 0x39, 0xc8, 0x39,
    0xe8, 0x39, 0xe8, 0x39, 0xe8, 0x39, 0xe8, 0x39, 0xe8, 0x39, 0x09, 0x42,
    0xe8, 0x39, 0xe8, 0x39, 0x09, 0x42, 0xe8, 0x39, 0x08, 0x3a, 0xe8, 0x39,
    0xe8, 0x39, 0xe8, 0x39, 0x09, 0x42, 0x09, 0x42, 0x09, 0x42, 0xe8, 0x39,
    0xe8, 0x39, 0x09, 0x42, 0x08, 0x3a, 0x09, 0x42, 0xe8, 0x39, 0x08, 0x3a,
    0x09, 0x42, 0x08, 0x3a, 0x09, 0x42, 0x08, 0x42, 0x09, 0x3a, 0x29, 0x42,
    0x09, 0x42, 0x29, 0x42, 0x29, 0x42, 0x09, 0x42, 0x08, 0x42, 0x29, 0x42,
    0x09, 0x42, 0x08, 0x3a, 0x29, 0x42, 0x09, 0x42, 0x29, 0x42, 0x29, 0x42,
    0x09, 0x3a, 0x09, 0x42, 0x29, 0x42, 0x09, 0x42, 0x29, 0x42, 0x29, 0x42,
    0x29, 0x42, 0x2a, 0x42, 0x29, 0x4a, 0x49, 0x42, 0x29, 0x42, 0x29, 0x42,
    0x4a, 0x42, 0x4a, 0x4a, 0x29, 0x42, 0x4a, 0x42, 0x29, 0x42, 0x4a, 0x4a,
    0x29, 0x42, 0x4a, 0x4a, 0x29, 0x42, 0x4a, 0x4a, 0x4a, 0x42, 0x4a, 0x4a,
    0x29, 0x42, 0x4a, 0x4a, 0x49, 0x4a, 0x4a, 0x42, 0x4a, 0x4a, 0x4a, 0x4a,
    0x25, 0x21, 0x25, 0x21, 0x25, 0x21, 0x25, 0x21, 0x25, 0x21, 0x25, 0x21,
    0x25, 0x21, 0x25, 0x21, 0x25, 0x21, 0x25, 0x21, 0x25, 0x21, 0x25, 0x21,
    0x25, 0x21, 0x05, 0x21, 0x25, 0x21, 0x25, 0x21, 0x25, 0x21, 0x25, 0x21,
    0x25, 0x21, 0x25, 0x21, 0x25, 0x21, 0x25, 0x29, 0x25, 0x21, 0x25, 0x21,
    0x46, 0x29, 0x46, 0x29, 0x25, 0x29, 0x45, 0x21, 0x25, 0x21, 0x46, 0x29,
    0x25, 0x21, 0x46, 0x29, 0x25, 0x21, 0x46, 0x29, 0x66, 0x29, 0x66, 0x29,
    0x66, 0x29, 0x66, 0x29, 0x66, 0x29, 0x66, 0x29, 0x67, 0x31, 0x67, 0x29,
    0x66, 0x29, 0x66, 0x29, 0x87, 0x31, 0x86, 0x31, 0x66, 0x29, 0x87, 0x31,
    0x86, 0x31, 0x66, 0x29, 0x86, 0x31, 0x66, 0x29, 0x66, 0x29, 0x66, 0x29,
    0x87, 0x31, 0x86, 0x31, 0x46, 0x29, 0x66, 0x29, 0x66, 0x29, 0x66, 0x29,
    0x66, 0x29, 0x66, 0x29, 0x46, 0x29, 0x66, 0x29, 0x66, 0x29, 0x66, 0x29,
    0x66, 0x29, 0x66, 0x29, 0x66, 0x29, 0x66, 0x29, 0x66, 0x29, 0x66, 0x29,
    0x66, 0x29, 0x66, 0x29, 0x66, 0x29, 0x66, 0x29, 0x66, 0x29, 0x66, 0x29,
    0x66, 0x29, 0x66, 0x29, 0x66, 0x31, 0x66, 0x29, 0x87, 0x31, 0x66, 0x29,
    0x66, 0x29, 0x87, 0x31, 0x87, 0x31, 0x66, 0x29, 0x66, 0x29, 0x87, 0x31,
    0x66, 0x29, 0x66, 0x29, 0x87, 0x31, 0x86, 0x29, 0x87, 0x31, 0x66, 0x29,
    0x66, 0x29, 0x86, 0x29, 0x87, 0x31, 0x67, 0x29, 0x66, 0x29, 0x87, 0x31,
    0x86, 0x29, 0x86, 0x29, 0x86, 0x29, 0x86, 0x29, 0x86, 0x31, 0x86, 0x29,
    0x87, 0x29, 0x86, 0x29, 0x66, 0x29, 0x87, 0x31, 0x87, 0x31, 0x87, 0x31,
    0x87, 0x29, 0x87, 0x31, 0xa7, 0x31, 0x86, 0x31, 0x87, 0x31, 0x87, 0x31,
    0x87, 0x29, 0x87, 0x31, 0x87, 0x31, 0x86, 0x29, 0xa7, 0x31, 0x87, 0x31,
    0xa7, 0x31, 0x87, 0x31, 0x86, 0x29, 0xa7, 0x31, 0x87, 0x31, 0xa7, 0x31,
    0xa7, 0x31, 0xa7, 0x31, 0x87, 0x31, 0x87, 0x31, 0xa7, 0x31, 0x86, 0x31,
    0x87, 0x31, 0xa7, 0x31, 0x87, 0x31, 0xa7, 0x31, 0x87, 0x29, 0x86, 0x31,
    0x86, 0x31, 0x87, 0x31, 0xa7, 0x31, 0x87, 0x31, 0x87, 0x31, 0xa7, 0x31,
    0xe8, 0x39, 0x08, 0x3a, 0x09, 0x42, 0xe8, 0x39, 0xe8, 0x39, 0xe9, 0x41,
    0xe8, 0x39, 0x09, 0x42, 0x09, 0x42, 0x09, 0x42, 0xe8, 0x39, 0x08, 0x3a,
    0xc8, 0x39, 0xe8, 0x39, 0xc8, 0x39, 0xe8, 0x39, 0x09, 0x3a, 0xe8, 0x39,
    0xe8, 0x39, 0xe8, 0x39, 0xe8, 0x39, 0xe9, 0x39, 0xe8, 0x39, 0xe8, 0x39,
    0xe8, 0x39, 0xe8, 0x39, 0xe8, 0x39, 0xe8, 0x39, 0xe8, 0x39, 0xe9, 0x39,
    0xe8, 0x39, 0xe8, 0x39, 0xe8, 0x39, 0x09, 0x3a, 0xe8, 0x39, 0x08, 0x42,
    0x08, 0x3a, 0x09, 0x3a, 0x09, 0x42, 0x08, 0x42, 0x09, 0x42, 0x08, 0x3a,
    0x08, 0x3a, 0x09, 0x42, 0x09, 0x42, 0x08, 0x3a, 0x29, 0x42, 0x09, 0x42,
    0x09, 0x42, 0x08, 0x3a, 0x29, 0x42, 0x09, 0x3a, 0x08, 0x3a, 0x29, 0x42,
    0x09, 0x42, 0x08, 0x3a, 0x29, 0x42, 0x29, 0x42, 0x09, 0x3a, 0x09, 0x42,
    0x29, 0x42, 0x29, 0x42, 0x09, 0x42, 0x09, 0x42, 0x2a, 0x42, 0x29, 0x42,
    0x2a, 0x4a, 0x4a, 0x4a, 0x29, 0x42, 0x29, 0x42, 0x2a, 0x4a, 0x4a, 0x4a,
    0x4a, 0x42, 0x29, 0x42, 0x29, 0x42, 0x49, 0x4a, 0x29, 0x42, 0x4a, 0x4a,
    0x4a, 0x42, 0x29, 0x42, 0x29, 0x42, 0x4a, 0x4a, 0x49, 0x42, 0x29, 0x42,
    0x29, 0x42, 0x4a, 0x42, 0x4a, 0x4a, 0x4a, 0x4a, 0x4a, 0x42, 0x4a, 0x4a,
    0x25, 0x21, 0x25, 0x21, 0x25, 0x21, 0x25, 0x21, 0x25, 0x21, 0x25, 0x21,
    0x25, 0x21, 0x25, 0x21, 0x25, 0x21, 0x25, 0x21, 0x25, 0x21, 0x05, 0x21,
    0x25, 0x21, 0x25, 0x21, 0x25, 0x21, 0x25, 0x21, 0x05, 0x21, 0x25, 0x21,
    0x25, 0x21, 0x25, 0x21, 0x25, 0x21, 0x25, 0x21, 0x25, 0x21, 0x26, 0x29,
    0x25, 0x21, 0x25, 0x21, 0x45, 0x21, 0x25, 0x21, 0x26, 0x29, 0x46, 0x21,
    0x46, 0x29, 0x25, 0x21, 0x46, 0x29, 0x46, 0x29, 0x66, 0x29, 0x66, 0x29,
    0x67, 0x31, 0x66, 0x29, 0x66, 0x29, 0x66, 0x29, 0x87, 0x31, 0x66, 0x29,
    0x86, 0x29, 0x66, 0x29, 0x66, 0x29, 0x87, 0x31, 0x66, 0x29, 0x66, 0x29,
    0x66, 0x29, 0x87, 0x31, 0x67, 0x29, 0x66, 0x29, 0x87, 0x31, 0x66, 0x29,
    0x66, 0x29, 0x66, 0x29, 0x45, 0x29, 0x46, 0x29, 0x66, 0x29, 0x46, 0x29,
    0x66, 0x29, 0x66, 0x29, 0x66, 0x29, 0x46, 0x29, 0x66, 0x29, 0x66, 0x29,
    0x46, 0x29, 0x66, 0x29, 0x66, 0x29, 0x66, 0x29, 0x66, 0x29, 0x66, 0x29,
    0x66, 0x29, 0x67, 0x31, 0x66, 0x29, 0x67, 0x29, 0x66, 0x29, 0x66, 0x29,
    0x67, 0x29, 0x87, 0x31, 0x86, 0x31, 0x87, 0x29, 0x87, 0x31, 0x66, 0x29,
    0x66, 0x29, 0x66, 0x29, 0x66, 0x29, 0x66, 0x29, 0x66, 0x29, 0x87, 0x31,
    0x87, 0x31, 0x66, 0x29, 0x66, 0x29, 0x87, 0x31, 0x66, 0x29, 0x87, 0x31,
    0x86, 0x29, 0x87, 0x31, 0x87, 0x31, 0x86, 0x29, 0x66, 0x29, 0x87, 0x31,
    0x86, 0x29, 0x86, 0x29, 0x87, 0x31, 0x87, 0x31, 0x87, 0x29, 0x66, 0x31,
    0x66, 0x29, 0x87, 0x31, 0xa7, 0x31, 0x87, 0x31, 0x86, 0x29, 0x87, 0x31,
    0x86, 0x31, 0x87, 0x31, 0x86, 0x29, 0x86, 0x29, 0x87, 0x31, 0x87, 0x31,
    0x86, 0x29, 0x87, 0x31, 0xa7, 0x31, 0x87, 0x31, 0x87, 0x31, 0x86, 0x31,
    0x87, 0x29, 0x86, 0x31, 0xa7, 0x31, 0xa7, 0x31, 0x87, 0x31, 0x86, 0x29,
    0x87, 0x31, 0xa7, 0x31, 0xa7, 0x31, 0xa7, 0x31, 0x86, 0x29, 0xa7, 0x31,
    0x87, 0x31, 0xa7, 0x31, 0xa7, 0x31, 0x87, 0x31, 0x87, 0x31, 0x87, 0x31,
    0xa7, 0x31, 0xa7, 0x29, 0xa7, 0x31, 0xa7, 0x31, 0xa7, 0x31, 0xa7, 0x31,
    0xc8, 0x39, 0x09, 0x42, 0x09, 0x42, 0x08, 0x42, 0xe9, 0x39, 0xe8, 0x39,
    0x09, 0x42, 0x08, 0x3a, 0x08, 0x42, 0x09, 0x42, 0x09, 0x3a, 0xe8, 0x39,
    0xc8, 0x39, 0xe8, 0x39, 0xe8, 0x39, 0xe8, 0x39, 0xe8, 0x39, 0xc8, 0x39,
    0xe8, 0x39, 0xe8, 0x39, 0xe9, 0x41, 0xe8, 0x39, 0xe8, 0x41, 0xe8, 0x39,
    0xe8, 0x39, 0xe8, 0x39, 0xe9, 0x41, 0xe8, 0x39, 0xe8, 0x41, 0xe8, 0x39,
    0x09, 0x42, 0x09, 0x42, 0x09, 0x42, 0x08, 0x3a, 0xe8, 0x39, 0xe9, 0x41,
    0x09, 0x42, 0x09, 0x42, 0xe8, 0x39, 0xe8, 0x39, 0x09, 0x42, 0x09, 0x42,
    0x08, 0x3a, 0x09, 0x42, 0x08, 0x3a, 0x09, 0x42, 0x08, 0x42, 0x09, 0x42,
    0x08, 0x3a, 0x08, 0x3a, 0x09, 0x42, 0x09, 0x42, 0x09, 0x42, 0x29, 0x42,
    0x09, 0x42, 0x09, 0x42, 0x29, 0x42, 0x09, 0x42, 0x09, 0x42, 0x29, 0x42,
    0x29, 0x42, 0x09, 0x42, 0x29, 0x42, 0x29, 0x42, 0x2a, 0x42, 0x29, 0x42,
    0x29, 0x42, 0x29, 0x42, 0x29, 0x42, 0x4a, 0x42, 0x29, 0x42, 0x29, 0x4a,
    0x29, 0x42, 0x4a, 0x4a, 0x2a, 0x4a, 0x4a, 0x42, 0x29, 0x42, 0x29, 0x42,
    0x4a, 0x4a, 0x29, 0x42, 0x4a, 0x4a, 0x4a, 0x4a, 0x2a, 0x42, 0x4a, 0x4a,
    0x4a, 0x4a, 0x29, 0x42, 0x4a, 0x4a, 0x4a, 0x4a, 0x49, 0x42, 0x4a, 0x4a,
    0x25, 0x21, 0x25, 0x21, 0x25, 0x21, 0x25, 0x21, 0x26, 0x21, 0x25, 0x21,
    0x25, 0x21, 0x25, 0x21, 0x25, 0x21, 0x25, 0x21, 0x25, 0x21, 0x25, 0x21,
    0x25, 0x21, 0x25, 0x21, 0x25, 0x21, 0x25, 0x21, 0x25, 0x21, 0x25, 0x21,
    0x25, 0x21, 0x26, 0x29, 0x25, 0x21, 0x46, 0x21, 0x25, 0x21, 0x25, 0x21,
    0x45, 0x29, 0x26, 0x21, 0x46, 0x21, 0x45, 0x29, 0x25, 0x21, 0x46, 0x29,
    0x45, 0x21, 0x25, 0x21, 0x46, 0x29, 0x45, 0x21, 0x46, 0x29, 0x67, 0x31,
    0x66, 0x29, 0x87, 0x31, 0x66, 0x29, 0x66, 0x31, 0x66, 0x29, 0x87, 0x31,
    0x66, 0x29, 0x66, 0x29, 0x67, 0x31, 0x86, 0x29, 0x87, 0x29, 0x66, 0x29,
    0x66, 0x29, 0x66, 0x29, 0x67, 0x31, 0x86, 0x29, 0x66, 0x29, 0x66, 0x29,
    0x66, 0x29, 0x66, 0x29, 0x46, 0x29, 0x46, 0x21, 0x46, 0x29, 0x66, 0x29,
    0x46, 0x29, 0x66, 0x29, 0x46, 0x29, 0x66, 0x29, 0x66, 0x29, 0x66, 0x29,
    0x66, 0x29, 0x46, 0x29, 0x66, 0x29, 0x66, 0x29, 0x66, 0x29, 0x66, 0x29,
    0x66, 0x29, 0x66, 0x29, 0x66, 0x29, 0x66, 0x29, 0x67, 0x29, 0x66, 0x29,
    0x66, 0x29, 0x66, 0x29, 0x66, 0x29, 0x66, 0x29, 0x66, 0x29, 0x66, 0x29,
    0x87, 0x31, 0x66, 0x29, 0x86, 0x29, 0x66, 0x29, 0x66, 0x29, 0x66, 0x29,
    0x87, 0x31, 0x86, 0x31, 0x87, 0x29, 0x87, 0x31, 0x66, 0x29, 0x86, 0x31,
    0x87, 0x31, 0x87, 0x29, 0x66, 0x29, 0x86, 0x31, 0x87, 0x31, 0x86, 0x29,
    0x87, 0x31, 0x87, 0x31, 0x87, 0x31, 0x87, 0x31, 0x87, 0x31, 0x66, 0x29,
    0x87, 0x31, 0x87, 0x31, 0x87, 0x29, 0x86, 0x31, 0x87, 0x31, 0x87, 0x29,
    0x87, 0x31, 0x86, 0x31, 0xa7, 0x31, 0x87, 0x31, 0x87, 0x29, 0x86, 0x31,
    0x87, 0x31, 0xa7, 0x31, 0x87, 0x31, 0x86, 0x29, 0x87, 0x31, 0x87, 0x29,
    0x86, 0x29, 0xa7, 0x31, 0x87, 0x31, 0xa7, 0x31, 0xa7, 0x31, 0xa7, 0x31,
    0x87, 0x31, 0xa7, 0x31, 0x87, 0x31, 0xa7, 0x31, 0xa7, 0x31, 0xa7, 0x31,
    0xa7, 0x31, 0x87, 0x31, 0xa7, 0x31, 0xa7, 0x31, 0x86, 0x29, 0xa7, 0x31,
    0x87, 0x31, 0xa7, 0x31, 0x86, 0x31, 0xa7, 0x31, 0xa7, 0x31, 0xa7, 0x31,
    0xa7, 0x31, 0xe8, 0x39, 0x08, 0x3a, 0x09, 0x42, 0x09, 0x42, 0x08, 0x3a,
    0x29, 0x42, 0xe8, 0x39, 0x08, 0x3a, 0x09, 0x42, 0x09, 0x42, 0x09, 0x42,
    0xc8, 0x39, 0xe8, 0x39, 0xe8, 0x39, 0xe8, 0x39, 0xc8, 0x39, 0xe8, 0x39,
    0xe8, 0x39, 0xe8, 0x39, 0xe8, 0x39, 0xe8, 0x39, 0x09, 0x3a, 0xe8, 0x39,
    0xe8, 0x39, 0xe8, 0x39, 0x09, 0x3a, 0x09, 0x42, 0x08, 0x3a, 0xe8, 0x39,
    0xe8, 0x39, 0x08, 0x42, 0x08, 0x3a, 0x09, 0x42, 0x09, 0x42, 0x08, 0x3a,
    0x08, 0x3a, 0xe8, 0x39, 0xe8, 0x39, 0x09, 0x42, 0x09, 0x3a, 0x08, 0x3a,
    0x09, 0x42, 0x08, 0x3a, 0x09, 0x42, 0x08, 0x3a, 0x09, 0x42, 0x09, 0x3a,
    0x29, 0x42, 0x09, 0x42, 0x09, 0x42, 0x29, 0x42, 0x08, 0x3a, 0x29, 0x42,
    0x09, 0x3a, 0x09, 0x42, 0x09, 0x42, 0x08, 0x3a, 0x29, 0x42, 0x29, 0x42,
    0x09, 0x42, 0x29, 0x42, 0x2a, 0x42, 0x29, 0x42, 0x4a, 0x4a, 0x29, 0x42,
    0x4a, 0x42, 0x29, 0x42, 0x4a, 0x4a, 0x4a, 0x4a, 0x29, 0x42, 0x4a, 0x42,
    0x29, 0x42, 0x4a, 0x4a, 0x4a, 0x4a, 0x49, 0x42, 0x4a, 0x42, 0x4a, 0x4a,
    0x4a, 0x4a, 0x4a, 0x42, 0x4a, 0x4a, 0x49, 0x42, 0x4a, 0x4a, 0x4a, 0x4a,
    0x4a, 0x4a, 0x4a, 0x4a, 0x4a, 0x42, 0x49, 0x42, 0x4a, 0x4a, 0x4a, 0x4a,
    0x25, 0x21, 0x25, 0x21, 0x05, 0x21, 0x25, 0x29, 0x25, 0x21, 0x25, 0x21,
    0x25, 0x21, 0x26, 0x29, 0x25, 0x21, 0x25, 0x21, 0x25, 0x21, 0x25, 0x21,
    0x25, 0x21, 0x05, 0x21, 0x25, 0x21, 0x25, 0x21, 0x05, 0x21, 0x25, 0x21,
    0x25, 0x21, 0x25, 0x21, 0x25, 0x29, 0x25, 0x21, 0x25, 0x21, 0x46, 0x29,
    0x45, 0x21, 0x25, 0x29, 0x25, 0x21, 0x25, 0x21, 0x46, 0x29, 0x45, 0x29,
    0x25, 0x21, 0x25, 0x21, 0x25, 0x21, 0x46, 0x29, 0x46, 0x29, 0x66, 0x29,
    0x66, 0x29, 0x66, 0x29, 0x66, 0x29, 0x66, 0x29, 0x66, 0x29, 0x66, 0x29,
    0x66, 0x29, 0x66, 0x29, 0x87, 0x31, 0x86, 0x31, 0x87, 0x31, 0x66, 0x29,
    0x66, 0x31, 0x87, 0x31, 0x66, 0x29, 0x87, 0x31, 0x86, 0x31, 0x66, 0x29,
    0x46, 0x29, 0x46, 0x29, 0x66, 0x29, 0x66, 0x29, 0x46, 0x29, 0x66, 0x29,
    0x66, 0x29, 0x66, 0x29, 0x66, 0x29, 0x66, 0x29, 0x66, 0x29, 0x66, 0x29,
    0x66, 0x29, 0x66, 0x29, 0x46, 0x29, 0x46, 0x29, 0x66, 0x29, 0x46, 0x29,
    0x66, 0x29, 0x66, 0x29, 0x66, 0x29, 0x66, 0x29, 0x66, 0x31, 0x66, 0x29,
    0x66, 0x29, 0x66, 0x29, 0x66, 0x29, 0x66, 0x29, 0x66, 0x29, 0x87, 0x31,
    0x66, 0x29, 0x66, 0x29, 0x67, 0x31, 0x66, 0x29, 0x66, 0x29, 0x87, 0x29,
    0x86, 0x31, 0x66, 0x29, 0x87, 0x31, 0x86, 0x29, 0x87, 0x29, 0x87, 0x31,
    0x66, 0x29, 0x86, 0x31, 0x87, 0x31, 0x66, 0x29, 0x87, 0x31, 0x66, 0x29,
    0x87, 0x31, 0x87, 0x31, 0x66, 0x29, 0x86, 0x29, 0x86, 0x29, 0x87, 0x31,
    0x86, 0x29, 0x86, 0x29, 0x87, 0x31, 0x87, 0x31, 0x86, 0x29, 0x87, 0x31,
    0x87, 0x29, 0x86, 0x29, 0x87, 0x31, 0x87, 0x31, 0xa7, 0x31, 0x86, 0x29,
    0x87, 0x31, 0x87, 0x29, 0x86, 0x31, 0xa7, 0x31, 0x87, 0x31, 0x87, 0x31,
    0x87, 0x31, 0x87, 0x31, 0xa7, 0x31, 0x87, 0x31, 0x87, 0x31, 0xa7, 0x31,
    0xa7, 0x31, 0xa7, 0x31, 0xa7, 0x31, 0xa7, 0x31, 0x87, 0x31, 0x87, 0x31,
    0xa7, 0x31, 0xa7, 0x31, 0x87, 0x31, 0xa7, 0x31, 0xa7, 0x31, 0x87, 0x31,
    0x87, 0x31, 0x87, 0x29, 0xa7, 0x31, 0x87, 0x31, 0x87, 0x31, 0x87, 0x31,
    0xa7, 0x31, 0xc8, 0x39, 0x09, 0x42, 0x08, 0x3a, 0x09, 0x42, 0x09, 0x42,
    0x08, 0x3a, 0xe9, 0x39, 0x09, 0x42, 0x08, 0x42, 0x08, 0x3a, 0x08, 0x3a,
    0xe8, 0x39, 0xc8, 0x39, 0xc8, 0x39, 0xe8, 0x39, 0xe8, 0x39, 0xe8, 0x39,
    0xe8, 0x39, 0xe8, 0x39, 0xe8, 0x41, 0xe8, 0x39, 0xe8, 0x39, 0xe8, 0x39,
    0xe8, 0x39, 0xe8, 0x39, 0xe8, 0x39, 0xe8, 0x39, 0x09, 0x42, 0x09, 0x3a,
    0x09, 0x42, 0xe8, 0x39, 0xe8, 0x39, 0x09, 0x3a, 0x09, 0x42, 0xe8, 0x39,
    0x09, 0x42, 0x09, 0x42, 0x08, 0x3a, 0x09, 0x42, 0x09, 0x42, 0x08, 0x3a,
    0xe8, 0x39, 0x09, 0x42, 0x09, 0x42, 0x09, 0x42, 0x09, 0x42, 0x09, 0x42,
    0x08, 0x42, 0x09, 0x42, 0x09, 0x42, 0x29, 0x42, 0x09, 0x42, 0x09, 0x42,
    0x29, 0x42, 0x29, 0x42, 0x09, 0x42, 0x09, 0x3a, 0x09, 0x42, 0x29, 0x42,
    0x29, 0x42, 0x2a, 0x42, 0x29, 0x42, 0x49, 0x42, 0x29, 0x42, 0x29, 0x42,
    0x29, 0x42, 0x4a, 0x4a, 0x29, 0x42, 0x2a, 0x42, 0x4a, 0x4a, 0x4a, 0x4a,
    0x4a, 0x42, 0x49, 0x42, 0x4a, 0x4a, 0x4a, 0x4a, 0x29, 0x42, 0x4a, 0x4a,
    0x29, 0x42, 0x4a, 0x4a, 0x4a, 0x4a, 0x4a, 0x4a, 0x4a, 0x4a, 0x29, 0x42,
    0x49, 0x42, 0x4a, 0x42, 0x29, 0x42, 0x49, 0x4a, 0x4a, 0x42, 0x29, 0x42,
    0x25, 0x21, 0x25, 0x21, 0x25, 0x21, 0x25, 0x21, 0x25, 0x21, 0x25, 0x21,
    0x25, 0x29, 0x25, 0x21, 0x25, 0x21, 0x26, 0x29, 0x46, 0x29, 0x25, 0x21,
    0x25, 0x21, 0x46, 0x29, 0x25, 0x21, 0x25, 0x21, 0x25, 0x21, 0x25, 0x21,
    0x25, 0x21, 0x46, 0x29, 0x25, 0x21, 0x25, 0x21, 0x46, 0x29, 0x25, 0x21,
    0x26, 0x21, 0x45, 0x29, 0x25, 0x21, 0x25, 0x21, 0x25, 0x21, 0x46, 0x21,
    0x46, 0x29, 0x45, 0x21, 0x25, 0x21, 0x46, 0x29, 0x45, 0x21, 0x66, 0x29,
    0x66, 0x29, 0x66, 0x29, 0x67, 0x29, 0x66, 0x29, 0x67, 0x31, 0x87, 0x31,
    0x66, 0x29, 0x66, 0x29, 0x87, 0x31, 0x66, 0x29, 0x67, 0x29, 0x86, 0x31,
    0x87, 0x31, 0x66, 0x29, 0x66, 0x29, 0x67, 0x29, 0x66, 0x29, 0x46, 0x29,
    0x46, 0x29, 0x66, 0x29, 0x46, 0x29, 0x66, 0x29, 0x46, 0x29, 0x46, 0x29,
    0x45, 0x21, 0x66, 0x29, 0x66, 0x29, 0x46, 0x29, 0x46, 0x29, 0x66, 0x29,
    0x66, 0x29, 0x66, 0x29, 0x66, 0x29, 0x66, 0x29, 0x66, 0x29, 0x66, 0x29,
    0x46, 0x29, 0x66, 0x29, 0x87, 0x31, 0x66, 0x29, 0x66, 0x29, 0x66, 0x29,
    0x67, 0x31, 0x66, 0x29, 0x66, 0x29, 0x66, 0x29, 0x87, 0x31, 0x66, 0x29,
    0x66, 0x29, 0x87, 0x31, 0x66, 0x29, 0x87, 0x31, 0x86, 0x31, 0x66, 0x29,
    0x67, 0x29, 0x87, 0x31, 0x66, 0x29, 0x66, 0x29, 0x86, 0x29, 0x87, 0x31,
    0x87, 0x31, 0x86, 0x29, 0x87, 0x31, 0x66, 0x29, 0x87, 0x31, 0x87, 0x29,
    0x86, 0x29, 0x87, 0x31, 0x87, 0x31, 0x86, 0x29, 0x87, 0x31, 0x87, 0x31,
    0x66, 0x29, 0x87, 0x31, 0x87, 0x31, 0x87, 0x31, 0x86, 0x29, 0x86, 0x31,
    0x87, 0x31, 0x86, 0x29, 0x86, 0x29, 0x87, 0x31, 0xa7, 0x31, 0xa7, 0x31,
    0xa7, 0x31, 0x87, 0x31, 0xa7, 0x31, 0x87, 0x31, 0xa7, 0x31, 0x86, 0x29,
    0x87, 0x31, 0xa7, 0x31, 0x86, 0x31, 0xa7, 0x31, 0xa7, 0x31, 0xa7, 0x31,
    0x87, 0x31, 0x87, 0x31, 0xa7, 0x31, 0xa7, 0x31, 0xa7, 0x31, 0xa7, 0x31,
    0x87, 0x31, 0x86, 0x29, 0xa7, 0x31, 0xa7, 0x31, 0xa7, 0x31, 0x87, 0x31,
    0xa7, 0x31, 0xa7, 0x31, 0xa7, 0x31, 0x87, 0x31, 0xa7, 0x31, 0x87, 0x31,
    0xa7, 0x31, 0xc7, 0x31, 0x09, 0x42, 0x08, 0x3a, 0x08, 0x3a, 0x09, 0x42,
    0xe8, 0x39, 0x09, 0x42, 0x09, 0x42, 0x08, 0x3a, 0x09, 0x42, 0x09, 0x3a,
    0xe8, 0x39, 0xe8, 0x39, 0xc8, 0x39, 0xe8, 0x39, 0xe8, 0x39, 0xe8, 0x39,
    0xe8, 0x39, 0xe8, 0x39, 0xe8, 0x39, 0xe9, 0x39, 0xe8, 0x39, 0xe8, 0x41,
    0xe8, 0x39, 0xe9, 0x41, 0xe8, 0x39, 0x08, 0x42, 0xe8, 0x39, 0x09, 0x42,
    0xe8, 0x39, 0xe8, 0x39, 0x08, 0x42, 0xe8, 0x39, 0x09, 0x42, 0xe8, 0x39,
    0xe8, 0x39, 0x08, 0x3a, 0x09, 0x42, 0x08, 0x3a, 0xe8, 0x39, 0x08, 0x42,
    0x09, 0x42, 0x09, 0x42, 0x08, 0x3a, 0x09, 0x42, 0x08, 0x3a, 0x09, 0x42,
    0x08, 0x3a, 0x08, 0x3a, 0x09, 0x42, 0x29, 0x42, 0x09, 0x42, 0x09, 0x42,
    0x29, 0x42, 0x08, 0x42, 0x29, 0x42, 0x29, 0x42, 0x29, 0x42, 0x29, 0x42,
    0x2a, 0x42, 0x29, 0x42, 0x4a, 0x4a, 0x29, 0x42, 0x4a, 0x4a, 0x2a, 0x42,
    0x4a, 0x4a, 0x4a, 0x4a, 0x29, 0x42, 0x4a, 0x4a, 0x49, 0x42, 0x29, 0x42,
    0x4a, 0x4a, 0x4a, 0x4a, 0x29, 0x42, 0x29, 0x42, 0x29, 0x42, 0x4a, 0x4a,
    0x49, 0x42, 0x49, 0x42, 0x29, 0x42, 0x29, 0x42, 0x4a, 0x4a, 0x4a, 0x4a,
    0x49, 0x42, 0x4a, 0x4a, 0x4a, 0x4a, 0x4a, 0x4a, 0x4a, 0x4a, 0x49, 0x42,
    0x25, 0x21, 0x25, 0x21, 0x26, 0x21, 0x25, 0x21, 0x25, 0x21, 0x26, 0x21,
    0x25, 0x21, 0x25, 0x21, 0x25, 0x21, 0x25, 0x21, 0x46, 0x29, 0x45, 0x21,
    0x25, 0x21, 0x25, 0x21, 0x25, 0x21, 0x25, 0x29, 0x46, 0x29, 0x26, 0x21,
    0x25, 0x21, 0x25, 0x21, 0x25, 0x21, 0x25, 0x21, 0x25, 0x21, 0x25, 0x21,
    0x46, 0x29, 0x46, 0x21, 0x46, 0x21, 0x25, 0x21, 0x46, 0x29, 0x25, 0x21,
    0x25, 0x21, 0x46, 0x29, 0x25, 0x21, 0x45, 0x21, 0x46, 0x29, 0x46, 0x29,
    0x66, 0x29, 0x66, 0x31, 0x87, 0x31, 0x66, 0x29, 0x66, 0x29, 0x67, 0x31,
    0x87, 0x31, 0x87, 0x31, 0x66, 0x29, 0x66, 0x29, 0x87, 0x31, 0x66, 0x29,
    0x66, 0x29, 0x87, 0x31, 0x66, 0x29, 0x66, 0x29, 0x46, 0x29, 0x46, 0x29,
    0x46, 0x21, 0x66, 0x29, 0x66, 0x29, 0x66, 0x29, 0x66, 0x29, 0x46, 0x29,
    0x66, 0x29, 0x46, 0x29, 0x46, 0x29, 0x66, 0x29, 0x46, 0x29, 0x66, 0x29,
    0x66, 0x29, 0x46, 0x29, 0x66, 0x29, 0x66, 0x29, 0x66, 0x29, 0x66, 0x29,
    0x66, 0x29, 0x66, 0x29, 0x66, 0x29, 0x66, 0x29, 0x66, 0x29, 0x66, 0x29,
    0x66, 0x29, 0x67, 0x31, 0x66, 0x29, 0x87, 0x31, 0x66, 0x29, 0x86, 0x29,
    0x66, 0x29, 0x66, 0x29, 0x87, 0x31, 0x86, 0x29, 0x66, 0x29, 0x66, 0x29,
    0x86, 0x31, 0x87, 0x31, 0x66, 0x29, 0x87, 0x31, 0x86, 0x31, 0x66, 0x29,
    0x87, 0x31, 0x66, 0x29, 0x87, 0x29, 0x87, 0x31, 0x66, 0x29, 0x87, 0x31,
    0x86, 0x31, 0x86, 0x29, 0x66, 0x29, 0x87, 0x31, 0x87, 0x31, 0x86, 0x29,
    0x87, 0x31, 0x87, 0x31, 0x86, 0x29, 0x87, 0x31, 0x87, 0x31, 0x87, 0x29,
    0x87, 0x31, 0x87, 0x31, 0xa7, 0x31, 0x86, 0x29, 0x87, 0x31, 0x87, 0x31,
    0x86, 0x31, 0x87, 0x29, 0x87, 0x31, 0x86, 0x29, 0x87, 0x31, 0xa7, 0x31,
    0xa7, 0x31, 0xa7, 0x31, 0x87, 0x31, 0x87, 0x31, 0xa7, 0x31, 0x87, 0x31,
    0xa7, 0x31, 0x87, 0x31, 0x87, 0x31, 0xa7, 0x31, 0xa7, 0x31, 0xa7, 0x31,
    0xa7, 0x31, 0x87, 0x31, 0x87, 0x31, 0x87, 0x31, 0xa7, 0x31, 0xa7, 0x31,
    0x86, 0x29, 0xa7, 0x31, 0x87, 0x31, 0x86, 0x29, 0xa7, 0x31, 0x86, 0x31,
    0xa7, 0x31, 0xa7, 0x31, 0xe8, 0x39, 0x09, 0x42, 0xe8, 0x39, 0x08, 0x3a,
    0x09, 0x42, 0x08, 0x42, 0x08, 0x3a, 0xe8, 0x39, 0x09, 0x42, 0xe8, 0x39,
    0xc8, 0x39, 0xe8, 0x39, 0xc8, 0x39, 0xc8, 0x39, 0xe8, 0x39, 0xc8, 0x39,
    0xe8, 0x39, 0xc8, 0x39, 0xe8, 0x39, 0xe8, 0x39, 0xe8, 0x39, 0xe8, 0x39,
    0xe8, 0x39, 0xe8, 0x39, 0xe8, 0x39, 0xe8, 0x39, 0xe8, 0x39, 0xe8, 0x39,
    0x08, 0x3a, 0x09, 0x42, 0xe8, 0x39, 0x09, 0x42, 0x08, 0x3a, 0xe8, 0x39,
    0x09, 0x42, 0xe8, 0x39, 0x09, 0x42, 0xe8, 0x39, 0x09, 0x42, 0x09, 0x3a,
    0x08, 0x3a, 0xe8, 0x39, 0x08, 0x3a, 0x09, 0x3a, 0x08, 0x42, 0x09, 0x42,
    0x09, 0x3a, 0x09, 0x42, 0x09, 0x42, 0x08, 0x3a, 0x08, 0x3a, 0x09, 0x42,
    0x08, 0x3a, 0x09, 0x42, 0x29, 0x42, 0x49, 0x42, 0x29, 0x42, 0x29, 0x42,
    0x4a, 0x4a, 0x4a, 0x42, 0x29, 0x42, 0x29, 0x42, 0x29, 0x42, 0x29, 0x42,
    0x29, 0x42, 0x29, 0x42, 0x29, 0x42, 0x29, 0x42, 0x4a, 0x4a, 0x49, 0x42,
    0x29, 0x42, 0x4a, 0x4a, 0x4a, 0x4a, 0x4a, 0x42, 0x4a, 0x42, 0x4a, 0x4a,
    0x4a, 0x4a, 0x4a, 0x4a, 0x4a, 0x4a, 0x4a, 0x42, 0x4a, 0x42, 0x49, 0x4a,
    0x2a, 0x42, 0x4a, 0x4a, 0x4a, 0x4a, 0x29, 0x42, 0x4a, 0x4a, 0x4a, 0x42,
    0x05, 0x21, 0x25, 0x21, 0x25, 0x21, 0x25, 0x29, 0x25, 0x21, 0x25, 0x21,
    0x25, 0x21, 0x26, 0x21, 0x25, 0x21, 0x25, 0x21, 0x25, 0x21, 0x25, 0x21,
    0x46, 0x29, 0x46, 0x29, 0x25, 0x21, 0x25, 0x21, 0x46, 0x29, 0x46, 0x29,
    0x45, 0x29, 0x46, 0x29, 0x25, 0x21, 0x25, 0x21, 0x46, 0x29, 0x46, 0x29,
    0x25, 0x21, 0x25, 0x21, 0x46, 0x29, 0x25, 0x29, 0x45, 0x21, 0x46, 0x29,
    0x46, 0x29, 0x25, 0x21, 0x46, 0x29, 0x46, 0x29, 0x45, 0x21, 0x46, 0x29,
    0x66, 0x29, 0x87, 0x31, 0x66, 0x29, 0x86, 0x29, 0x87, 0x31, 0x66, 0x29,
    0x66, 0x29, 0x86, 0x29, 0x66, 0x29, 0x66, 0x31, 0x87, 0x31, 0x66, 0x29,
    0x66, 0x29, 0x87, 0x31, 0x66, 0x29, 0x66, 0x29, 0x66, 0x29, 0x46, 0x29,
    0x46, 0x29, 0x66, 0x29, 0x46, 0x29, 0x66, 0x29, 0x66, 0x29, 0x66, 0x29,
    0x66, 0x29, 0x66, 0x29, 0x46, 0x29, 0x66, 0x29, 0x66, 0x29, 0x66, 0x29,
    0x46, 0x29, 0x66, 0x29, 0x66, 0x29, 0x66, 0x29, 0x66, 0x29, 0x66, 0x29,
    0x66, 0x29, 0x66, 0x29, 0x66, 0x29, 0x66, 0x29, 0x66, 0x29, 0x66, 0x31,
    0x66, 0x29, 0x66, 0x29, 0x66, 0x29, 0x66, 0x29, 0x66, 0x29, 0x87, 0x31,
    0x66, 0x29, 0x87, 0x31, 0x66, 0x29, 0x87, 0x31, 0x87, 0x29, 0x87, 0x31,
    0x86, 0x29, 0x66, 0x29, 0x66, 0x29, 0x87, 0x29, 0x66, 0x29, 0x87, 0x29,
    0x86, 0x31, 0x66, 0x29, 0x87, 0x31, 0x66, 0x29, 0x87, 0x31, 0x87, 0x31,
    0x86, 0x29, 0x87, 0x31, 0x87, 0x31, 0x86, 0x29, 0x87, 0x31, 0x86, 0x29,
    0x87, 0x31, 0x87, 0x31, 0x86, 0x29, 0xa7, 0x31, 0x87, 0x31, 0x86, 0x29,
    0x87, 0x31, 0x86, 0x31, 0x87, 0x31, 0x87, 0x29, 0x87, 0x31, 0x87, 0x31,
    0xa7, 0x31, 0xa7, 0x31, 0x86, 0x29, 0x87, 0x31, 0x87, 0x31, 0xa7, 0x31,
    0xa7, 0x31, 0x87, 0x31, 0xa7, 0x29, 0x87, 0x31, 0xa7, 0x31, 0xa7, 0x31,
    0xa7, 0x31, 0xa7, 0x31, 0xa7, 0x31, 0xa7, 0x31, 0x87, 0x31, 0xa7, 0x31,
    0xa7, 0x31, 0xa7, 0x31, 0xa7, 0x31, 0xa7, 0x31, 0xa7, 0x31, 0xa7, 0x31,
    0x87, 0x31, 0xa7, 0x31, 0xa7, 0x31, 0x87, 0x31, 0xa7, 0x31, 0xa7, 0x31,
    0x87, 0x31, 0xa7, 0x31, 0xa7, 0x31, 0x09, 0x42, 0x09, 0x42, 0x09, 0x42,
    0x09, 0x42, 0x09, 0x3a, 0x09, 0x42, 0xe8, 0x39, 0x09, 0x42, 0xe8, 0x39,
    0xe8, 0x39, 0xe8, 0x39, 0xe8, 0x39, 0xc8, 0x39, 0xe8, 0x39, 0xc8, 0x39,
    0xe8, 0x39, 0xe8, 0x39, 0xc8, 0x39, 0xe8, 0x39, 0xe8, 0x39, 0xe8, 0x39,
    0xe8, 0x39, 0xe8, 0x39, 0xe8, 0x39, 0xe9, 0x39, 0xe8, 0x39, 0xe8, 0x39,
    0x09, 0x42, 0xe8, 0x39, 0xe8, 0x39, 0xe8, 0x39, 0xe8, 0x39, 0x09, 0x42,
    0xe8, 0x39, 0xe8, 0x39, 0xe8, 0x39, 0xe8, 0x41, 0xe8, 0x39, 0xe9, 0x39,
    0x09, 0x42, 0x08, 0x42, 0x09, 0x42, 0x09, 0x42, 0x08, 0x3a, 0x09, 0x42,
    0x09, 0x42, 0x28, 0x42, 0x09, 0x42, 0x09, 0x3a, 0x29, 0x42, 0x09, 0x42,
    0x29, 0x42, 0x49, 0x42, 0x29, 0x42, 0x29, 0x42, 0x2a, 0x42, 0x29, 0x42,
    0x49, 0x4a, 0x4a, 0x4a, 0x2a, 0x42, 0x29, 0x42, 0x2a, 0x42, 0x29, 0x4a,
    0x4a, 0x4a, 0x4a, 0x4a, 0x4a, 0x4a, 0x4a, 0x42, 0x2a, 0x42, 0x4a, 0x4a,
    0x29, 0x42, 0x4a, 0x4a, 0x29, 0x42, 0x29, 0x42, 0x4a, 0x4a, 0x29, 0x42,
    0x4a, 0x42, 0x29, 0x42, 0x4a, 0x4a, 0x4a, 0x4a, 0x49, 0x42, 0x4a, 0x4a,
    0x4a, 0x42, 0x49, 0x42, 0x49, 0x42, 0x4a, 0x42, 0x4a, 0x4a, 0x6a, 0x4a,
    0x25, 0x21, 0x25, 0x21, 0x25, 0x21, 0x25, 0x21, 0x25, 0x21, 0x25, 0x29,
    0x25, 0x21, 0x25, 0x21, 0x45, 0x29, 0x46, 0x29, 0x25, 0x21, 0x25, 0x21,
    0x25, 0x21, 0x25, 0x21, 0x25, 0x21, 0x46, 0x21, 0x25, 0x21, 0x45, 0x21,
    0x25, 0x21, 0x46, 0x29, 0x46, 0x29, 0x25, 0x21, 0x25, 0x21, 0x45, 0x29,
    0x25, 0x21, 0x25, 0x21, 0x25, 0x21, 0x25, 0x21, 0x46, 0x29, 0x46, 0x29,
    0x45, 0x21, 0x45, 0x21, 0x25, 0x21, 0x46, 0x29, 0x25, 0x21, 0x46, 0x21,
    0x66, 0x29, 0x66, 0x29, 0x66, 0x29, 0x66, 0x29, 0x86, 0x29, 0x66, 0x29,
    0x66, 0x29, 0x87, 0x29, 0x86, 0x31, 0x67, 0x29, 0x66, 0x29, 0x66, 0x29,
    0x87, 0x31, 0x46, 0x29, 0x46, 0x29, 0x66, 0x29, 0x46, 0x29, 0x45, 0x21,
    0x45, 0x29, 0x66, 0x29, 0x66, 0x29, 0x66, 0x29, 0x66, 0x29, 0x45, 0x21,
    0x66, 0x29, 0x46, 0x29, 0x66, 0x29, 0x66, 0x29, 0x66, 0x29, 0x66, 0x29,
    0x66, 0x29, 0x66, 0x29, 0x66, 0x29, 0x66, 0x29, 0x66, 0x29, 0x66, 0x29,
    0x66, 0x29, 0x66, 0x29, 0x46, 0x29, 0x67, 0x31, 0x66, 0x29, 0x66, 0x29,
    0x67, 0x29, 0x87, 0x31, 0x66, 0x29, 0x87, 0x31, 0x66, 0x29, 0x66, 0x29,
    0x66, 0x29, 0x66, 0x29, 0x66, 0x29, 0x86, 0x29, 0x66, 0x31, 0x66, 0x29,
    0x67, 0x29, 0x86, 0x31, 0x66, 0x29, 0x66, 0x29, 0x87, 0x31, 0x87, 0x31,
    0x86, 0x29, 0x86, 0x31, 0x66, 0x29, 0x87, 0x31, 0x86, 0x29, 0x86, 0x29,
    0x87, 0x31, 0x87, 0x31, 0x87, 0x31, 0x87, 0x29, 0x86, 0x29, 0x87, 0x31,
    0xa7, 0x31, 0x86, 0x29, 0x86, 0x29, 0x87, 0x31, 0x87, 0x31, 0xa7, 0x31,
    0x86, 0x29, 0x87, 0x31, 0x87, 0x31, 0x87, 0x31, 0xa7, 0x31, 0x86, 0x29,
    0x87, 0x31, 0x86, 0x31, 0xa7, 0x31, 0xa7, 0x31, 0x87, 0x31, 0x87, 0x31,
    0xa7, 0x31, 0x86, 0x31, 0xa7, 0x31, 0xa7, 0x31, 0x86, 0x29, 0x87, 0x31,
    0x87, 0x31, 0xa7, 0x31, 0xa7, 0x31, 0x87, 0x31, 0xa7, 0x31, 0xa7, 0x31,
    0xa7, 0x31, 0xa7, 0x31, 0x87, 0x31, 0xa7, 0x31, 0xa7, 0x31, 0xa7, 0x31,
    0xa7, 0x31, 0x87, 0x31, 0xa7, 0x31, 0xa7, 0x31, 0x87, 0x31, 0xa7, 0x31,
    0xa7, 0x31, 0x87, 0x31, 0xa7, 0x31, 0xe8, 0x39, 0x09, 0x3a, 0x08, 0x3a,
    0xe8, 0x39, 0x08, 0x42, 0x09, 0x42, 0x09, 0x42, 0x09, 0x42, 0x09, 0x42,
    0xe8, 0x39, 0xc8, 0x39, 0xe8, 0x39, 0xc8, 0x39, 0xe8, 0x39, 0xe8, 0x39,
    0xe8, 0x39, 0xe8, 0x39, 0xe8, 0x39, 0xe8, 0x39, 0xe9, 0x41, 0xe8, 0x39,
    0xe8, 0x39, 0xe8, 0x39, 0x09, 0x42, 0x09, 0x42, 0x08, 0x42, 0x09, 0x42,
    0xe8, 0x39, 0xe8, 0x39, 0xe8, 0x39, 0xe8, 0x39, 0x09, 0x42, 0xe8, 0x39,
    0x08, 0x42, 0x09, 0x3a, 0x08, 0x3a, 0x09, 0x42, 0x09, 0x42, 0x09, 0x42,
    0x08, 0x42, 0x09, 0x3a, 0x09, 0x42, 0xe8, 0x39, 0x08, 0x3a, 0x09, 0x42,
    0x09, 0x3a, 0x08, 0x3a, 0x08, 0x3a, 0x09, 0x42, 0x29, 0x42, 0x4a, 0x42,
    0x29, 0x42, 0x29, 0x42, 0x29, 0x42, 0x2a, 0x4a, 0x2a, 0x4a, 0x29, 0x42,
    0x29, 0x42, 0x29, 0x42, 0x29, 0x42, 0x2a, 0x4a, 0x49, 0x42, 0x2a, 0x42,
    0x29, 0x42, 0x4a, 0x42, 0x4a, 0x4a, 0x29, 0x42, 0x49, 0x4a, 0x4a, 0x4a,
    0x4a, 0x42, 0x29, 0x42, 0x4a, 0x42, 0x4a, 0x4a, 0x29, 0x42, 0x4a, 0x4a,
    0x29, 0x42, 0x4a, 0x4a, 0x4a, 0x42, 0x49, 0x4a, 0x4a, 0x4a, 0x4a, 0x42,
    0x49, 0x4a, 0x4a, 0x4a, 0x4a, 0x4a, 0x4a, 0x4a, 0x49, 0x42, 0x29, 0x42,
    0x25, 0x21, 0x25, 0x21, 0x25, 0x21, 0x25, 0x21, 0x26, 0x21, 0x25, 0x21,
    0x46, 0x29, 0x25, 0x21, 0x25, 0x21, 0x25, 0x21, 0x46, 0x29, 0x25, 0x21,
    0x25, 0x21, 0x46, 0x29, 0x25, 0x21, 0x25, 0x29, 0x46, 0x29, 0x46, 0x21,
    0x45, 0x29, 0x25, 0x21, 0x25, 0x21, 0x46, 0x21, 0x46, 0x29, 0x25, 0x21,
    0x46, 0x21, 0x45, 0x29, 0x25, 0x21, 0x25, 0x21, 0x46, 0x29, 0x25, 0x21,
    0x46, 0x29, 0x46, 0x29, 0x46, 0x29, 0x46, 0x29, 0x46, 0x29, 0x25, 0x21,
    0x46, 0x29, 0x66, 0x29, 0x66, 0x29, 0x67, 0x31, 0x66, 0x29, 0x66, 0x31,
    0x87, 0x31, 0x86, 0x29, 0x66, 0x31, 0x66, 0x29, 0x66, 0x29, 0x67, 0x31,
    0x66, 0x29, 0x46, 0x29, 0x66, 0x29, 0x46, 0x29, 0x66, 0x29, 0x66, 0x29,
    0x46, 0x21, 0x66, 0x29, 0x46, 0x29, 0x66, 0x29, 0x46, 0x29, 0x46, 0x29,
    0x66, 0x29, 0x46, 0x21, 0x66, 0x29, 0x66, 0x29, 0x46, 0x29, 0x66, 0x29,
    0x66, 0x29, 0x46, 0x29, 0x46, 0x29, 0x66, 0x29, 0x66, 0x29, 0x66, 0x29,
    0x67, 0x31, 0x66, 0x29, 0x66, 0x29, 0x66, 0x29, 0x66, 0x29, 0x66, 0x29,
    0x66, 0x29, 0x66, 0x29, 0x87, 0x31, 0x66, 0x29, 0x66, 0x29, 0x66, 0x31,
    0x66, 0x29, 0x87, 0x31, 0x66, 0x29, 0x87, 0x29, 0x86, 0x31, 0x66, 0x29,
    0x87, 0x29, 0x87, 0x31, 0x66, 0x29, 0x66, 0x31, 0x87, 0x31, 0x66, 0x29,
    0x87, 0x31, 0x87, 0x29, 0x87, 0x31, 0x87, 0x31, 0x86, 0x29, 0x87, 0x31,
    0x86, 0x29, 0x87, 0x31, 0x86, 0x29, 0x86, 0x31, 0x86, 0x29, 0x87, 0x31,
    0x87, 0x31, 0x87, 0x31, 0x87, 0x31, 0x86, 0x31, 0x87, 0x31, 0x87, 0x31,
    0xa7, 0x31, 0x86, 0x29, 0x87, 0x31, 0xa7, 0x31, 0x86, 0x31, 0xa7, 0x31,
    0x87, 0x29, 0xa7, 0x31, 0x87, 0x31, 0x87, 0x29, 0xa7, 0x31, 0xa7, 0x31,
    0xa7, 0x31, 0xa7, 0x31, 0x87, 0x31, 0xa7, 0x31, 0xa7, 0x31, 0x87, 0x31,
    0xa7, 0x31, 0xa7, 0x31, 0x87, 0x31, 0xa7, 0x31, 0xa7, 0x31, 0x86, 0x31,
    0xa7, 0x31, 0xa7, 0x31, 0x87, 0x31, 0xa7, 0x31, 0xa7, 0x31, 0xa7, 0x31,
    0xa7, 0x31, 0xa7, 0x31, 0x87, 0x31, 0x86, 0x29, 0xa7, 0x31, 0x87, 0x31,
    0xa7, 0x31, 0xa7, 0x31, 0xa7, 0x31, 0xc8, 0x39, 0x09, 0x42, 0x09, 0x42,
    0x08, 0x42, 0x09, 0x3a, 0x08, 0x3a, 0xe8, 0x39, 0x08, 0x3a, 0xe8, 0x39,
    0xc8, 0x39, 0xe8, 0x39, 0xc8, 0x39, 0xc8, 0x39, 0xe8, 0x39, 0xe8, 0x39,
    0xe8, 0x39, 0xc8, 0x39, 0xe8, 0x39, 0xe8, 0x39, 0xe8, 0x39, 0xe8, 0x39,
    0xe8, 0x39, 0xe8, 0x39, 0xe9, 0x41, 0xe8, 0x39, 0xe8, 0x39, 0x09, 0x3a,
    0xe8, 0x39, 0xe8, 0x41, 0x09, 0x42, 0x09, 0x3a, 0x09, 0x42, 0xe8, 0x39,
    0xe8, 0x39, 0x09, 0x42, 0x09, 0x42, 0x08, 0x3a, 0x08, 0x3a, 0x09, 0x42,
    0x09, 0x42, 0x09, 0x42, 0x08, 0x3a, 0x08, 0x42, 0x09, 0x42, 0xe8, 0x39,
    0x09, 0x42, 0x09, 0x42, 0x29, 0x42, 0x29, 0x42, 0x29, 0x42, 0x29, 0x42,
    0x29, 0x42, 0x2a, 0x4a, 0x2a, 0x42, 0x29, 0x42, 0x29, 0x42, 0x4a, 0x42,
    0x4a, 0x4a, 0x4a, 0x42, 0x4a, 0x4a, 0x49, 0x4a, 0x29, 0x42, 0x29, 0x42,
    0x4a, 0x4a, 0x29, 0x42, 0x4a, 0x4a, 0x4a, 0x4a, 0x29, 0x42, 0x49, 0x42,
    0x2a, 0x4a, 0x29, 0x42, 0x4a, 0x4a, 0x49, 0x42, 0x4a, 0x4a, 0x4a, 0x4a,
    0x29, 0x42, 0x4a, 0x4a, 0x4a, 0x42, 0x29, 0x42, 0x4a, 0x4a, 0x29, 0x42,
    0x4a, 0x42, 0x4a, 0x4a, 0x4a, 0x4a, 0x4a, 0x42, 0x4a, 0x4a, 0x4a, 0x4a,
    0x25, 0x21, 0x25, 0x21, 0x25, 0x21, 0x25, 0x21, 0x25, 0x21, 0x25, 0x21,
    0x25, 0x21, 0x25, 0x21, 0x25, 0x21, 0x25, 0x21, 0x26, 0x21, 0x25, 0x29,
    0x46, 0x29, 0x46, 0x21, 0x45, 0x21, 0x25, 0x29, 0x26, 0x21, 0x45, 0x21,
    0x25, 0x29, 0x26, 0x21, 0x46, 0x21, 0x45, 0x29, 0x46, 0x29, 0x46, 0x29,
    0x46, 0x21, 0x46, 0x29, 0x25, 0x29, 0x46, 0x21, 0x45, 0x21, 0x25, 0x21,
    0x46, 0x29, 0x25, 0x21, 0x25, 0x21, 0x45, 0x21, 0x45, 0x29, 0x46, 0x29,
    0x46, 0x29, 0x66, 0x29, 0x66, 0x29, 0x87, 0x31, 0x87, 0x29, 0x86, 0x29,
    0x66, 0x31, 0x66, 0x29, 0x87, 0x31, 0x87, 0x31, 0x87, 0x31, 0x66, 0x29,
    0x46, 0x29, 0x66, 0x29, 0x66, 0x29, 0x46, 0x29, 0x66, 0x29, 0x66, 0x29,
    0x66, 0x29, 0x46, 0x29, 0x45, 0x29, 0x46, 0x29, 0x45, 0x21, 0x66, 0x29,
    0x66, 0x29, 0x66, 0x29, 0x66, 0x29, 0x46, 0x29, 0x66, 0x29, 0x66, 0x29,
    0x66, 0x29, 0x66, 0x29, 0x66, 0x29, 0x46, 0x29, 0x46, 0x29, 0x46, 0x29,
    0x66, 0x29, 0x66, 0x29, 0x66, 0x29, 0x66, 0x29, 0x66, 0x29, 0x66, 0x29,
    0x66, 0x29, 0x66, 0x29, 0x86, 0x31, 0x66, 0x29, 0x66, 0x29, 0x67, 0x29,
    0x87, 0x31, 0x86, 0x29, 0x67, 0x31, 0x87, 0x31, 0x87, 0x29, 0x66, 0x31,
    0x86, 0x29, 0x87, 0x31, 0x66, 0x29, 0x86, 0x29, 0x87, 0x29, 0x87, 0x31,
    0x66, 0x29, 0x66, 0x29, 0x86, 0x29, 0x87, 0x31, 0x87, 0x31, 0x86, 0x29,
    0x87, 0x31, 0x86, 0x29, 0x66, 0x29, 0x87, 0x31, 0x87, 0x31, 0x86, 0x29,
    0x87, 0x31, 0xa7, 0x31, 0x87, 0x31, 0xa7, 0x31, 0x87, 0x29, 0xa7, 0x31,
    0x86, 0x31, 0xa7, 0x31, 0xa7, 0x31, 0x86, 0x29, 0xa7, 0x31, 0x87, 0x31,
    0x87, 0x29, 0xa7, 0x31, 0x86, 0x31, 0xa7, 0x31, 0xa7, 0x31, 0x87, 0x31,
    0xa7, 0x31, 0x87, 0x29, 0x86, 0x31, 0xa7, 0x31, 0x87, 0x31, 0xa7, 0x31,
    0x86, 0x29, 0xa7, 0x31, 0xa7, 0x31, 0x87, 0x31, 0x87, 0x31, 0xa7, 0x31,
    0x87, 0x29, 0xa7, 0x31, 0xa7, 0x31, 0xa7, 0x31, 0xa7, 0x31, 0xa7, 0x31,
    0xa7, 0x31, 0xa7, 0x31, 0xa7, 0x31, 0xa7, 0x31, 0xa7, 0x31, 0xa7, 0x31,
    0xa7, 0x31, 0xa7, 0x31, 0xa7, 0x31, 0xa7, 0x31, 0xe8, 0x39, 0x08, 0x3a,
    0x09, 0x42, 0x09, 0x42, 0x09, 0x42, 0x09, 0x42, 0x09, 0x42, 0x08, 0x3a,
    0xe8, 0x39, 0xc8, 0x39, 0xe8, 0x39, 0xe8, 0x39, 0xe8, 0x39, 0xe8, 0x39,
    0xe8, 0x39, 0xc8, 0x39, 0xc8, 0x39, 0xe8, 0x39, 0xe8, 0x39, 0xe8, 0x39,
    0xe9, 0x39, 0xe8, 0x39, 0xe8, 0x39, 0xe8, 0x39, 0xe8, 0x39, 0xe8, 0x39,
    0xe8, 0x39, 0xe8, 0x39, 0xe8, 0x39, 0xe8, 0x39, 0x08, 0x42, 0x09, 0x3a,
    0xe8, 0x39, 0x09, 0x42, 0x08, 0x42, 0xe8, 0x39, 0xe8, 0x39, 0x08, 0x3a,
    0x09, 0x42, 0x09, 0x42, 0x09, 0x3a, 0x09, 0x42, 0x08, 0x3a, 0x29, 0x42,
    0x09, 0x42, 0x29, 0x42, 0x29, 0x42, 0x29, 0x42, 0x29, 0x42, 0x29, 0x42,
    0x29, 0x42, 0x29, 0x42, 0x4a, 0x4a, 0x29, 0x42, 0x49, 0x42, 0x4a, 0x4a,
    0x4a, 0x4a, 0x29, 0x42, 0x29, 0x42, 0x2a, 0x42, 0x4a, 0x4a, 0x4a, 0x4a,
    0x49, 0x42, 0x49, 0x42, 0x29, 0x42, 0x4a, 0x4a, 0x4a, 0x42, 0x4a, 0x4a,
    0x4a, 0x4a, 0x29, 0x42, 0x4a, 0x4a, 0x4a, 0x4a, 0x49, 0x42, 0x4a, 0x42,
    0x29, 0x42, 0x4a, 0x4a, 0x29, 0x42, 0x4a, 0x4a, 0x4a, 0x4a, 0x4a, 0x42,
    0x49, 0x42, 0x29, 0x4a, 0x4a, 0x4a, 0x4a, 0x42, 0x49, 0x4a, 0x4a, 0x4a,
    0x05, 0x21, 0x25, 0x21, 0x25, 0x21, 0x25, 0x21, 0x25, 0x21, 0x25, 0x21,
    0x25, 0x21, 0x25, 0x21, 0x26, 0x29, 0x25, 0x21, 0x25, 0x21, 0x25, 0x21,
    0x25, 0x21, 0x25, 0x21, 0x25, 0x21, 0x46, 0x29, 0x45, 0x21, 0x46, 0x29,
    0x25, 0x21, 0x45, 0x21, 0x25, 0x29, 0x46, 0x21, 0x46, 0x29, 0x45, 0x29,
    0x45, 0x21, 0x46, 0x29, 0x46, 0x29, 0x45, 0x21, 0x25, 0x21, 0x46, 0x29,
    0x25, 0x21, 0x45, 0x21, 0x46, 0x29, 0x46, 0x29, 0x46, 0x29, 0x45, 0x21,
    0x46, 0x29, 0x46, 0x29, 0x86, 0x29, 0x66, 0x29, 0x86, 0x31, 0x87, 0x31,
    0x66, 0x29, 0x87, 0x29, 0x87, 0x29, 0x66, 0x29, 0x66, 0x29, 0x46, 0x29,
    0x66, 0x29, 0x46, 0x29, 0x45, 0x21, 0x46, 0x29, 0x46, 0x29, 0x66, 0x29,
    0x46, 0x29, 0x46, 0x29, 0x46, 0x29, 0x46, 0x21, 0x66, 0x29, 0x66, 0x29,
    0x66, 0x29, 0x66, 0x29, 0x46, 0x29, 0x66, 0x29, 0x66, 0x29, 0x66, 0x29,
    0x66, 0x29, 0x46, 0x29, 0x66, 0x29, 0x66, 0x29, 0x66, 0x29, 0x66, 0x29,
    0x66, 0x29, 0x87, 0x31, 0x66, 0x29, 0x66, 0x29, 0x67, 0x31, 0x66, 0x29,
    0x67, 0x29, 0x66, 0x29, 0x66, 0x29, 0x87, 0x31, 0x87, 0x29, 0x66, 0x29,
    0x66, 0x29, 0x87, 0x31, 0x66, 0x29, 0x66, 0x29, 0x86, 0x29, 0x66, 0x29,
    0x87, 0x31, 0x87, 0x31, 0x87, 0x31, 0x86, 0x29, 0x87, 0x31, 0x66, 0x29,
    0x86, 0x29, 0x87, 0x31, 0x87, 0x31, 0x87, 0x31, 0x86, 0x29, 0x86, 0x31,
    0x87, 0x31, 0x87, 0x31, 0x87, 0x29, 0x87, 0x31, 0x87, 0x31, 0x87, 0x31,
    0x87, 0x31, 0x86, 0x29, 0x86, 0x29, 0x87, 0x31, 0x86, 0x29, 0x86, 0x29,
    0x87, 0x31, 0x87, 0x31, 0x87, 0x31, 0xa7, 0x31, 0x87, 0x31, 0x87, 0x31,
    0x87, 0x31, 0xa7, 0x31, 0x87, 0x31, 0xa7, 0x31, 0x87, 0x31, 0xa7, 0x31,
    0xa7, 0x31, 0x87, 0x31, 0xa7, 0x31, 0x87, 0x31, 0xa7, 0x31, 0xa7, 0x31,
    0xa7, 0x31, 0x87, 0x31, 0xa7, 0x31, 0xa7, 0x31, 0x87, 0x31, 0x87, 0x31,
    0xa7, 0x31, 0xa7, 0x31, 0xa7, 0x31, 0xa7, 0x31, 0x87, 0x31, 0xa7, 0x31,
    0xa7, 0x31, 0xa7, 0x31, 0xa7, 0x31, 0x87, 0x31, 0x87, 0x31, 0xa7, 0x31,
    0xa7, 0x31, 0xa7, 0x31, 0xa7, 0x31, 0xa7, 0x31, 0xc8, 0x39, 0x09, 0x42,
    0x09, 0x42, 0x09, 0x42, 0x08, 0x3a, 0x09, 0x42, 0x09, 0x42, 0x08, 0x3a,
    0xe8, 0x39, 0xe8, 0x39, 0xe8, 0x39, 0xc8, 0x39, 0xe8, 0x39, 0xc8, 0x39,
    0xe8, 0x39, 0xe8, 0x39, 0xe8, 0x39, 0xe8, 0x39, 0xe8, 0x39, 0xe8, 0x39,
    0xe8, 0x39, 0xe8, 0x41, 0xe8, 0x39, 0xe8, 0x39, 0xe8, 0x39, 0xe8, 0x39,
    0xe8, 0x39, 0x09, 0x42, 0xe8, 0x39, 0xe8, 0x39, 0x09, 0x42, 0xe8, 0x39,
    0xe8, 0x39, 0x09, 0x42, 0xe8, 0x39, 0xe8, 0x39, 0x09, 0x42, 0xe8, 0x39,
    0x08, 0x3a, 0x09, 0x42, 0xe8, 0x39, 0x09, 0x42, 0x09, 0x42, 0x29, 0x42,
    0x29, 0x42, 0x29, 0x42, 0x29, 0x42, 0x2a, 0x42, 0x29, 0x42, 0x29, 0x42,
    0x2a, 0x42, 0x29, 0x42, 0x4a, 0x4a, 0x29, 0x42, 0x2a, 0x42, 0x29, 0x42,
    0x29, 0x42, 0x29, 0x42, 0x2a, 0x42, 0x49, 0x42, 0x4a, 0x42, 0x29, 0x42,
    0x2a, 0x4a, 0x4a, 0x4a, 0x4a, 0x42, 0x29, 0x42, 0x29, 0x42, 0x29, 0x42,
    0x4a, 0x42, 0x49, 0x42, 0x4a, 0x4a, 0x4a, 0x4a, 0x49, 0x42, 0x4a, 0x4a,
    0x4a, 0x4a, 0x4a, 0x4a, 0x4a, 0x4a, 0x49, 0x42, 0x4a, 0x4a, 0x4a, 0x4a,
    0x4a, 0x42, 0x4a, 0x4a, 0x4a, 0x4a, 0x4a, 0x4a, 0x4a, 0x4a, 0x4a, 0x4a,
    0x25, 0x21, 0x25, 0x21, 0x25, 0x21, 0x25, 0x21, 0x26, 0x29, 0x25, 0x29,
    0x46, 0x21, 0x25, 0x21, 0x25, 0x21, 0x25, 0x21, 0x45, 0x21, 0x46, 0x29,
    0x25, 0x21, 0x45, 0x29, 0x26, 0x21, 0x45, 0x21, 0x46, 0x29, 0x25, 0x21,
    0x46, 0x29, 0x46, 0x29, 0x25, 0x21, 0x45, 0x21, 0x46, 0x29, 0x25, 0x21,
    0x46, 0x29, 0x45, 0x21, 0x46, 0x29, 0x46, 0x29, 0x46, 0x29, 0x46, 0x29,
    0x25, 0x21, 0x25, 0x21, 0x46, 0x29, 0x46, 0x21, 0x45, 0x21, 0x25, 0x21,
    0x46, 0x29, 0x46, 0x29, 0x66, 0x29, 0x66, 0x29, 0x87, 0x29, 0x66, 0x29,
    0x66, 0x31, 0x67, 0x31, 0x66, 0x29, 0x86, 0x29, 0x46, 0x29, 0x46, 0x29,
    0x45, 0x21, 0x66, 0x29, 0x46, 0x29, 0x46, 0x29, 0x66, 0x29, 0x66, 0x29,
    0x66, 0x29, 0x66, 0x29, 0x66, 0x29, 0x46, 0x29, 0x46, 0x29, 0x66, 0x29,
    0x46, 0x29, 0x66, 0x29, 0x66, 0x29, 0x66, 0x29, 0x66, 0x29, 0x66, 0x29,
    0x66, 0x29, 0x66, 0x29, 0x66, 0x29, 0x66, 0x29, 0x66, 0x29, 0x66, 0x29,
    0x67, 0x29, 0x66, 0x29, 0x66, 0x29, 0x67, 0x29, 0x66, 0x29, 0x66, 0x29,
    0x66, 0x31, 0x87, 0x31, 0x87, 0x31, 0x66, 0x29, 0x66, 0x29, 0x86, 0x31,
    0x66, 0x29, 0x86, 0x29, 0x87, 0x31, 0x66, 0x29, 0x86, 0x31, 0x66, 0x29,
    0x66, 0x29, 0x66, 0x29, 0x87, 0x31, 0x86, 0x29, 0x66, 0x29, 0x87, 0x31,
    0x86, 0x29, 0x86, 0x31, 0x86, 0x29, 0x66, 0x29, 0x87, 0x29, 0x87, 0x31,
    0x87, 0x31, 0x86, 0x29, 0x86, 0x31, 0x87, 0x31, 0x87, 0x31, 0x87, 0x31,
    0x87, 0x31, 0x86, 0x29, 0x87, 0x31, 0x87, 0x31, 0x87, 0x31, 0x87, 0x31,
    0x87, 0x29, 0x87, 0x31, 0x86, 0x29, 0x87, 0x31, 0x87, 0x31, 0x86, 0x29,
    0x86, 0x29, 0xa7, 0x31, 0x87, 0x31, 0x87, 0x31, 0xa7, 0x31, 0xa6, 0x31,
    0x87, 0x31, 0xa7, 0x31, 0xa7, 0x31, 0xa7, 0x31, 0x87, 0x31, 0xa7, 0x31,
    0xa7, 0x31, 0x87, 0x31, 0xa7, 0x31, 0xa7, 0x31, 0xa7, 0x31, 0xa7, 0x31,
    0xa7, 0x31, 0x87, 0x31, 0xa7, 0x31, 0x87, 0x31, 0xa7, 0x31, 0xa7, 0x31,
    0xa7, 0x31, 0xa7, 0x31, 0xa7, 0x31, 0xa7, 0x31, 0xa7, 0x31, 0x87, 0x31,
    0xa7, 0x31, 0xa7, 0x31, 0xa7, 0x31, 0xa7, 0x31, 0xa7, 0x31, 0x08, 0x3a,
    0x08, 0x3a, 0x08, 0x42, 0x29, 0x42, 0x09, 0x3a, 0x08, 0x42, 0x09, 0x42,
    0xe8, 0x39, 0xc8, 0x39, 0xc8, 0x39, 0xc7, 0x31, 0xc8, 0x39, 0xe8, 0x39,
    0xe8, 0x39, 0xe8, 0x39, 0xe8, 0x39, 0xe8, 0x39, 0xe8, 0x39, 0xc8, 0x39,
    0xe8, 0x39, 0xe8, 0x39, 0x09, 0x42, 0xe8, 0x39, 0xe8, 0x39, 0xe8, 0x39,
    0xe8, 0x39, 0x09, 0x42, 0xe8, 0x39, 0xe8, 0x39, 0x09, 0x42, 0xe8, 0x39,
    0x09, 0x42, 0xe8, 0x39, 0x09, 0x3a, 0xe8, 0x39, 0x09, 0x42, 0xe8, 0x39,
    0x08, 0x3a, 0x08, 0x42, 0x09, 0x3a, 0x29, 0x42, 0x29, 0x42, 0x29, 0x42,
    0x09, 0x42, 0x29, 0x42, 0x29, 0x42, 0x29, 0x42, 0x29, 0x42, 0x2a, 0x4a,
    0x29, 0x42, 0x29, 0x42, 0x29, 0x42, 0x29, 0x42, 0x4a, 0x4a, 0x4a, 0x4a,
    0x29, 0x42, 0x4a, 0x4a, 0x4a, 0x4a, 0x29, 0x42, 0x29, 0x42, 0x2a, 0x42,
    0x29, 0x42, 0x29, 0x42, 0x29, 0x42, 0x4a, 0x4a, 0x4a, 0x4a, 0x2a, 0x42,
    0x29, 0x42, 0x4a, 0x4a, 0x4a, 0x4a, 0x4a, 0x42, 0x29, 0x42, 0x4a, 0x4a,
    0x49, 0x42, 0x4a, 0x4a, 0x4a, 0x4a, 0x49, 0x42, 0x4a, 0x42, 0x4a, 0x4a,
    0x4a, 0x4a, 0x4a, 0x42, 0x6a, 0x4a, 0x49, 0x42, 0x4a, 0x4a, 0x4a, 0x42,
    0x25, 0x21, 0x25, 0x21, 0x25, 0x21, 0x25, 0x21, 0x25, 0x21, 0x25, 0x21,
    0x25, 0x21, 0x25, 0x21, 0x25, 0x21, 0x25, 0x21, 0x25, 0x29, 0x26, 0x21,
    0x45, 0x21, 0x25, 0x21, 0x46, 0x29, 0x25, 0x21, 0x25, 0x21, 0x25, 0x21,
    0x46, 0x29, 0x45, 0x21, 0x25, 0x21, 0x46, 0x29, 0x46, 0x29, 0x46, 0x21,
    0x45, 0x29, 0x46, 0x29, 0x46, 0x29, 0x45, 0x21, 0x46, 0x29, 0x66, 0x29,
    0x46, 0x29, 0x46, 0x29, 0x25, 0x21, 0x45, 0x29, 0x46, 0x29, 0x45, 0x21,
    0x46, 0x29, 0x45, 0x21, 0x66, 0x29, 0x66, 0x29, 0x66, 0x29, 0x66, 0x29,
    0x66, 0x29, 0x66, 0x29, 0x86, 0x31, 0x46, 0x29, 0x46, 0x29, 0x46, 0x29,
    0x66, 0x29, 0x46, 0x29, 0x46, 0x29, 0x45, 0x21, 0x66, 0x29, 0x66, 0x29,
    0x66, 0x29, 0x66, 0x29, 0x46, 0x29, 0x66, 0x29, 0x66, 0x29, 0x66, 0x29,
    0x66, 0x29, 0x66, 0x29, 0x66, 0x29, 0x66, 0x29, 0x66, 0x29, 0x66, 0x29,
    0x66, 0x29, 0x66, 0x29, 0x66, 0x29, 0x66, 0x29, 0x66, 0x29, 0x66, 0x29,
    0x66, 0x29, 0x66, 0x29, 0x66, 0x31, 0x87, 0x31, 0x66, 0x29, 0x66, 0x29,
    0x86, 0x29, 0x66, 0x29, 0x66, 0x29, 0x86, 0x29, 0x87, 0x31, 0x66, 0x29,
    0x66, 0x29, 0x87, 0x31, 0x66, 0x29, 0x87, 0x31, 0x87, 0x29, 0x66, 0x29,
    0x66, 0x29, 0x87, 0x29, 0x86, 0x31, 0x87, 0x31, 0x66, 0x29, 0x87, 0x31,
    0x87, 0x31, 0x87, 0x31, 0x86, 0x29, 0x87, 0x31, 0x66, 0x29, 0x87, 0x31,
    0x86, 0x29, 0x87, 0x29, 0x87, 0x31, 0x86, 0x29, 0x86, 0x29, 0x86, 0x29,
    0x87, 0x31, 0x86, 0x29, 0x87, 0x31, 0x87, 0x31, 0x86, 0x29, 0xa7, 0x31,
    0xa7, 0x31, 0x86, 0x31, 0x87, 0x31, 0x86, 0x29, 0xa7, 0x31, 0x87, 0x31,
    0x87, 0x31, 0xa7, 0x31, 0xa7, 0x31, 0x87, 0x31, 0xa7, 0x31, 0x87, 0x29,
    0xa7, 0x31, 0x87, 0x31, 0x86, 0x29, 0xa7, 0x31, 0x87, 0x31, 0xa7, 0x31,
    0xa7, 0x31, 0xa7, 0x31, 0xa7, 0x31, 0xa7, 0x31, 0xa7, 0x31, 0xa7, 0x31,
    0xa7, 0x31, 0xa7, 0x31, 0xa7, 0x31, 0xa7, 0x31, 0xa7, 0x31, 0x87, 0x31,
    0x87, 0x31, 0xa7, 0x31, 0xa7, 0x31, 0xa7, 0x31, 0xa7, 0x31, 0x87, 0x31,
    0xa7, 0x31, 0xa7, 0x31, 0x87, 0x31, 0x87, 0x31, 0xa7, 0x31, 0xe8, 0x39,
    0x09, 0x42, 0x09, 0x42, 0x09, 0x3a, 0x08, 0x42, 0x09, 0x42, 0x09, 0x3a,
    0xe8, 0x39, 0xc7, 0x39, 0xe8, 0x39, 0xe8, 0x39, 0xe8, 0x39, 0xc8, 0x39,
    0xe8, 0x39, 0xc8, 0x39, 0xc8, 0x39, 0xc8, 0x39, 0xc8, 0x39, 0xe8, 0x39,
    0xe8, 0x39, 0xe8, 0x39, 0xe8, 0x39, 0xe8, 0x39, 0xe8, 0x39, 0xe9, 0x41,
    0xe8, 0x39, 0xe8, 0x39, 0xe8, 0x39, 0xe8, 0x39, 0xe8, 0x39, 0xe8, 0x39,
    0xe8, 0x39, 0xe8, 0x39, 0x08, 0x42, 0x09, 0x42, 0xe8, 0x39, 0x09, 0x3a,
    0x09, 0x42, 0x09, 0x42, 0x29, 0x42, 0x29, 0x42, 0x29, 0x42, 0x29, 0x42,
    0x29, 0x42, 0x2a, 0x42, 0x4a, 0x4a, 0x29, 0x42, 0x2a, 0x4a, 0x29, 0x42,
    0x29, 0x42, 0x29, 0x42, 0x2a, 0x4a, 0x29, 0x42, 0x4a, 0x4a, 0x29, 0x42,
    0x4a, 0x42, 0x29, 0x42, 0x29, 0x42, 0x29, 0x4a, 0x29, 0x42, 0x29, 0x42,
    0x4a, 0x4a, 0x4a, 0x4a, 0x29, 0x42, 0x4a, 0x4a, 0x4a, 0x4a, 0x29, 0x42,
    0x29, 0x42, 0x4a, 0x4a, 0x49, 0x42, 0x4a, 0x4a, 0x4a, 0x4a, 0x29, 0x42,
    0x4a, 0x4a, 0x4a, 0x42, 0x4a, 0x4a, 0x49, 0x42, 0x4a, 0x4a, 0x4a, 0x4a,
    0x4a, 0x4a, 0x49, 0x42, 0x4a, 0x4a, 0x4a, 0x4a, 0x49, 0x42, 0x4a, 0x4a,
    0x25, 0x21, 0x05, 0x21, 0x25, 0x21, 0x25, 0x21, 0x25, 0x21, 0x25, 0x21,
    0x25, 0x21, 0x25, 0x21, 0x26, 0x29, 0x25, 0x21, 0x46, 0x29, 0x45, 0x21,
    0x25, 0x21, 0x25, 0x21, 0x25, 0x21, 0x46, 0x29, 0x45, 0x21, 0x25, 0x21,
    0x46, 0x29, 0x46, 0x29, 0x46, 0x29, 0x45, 0x29, 0x25, 0x21, 0x25, 0x21,
    0x45, 0x21, 0x46, 0x21, 0x46, 0x29, 0x46, 0x29, 0x45, 0x21, 0x66, 0x29,
    0x46, 0x29, 0x45, 0x21, 0x46, 0x29, 0x46, 0x29, 0x46, 0x29, 0x46, 0x29,
    0x46, 0x21, 0x45, 0x29, 0x66, 0x29, 0x66, 0x29, 0x66, 0x31, 0x67, 0x31,
    0x66, 0x29, 0x66, 0x29, 0x46, 0x29, 0x66, 0x29, 0x45, 0x21, 0x66, 0x29,
    0x66, 0x29, 0x66, 0x29, 0x66, 0x29, 0x45, 0x21, 0x66, 0x29, 0x66, 0x29,
    0x66, 0x29, 0x46, 0x29, 0x66, 0x29, 0x46, 0x29, 0x46, 0x29, 0x66, 0x29,
    0x46, 0x29, 0x66, 0x29, 0x46, 0x29, 0x66, 0x29, 0x66, 0x29, 0x46, 0x29,
    0x66, 0x29, 0x46, 0x29, 0x66, 0x29, 0x66, 0x29, 0x66, 0x29, 0x66, 0x29,
    0x87, 0x31, 0x66, 0x29, 0x66, 0x29, 0x66, 0x29, 0x66, 0x29, 0x66, 0x29,
    0x66, 0x29, 0x66, 0x29, 0x66, 0x29, 0x67, 0x31, 0x66, 0x29, 0x87, 0x31,
    0x66, 0x29, 0x66, 0x29, 0x87, 0x31, 0x86, 0x31, 0x87, 0x31, 0x87, 0x31,
    0x87, 0x31, 0x66, 0x29, 0x66, 0x29, 0x66, 0x29, 0x87, 0x31, 0x66, 0x29,
    0x87, 0x31, 0x87, 0x29, 0x87, 0x31, 0x86, 0x31, 0x87, 0x29, 0x87, 0x31,
    0x86, 0x31, 0x87, 0x31, 0x87, 0x31, 0x86, 0x29, 0x87, 0x31, 0xa7, 0x31,
    0x87, 0x31, 0xa7, 0x31, 0x86, 0x29, 0x87, 0x31, 0x86, 0x29, 0xa7, 0x31,
    0xa7, 0x31, 0xa7, 0x31, 0x87, 0x31, 0x87, 0x29, 0x87, 0x31, 0xa7, 0x31,
    0xa7, 0x31, 0xa7, 0x31, 0x86, 0x29, 0xa7, 0x31, 0x87, 0x31, 0x87, 0x31,
    0x86, 0x31, 0xa7, 0x31, 0xa7, 0x31, 0x87, 0x31, 0xa7, 0x31, 0xa7, 0x31,
    0xa7, 0x31, 0xa7, 0x31, 0x87, 0x31, 0xa7, 0x31, 0xa7, 0x31, 0xa7, 0x31,
    0xa7, 0x31, 0xa7, 0x31, 0xa7, 0x31, 0xa7, 0x31, 0xa7, 0x31, 0xc7, 0x31,
    0xa7, 0x31, 0xa7, 0x31, 0xa7, 0x31, 0xa7, 0x31, 0xa7, 0x31, 0xa7, 0x31,
    0xa7, 0x31, 0xa7, 0x31, 0xa7, 0x31, 0xa7, 0x31, 0xa7, 0x31, 0xc8, 0x39,
    0x09, 0x42, 0x09, 0x42, 0x09, 0x3a, 0x09, 0x42, 0x09, 0x42, 0x29, 0x42,
    0xe8, 0x39, 0xc8, 0x39, 0xe8, 0x39, 0xe8, 0x39, 0xe8, 0x39, 0xc8, 0x39,
    0xc8, 0x39, 0xe8, 0x39, 0xc8, 0x39, 0xe8, 0x39, 0xe8, 0x39, 0xe8, 0x39,
    0xe8, 0x39, 0xe8, 0x39, 0xe8, 0x39, 0xe8, 0x39, 0xe8, 0x39, 0xe8, 0x39,
    0xe8, 0x39, 0xe8, 0x39, 0xe9, 0x41, 0xe8, 0x39, 0xe8, 0x39, 0xe8, 0x39,
    0xe8, 0x39, 0x08, 0x3a, 0x09, 0x42, 0xe8, 0x39, 0x09, 0x42, 0x09, 0x42,
    0x29, 0x42, 0x29, 0x42, 0x29, 0x42, 0x09, 0x42, 0x29, 0x42, 0x29, 0x42,
    0x2a, 0x42, 0x29, 0x42, 0x29, 0x42, 0x29, 0x42, 0x29, 0x42, 0x29, 0x42,
    0x2a, 0x42, 0x2a, 0x42, 0x29, 0x42, 0x29, 0x42, 0x4a, 0x42, 0x29, 0x42,
    0x29, 0x4a, 0x4a, 0x42, 0x4a, 0x4a, 0x4a, 0x42, 0x4a, 0x4a, 0x4a, 0x4a,
    0x29, 0x42, 0x29, 0x42, 0x29, 0x42, 0x4a, 0x4a, 0x4a, 0x4a, 0x29, 0x42,
    0x4a, 0x4a, 0x4a, 0x42, 0x49, 0x42, 0x4a, 0x4a, 0x4a, 0x42, 0x29, 0x42,
    0x4a, 0x4a, 0x4a, 0x42, 0x29, 0x42, 0x4a, 0x4a, 0x49, 0x42, 0x4a, 0x4a,
    0x49, 0x42, 0x4a, 0x4a, 0x4a, 0x4a, 0x49, 0x42, 0x4a, 0x4a, 0x4a, 0x4a,
    0x25, 0x21, 0x05, 0x21, 0x25, 0x21, 0x26, 0x29, 0x25, 0x21, 0x26, 0x29,
    0x25, 0x21, 0x25, 0x21, 0x25, 0x21, 0x25, 0x21, 0x46, 0x21, 0x25, 0x29,
    0x46, 0x29, 0x25, 0x21, 0x25, 0x21, 0x46, 0x29, 0x25, 0x21, 0x46, 0x29,
    0x25, 0x21, 0x25, 0x21, 0x25, 0x21, 0x46, 0x21, 0x25, 0x21, 0x46, 0x29,
    0x46, 0x29, 0x45, 0x29, 0x45, 0x21, 0x46, 0x29, 0x46, 0x29, 0x45, 0x21,
    0x45, 0x21, 0x46, 0x29, 0x46, 0x21, 0x66, 0x29, 0x45, 0x21, 0x46, 0x29,
    0x45, 0x21, 0x46, 0x29, 0x46, 0x29, 0x66, 0x29, 0x67, 0x29, 0x66, 0x31,
    0x87, 0x31, 0x46, 0x29, 0x66, 0x29, 0x46, 0x29, 0x46, 0x29, 0x46, 0x29,
    0x46, 0x29, 0x66, 0x29, 0x46, 0x29, 0x46, 0x29, 0x66, 0x29, 0x66, 0x29,
    0x66, 0x29, 0x46, 0x29, 0x66, 0x29, 0x45, 0x21, 0x66, 0x29, 0x66, 0x29,
    0x66, 0x29, 0x66, 0x29, 0x66, 0x29, 0x46, 0x29, 0x66, 0x29, 0x66, 0x29,
    0x46, 0x29, 0x66, 0x29, 0x66, 0x29, 0x66, 0x29, 0x66, 0x29, 0x66, 0x29,
    0x67, 0x31, 0x66, 0x29, 0x66, 0x29, 0x66, 0x29, 0x66, 0x29, 0x67, 0x31,
    0x66, 0x29, 0x66, 0x29, 0x66, 0x31, 0x66, 0x29, 0x66, 0x29, 0x87, 0x29,
    0x66, 0x29, 0x86, 0x29, 0x87, 0x31, 0x87, 0x29, 0x86, 0x29, 0x87, 0x31,
    0x86, 0x31, 0x66, 0x29, 0x87, 0x31, 0x87, 0x31, 0x87, 0x31, 0x86, 0x29,
    0x86, 0x29, 0x86, 0x31, 0x87, 0x31, 0x86, 0x29, 0x86, 0x29, 0x67, 0x31,
    0x86, 0x31, 0x87, 0x31, 0x66, 0x29, 0x87, 0x31, 0x86, 0x29, 0x87, 0x31,
    0x86, 0x31, 0x87, 0x31, 0x87, 0x31, 0xa7, 0x31, 0x86, 0x29, 0x87, 0x31,
    0x87, 0x31, 0x87, 0x31, 0xa7, 0x31, 0x86, 0x29, 0x87, 0x31, 0x86, 0x31,
    0xa7, 0x31, 0xa7, 0x31, 0x87, 0x31, 0x87, 0x31, 0xa7, 0x31, 0xa7, 0x31,
    0xa7, 0x31, 0xa7, 0x31, 0xa7, 0x31, 0xa7, 0x31, 0x87, 0x31, 0xa7, 0x31,
    0xa7, 0x31, 0xa7, 0x31, 0xa7, 0x31, 0xa7, 0x31, 0xa7, 0x31, 0xa7, 0x31,
    0xa7, 0x31, 0xa7, 0x31, 0xa7, 0x31, 0xa7, 0x31, 0xa7, 0x31, 0xa7, 0x31,
    0xa7, 0x31, 0xa7, 0x31, 0xa7, 0x31, 0xa7, 0x31, 0xa7, 0x31, 0xc8, 0x39,
    0xa7, 0x31, 0xa7, 0x31, 0xa7, 0x31, 0x87, 0x31, 0xa7, 0x31, 0xa7, 0x31,
    0xc8, 0x39, 0x09, 0x42, 0x08, 0x42, 0x08, 0x3a, 0x09, 0x42, 0x29, 0x42,
    0xe8, 0x39, 0xc8, 0x31, 0xc8, 0x39, 0xc8, 0x39, 0xc8, 0x39, 0xc8, 0x39,
    0xe8, 0x39, 0xe8, 0x39, 0xe8, 0x39, 0xc8, 0x39, 0xc8, 0x39, 0xe8, 0x39,
    0xe8, 0x39, 0xe9, 0x41, 0xe8, 0x39, 0xe8, 0x39, 0xe8, 0x39, 0xe8, 0x39,
    0xe8, 0x39, 0x09, 0x42, 0xe8, 0x39, 0x09, 0x42, 0xe8, 0x39, 0x09, 0x42,
    0x09, 0x42, 0xe8, 0x39, 0xe8, 0x39, 0x09, 0x42, 0x29, 0x42, 0x29, 0x42,
    0x29, 0x42, 0x29, 0x42, 0x29, 0x42, 0x2a, 0x42, 0x09, 0x42, 0x29, 0x42,
    0x29, 0x42, 0x29, 0x42, 0x29, 0x42, 0x4a, 0x4a, 0x29, 0x42, 0x29, 0x42,
    0x2a, 0x4a, 0x29, 0x42, 0x29, 0x42, 0x4a, 0x4a, 0x29, 0x42, 0x29, 0x42,
    0x2a, 0x42, 0x29, 0x42, 0x29, 0x42, 0x29, 0x42, 0x29, 0x42, 0x4a, 0x4a,
    0x29, 0x42, 0x4a, 0x4a, 0x4a, 0x42, 0x4a, 0x42, 0x29, 0x42, 0x4a, 0x4a,
    0x29, 0x42, 0x4a, 0x4a, 0x4a, 0x4a, 0x29, 0x42, 0x4a, 0x4a, 0x29, 0x42,
    0x4a, 0x4a, 0x4a, 0x4a, 0x49, 0x4a, 0x4a, 0x42, 0x4a, 0x4a, 0x4a, 0x4a,
    0x4a, 0x4a, 0x29, 0x42, 0x4a, 0x4a, 0x4a, 0x4a, 0x4a, 0x4a, 0x4a, 0x42,
    0x25, 0x21, 0x25, 0x21, 0x25, 0x21, 0x25, 0x21, 0x25, 0x21, 0x46, 0x29,
    0x25, 0x21, 0x25, 0x21, 0x46, 0x29, 0x25, 0x21, 0x25, 0x21, 0x25, 0x21,
    0x46, 0x29, 0x46, 0x29, 0x25, 0x21, 0x45, 0x29, 0x26, 0x21, 0x46, 0x29,
    0x45, 0x21, 0x46, 0x29, 0x46, 0x29, 0x45, 0x21, 0x46, 0x29, 0x45, 0x29,
    0x46, 0x29, 0x46, 0x21, 0x45, 0x29, 0x46, 0x29, 0x46, 0x29, 0x46, 0x29,
    0x46, 0x29, 0x46, 0x29, 0x46, 0x29, 0x66, 0x29, 0x46, 0x29, 0x45, 0x21,
    0x46, 0x29, 0x45, 0x21, 0x46, 0x29, 0x66, 0x29, 0x87, 0x29, 0x87, 0x31,
    0x45, 0x29, 0x46, 0x29, 0x66, 0x29, 0x66, 0x29, 0x66, 0x29, 0x45, 0x21,
    0x46, 0x29, 0x45, 0x29, 0x66, 0x29, 0x66, 0x29, 0x46, 0x29, 0x46, 0x29,
    0x66, 0x29, 0x66, 0x29, 0x66, 0x29, 0x66, 0x29, 0x66, 0x29, 0x66, 0x29,
    0x66, 0x29, 0x46, 0x29, 0x66, 0x29, 0x46, 0x29, 0x66, 0x29, 0x66, 0x29,
    0x66, 0x29, 0x66, 0x29, 0x66, 0x29, 0x67, 0x29, 0x66, 0x29, 0x66, 0x29,
    0x66, 0x29, 0x66, 0x29, 0x66, 0x29, 0x87, 0x31, 0x66, 0x29, 0x66, 0x29,
    0x87, 0x29, 0x66, 0x29, 0x87, 0x31, 0x86, 0x29, 0x86, 0x29, 0x66, 0x31,
    0x67, 0x31, 0x66, 0x29, 0x66, 0x29, 0x66, 0x29, 0x66, 0x29, 0x66, 0x29,
    0x66, 0x29, 0x87, 0x29, 0x87, 0x31, 0x87, 0x31, 0x86, 0x29, 0x86, 0x29,
    0x87, 0x31, 0x87, 0x31, 0x87, 0x31, 0x86, 0x29, 0x87, 0x31, 0x87, 0x29,
    0x86, 0x29, 0x87, 0x29, 0x87, 0x31, 0x86, 0x31, 0x87, 0x29, 0x87, 0x31,
    0x87, 0x31, 0x86, 0x29, 0x87, 0x31, 0x87, 0x29, 0x86, 0x31, 0x87, 0x31,
    0x87, 0x31, 0xa7, 0x31, 0xa7, 0x31, 0x87, 0x31, 0xa7, 0x31, 0xa7, 0x31,
    0x87, 0x31, 0x87, 0x31, 0xa7, 0x31, 0xa7, 0x31, 0xa7, 0x31, 0x87, 0x31,
    0xa7, 0x31, 0xa7, 0x31, 0x87, 0x31, 0x87, 0x31, 0xa7, 0x31, 0xa7, 0x31,
    0xa7, 0x31, 0xa7, 0x31, 0xa7, 0x31, 0x87, 0x31, 0xa7, 0x31, 0xa7, 0x31,
    0xa7, 0x31, 0xa7, 0x31, 0xa7, 0x31, 0x87, 0x31, 0xa7, 0x31, 0xa7, 0x31,
    0xa8, 0x39, 0xa8, 0x39, 0xa7, 0x31, 0xc8, 0x39, 0xa7, 0x31, 0xa7, 0x31,
    0xa7, 0x31, 0xa7, 0x31, 0xa7, 0x31, 0xa7, 0x31, 0xa7, 0x31, 0xa7, 0x31,
    0xc8, 0x31, 0x08, 0x42, 0x08, 0x3a, 0x09, 0x42, 0x29, 0x42, 0x09, 0x42,
    0xe8, 0x39, 0xc7, 0x39, 0xc7, 0x31, 0xc8, 0x39, 0xe8, 0x39, 0xc7, 0x31,
    0xc8, 0x39, 0xe8, 0x39, 0xc8, 0x39, 0xc8, 0x39, 0xe8, 0x39, 0xe8, 0x39,
    0xc8, 0x39, 0xe8, 0x39, 0xe8, 0x39, 0xe8, 0x39, 0xe8, 0x39, 0xe9, 0x41,
    0xe8, 0x39, 0xe8, 0x39, 0xe8, 0x39, 0xe8, 0x39, 0xe8, 0x39, 0xe8, 0x39,
    0xe8, 0x39, 0x09, 0x42, 0x29, 0x42, 0x29, 0x42, 0x29, 0x42, 0x09, 0x42,
    0x29, 0x42, 0x09, 0x42, 0x29, 0x42, 0x09, 0x42, 0x29, 0x42, 0x09, 0x42,
    0x2a, 0x42, 0x29, 0x42, 0x2a, 0x4a, 0x2a, 0x42, 0x4a, 0x4a, 0x29, 0x42,
    0x4a, 0x4a, 0x29, 0x42, 0x29, 0x42, 0x4a, 0x4a, 0x29, 0x42, 0x2a, 0x42,
    0x4a, 0x4a, 0x29, 0x42, 0x29, 0x42, 0x4a, 0x4a, 0x4a, 0x4a, 0x29, 0x42,
    0x4a, 0x4a, 0x4a, 0x42, 0x49, 0x4a, 0x4a, 0x4a, 0x4a, 0x4a, 0x49, 0x42,
    0x4a, 0x42, 0x4a, 0x4a, 0x4a, 0x4a, 0x49, 0x42, 0x4a, 0x4a, 0x4a, 0x4a,
    0x29, 0x42, 0x4a, 0x4a, 0x4a, 0x4a, 0x4a, 0x42, 0x29, 0x42, 0x4a, 0x4a,
    0x49, 0x42, 0x4a, 0x42, 0x6a, 0x4a, 0x4a, 0x42, 0x4a, 0x4a, 0x4a, 0x4a,
    0x25, 0x21, 0x25, 0x21, 0x25, 0x21, 0x25, 0x21, 0x25, 0x21, 0x25, 0x21,
    0x25, 0x21, 0x25, 0x21, 0x46, 0x29, 0x25, 0x21, 0x45, 0x29, 0x25, 0x21,
    0x25, 0x21, 0x25, 0x21, 0x46, 0x29, 0x46, 0x21, 0x45, 0x21, 0x45, 0x29,
    0x46, 0x29, 0x45, 0x21, 0x45, 0x29, 0x46, 0x29, 0x25, 0x21, 0x25, 0x21,
    0x46, 0x21, 0x46, 0x29, 0x45, 0x21, 0x46, 0x21, 0x45, 0x21, 0x45, 0x29,
    0x46, 0x21, 0x66, 0x29, 0x45, 0x29, 0x66, 0x29, 0x46, 0x29, 0x46, 0x29,
    0x66, 0x29, 0x66, 0x29, 0x66, 0x29, 0x46, 0x29, 0x66, 0x29, 0x66, 0x29,
    0x46, 0x29, 0x66, 0x29, 0x46, 0x21, 0x66, 0x29, 0x45, 0x21, 0x66, 0x29,
    0x46, 0x21, 0x66, 0x29, 0x66, 0x29, 0x66, 0x29, 0x46, 0x29, 0x66, 0x29,
    0x66, 0x29, 0x66, 0x29, 0x46, 0x29, 0x46, 0x29, 0x66, 0x29, 0x46, 0x29,
    0x66, 0x29, 0x66, 0x29, 0x66, 0x29, 0x66, 0x29, 0x46, 0x29, 0x66, 0x29,
    0x46, 0x29, 0x66, 0x29, 0x66, 0x29, 0x66, 0x31, 0x66, 0x29, 0x66, 0x29,
    0x66, 0x29, 0x66, 0x29, 0x66, 0x29, 0x66, 0x29, 0x66, 0x29, 0x66, 0x31,
    0x66, 0x29, 0x87, 0x31, 0x66, 0x29, 0x67, 0x29, 0x87, 0x31, 0x66, 0x29,
    0x66, 0x29, 0x87, 0x31, 0x87, 0x31, 0x87, 0x31, 0x66, 0x29, 0x87, 0x31,
    0x66, 0x29, 0x86, 0x29, 0x66, 0x29, 0x86, 0x31, 0x86, 0x29, 0x87, 0x31,
    0x87, 0x31, 0x87, 0x29, 0x86, 0x29, 0x87, 0x31, 0x66, 0x31, 0x87, 0x31,
    0x86, 0x29, 0x86, 0x31, 0x87, 0x31, 0xa7, 0x31, 0x87, 0x31, 0xa7, 0x31,
    0x87, 0x29, 0x86, 0x29, 0x87, 0x31, 0x87, 0x31, 0x86, 0x29, 0x87, 0x31,
    0xa7, 0x31, 0xa7, 0x31, 0xa7, 0x31, 0x86, 0x31, 0x87, 0x29, 0xa7, 0x31,
    0x86, 0x29, 0xa7, 0x31, 0xa7, 0x31, 0xa7, 0x31, 0x87, 0x31, 0xa7, 0x31,
    0x87, 0x31, 0xa7, 0x31, 0x87, 0x31, 0xa7, 0x31, 0xa7, 0x31, 0xa7, 0x31,
    0xa7, 0x31, 0xa7, 0x31, 0x87, 0x31, 0xa7, 0x31, 0xa7, 0x31, 0xa7, 0x31,
    0xa7, 0x31, 0xa7, 0x31, 0x87, 0x31, 0xa7, 0x31, 0xa7, 0x39, 0xa7, 0x31,
    0xc8, 0x31, 0xa7, 0x31, 0xa7, 0x31, 0xa7, 0x31, 0xa7, 0x31, 0xa7, 0x31,
    0xa7, 0x31, 0x87, 0x31, 0xa7, 0x31, 0xa7, 0x31, 0xa7, 0x31, 0xa7, 0x31,
    0xa7, 0x31, 0x09, 0x3a, 0x29, 0x42, 0x08, 0x3a, 0x09, 0x42, 0x08, 0x3a,
    0xe8, 0x39, 0xc8, 0x39, 0xe8, 0x39, 0xc7, 0x31, 0xe8, 0x39, 0xe8, 0x39,
    0xc7, 0x31, 0xe8, 0x39, 0xc8, 0x39, 0xe8, 0x39, 0xc8, 0x39, 0xe8, 0x39,
    0xc8, 0x39, 0xe8, 0x39, 0xe9, 0x39, 0xe8, 0x39, 0xe8, 0x39, 0xe8, 0x39,
    0xe8, 0x39, 0xe8, 0x39, 0xe8, 0x39, 0xe8, 0x39, 0xe8, 0x39, 0x09, 0x42,
    0x09, 0x42, 0x29, 0x42, 0x09, 0x42, 0x29, 0x42, 0x29, 0x42, 0x29, 0x42,
    0x29, 0x42, 0x2a, 0x42, 0x09, 0x42, 0x29, 0x42, 0x29, 0x42, 0x29, 0x42,
    0x29, 0x42, 0x29, 0x42, 0x29, 0x42, 0x29, 0x42, 0x29, 0x42, 0x29, 0x42,
    0x29, 0x42, 0x29, 0x42, 0x2a, 0x42, 0x4a, 0x4a, 0x49, 0x42, 0x29, 0x42,
    0x29, 0x4a, 0x4a, 0x4a, 0x29, 0x42, 0x29, 0x42, 0x4a, 0x42, 0x4a, 0x4a,
    0x4a, 0x4a, 0x49, 0x42, 0x4a, 0x42, 0x4a, 0x4a, 0x49, 0x42, 0x29, 0x42,
    0x4a, 0x4a, 0x29, 0x42, 0x29, 0x42, 0x4a, 0x42, 0x29, 0x42, 0x4a, 0x4a,
    0x49, 0x42, 0x49, 0x42, 0x4a, 0x42, 0x4a, 0x4a, 0x4a, 0x4a, 0x4a, 0x4a,
    0x4a, 0x4a, 0x4a, 0x4a, 0x4a, 0x4a, 0x49, 0x42, 0x49, 0x42, 0x4a, 0x4a,
    0x05, 0x21, 0x25, 0x21, 0x25, 0x21, 0x26, 0x29, 0x25, 0x21, 0x25, 0x21,
    0x25, 0x21, 0x25, 0x21, 0x25, 0x21, 0x26, 0x29, 0x25, 0x21, 0x46, 0x21,
    0x25, 0x21, 0x45, 0x29, 0x46, 0x29, 0x25, 0x21, 0x46, 0x29, 0x25, 0x21,
    0x25, 0x21, 0x46, 0x21, 0x46, 0x29, 0x45, 0x21, 0x46, 0x21, 0x45, 0x29,
    0x46, 0x29, 0x46, 0x29, 0x46, 0x29, 0x46, 0x29, 0x46, 0x29, 0x66, 0x29,
    0x45, 0x21, 0x46, 0x29, 0x46, 0x29, 0x66, 0x29, 0x66, 0x29, 0x46, 0x29,
    0x66, 0x29, 0x46, 0x29, 0x46, 0x29, 0x46, 0x29, 0x46, 0x29, 0x46, 0x29,
    0x46, 0x21, 0x46, 0x29, 0x45, 0x29, 0x46, 0x29, 0x46, 0x29, 0x66, 0x29,
    0x46, 0x29, 0x46, 0x29, 0x46, 0x21, 0x66, 0x29, 0x66, 0x29, 0x45, 0x29,
    0x46, 0x29, 0x46, 0x29, 0x66, 0x29, 0x46, 0x21, 0x46, 0x29, 0x66, 0x29,
    0x66, 0x29, 0x66, 0x29, 0x66, 0x29, 0x66, 0x29, 0x66, 0x29, 0x66, 0x29,
    0x66, 0x29, 0x46, 0x29, 0x66, 0x29, 0x66, 0x29, 0x66, 0x29, 0x66, 0x29,
    0x67, 0x31, 0x66, 0x29, 0x66, 0x29, 0x66, 0x29, 0x66, 0x29, 0x66, 0x29,
    0x66, 0x29, 0x87, 0x31, 0x66, 0x29, 0x66, 0x29, 0x66, 0x29, 0x66, 0x29,
    0x87, 0x31, 0x86, 0x29, 0x87, 0x31, 0x86, 0x29, 0x86, 0x29, 0x66, 0x29,
    0x87, 0x31, 0x66, 0x29, 0x66, 0x29, 0x87, 0x31, 0x87, 0x31, 0x86, 0x29,
    0x87, 0x31, 0x86, 0x29, 0x87, 0x31, 0x86, 0x29, 0x87, 0x31, 0x86, 0x29,
    0x87, 0x31, 0x66, 0x29, 0x87, 0x29, 0x86, 0x29, 0x86, 0x29, 0x87, 0x31,
    0x87, 0x31, 0x86, 0x31, 0x86, 0x29, 0x87, 0x31, 0xa7, 0x31, 0x87, 0x31,
    0x86, 0x29, 0x87, 0x31, 0x87, 0x31, 0x87, 0x29, 0x87, 0x31, 0x87, 0x31,
    0xa7, 0x31, 0x87, 0x31, 0x87, 0x31, 0xa7, 0x31, 0x87, 0x29, 0xa7, 0x31,
    0xa7, 0x31, 0xa7, 0x31, 0xa7, 0x31, 0xa7, 0x31, 0xa7, 0x31, 0xa7, 0x31,
    0xa7, 0x31, 0xa7, 0x31, 0xa7, 0x31, 0xa7, 0x31, 0xa7, 0x31, 0xa7, 0x31,
    0xa7, 0x31, 0xa7, 0x31, 0xa7, 0x31, 0xa7, 0x31, 0xa8, 0x31, 0xa7, 0x31,
    0xa7, 0x31, 0xa7, 0x31, 0xa7, 0x31, 0xa7, 0x31, 0xa7, 0x31, 0xa7, 0x31,
    0xa7, 0x31, 0xa7, 0x31, 0xa7, 0x31, 0xa7, 0x31, 0xa7, 0x31, 0xa7, 0x31,
    0xa7, 0x31, 0xc8, 0x39, 0x09, 0x42, 0x09, 0x42, 0x09, 0x42, 0x09, 0x42,
    0x08, 0x3a, 0xc8, 0x39, 0xc8, 0x39, 0xc8, 0x31, 0xc8, 0x39, 0xc8, 0x39,
    0xe8, 0x39, 0xe8, 0x39, 0xc8, 0x39, 0xe8, 0x39, 0xe8, 0x39, 0xc8, 0x39,
    0xe8, 0x39, 0xe8, 0x39, 0xe8, 0x39, 0xe8, 0x39, 0xe8, 0x39, 0xe8, 0x39,
    0xe8, 0x39, 0xe8, 0x39, 0xe8, 0x39, 0x09, 0x42, 0x09, 0x42, 0x29, 0x42,
    0x09, 0x42, 0x29, 0x42, 0x29, 0x42, 0x09, 0x42, 0x09, 0x42, 0x29, 0x42,
    0x29, 0x42, 0x29, 0x42, 0x29, 0x42, 0x29, 0x42, 0x29, 0x42, 0x29, 0x42,
    0x2a, 0x4a, 0x29, 0x42, 0x29, 0x42, 0x2a, 0x42, 0x29, 0x42, 0x4a, 0x4a,
    0x29, 0x42, 0x29, 0x42, 0x29, 0x42, 0x29, 0x42, 0x2a, 0x42, 0x4a, 0x4a,
    0x49, 0x42, 0x29, 0x42, 0x2a, 0x42, 0x29, 0x42, 0x49, 0x42, 0x4a, 0x4a,
    0x4a, 0x42, 0x29, 0x4a, 0x29, 0x42, 0x4a, 0x4a, 0x29, 0x42, 0x4a, 0x4a,
    0x2a, 0x42, 0x49, 0x4a, 0x4a, 0x4a, 0x4a, 0x4a, 0x29, 0x42, 0x4a, 0x42,
    0x4a, 0x4a, 0x49, 0x4a, 0x4a, 0x4a, 0x29, 0x42, 0x29, 0x42, 0x4a, 0x4a,
    0x6a, 0x4a, 0x4a, 0x4a, 0x4a, 0x4a, 0x6a, 0x4a, 0x4a, 0x4a, 0x4a, 0x42,
    0x25, 0x21, 0x25, 0x21, 0x25, 0x21, 0x25, 0x21, 0x25, 0x21, 0x25, 0x21,
    0x26, 0x29, 0x25, 0x21, 0x45, 0x21, 0x25, 0x21, 0x46, 0x29, 0x25, 0x21,
    0x25, 0x21, 0x46, 0x29, 0x25, 0x21, 0x25, 0x21, 0x46, 0x29, 0x45, 0x21,
    0x25, 0x21, 0x46, 0x29, 0x46, 0x29, 0x46, 0x29, 0x46, 0x29, 0x46, 0x29,
    0x25, 0x21, 0x46, 0x29, 0x45, 0x21, 0x45, 0x29, 0x46, 0x29, 0x46, 0x21,
    0x45, 0x29, 0x46, 0x29, 0x46, 0x29, 0x45, 0x21, 0x45, 0x21, 0x46, 0x29,
    0x25, 0x21, 0x25, 0x21, 0x25, 0x21, 0x45, 0x21, 0x45, 0x21, 0x46, 0x29,
    0x66, 0x29, 0x45, 0x29, 0x46, 0x21, 0x45, 0x21, 0x46, 0x29, 0x46, 0x29,
    0x45, 0x21, 0x66, 0x29, 0x46, 0x29, 0x66, 0x29, 0x66, 0x29, 0x66, 0x29,
    0x46, 0x21, 0x66, 0x29, 0x66, 0x29, 0x46, 0x29, 0x46, 0x29, 0x66, 0x29,
    0x46, 0x29, 0x66, 0x29, 0x66, 0x29, 0x46, 0x29, 0x66, 0x29, 0x66, 0x29,
    0x66, 0x29, 0x66, 0x29, 0x66, 0x29, 0x66, 0x29, 0x66, 0x29, 0x67, 0x29,
    0x66, 0x29, 0x66, 0x31, 0x67, 0x29, 0x66, 0x29, 0x66, 0x29, 0x66, 0x29,
    0x87, 0x31, 0x86, 0x29, 0x66, 0x29, 0x87, 0x31, 0x66, 0x29, 0x86, 0x31,
    0x66, 0x29, 0x66, 0x29, 0x86, 0x29, 0x66, 0x29, 0x87, 0x31, 0x66, 0x29,
    0x87, 0x31, 0x86, 0x29, 0x87, 0x31, 0x87, 0x29, 0x66, 0x29, 0x66, 0x29,
    0x87, 0x31, 0x87, 0x31, 0x87, 0x31, 0x66, 0x29, 0x87, 0x31, 0x86, 0x29,
    0x87, 0x31, 0x87, 0x31, 0x87, 0x31, 0x86, 0x29, 0x87, 0x31, 0x87, 0x31,
    0x86, 0x29, 0x87, 0x31, 0x87, 0x31, 0xa7, 0x31, 0xa7, 0x31, 0x87, 0x31,
    0xa7, 0x31, 0xa7, 0x31, 0xa7, 0x31, 0x86, 0x29, 0xa7, 0x31, 0xa7, 0x31,
    0x86, 0x29, 0xa7, 0x31, 0xa7, 0x31, 0x86, 0x31, 0xa7, 0x31, 0xa7, 0x31,
    0x87, 0x31, 0xa7, 0x31, 0xa7, 0x31, 0xa7, 0x31, 0xa7, 0x31, 0xa7, 0x31,
    0x87, 0x31, 0x87, 0x31, 0xa7, 0x31, 0xa7, 0x31, 0xa7, 0x31, 0xa7, 0x31,
    0xa7, 0x39, 0xa7, 0x31, 0xa7, 0x31, 0xa7, 0x31, 0xc8, 0x39, 0xa7, 0x31,
    0xa7, 0x31, 0xa7, 0x39, 0xa7, 0x31, 0xa8, 0x39, 0xc8, 0x39, 0xa8, 0x39,
    0xa7, 0x31, 0xa7, 0x31, 0xc8, 0x39, 0xa7, 0x31, 0xa7, 0x31, 0xa7, 0x31,
    0xa7, 0x31, 0xa7, 0x39, 0x09, 0x42, 0x09, 0x42, 0x08, 0x3a, 0x29, 0x42,
    0xe8, 0x39, 0xc8, 0x39, 0xc7, 0x31, 0xe8, 0x39, 0xc8, 0x39, 0xc8, 0x39,
    0xe8, 0x39, 0xe8, 0x39, 0xc8, 0x39, 0xe8, 0x39, 0xe8, 0x39, 0xe8, 0x39,
    0xc8, 0x39, 0xc8, 0x39, 0xe8, 0x39, 0xc8, 0x39, 0xe8, 0x39, 0xe8, 0x39,
    0xc8, 0x39, 0xe8, 0x39, 0x09, 0x42, 0x09, 0x42, 0x29, 0x42, 0x29, 0x42,
    0x29, 0x42, 0x09, 0x42, 0x29, 0x42, 0x29, 0x42, 0x09, 0x42, 0x29, 0x42,
    0x2a, 0x42, 0x29, 0x42, 0x29, 0x42, 0x2a, 0x4a, 0x29, 0x42, 0x29, 0x42,
    0x29, 0x42, 0x2a, 0x42, 0x29, 0x42, 0x29, 0x42, 0x2a, 0x4a, 0x29, 0x42,
    0x2a, 0x42, 0x2a, 0x4a, 0x29, 0x42, 0x4a, 0x4a, 0x29, 0x42, 0x2a, 0x42,
    0x29, 0x42, 0x4a, 0x4a, 0x4a, 0x4a, 0x4a, 0x4a, 0x29, 0x42, 0x29, 0x42,
    0x4a, 0x4a, 0x2a, 0x42, 0x4a, 0x4a, 0x29, 0x42, 0x4a, 0x42, 0x4a, 0x4a,
    0x4a, 0x42, 0x4a, 0x42, 0x4a, 0x4a, 0x4a, 0x4a, 0x4a, 0x4a, 0x4a, 0x4a,
    0x4a, 0x42, 0x4a, 0x4a, 0x4a, 0x4a, 0x4a, 0x42, 0x4a, 0x4a, 0x4a, 0x4a,
    0x49, 0x42, 0x4a, 0x42, 0x4a, 0x42, 0x4a, 0x4a, 0x4a, 0x4a, 0x4a, 0x4a,
    0x25, 0x21, 0x25, 0x21, 0x25, 0x21, 0x46, 0x29, 0x25, 0x21, 0x25, 0x21,
    0x25, 0x21, 0x26, 0x29, 0x25, 0x21, 0x25, 0x21, 0x25, 0x21, 0x46, 0x29,
    0x46, 0x29, 0x25, 0x21, 0x46, 0x21, 0x46, 0x29, 0x46, 0x29, 0x46, 0x29,
    0x45, 0x29, 0x46, 0x29, 0x45, 0x21, 0x45, 0x21, 0x45, 0x21, 0x25, 0x21,
    0x46, 0x29, 0x66, 0x29, 0x46, 0x29, 0x66, 0x29, 0x45, 0x21, 0x46, 0x29,
    0x45, 0x21, 0x25, 0x21, 0x46, 0x21, 0x25, 0x21, 0x45, 0x21, 0x45, 0x21,
    0x46, 0x29, 0x45, 0x21, 0x46, 0x29, 0x45, 0x29, 0x66, 0x29, 0x46, 0x29,
    0x66, 0x29, 0x46, 0x21, 0x46, 0x29, 0x46, 0x29, 0x46, 0x29, 0x66, 0x29,
    0x66, 0x29, 0x46, 0x29, 0x45, 0x29, 0x46, 0x29, 0x66, 0x29, 0x46, 0x29,
    0x66, 0x29, 0x46, 0x29, 0x65, 0x29, 0x66, 0x29, 0x66, 0x29, 0x66, 0x29,
    0x66, 0x29, 0x46, 0x29, 0x66, 0x29, 0x46, 0x29, 0x66, 0x29, 0x66, 0x29,
    0x66, 0x29, 0x66, 0x29, 0x66, 0x29, 0x66, 0x29, 0x66, 0x29, 0x66, 0x29,
    0x66, 0x29, 0x66, 0x29, 0x66, 0x31, 0x66, 0x29, 0x67, 0x29, 0x87, 0x31,
    0x66, 0x29, 0x66, 0x29, 0x66, 0x29, 0x66, 0x29, 0x66, 0x29, 0x87, 0x31,
    0x87, 0x29, 0x87, 0x31, 0x66, 0x31, 0x66, 0x29, 0x87, 0x31, 0x87, 0x31,
    0x87, 0x31, 0x86, 0x31, 0x66, 0x29, 0x87, 0x31, 0x87, 0x31, 0x86, 0x29,
    0x86, 0x31, 0x87, 0x31, 0x86, 0x29, 0x87, 0x31, 0x87, 0x31, 0x66, 0x29,
    0x87, 0x31, 0x87, 0x31, 0x87, 0x31, 0x87, 0x31, 0x86, 0x31, 0x87, 0x29,
    0x86, 0x29, 0x87, 0x31, 0x87, 0x29, 0x86, 0x31, 0x87, 0x31, 0x86, 0x29,
    0x86, 0x29, 0x87, 0x31, 0x87, 0x31, 0x86, 0x31, 0xa7, 0x31, 0x87, 0x31,
    0xa7, 0x31, 0x87, 0x31, 0xa7, 0x31, 0x87, 0x31, 0xa7, 0x31, 0x87, 0x31,
    0xa7, 0x31, 0x87, 0x31, 0xa7, 0x31, 0xa7, 0x31, 0xa7, 0x31, 0xa7, 0x31,
    0xa7, 0x31, 0xa7, 0x31, 0xa7, 0x31, 0xa7, 0x31, 0xa7, 0x31, 0xa7, 0x31,
    0xa7, 0x31, 0xa8, 0x31, 0xa7, 0x39, 0xa7, 0x31, 0xa7, 0x31, 0xa7, 0x31,
    0xa7, 0x31, 0xa7, 0x31, 0xa7, 0x31, 0xc7, 0x31, 0xa7, 0x31, 0xa7, 0x31,
    0xa7, 0x31, 0xc8, 0x39, 0xa8, 0x39, 0xc8, 0x39, 0xa7, 0x31, 0xa7, 0x31,
    0xa7, 0x31, 0xa7, 0x31, 0xc8, 0x39, 0x29, 0x42, 0x29, 0x42, 0x08, 0x3a,
    0xe9, 0x39, 0xc8, 0x39, 0xc8, 0x39, 0xc7, 0x39, 0xc8, 0x39, 0xe8, 0x39,
    0xe8, 0x39, 0xc7, 0x31, 0xc7, 0x31, 0xc8, 0x39, 0xe8, 0x39, 0xe8, 0x39,
    0xe8, 0x39, 0xe8, 0x39, 0xc8, 0x39, 0xe8, 0x39, 0xe8, 0x39, 0xe9, 0x41,
    0x09, 0x42, 0x09, 0x42, 0x09, 0x42, 0x09, 0x42, 0x29, 0x42, 0x29, 0x42,
    0x09, 0x42, 0x09, 0x42, 0x29, 0x42, 0x29, 0x42, 0x29, 0x42, 0x29, 0x42,
    0x09, 0x42, 0x09, 0x42, 0x29, 0x42, 0x29, 0x42, 0x2a, 0x42, 0x29, 0x42,
    0x29, 0x42, 0x4a, 0x4a, 0x29, 0x42, 0x29, 0x42, 0x29, 0x42, 0x29, 0x42,
    0x4a, 0x42, 0x29, 0x42, 0x4a, 0x4a, 0x29, 0x42, 0x49, 0x4a, 0x29, 0x42,
    0x2a, 0x42, 0x29, 0x42, 0x29, 0x42, 0x4a, 0x4a, 0x2a, 0x42, 0x4a, 0x4a,
    0x49, 0x42, 0x29, 0x42, 0x4a, 0x4a, 0x49, 0x42, 0x4a, 0x4a, 0x49, 0x4a,
    0x49, 0x42, 0x4a, 0x4a, 0x49, 0x42, 0x4a, 0x42, 0x29, 0x42, 0x4a, 0x4a,
    0x4a, 0x4a, 0x29, 0x42, 0x4a, 0x42, 0x4a, 0x4a, 0x49, 0x42, 0x4a, 0x4a,
    0x4a, 0x4a, 0x49, 0x42, 0x4a, 0x4a, 0x4a, 0x4a, 0x49, 0x42, 0x49, 0x42,
    0x25, 0x21, 0x25, 0x21, 0x25, 0x21, 0x25, 0x21, 0x25, 0x29, 0x25, 0x21,
    0x45, 0x21, 0x46, 0x29, 0x25, 0x21, 0x25, 0x21, 0x25, 0x21, 0x45, 0x21,
    0x25, 0x21, 0x46, 0x29, 0x45, 0x21, 0x25, 0x21, 0x25, 0x21, 0x25, 0x21,
    0x46, 0x21, 0x46, 0x29, 0x25, 0x21, 0x46, 0x29, 0x46, 0x29, 0x46, 0x29,
    0x66, 0x29, 0x45, 0x21, 0x25, 0x21, 0x25, 0x21, 0x25, 0x21, 0x25, 0x21,
    0x25, 0x21, 0x25, 0x21, 0x45, 0x29, 0x46, 0x29, 0x46, 0x29, 0x25, 0x21,
    0x25, 0x21, 0x45, 0x21, 0x46, 0x29, 0x46, 0x29, 0x66, 0x29, 0x46, 0x29,
    0x66, 0x29, 0x46, 0x29, 0x66, 0x29, 0x66, 0x29, 0x66, 0x29, 0x45, 0x21,
    0x66, 0x29, 0x46, 0x29, 0x46, 0x29, 0x66, 0x29, 0x46, 0x29, 0x66, 0x29,
    0x66, 0x29, 0x66, 0x29, 0x46, 0x29, 0x66, 0x29, 0x66, 0x29, 0x46, 0x29,
    0x66, 0x29, 0x66, 0x29, 0x66, 0x29, 0x66, 0x29, 0x66, 0x29, 0x66, 0x29,
    0x66, 0x29, 0x66, 0x29, 0x66, 0x29, 0x67, 0x31, 0x66, 0x29, 0x66, 0x29,
    0x66, 0x29, 0x66, 0x29, 0x87, 0x29, 0x86, 0x29, 0x86, 0x31, 0x66, 0x29,
    0x66, 0x29, 0x66, 0x31, 0x67, 0x29, 0x66, 0x29, 0x86, 0x31, 0x87, 0x31,
    0x87, 0x29, 0x86, 0x31, 0x87, 0x29, 0x87, 0x29, 0x86, 0x31, 0x66, 0x29,
    0x87, 0x29, 0x66, 0x29, 0x87, 0x31, 0x86, 0x31, 0x87, 0x29, 0x66, 0x29,
    0x87, 0x31, 0x87, 0x29, 0x86, 0x29, 0x87, 0x31, 0x86, 0x29, 0x87, 0x29,
    0xa7, 0x31, 0x86, 0x29, 0xa7, 0x31, 0x87, 0x31, 0x86, 0x29, 0x87, 0x31,
    0x87, 0x31, 0xa7, 0x31, 0x87, 0x31, 0x87, 0x31, 0x86, 0x29, 0xa7, 0x31,
    0x87, 0x31, 0x87, 0x31, 0xa7, 0x31, 0x87, 0x31, 0x87, 0x31, 0xa7, 0x31,
    0xa7, 0x31, 0xa7, 0x31, 0xa7, 0x31, 0x87, 0x31, 0xa7, 0x31, 0xa7, 0x31,
    0x87, 0x31, 0xa7, 0x31, 0xa7, 0x31, 0xa7, 0x31, 0xa7, 0x31, 0xa7, 0x31,
    0xa7, 0x31, 0xa7, 0x31, 0xa7, 0x31, 0xa7, 0x31, 0xa7, 0x31, 0xa7, 0x31,
    0xa8, 0x31, 0xa7, 0x31, 0xa7, 0x31, 0xa7, 0x31, 0xc8, 0x39, 0xa7, 0x31,
    0xa7, 0x31, 0xa7, 0x31, 0xa8, 0x39, 0xa7, 0x31, 0xa7, 0x31, 0xa7, 0x31,
    0xa7, 0x31, 0xa7, 0x31, 0xa7, 0x31, 0xa7, 0x31, 0xa7, 0x31, 0xa7, 0x31,
    0xa8, 0x31, 0xa7, 0x31, 0xc7, 0x31, 0x09, 0x42, 0x08, 0x3a, 0x09, 0x42,
    0x08, 0x42, 0xc7, 0x31, 0xc8, 0x39, 0xe8, 0x39, 0xc7, 0x31, 0xc7, 0x31,
    0xe8, 0x39, 0xc8, 0x39, 0xc8, 0x39, 0xc8, 0x39, 0xc8, 0x31, 0xe8, 0x39,
    0xe8, 0x39, 0xe8, 0x39, 0xc8, 0x39, 0xe8, 0x39, 0x08, 0x3a, 0x09, 0x42,
    0x09, 0x42, 0x29, 0x42, 0x29, 0x42, 0x09, 0x42, 0x29, 0x42, 0x09, 0x42,
    0x29, 0x42, 0x09, 0x42, 0x09, 0x3a, 0x09, 0x42, 0x29, 0x42, 0x29, 0x42,
    0x09, 0x42, 0x2a, 0x42, 0x29, 0x42, 0x29, 0x42, 0x29, 0x42, 0x29, 0x42,
    0x2a, 0x42, 0x29, 0x42, 0x29, 0x42, 0x29, 0x42, 0x29, 0x42, 0x29, 0x42,
    0x29, 0x42, 0x29, 0x42, 0x4a, 0x42, 0x2a, 0x42, 0x29, 0x42, 0x4a, 0x4a,
    0x49, 0x42, 0x29, 0x42, 0x29, 0x42, 0x4a, 0x4a, 0x4a, 0x4a, 0x29, 0x42,
    0x4a, 0x4a, 0x29, 0x42, 0x29, 0x42, 0x29, 0x42, 0x4a, 0x4a, 0x4a, 0x4a,
    0x29, 0x42, 0x4a, 0x4a, 0x4a, 0x4a, 0x29, 0x42, 0x4a, 0x4a, 0x49, 0x42,
    0x4a, 0x4a, 0x49, 0x42, 0x49, 0x4a, 0x4a, 0x42, 0x4a, 0x4a, 0x4a, 0x4a,
    0x4a, 0x4a, 0x4a, 0x4a, 0x4a, 0x4a, 0x4a, 0x4a, 0x4a, 0x42, 0x4a, 0x4a,
    0x25, 0x21, 0x25, 0x21, 0x26, 0x29, 0x25, 0x21, 0x25, 0x21, 0x25, 0x21,
    0x25, 0x21, 0x25, 0x21, 0x46, 0x29, 0x25, 0x21, 0x46, 0x29, 0x25, 0x21,
    0x25, 0x21, 0x46, 0x29, 0x45, 0x29, 0x46, 0x29, 0x46, 0x29, 0x45, 0x21,
    0x46, 0x29, 0x25, 0x21, 0x45, 0x29, 0x25, 0x21, 0x25, 0x21, 0x25, 0x21,
    0x25, 0x21, 0x25, 0x21, 0x25, 0x21, 0x25, 0x21, 0x25, 0x21, 0x46, 0x29,
    0x25, 0x21, 0x46, 0x29, 0x45, 0x21, 0x25, 0x21, 0x25, 0x21, 0x46, 0x29,
    0x46, 0x29, 0x45, 0x21, 0x26, 0x21, 0x46, 0x29, 0x46, 0x29, 0x46, 0x21,
    0x45, 0x29, 0x45, 0x21, 0x66, 0x29, 0x46, 0x29, 0x45, 0x29, 0x45, 0x21,
    0x46, 0x29, 0x66, 0x29, 0x66, 0x29, 0x45, 0x21, 0x66, 0x29, 0x66, 0x29,
    0x66, 0x29, 0x46, 0x29, 0x46, 0x29, 0x46, 0x29, 0x45, 0x29, 0x66, 0x29,
    0x66, 0x29, 0x66, 0x29, 0x66, 0x29, 0x66, 0x29, 0x66, 0x29, 0x66, 0x29,
    0x66, 0x29, 0x66, 0x29, 0x66, 0x29, 0x66, 0x29, 0x66, 0x29, 0x66, 0x29,
    0x67, 0x31, 0x66, 0x29, 0x66, 0x29, 0x67, 0x31, 0x66, 0x29, 0x86, 0x29,
    0x66, 0x29, 0x67, 0x29, 0x66, 0x29, 0x66, 0x29, 0x66, 0x29, 0x66, 0x29,
    0x66, 0x29, 0x86, 0x31, 0x87, 0x29, 0x66, 0x29, 0x86, 0x31, 0x66, 0x29,
    0x87, 0x29, 0x66, 0x29, 0x86, 0x31, 0x87, 0x31, 0x87, 0x31, 0x86, 0x29,
    0x87, 0x31, 0x86, 0x31, 0x67, 0x29, 0x86, 0x31, 0x66, 0x29, 0x87, 0x31,
    0x86, 0x31, 0x87, 0x29, 0x86, 0x31, 0x87, 0x31, 0x87, 0x31, 0x87, 0x31,
    0x87, 0x31, 0xa7, 0x31, 0x86, 0x31, 0x87, 0x31, 0x87, 0x31, 0x87, 0x31,
    0x87, 0x31, 0x86, 0x29, 0x86, 0x29, 0xa7, 0x31, 0xa7, 0x31, 0xa7, 0x31,
    0x87, 0x31, 0xa7, 0x31, 0x86, 0x31, 0x87, 0x31, 0xa7, 0x31, 0xa7, 0x31,
    0x86, 0x31, 0x87, 0x31, 0xa7, 0x31, 0xa7, 0x31, 0xa7, 0x31, 0xa7, 0x31,
    0xa7, 0x31, 0xa7, 0x31, 0xa7, 0x31, 0xa7, 0x31, 0xa8, 0x39, 0xa7, 0x39,
    0xa7, 0x31, 0xa7, 0x31, 0xa7, 0x31, 0xa7, 0x31, 0xa7, 0x31, 0xc8, 0x39,
    0xa7, 0x31, 0xc8, 0x39, 0xa7, 0x31, 0xa7, 0x31, 0xa7, 0x39, 0xa7, 0x31,
    0xa7, 0x31, 0xa7, 0x31, 0xa7, 0x31, 0xa7, 0x31, 0xa7, 0x31, 0xa7, 0x31,
    0xa7, 0x31, 0xa7, 0x31, 0xa7, 0x31, 0xe8, 0x39, 0x29, 0x42, 0x09, 0x42,
    0xe8, 0x39, 0xc8, 0x39, 0xc8, 0x39, 0xc8, 0x31, 0xc8, 0x39, 0xc7, 0x39,
    0xc8, 0x31, 0xc8, 0x39, 0xe8, 0x39, 0xc8, 0x39, 0xe8, 0x39, 0xc8, 0x39,
    0xc7, 0x39, 0xc7, 0x31, 0xe9, 0x39, 0x09, 0x42, 0x29, 0x42, 0x09, 0x42,
    0x09, 0x42, 0x09, 0x42, 0x29, 0x42, 0x29, 0x42, 0x29, 0x42, 0x29, 0x42,
    0x09, 0x42, 0x29, 0x42, 0x2a, 0x42, 0x29, 0x42, 0x29, 0x42, 0x2a, 0x42,
    0x2a, 0x42, 0x29, 0x42, 0x29, 0x42, 0x29, 0x42, 0x2a, 0x42, 0x29, 0x42,
    0x29, 0x42, 0x29, 0x42, 0x29, 0x42, 0x2a, 0x4a, 0x29, 0x42, 0x29, 0x42,
    0x29, 0x42, 0x2a, 0x4a, 0x29, 0x42, 0x29, 0x42, 0x2a, 0x4a, 0x29, 0x42,
    0x29, 0x42, 0x4a, 0x4a, 0x29, 0x42, 0x29, 0x42, 0x49, 0x42, 0x29, 0x42,
    0x2a, 0x42, 0x4a, 0x4a, 0x4a, 0x4a, 0x4a, 0x42, 0x29, 0x42, 0x4a, 0x4a,
    0x4a, 0x42, 0x29, 0x42, 0x4a, 0x4a, 0x29, 0x42, 0x4a, 0x4a, 0x4a, 0x4a,
    0x4a, 0x42, 0x4a, 0x4a, 0x4a, 0x4a, 0x4a, 0x4a, 0x49, 0x42, 0x4a, 0x4a,
    0x4a, 0x4a, 0x4a, 0x42, 0x6a, 0x4a, 0x4a, 0x4a, 0x4a, 0x4a, 0x4a, 0x4a,
    0x25, 0x21, 0x25, 0x21, 0x25, 0x21, 0x46, 0x29, 0x25, 0x21, 0x25, 0x21,
    0x46, 0x29, 0x26, 0x21, 0x45, 0x21, 0x25, 0x21, 0x25, 0x21, 0x46, 0x29,
    0x25, 0x21, 0x46, 0x29, 0x45, 0x21, 0x25, 0x21, 0x25, 0x21, 0x45, 0x29,
    0x25, 0x21, 0x25, 0x21, 0x25, 0x21, 0x25, 0x21, 0x25, 0x21, 0x25, 0x21,
    0x25, 0x21, 0x25, 0x21, 0x26, 0x21, 0x25, 0x21, 0x46, 0x29, 0x25, 0x21,
    0x46, 0x21, 0x46, 0x29, 0x25, 0x21, 0x25, 0x21, 0x25, 0x21, 0x46, 0x29,
    0x46, 0x29, 0x45, 0x21, 0x45, 0x21, 0x46, 0x29, 0x46, 0x29, 0x45, 0x21,
    0x46, 0x29, 0x46, 0x29, 0x46, 0x29, 0x66, 0x29, 0x46, 0x29, 0x46, 0x29,
    0x46, 0x29, 0x46, 0x21, 0x46, 0x29, 0x66, 0x29, 0x46, 0x29, 0x66, 0x29,
    0x66, 0x29, 0x66, 0x29, 0x66, 0x29, 0x66, 0x29, 0x66, 0x29, 0x66, 0x29,
    0x46, 0x29, 0x66, 0x29, 0x66, 0x29, 0x46, 0x29, 0x46, 0x29, 0x66, 0x29,
    0x66, 0x29, 0x67, 0x31, 0x87, 0x31, 0x66, 0x29, 0x66, 0x29, 0x66, 0x29,
    0x66, 0x29, 0x66, 0x29, 0x86, 0x31, 0x66, 0x29, 0x67, 0x29, 0x66, 0x29,
    0x66, 0x31, 0x87, 0x31, 0x86, 0x29, 0x87, 0x31, 0x87, 0x31, 0x87, 0x29,
    0x66, 0x29, 0x66, 0x31, 0x87, 0x31, 0x87, 0x31, 0x66, 0x29, 0x66, 0x31,
    0x87, 0x31, 0x86, 0x31, 0x66, 0x29, 0x66, 0x29, 0x87, 0x29, 0x86, 0x31,
    0x66, 0x29, 0x87, 0x29, 0x87, 0x31, 0x87, 0x31, 0x87, 0x31, 0x87, 0x31,
    0x86, 0x31, 0x86, 0x29, 0x87, 0x29, 0x87, 0x31, 0x86, 0x29, 0x86, 0x29,
    0x86, 0x29, 0x87, 0x29, 0xa7, 0x31, 0x87, 0x29, 0xa7, 0x31, 0xa7, 0x31,
    0x87, 0x31, 0xa7, 0x31, 0xa7, 0x31, 0x87, 0x31, 0xa7, 0x31, 0x87, 0x31,
    0x87, 0x31, 0xa7, 0x31, 0xa7, 0x31, 0x87, 0x31, 0x87, 0x29, 0xa7, 0x31,
    0x87, 0x31, 0x87, 0x31, 0xa7, 0x31, 0xa7, 0x31, 0xa7, 0x31, 0xa7, 0x31,
    0xa7, 0x31, 0xa7, 0x31, 0xa7, 0x31, 0xa7, 0x31, 0xa7, 0x31, 0xa7, 0x31,
    0xa7, 0x31, 0xa7, 0x31, 0xa7, 0x31, 0xa7, 0x39, 0xa7, 0x31, 0xa7, 0x31,
    0xc8, 0x39, 0xa7, 0x31, 0xa7, 0x31, 0xa7, 0x31, 0xa8, 0x31, 0xc8, 0x39,
    0xa7, 0x31, 0xa8, 0x31, 0xc7, 0x39, 0xa8, 0x39, 0xc8, 0x39, 0xa7, 0x31,
    0xa7, 0x31, 0xa7, 0x31, 0xa7, 0x31, 0xa7, 0x31, 0x09, 0x42, 0x29, 0x42,
    0x09, 0x3a, 0xc7, 0x31, 0xc7, 0x39, 0xc8, 0x39, 0xc7, 0x31, 0xc8, 0x39,
    0xc8, 0x39, 0xc8, 0x39, 0xc7, 0x39, 0xe8, 0x39, 0xe8, 0x39, 0xe8, 0x39,
    0xe8, 0x39, 0x09, 0x42, 0x29, 0x42, 0x08, 0x42, 0x09, 0x42, 0x29, 0x42,
    0x09, 0x3a, 0x29, 0x42, 0x29, 0x42, 0x29, 0x42, 0x09, 0x42, 0x29, 0x42,
    0x29, 0x42, 0x09, 0x42, 0x29, 0x42, 0x09, 0x42, 0x29, 0x42, 0x29, 0x42,
    0x29, 0x42, 0x29, 0x42, 0x29, 0x42, 0x29, 0x42, 0x29, 0x42, 0x29, 0x42,
    0x2a, 0x42, 0x29, 0x42, 0x29, 0x42, 0x2a, 0x42, 0x29, 0x42, 0x2a, 0x4a,
    0x4a, 0x4a, 0x29, 0x42, 0x29, 0x42, 0x4a, 0x4a, 0x29, 0x42, 0x29, 0x42,
    0x2a, 0x42, 0x29, 0x42, 0x2a, 0x42, 0x4a, 0x4a, 0x4a, 0x4a, 0x4a, 0x42,
    0x29, 0x42, 0x4a, 0x4a, 0x4a, 0x4a, 0x4a, 0x42, 0x29, 0x42, 0x4a, 0x4a,
    0x4a, 0x4a, 0x49, 0x42, 0x4a, 0x4a, 0x4a, 0x42, 0x4a, 0x4a, 0x49, 0x42,
    0x49, 0x42, 0x4a, 0x4a, 0x4a, 0x42, 0x49, 0x42, 0x4a, 0x4a, 0x49, 0x42,
    0x4a, 0x42, 0x49, 0x42, 0x49, 0x4a, 0x4a, 0x42, 0x49, 0x42, 0x4a, 0x42,
    0x25, 0x21, 0x25, 0x21, 0x25, 0x21, 0x25, 0x21, 0x25, 0x21, 0x46, 0x29,
    0x25, 0x21, 0x46, 0x29, 0x25, 0x21, 0x25, 0x21, 0x25, 0x21, 0x25, 0x21,
    0x25, 0x21, 0x05, 0x21, 0x25, 0x21, 0x25, 0x21, 0x25, 0x21, 0x25, 0x21,
    0x25, 0x21, 0x05, 0x21, 0x05, 0x21, 0x25, 0x21, 0x25, 0x21, 0x25, 0x21,
    0x25, 0x21, 0x25, 0x29, 0x46, 0x29, 0x25, 0x21, 0x25, 0x21, 0x46, 0x29,
    0x25, 0x21, 0x25, 0x21, 0x25, 0x21, 0x46, 0x29, 0x46, 0x21, 0x25, 0x21,
    0x45, 0x29, 0x25, 0x21, 0x46, 0x29, 0x46, 0x29, 0x45, 0x29, 0x66, 0x29,
    0x46, 0x29, 0x45, 0x21, 0x66, 0x29, 0x66, 0x29, 0x46, 0x21, 0x66, 0x29,
    0x66, 0x29, 0x66, 0x29, 0x66, 0x29, 0x45, 0x29, 0x46, 0x29, 0x46, 0x29,
    0x45, 0x21, 0x66, 0x29, 0x46, 0x21, 0x66, 0x29, 0x66, 0x29, 0x66, 0x29,
    0x66, 0x29, 0x66, 0x29, 0x66, 0x29, 0x66, 0x29, 0x66, 0x29, 0x66, 0x29,
    0x66, 0x29, 0x66, 0x29, 0x66, 0x29, 0x87, 0x31, 0x66, 0x29, 0x87, 0x31,
    0x66, 0x29, 0x66, 0x29, 0x66, 0x29, 0x66, 0x29, 0x66, 0x29, 0x87, 0x31,
    0x66, 0x29, 0x66, 0x29, 0x66, 0x29, 0x66, 0x31, 0x86, 0x29, 0x86, 0x29,
    0x87, 0x31, 0x87, 0x29, 0x66, 0x29, 0x66, 0x29, 0x87, 0x29, 0x87, 0x31,
    0x86, 0x29, 0x87, 0x31, 0x87, 0x29, 0x87, 0x29, 0x87, 0x31, 0x86, 0x31,
    0x87, 0x31, 0x86, 0x29, 0x86, 0x31, 0x87, 0x31, 0x86, 0x29, 0x66, 0x29,
    0x87, 0x31, 0x87, 0x31, 0x87, 0x31, 0x86, 0x31, 0x87, 0x31, 0x87, 0x31,
    0xa7, 0x31, 0x86, 0x31, 0xa7, 0x31, 0x86, 0x29, 0xa7, 0x31, 0x86, 0x29,
    0x87, 0x31, 0x87, 0x31, 0xa7, 0x31, 0x87, 0x31, 0xa7, 0x31, 0xa7, 0x31,
    0xa7, 0x31, 0x87, 0x31, 0xa7, 0x31, 0xa7, 0x31, 0xa7, 0x31, 0xa7, 0x31,
    0xa7, 0x31, 0x87, 0x31, 0xa7, 0x31, 0xa7, 0x31, 0x87, 0x31, 0xa7, 0x31,
    0xa7, 0x31, 0xa7, 0x31, 0x87, 0x31, 0xa7, 0x31, 0x87, 0x31, 0xa7, 0x31,
    0xa8, 0x31, 0xa7, 0x31, 0xc8, 0x39, 0xa7, 0x31, 0xa7, 0x31, 0xa7, 0x31,
    0xa7, 0x31, 0xa7, 0x31, 0xa7, 0x31, 0xa7, 0x31, 0xa7, 0x31, 0xc7, 0x31,
    0xc8, 0x39, 0xa7, 0x31, 0xc7, 0x31, 0xc7, 0x31, 0xa7, 0x31, 0xa8, 0x39,
    0xa7, 0x39, 0xa7, 0x31, 0xa8, 0x31, 0xa7, 0x31, 0x09, 0x42, 0x09, 0x42,
    0x09, 0x42, 0xc7, 0x31, 0xc8, 0x39, 0xc8, 0x39, 0xc8, 0x31, 0xc7, 0x39,
    0xc8, 0x39, 0xc7, 0x31, 0xe8, 0x39, 0xc8, 0x39, 0xe8, 0x39, 0x08, 0x3a,
    0x29, 0x42, 0x09, 0x42, 0x29, 0x42, 0x09, 0x42, 0x29, 0x42, 0x08, 0x42,
    0x29, 0x42, 0x09, 0x42, 0x09, 0x42, 0x29, 0x42, 0x29, 0x42, 0x29, 0x42,
    0x29, 0x42, 0x09, 0x42, 0x29, 0x42, 0x29, 0x42, 0x29, 0x42, 0x2a, 0x42,
    0x29, 0x42, 0x29, 0x42, 0x2a, 0x42, 0x09, 0x42, 0x29, 0x42, 0x2a, 0x4a,
    0x29, 0x42, 0x29, 0x42, 0x29, 0x42, 0x2a, 0x4a, 0x29, 0x42, 0x29, 0x42,
    0x4a, 0x42, 0x4a, 0x4a, 0x29, 0x42, 0x4a, 0x4a, 0x29, 0x42, 0x4a, 0x4a,
    0x4a, 0x4a, 0x29, 0x42, 0x29, 0x42, 0x4a, 0x4a, 0x4a, 0x4a, 0x29, 0x42,
    0x4a, 0x4a, 0x29, 0x42, 0x29, 0x42, 0x29, 0x42, 0x49, 0x42, 0x2a, 0x42,
    0x4a, 0x4a, 0x4a, 0x4a, 0x4a, 0x4a, 0x4a, 0x4a, 0x29, 0x42, 0x29, 0x42,
    0x4a, 0x4a, 0x4a, 0x4a, 0x29, 0x42, 0x4a, 0x4a, 0x4a, 0x4a, 0x4a, 0x4a,
    0x6a, 0x4a, 0x4a, 0x4a, 0x4a, 0x4a, 0x4a, 0x4a, 0x4a, 0x4a, 0x4a, 0x4a,
    0x25, 0x21, 0x25, 0x21, 0x25, 0x21, 0x25, 0x21, 0x25, 0x21, 0x25, 0x21,
    0x25, 0x21, 0x25, 0x21, 0x25, 0x21, 0x05, 0x21, 0x05, 0x21, 0x25, 0x21,
    0x05, 0x21, 0x05, 0x21, 0x05, 0x21, 0x25, 0x21, 0x25, 0x21, 0x05, 0x21,
    0x05, 0x21, 0x25, 0x21, 0x25, 0x21, 0x25, 0x21, 0x25, 0x21, 0x25, 0x21,
    0x25, 0x21, 0x25, 0x21, 0x25, 0x21, 0x25, 0x21, 0x25, 0x21, 0x25, 0x21,
    0x25, 0x21, 0x46, 0x29, 0x46, 0x29, 0x45, 0x21, 0x46, 0x29, 0x46, 0x29,
    0x45, 0x21, 0x25, 0x21, 0x46, 0x29, 0x46, 0x29, 0x45, 0x21, 0x46, 0x29,
    0x46, 0x29, 0x66, 0x29, 0x66, 0x29, 0x46, 0x29, 0x45, 0x21, 0x66, 0x29,
    0x46, 0x29, 0x46, 0x29, 0x66, 0x29, 0x66, 0x29, 0x66, 0x29, 0x66, 0x29,
    0x46, 0x29, 0x66, 0x29, 0x66, 0x29, 0x66, 0x29, 0x66, 0x29, 0x66, 0x29,
    0x46, 0x29, 0x46, 0x29, 0x66, 0x29, 0x66, 0x29, 0x66, 0x29, 0x66, 0x29,
    0x66, 0x29, 0x66, 0x29, 0x66, 0x29, 0x66, 0x29, 0x66, 0x29, 0x66, 0x29,
    0x67, 0x31, 0x66, 0x29, 0x67, 0x29, 0x66, 0x29, 0x87, 0x31, 0x86, 0x29,
    0x66, 0x29, 0x67, 0x29, 0x66, 0x29, 0x86, 0x29, 0x66, 0x29, 0x87, 0x31,
    0x66, 0x29, 0x66, 0x29, 0x86, 0x31, 0x86, 0x29, 0x87, 0x31, 0x66, 0x29,
    0x66, 0x29, 0x86, 0x29, 0x87, 0x31, 0x86, 0x31, 0x87, 0x31, 0x86, 0x29,
    0x67, 0x29, 0x66, 0x29, 0x86, 0x31, 0x87, 0x29, 0x87, 0x29, 0x86, 0x31,
    0x87, 0x29, 0x87, 0x29, 0x87, 0x31, 0x87, 0x31, 0x87, 0x31, 0x87, 0x29,
    0x87, 0x31, 0x87, 0x31, 0x87, 0x31, 0x87, 0x31, 0x87, 0x31, 0xa7, 0x31,
    0x86, 0x29, 0x87, 0x31, 0x87, 0x31, 0xa7, 0x31, 0xa7, 0x31, 0x87, 0x31,
    0xa7, 0x31, 0xa7, 0x31, 0xa7, 0x31, 0xa7, 0x31, 0x86, 0x31, 0x87, 0x31,
    0xa7, 0x31, 0xa7, 0x31, 0xa7, 0x31, 0xa7, 0x31, 0xa7, 0x31, 0xa7, 0x31,
    0xa7, 0x31, 0x87, 0x31, 0xa7, 0x31, 0xa7, 0x31, 0xa7, 0x31, 0xa7, 0x31,
    0xa7, 0x31, 0xa7, 0x39, 0xa7, 0x31, 0xa8, 0x31, 0xa7, 0x31, 0xa7, 0x31,
    0xa7, 0x31, 0xa7, 0x31, 0xa8, 0x39, 0xa7, 0x31, 0xc7, 0x39, 0xc8, 0x31,
    0xa7, 0x31, 0xa7, 0x31, 0xa7, 0x31, 0xa7, 0x31, 0xc8, 0x31, 0xc8, 0x39,
    0xa7, 0x31, 0xa7, 0x31, 0xa7, 0x31, 0xa7, 0x31, 0xc7, 0x39, 0x29, 0x42,
    0x08, 0x3a, 0xc8, 0x39, 0xc8, 0x39, 0xc7, 0x31, 0xc8, 0x39, 0xc8, 0x39,
    0xc7, 0x31, 0xc8, 0x31, 0xe8, 0x39, 0xe8, 0x39, 0x09, 0x42, 0x09, 0x42,
    0x09, 0x42, 0x29, 0x42, 0x08, 0x3a, 0x09, 0x42, 0x29, 0x42, 0x09, 0x3a,
    0x29, 0x42, 0x09, 0x42, 0x29, 0x42, 0x29, 0x42, 0x09, 0x42, 0x29, 0x42,
    0x09, 0x3a, 0x09, 0x42, 0x29, 0x42, 0x29, 0x42, 0x2a, 0x42, 0x29, 0x42,
    0x29, 0x42, 0x29, 0x42, 0x09, 0x42, 0x29, 0x42, 0x29, 0x42, 0x2a, 0x4a,
    0x2a, 0x42, 0x29, 0x42, 0x29, 0x42, 0x2a, 0x4a, 0x29, 0x42, 0x29, 0x42,
    0x29, 0x42, 0x29, 0x42, 0x4a, 0x42, 0x4a, 0x42, 0x29, 0x42, 0x29, 0x42,
    0x29, 0x42, 0x29, 0x42, 0x4a, 0x4a, 0x29, 0x42, 0x4a, 0x4a, 0x49, 0x42,
    0x29, 0x42, 0x4a, 0x4a, 0x4a, 0x4a, 0x29, 0x42, 0x29, 0x42, 0x4a, 0x4a,
    0x49, 0x42, 0x49, 0x42, 0x4a, 0x4a, 0x4a, 0x4a, 0x4a, 0x42, 0x4a, 0x4a,
    0x29, 0x42, 0x4a, 0x4a, 0x4a, 0x42, 0x49, 0x42, 0x4a, 0x4a, 0x4a, 0x4a,
    0x4a, 0x4a, 0x4a, 0x42, 0x4a, 0x42, 0x4a, 0x4a, 0x49, 0x4a, 0x4a, 0x4a,
    0x25, 0x21, 0x25, 0x21, 0x25, 0x21, 0x05, 0x21, 0x05, 0x21, 0x25, 0x21,
    0x05, 0x21, 0x05, 0x21, 0x05, 0x21, 0x25, 0x21, 0x25, 0x21, 0x25, 0x21,
    0x05, 0x21, 0x25, 0x21, 0x25, 0x21, 0x05, 0x21, 0x05, 0x21, 0x25, 0x21,
    0x25, 0x21, 0x25, 0x21, 0x25, 0x21, 0x25, 0x21, 0x25, 0x21, 0x46, 0x29,
    0x26, 0x21, 0x25, 0x21, 0x25, 0x21, 0x25, 0x21, 0x46, 0x29, 0x25, 0x21,
    0x25, 0x21, 0x25, 0x21, 0x25, 0x21, 0x25, 0x21, 0x25, 0x29, 0x25, 0x21,
    0x46, 0x29, 0x46, 0x29, 0x46, 0x29, 0x45, 0x21, 0x46, 0x21, 0x66, 0x29,
    0x45, 0x21, 0x46, 0x29, 0x66, 0x29, 0x66, 0x29, 0x46, 0x29, 0x66, 0x29,
    0x46, 0x29, 0x46, 0x29, 0x46, 0x29, 0x66, 0x29, 0x66, 0x29, 0x46, 0x29,
    0x66, 0x29, 0x66, 0x29, 0x46, 0x29, 0x46, 0x29, 0x66, 0x29, 0x66, 0x29,
    0x66, 0x29, 0x66, 0x29, 0x66, 0x29, 0x66, 0x29, 0x66, 0x29, 0x66, 0x29,
    0x66, 0x29, 0x67, 0x31, 0x66, 0x29, 0x66, 0x29, 0x66, 0x29, 0x66, 0x29,
    0x66, 0x29, 0x66, 0x29, 0x86, 0x31, 0x66, 0x29, 0x87, 0x31, 0x86, 0x31,
    0x87, 0x31, 0x87, 0x31, 0x66, 0x29, 0x66, 0x29, 0x67, 0x31, 0x66, 0x31,
    0x86, 0x29, 0x67, 0x31, 0x66, 0x29, 0x87, 0x31, 0x87, 0x31, 0x87, 0x31,
    0x86, 0x29, 0x86, 0x31, 0x67, 0x29, 0x87, 0x31, 0x86, 0x31, 0x86, 0x29,
    0x87, 0x31, 0x87, 0x31, 0x87, 0x29, 0x86, 0x31, 0x87, 0x31, 0x86, 0x29,
    0x87, 0x31, 0x87, 0x31, 0x86, 0x29, 0x87, 0x31, 0x86, 0x29, 0x86, 0x29,
    0x87, 0x31, 0x86, 0x29, 0x87, 0x31, 0xa7, 0x31, 0x87, 0x31, 0x87, 0x31,
    0x86, 0x29, 0x86, 0x29, 0xa7, 0x31, 0x87, 0x31, 0xa7, 0x31, 0x87, 0x31,
    0xa7, 0x31, 0x87, 0x31, 0xa7, 0x31, 0x87, 0x31, 0xa7, 0x31, 0x87, 0x29,
    0xa7, 0x31, 0xa7, 0x31, 0xa7, 0x31, 0x87, 0x31, 0xa7, 0x31, 0xa7, 0x31,
    0xa7, 0x31, 0xa7, 0x31, 0xa7, 0x31, 0xa7, 0x31, 0xa8, 0x39, 0xa7, 0x31,
    0xa7, 0x31, 0xa7, 0x31, 0xa7, 0x31, 0xa7, 0x31, 0xa7, 0x31, 0xa7, 0x31,
    0xc8, 0x39, 0xc8, 0x39, 0xc7, 0x31, 0xa7, 0x31, 0xa7, 0x31, 0xa7, 0x31,
    0xa8, 0x39, 0xa7, 0x31, 0xa7, 0x39, 0xc8, 0x39, 0xc8, 0x39, 0xa7, 0x31,
    0xc7, 0x31, 0xa7, 0x39, 0xa8, 0x31, 0xa7, 0x31, 0xa7, 0x31, 0x09, 0x3a,
    0x08, 0x42, 0xc7, 0x31, 0xc8, 0x39, 0xc8, 0x31, 0xc8, 0x39, 0xc7, 0x31,
    0xc8, 0x39, 0xe8, 0x39, 0x09, 0x42, 0x09, 0x42, 0x08, 0x3a, 0x09, 0x42,
    0x09, 0x42, 0x29, 0x42, 0x09, 0x42, 0x09, 0x42, 0x29, 0x42, 0x09, 0x42,
    0x08, 0x3a, 0x09, 0x3a, 0x09, 0x42, 0x29, 0x42, 0x29, 0x42, 0x09, 0x42,
    0x29, 0x42, 0x2a, 0x42, 0x29, 0x42, 0x29, 0x42, 0x29, 0x42, 0x29, 0x42,
    0x29, 0x42, 0x29, 0x42, 0x09, 0x42, 0x2a, 0x42, 0x29, 0x42, 0x29, 0x42,
    0x29, 0x42, 0x2a, 0x42, 0x29, 0x42, 0x29, 0x42, 0x29, 0x42, 0x29, 0x42,
    0x29, 0x42, 0x4a, 0x4a, 0x29, 0x42, 0x29, 0x42, 0x4a, 0x4a, 0x4a, 0x42,
    0x29, 0x42, 0x29, 0x42, 0x29, 0x42, 0x4a, 0x4a, 0x4a, 0x42, 0x29, 0x42,
    0x4a, 0x4a, 0x4a, 0x42, 0x4a, 0x4a, 0x4a, 0x4a, 0x4a, 0x4a, 0x4a, 0x4a,
    0x4a, 0x4a, 0x49, 0x42, 0x4a, 0x4a, 0x49, 0x42, 0x4a, 0x42, 0x4a, 0x4a,
    0x29, 0x42, 0x4a, 0x4a, 0x4a, 0x4a, 0x49, 0x42, 0x49, 0x42, 0x4a, 0x4a,
    0x4a, 0x4a, 0x4a, 0x4a, 0x4a, 0x42, 0x49, 0x42, 0x6a, 0x4a, 0x4a, 0x42,
    0x05, 0x21, 0x05, 0x21, 0x25, 0x21, 0x05, 0x21, 0x05, 0x21, 0x25, 0x21,
    0x05, 0x21, 0x25, 0x21, 0x25, 0x21, 0x05, 0x21, 0x25, 0x21, 0x25, 0x21,
    0x25, 0x21, 0x05, 0x21, 0x25, 0x21, 0x05, 0x21, 0x25, 0x21, 0x25, 0x21,
    0x25, 0x21, 0x25, 0x21, 0x25, 0x21, 0x25, 0x21, 0x25, 0x21, 0x25, 0x21,
    0x25, 0x21, 0x25, 0x21, 0x25, 0x21, 0x25, 0x21, 0x46, 0x29, 0x46, 0x29,
    0x25, 0x21, 0x45, 0x29, 0x25, 0x21, 0x46, 0x21, 0x25, 0x21, 0x46, 0x29,
    0x25, 0x21, 0x25, 0x21, 0x46, 0x29, 0x46, 0x29, 0x45, 0x29, 0x46, 0x21,
    0x46, 0x29, 0x45, 0x21, 0x46, 0x29, 0x45, 0x21, 0x66, 0x29, 0x46, 0x29,
    0x45, 0x21, 0x66, 0x29, 0x66, 0x29, 0x66, 0x29, 0x46, 0x21, 0x66, 0x29,
    0x66, 0x29, 0x46, 0x29, 0x66, 0x29, 0x46, 0x29, 0x66, 0x29, 0x66, 0x29,
    0x46, 0x29, 0x66, 0x29, 0x66, 0x29, 0x66, 0x29, 0x66, 0x29, 0x66, 0x29,
    0x66, 0x29, 0x66, 0x29, 0x66, 0x29, 0x66, 0x29, 0x67, 0x31, 0x66, 0x29,
    0x66, 0x29, 0x66, 0x29, 0x66, 0x29, 0x66, 0x29, 0x67, 0x29, 0x66, 0x29,
    0x66, 0x29, 0x87, 0x31, 0x86, 0x29, 0x87, 0x31, 0x67, 0x29, 0x86, 0x29,
    0x87, 0x31, 0x87, 0x31, 0x86, 0x29, 0x87, 0x31, 0x66, 0x29, 0x86, 0x29,
    0x67, 0x29, 0x66, 0x29, 0x86, 0x31, 0x87, 0x29, 0x66, 0x29, 0x87, 0x31,
    0x87, 0x31, 0x86, 0x29, 0x87, 0x31, 0x66, 0x29, 0x87, 0x31, 0x87, 0x31,
    0x86, 0x29, 0x86, 0x31, 0x87, 0x31, 0xa7, 0x31, 0x87, 0x31, 0x86, 0x31,
    0xa7, 0x31, 0x86, 0x31, 0xa7, 0x31, 0x86, 0x29, 0x86, 0x29, 0x87, 0x31,
    0x87, 0x31, 0xa7, 0x31, 0xa7, 0x31, 0x86, 0x31, 0x87, 0x29, 0xa7, 0x31,
    0xa7, 0x31, 0x86, 0x29, 0x87, 0x31, 0xa7, 0x31, 0xa7, 0x31, 0xa7, 0x31,
    0xa7, 0x31, 0x87, 0x31, 0xa7, 0x31, 0xa7, 0x31, 0xa7, 0x31, 0xa7, 0x31,
    0xa7, 0x31, 0xa7, 0x31, 0xa7, 0x31, 0xa8, 0x39, 0xa7, 0x31, 0xa7, 0x31,
    0xa7, 0x31, 0xa8, 0x31, 0xa7, 0x31, 0xa7, 0x39, 0xa8, 0x39, 0xa7, 0x31,
    0xa7, 0x31, 0xa7, 0x31, 0xa8, 0x31, 0xa7, 0x31, 0xc8, 0x39, 0xa7, 0x31,
    0xa7, 0x31, 0xc8, 0x39, 0xa7, 0x31, 0xa7, 0x31, 0xa7, 0x31, 0xa7, 0x31,
    0xa7, 0x31, 0xc8, 0x39, 0xc7, 0x39, 0xa7, 0x31, 0xa7, 0x31, 0xe8, 0x39,
    0x09, 0x42, 0xa7, 0x31, 0xc8, 0x39, 0xc8, 0x39, 0xc7, 0x39, 0xe8, 0x39,
    0x09, 0x42, 0x29, 0x42, 0x09, 0x42, 0x09, 0x42, 0x29, 0x42, 0x08, 0x3a,
    0x29, 0x42, 0x09, 0x3a, 0x29, 0x42, 0x09, 0x42, 0x29, 0x42, 0x09, 0x42,
    0x08, 0x42, 0x29, 0x42, 0x09, 0x42, 0x09, 0x3a, 0x29, 0x42, 0x29, 0x42,
    0x09, 0x42, 0x29, 0x42, 0x09, 0x42, 0x09, 0x42, 0x29, 0x42, 0x09, 0x42,
    0x2a, 0x42, 0x29, 0x42, 0x29, 0x42, 0x29, 0x42, 0x2a, 0x4a, 0x29, 0x42,
    0x4a, 0x4a, 0x29, 0x42, 0x29, 0x42, 0x29, 0x42, 0x2a, 0x42, 0x29, 0x42,
    0x29, 0x42, 0x2a, 0x42, 0x29, 0x4a, 0x29, 0x4a, 0x29, 0x42, 0x4a, 0x4a,
    0x4a, 0x4a, 0x4a, 0x42, 0x29, 0x42, 0x29, 0x42, 0x29, 0x42, 0x4a, 0x4a,
    0x4a, 0x4a, 0x4a, 0x4a, 0x29, 0x42, 0x49, 0x42, 0x29, 0x42, 0x2a, 0x42,
    0x29, 0x42, 0x4a, 0x4a, 0x4a, 0x42, 0x29, 0x4a, 0x49, 0x4a, 0x4a, 0x4a,
    0x49, 0x42, 0x4a, 0x42, 0x4a, 0x4a, 0x2a, 0x4a, 0x29, 0x42, 0x4a, 0x42,
    0x49, 0x4a, 0x4a, 0x4a, 0x6a, 0x4a, 0x4a, 0x4a, 0x4a, 0x4a, 0x4a, 0x42,
    0x25, 0x21, 0x05, 0x21, 0x25, 0x21, 0x05, 0x21, 0x04, 0x19, 0x05, 0x21,
    0x05, 0x21, 0x05, 0x21, 0x04, 0x19, 0x05, 0x21, 0x05, 0x21, 0x05, 0x21,
    0x05, 0x21, 0x25, 0x21, 0x05, 0x21, 0x05, 0x19, 0x25, 0x21, 0x25, 0x21,
    0x25, 0x21, 0x25, 0x21, 0x05, 0x21, 0x25, 0x21, 0x25, 0x21, 0x25, 0x21,
    0x26, 0x29, 0x25, 0x21, 0x25, 0x21, 0x25, 0x21, 0x25, 0x21, 0x25, 0x21,
    0x25, 0x21, 0x46, 0x29, 0x25, 0x21, 0x46, 0x29, 0x46, 0x29, 0x25, 0x21,
    0x46, 0x29, 0x45, 0x21, 0x46, 0x21, 0x46, 0x29, 0x45, 0x29, 0x46, 0x29,
    0x45, 0x21, 0x46, 0x29, 0x46, 0x29, 0x45, 0x29, 0x46, 0x29, 0x46, 0x29,
    0x66, 0x29, 0x66, 0x29, 0x66, 0x29, 0x45, 0x21, 0x46, 0x29, 0x46, 0x29,
    0x66, 0x29, 0x66, 0x29, 0x66, 0x29, 0x66, 0x29, 0x46, 0x29, 0x66, 0x29,
    0x66, 0x29, 0x66, 0x29, 0x66, 0x29, 0x66, 0x29, 0x66, 0x29, 0x66, 0x29,
    0x46, 0x29, 0x66, 0x29, 0x66, 0x29, 0x66, 0x29, 0x66, 0x29, 0x66, 0x29,
    0x66, 0x31, 0x87, 0x31, 0x87, 0x31, 0x86, 0x29, 0x66, 0x29, 0x87, 0x31,
    0x66, 0x29, 0x86, 0x29, 0x66, 0x31, 0x87, 0x31, 0x86, 0x29, 0x87, 0x29,
    0x66, 0x29, 0x86, 0x29, 0x87, 0x31, 0x66, 0x29, 0x86, 0x29, 0x87, 0x31,
    0x87, 0x31, 0x87, 0x31, 0x87, 0x31, 0x87, 0x31, 0x86, 0x29, 0x87, 0x29,
    0x87, 0x31, 0x86, 0x29, 0x87, 0x31, 0x87, 0x31, 0x86, 0x29, 0x87, 0x31,
    0x87, 0x31, 0x86, 0x29, 0x87, 0x31, 0x87, 0x29, 0x87, 0x31, 0x87, 0x31,
    0x87, 0x31, 0x87, 0x31, 0xa7, 0x31, 0x87, 0x31, 0xa7, 0x31, 0xa7, 0x31,
    0x87, 0x31, 0x87, 0x31, 0x87, 0x31, 0xa7, 0x31, 0x87, 0x31, 0xa7, 0x31,
    0xa7, 0x31, 0x87, 0x31, 0x87, 0x29, 0x86, 0x31, 0xa7, 0x31, 0xa7, 0x31,
    0xa7, 0x31, 0xa7, 0x31, 0xa7, 0x31, 0xa7, 0x31, 0xa7, 0x31, 0x87, 0x31,
    0x87, 0x31, 0xa7, 0x31, 0xa7, 0x31, 0xa7, 0x31, 0xa7, 0x31, 0xa7, 0x31,
    0xc8, 0x39, 0xa7, 0x31, 0xa7, 0x31, 0xa7, 0x31, 0xa7, 0x31, 0xa7, 0x31,
    0xa7, 0x31, 0xa7, 0x31, 0xa7, 0x39, 0xa7, 0x31, 0xc8, 0x39, 0xa7, 0x31,
    0xa7, 0x31, 0xa7, 0x31, 0xa7, 0x31, 0xa7, 0x31, 0xa7, 0x31, 0xa7, 0x31,
    0xa8, 0x31, 0xc8, 0x39, 0xa7, 0x31, 0xa7, 0x31, 0xa7, 0x31, 0xa8, 0x39,
    0xe8, 0x39, 0xa7, 0x31, 0xc7, 0x31, 0xc8, 0x39, 0x09, 0x3a, 0x09, 0x42,
    0x08, 0x3a, 0x08, 0x42, 0x09, 0x42, 0x28, 0x3a, 0x08, 0x3a, 0x09, 0x42,
    0x09, 0x42, 0x08, 0x42, 0x08, 0x3a, 0x09, 0x42, 0x08, 0x3a, 0x29, 0x42,
    0x29, 0x42, 0x09, 0x42, 0x29, 0x42, 0x29, 0x42, 0x29, 0x42, 0x09, 0x42,
    0x29, 0x42, 0x29, 0x42, 0x29, 0x42, 0x2a, 0x42, 0x29, 0x42, 0x29, 0x42,
    0x2a, 0x42, 0x29, 0x42, 0x29, 0x42, 0x29, 0x42, 0x29, 0x42, 0x29, 0x42,
    0x29, 0x42, 0x2a, 0x4a, 0x29, 0x42, 0x29, 0x42, 0x2a, 0x42, 0x29, 0x42,
    0x29, 0x4a, 0x4a, 0x42, 0x4a, 0x42, 0x4a, 0x4a, 0x29, 0x42, 0x29, 0x42,
    0x29, 0x42, 0x2a, 0x42, 0x4a, 0x4a, 0x29, 0x42, 0x4a, 0x42, 0x29, 0x42,
    0x4a, 0x4a, 0x49, 0x42, 0x29, 0x42, 0x4a, 0x4a, 0x4a, 0x42, 0x29, 0x42,
    0x49, 0x4a, 0x4a, 0x42, 0x4a, 0x4a, 0x4a, 0x42, 0x2a, 0x42, 0x29, 0x42,
    0x4a, 0x4a, 0x49, 0x42, 0x4a, 0x4a, 0x4a, 0x4a, 0x4a, 0x42, 0x4a, 0x4a,
    0x4a, 0x4a, 0x4a, 0x4a, 0x49, 0x42, 0x4a, 0x4a, 0x4a, 0x4a, 0x4a, 0x4a,
    0x05, 0x21, 0x04, 0x21, 0x05, 0x21, 0x05, 0x21, 0x04, 0x19, 0x25, 0x21,
    0x05, 0x21, 0x25, 0x21, 0x05, 0x21, 0x25, 0x21, 0x25, 0x21, 0x05, 0x21,
    0x04, 0x19, 0x25, 0x21, 0x25, 0x21, 0x25, 0x21, 0x05, 0x21, 0x25, 0x21,
    0x25, 0x21, 0x05, 0x21, 0x25, 0x21, 0x25, 0x21, 0x25, 0x21, 0x25, 0x21,
    0x26, 0x29, 0x25, 0x21, 0x25, 0x21, 0x25, 0x21, 0x46, 0x29, 0x25, 0x21,
    0x25, 0x21, 0x46, 0x29, 0x25, 0x21, 0x25, 0x21, 0x45, 0x21, 0x45, 0x21,
    0x45, 0x21, 0x46, 0x29, 0x46, 0x29, 0x46, 0x29, 0x46, 0x29, 0x45, 0x21,
    0x45, 0x21, 0x46, 0x29, 0x46, 0x29, 0x66, 0x29, 0x46, 0x21, 0x46, 0x29,
    0x66, 0x29, 0x46, 0x29, 0x45, 0x29, 0x66, 0x29, 0x66, 0x29, 0x46, 0x29,
    0x66, 0x29, 0x46, 0x29, 0x46, 0x29, 0x66, 0x29, 0x46, 0x29, 0x66, 0x29,
    0x66, 0x29, 0x66, 0x29, 0x66, 0x29, 0x66, 0x29, 0x67, 0x31, 0x66, 0x29,
    0x66, 0x29, 0x66, 0x29, 0x66, 0x29, 0x66, 0x29, 0x66, 0x29, 0x66, 0x29,
    0x66, 0x29, 0x87, 0x31, 0x66, 0x29, 0x66, 0x29, 0x66, 0x29, 0x66, 0x29,
    0x66, 0x29, 0x87, 0x31, 0x66, 0x29, 0x66, 0x29, 0x86, 0x31, 0x86, 0x31,
    0x87, 0x31, 0x66, 0x29, 0x66, 0x29, 0x87, 0x31, 0x66, 0x29, 0x87, 0x31,
    0x86, 0x29, 0x86, 0x29, 0x87, 0x31, 0x86, 0x31, 0x86, 0x29, 0x87, 0x31,
    0x86, 0x31, 0x66, 0x29, 0x86, 0x29, 0x87, 0x31, 0x87, 0x31, 0x87, 0x31,
    0x87, 0x31, 0x86, 0x29, 0x86, 0x31, 0x87, 0x31, 0x86, 0x29, 0xa6, 0x29,
    0x87, 0x29, 0xa7, 0x31, 0x86, 0x29, 0xa7, 0x31, 0x87, 0x31, 0xa7, 0x31,
    0xa7, 0x31, 0x87, 0x31, 0x86, 0x29, 0xa7, 0x31, 0x87, 0x31, 0xa7, 0x31,
    0x86, 0x31, 0x87, 0x31, 0x87, 0x31, 0xa7, 0x31, 0x87, 0x31, 0xa7, 0x31,
    0x87, 0x31, 0xa7, 0x31, 0xa7, 0x31, 0xa7, 0x31, 0xa7, 0x31, 0xa7, 0x31,
    0xa7, 0x31, 0xa7, 0x31, 0xa8, 0x39, 0xa7, 0x31, 0xc8, 0x39, 0xa7, 0x31,
    0xa7, 0x39, 0xa7, 0x31, 0xc8, 0x39, 0xa7, 0x31, 0xa7, 0x31, 0xc8, 0x39,
    0xa7, 0x31, 0xa7, 0x31, 0xa7, 0x31, 0xa7, 0x31, 0xa7, 0x31, 0xa7, 0x31,
    0xa7, 0x31, 0xc8, 0x39, 0xa7, 0x31, 0xc8, 0x39, 0xc8, 0x39, 0xa7, 0x31,
    0xc7, 0x39, 0xa7, 0x31, 0xc8, 0x39, 0xa7, 0x31, 0xc8, 0x31, 0xc7, 0x39,
    0xc8, 0x39, 0xc8, 0x39, 0x08, 0x3a, 0x09, 0x42, 0x09, 0x42, 0x08, 0x3a,
    0x09, 0x42, 0x09, 0x42, 0x29, 0x42, 0x09, 0x3a, 0x09, 0x42, 0x09, 0x42,
    0x09, 0x42, 0x29, 0x42, 0x29, 0x42, 0x09, 0x42, 0x08, 0x3a, 0x09, 0x42,
    0x09, 0x3a, 0x09, 0x42, 0x29, 0x42, 0x09, 0x42, 0x09, 0x42, 0x29, 0x42,
    0x29, 0x42, 0x29, 0x42, 0x29, 0x42, 0x29, 0x42, 0x2a, 0x42, 0x29, 0x42,
    0x29, 0x42, 0x29, 0x42, 0x2a, 0x42, 0x2a, 0x4a, 0x29, 0x42, 0x29, 0x42,
    0x29, 0x42, 0x2a, 0x42, 0x29, 0x42, 0x29, 0x4a, 0x4a, 0x4a, 0x29, 0x42,
    0x29, 0x42, 0x29, 0x42, 0x29, 0x42, 0x2a, 0x42, 0x4a, 0x4a, 0x29, 0x42,
    0x29, 0x42, 0x4a, 0x4a, 0x29, 0x42, 0x4a, 0x4a, 0x29, 0x4a, 0x29, 0x42,
    0x29, 0x42, 0x4a, 0x4a, 0x29, 0x42, 0x4a, 0x4a, 0x29, 0x42, 0x4a, 0x4a,
    0x4a, 0x4a, 0x4a, 0x42, 0x49, 0x4a, 0x29, 0x42, 0x2a, 0x42, 0x4a, 0x4a,
    0x29, 0x42, 0x2a, 0x42, 0x4a, 0x4a, 0x49, 0x42, 0x49, 0x4a, 0x4a, 0x4a,
    0x4a, 0x42, 0x4a, 0x42, 0x4a, 0x4a, 0x49, 0x42, 0x4a, 0x42, 0x49, 0x4a,
    0x05, 0x21, 0x25, 0x21, 0x05, 0x19, 0x05, 0x21, 0x04, 0x21, 0x05, 0x21,
    0x25, 0x21, 0x25, 0x21, 0x25, 0x21, 0x04, 0x19, 0x25, 0x21, 0x05, 0x21,
    0x04, 0x19, 0x05, 0x21, 0x25, 0x21, 0x04, 0x21, 0x25, 0x21, 0x05, 0x21,
    0x05, 0x21, 0x25, 0x21, 0x25, 0x21, 0x25, 0x21, 0x25, 0x21, 0x25, 0x21,
    0x25, 0x21, 0x25, 0x21, 0x46, 0x29, 0x25, 0x21, 0x25, 0x21, 0x46, 0x29,
    0x45, 0x21, 0x25, 0x21, 0x46, 0x29, 0x25, 0x21, 0x25, 0x21, 0x26, 0x29,
    0x46, 0x29, 0x45, 0x29, 0x45, 0x21, 0x46, 0x21, 0x66, 0x29, 0x46, 0x29,
    0x46, 0x29, 0x46, 0x29, 0x66, 0x29, 0x46, 0x21, 0x66, 0x29, 0x45, 0x29,
    0x46, 0x29, 0x66, 0x29, 0x46, 0x29, 0x46, 0x29, 0x66, 0x29, 0x46, 0x29,
    0x66, 0x29, 0x66, 0x29, 0x66, 0x29, 0x66, 0x29, 0x66, 0x29, 0x66, 0x29,
    0x66, 0x29, 0x66, 0x29, 0x66, 0x29, 0x66, 0x29, 0x66, 0x29, 0x66, 0x29,
    0x67, 0x29, 0x66, 0x31, 0x66, 0x29, 0x67, 0x29, 0x66, 0x29, 0x66, 0x29,
    0x66, 0x29, 0x66, 0x29, 0x87, 0x29, 0x66, 0x29, 0x87, 0x31, 0x86, 0x31,
    0x87, 0x29, 0x66, 0x29, 0x87, 0x29, 0x87, 0x31, 0x66, 0x29, 0x66, 0x29,
    0x87, 0x31, 0x87, 0x29, 0x87, 0x31, 0x66, 0x29, 0x66, 0x29, 0x87, 0x29,
    0x66, 0x29, 0x86, 0x31, 0x87, 0x31, 0x66, 0x29, 0x66, 0x29, 0x87, 0x31,
    0x87, 0x29, 0x66, 0x29, 0x87, 0x31, 0x87, 0x31, 0x86, 0x29, 0x86, 0x29,
    0x87, 0x31, 0x87, 0x31, 0xa7, 0x31, 0x87, 0x31, 0x87, 0x31, 0x86, 0x31,
    0x87, 0x31, 0xa7, 0x31, 0x87, 0x31, 0xa7, 0x31, 0x87, 0x31, 0x86, 0x29,
    0x86, 0x29, 0x87, 0x31, 0xa7, 0x31, 0xa7, 0x31, 0x87, 0x31, 0xa7, 0x31,
    0xa7, 0x31, 0xa7, 0x31, 0xa7, 0x31, 0x87, 0x31, 0xa7, 0x31, 0xa7, 0x31,
    0xa7, 0x31, 0x87, 0x31, 0xa7, 0x31, 0xa7, 0x31, 0xa7, 0x31, 0xa7, 0x31,
    0xa7, 0x31, 0x87, 0x31, 0xa7, 0x31, 0xa7, 0x31, 0xa7, 0x31, 0xa7, 0x31,
    0xa7, 0x31, 0xa7, 0x31, 0xc8, 0x39, 0xc7, 0x31, 0xc8, 0x39, 0xa7, 0x31,
    0xc8, 0x39, 0xa7, 0x31, 0xa8, 0x31, 0xc8, 0x39, 0xc7, 0x39, 0xa7, 0x31,
    0xa7, 0x31, 0xc8, 0x39, 0xa7, 0x31, 0xc8, 0x39, 0xc8, 0x31, 0xc7, 0x31,
    0xa7, 0x31, 0xa7, 0x31, 0xc8, 0x39, 0xc7, 0x31, 0xa7, 0x31, 0xa7, 0x31,
    0xe8, 0x39, 0x29, 0x42, 0x09, 0x42, 0x09, 0x42, 0x08, 0x42, 0x08, 0x3a,
    0x09, 0x3a, 0x09, 0x42, 0x08, 0x3a, 0x09, 0x42, 0x08, 0x42, 0x08, 0x3a,
    0x09, 0x42, 0x29, 0x42, 0x29, 0x42, 0x29, 0x42, 0x09, 0x42, 0x09, 0x42,
    0x29, 0x42, 0x29, 0x42, 0x09, 0x42, 0x29, 0x42, 0x29, 0x42, 0x09, 0x42,
    0x2a, 0x42, 0x29, 0x42, 0x29, 0x42, 0x09, 0x42, 0x29, 0x42, 0x29, 0x42,
    0x09, 0x42, 0x09, 0x42, 0x29, 0x42, 0x29, 0x42, 0x29, 0x42, 0x29, 0x42,
    0x4a, 0x4a, 0x29, 0x42, 0x29, 0x42, 0x2a, 0x42, 0x29, 0x42, 0x29, 0x42,
    0x29, 0x42, 0x2a, 0x4a, 0x29, 0x42, 0x49, 0x42, 0x2a, 0x42, 0x29, 0x42,
    0x4a, 0x4a, 0x29, 0x42, 0x29, 0x42, 0x2a, 0x42, 0x4a, 0x4a, 0x49, 0x42,
    0x4a, 0x4a, 0x4a, 0x42, 0x4a, 0x4a, 0x29, 0x42, 0x4a, 0x42, 0x29, 0x42,
    0x29, 0x42, 0x4a, 0x4a, 0x4a, 0x4a, 0x4a, 0x4a, 0x49, 0x4a, 0x49, 0x42,
    0x4a, 0x4a, 0x49, 0x4a, 0x4a, 0x4a, 0x29, 0x42, 0x4a, 0x4a, 0x49, 0x42,
    0x49, 0x42, 0x4a, 0x4a, 0x4a, 0x4a, 0x49, 0x42, 0x4a, 0x4a, 0x4a, 0x4a,
    0x05, 0x21, 0x04, 0x19, 0x05, 0x21, 0x04, 0x19, 0x05, 0x21, 0x05, 0x19,
    0x04, 0x19, 0x05, 0x21, 0x05, 0x21, 0x04, 0x19, 0x25, 0x21, 0x05, 0x21,
    0x25, 0x21, 0x25, 0x21, 0x25, 0x21, 0x05, 0x21, 0x25, 0x21, 0x25, 0x21,
    0x25, 0x21, 0x25, 0x21, 0x25, 0x21, 0x26, 0x21, 0x26, 0x29, 0x25, 0x21,
    0x25, 0x21, 0x25, 0x21, 0x25, 0x21, 0x25, 0x21, 0x25, 0x21, 0x25, 0x21,
    0x26, 0x29, 0x25, 0x21, 0x25, 0x21, 0x46, 0x29, 0x45, 0x21, 0x25, 0x21,
    0x46, 0x29, 0x46, 0x21, 0x45, 0x29, 0x45, 0x21, 0x46, 0x29, 0x46, 0x29,
    0x45, 0x21, 0x46, 0x29, 0x45, 0x21, 0x46, 0x29, 0x46, 0x29, 0x66, 0x29,
    0x66, 0x29, 0x46, 0x21, 0x66, 0x29, 0x66, 0x29, 0x46, 0x29, 0x45, 0x21,
    0x66, 0x29, 0x46, 0x29, 0x66, 0x29, 0x66, 0x29, 0x66, 0x29, 0x46, 0x29,
    0x66, 0x29, 0x66, 0x29, 0x46, 0x29, 0x66, 0x29, 0x66, 0x29, 0x66, 0x29,
    0x66, 0x31, 0x67, 0x29, 0x66, 0x29, 0x66, 0x29, 0x66, 0x31, 0x67, 0x29,
    0x66, 0x29, 0x66, 0x29, 0x66, 0x29, 0x66, 0x29, 0x66, 0x29, 0x87, 0x31,
    0x87, 0x31, 0x66, 0x29, 0x66, 0x29, 0x87, 0x31, 0x66, 0x29, 0x66, 0x29,
    0x87, 0x31, 0x86, 0x31, 0x86, 0x29, 0x66, 0x29, 0x87, 0x31, 0x87, 0x31,
    0x87, 0x31, 0x66, 0x29, 0x87, 0x29, 0x87, 0x31, 0x86, 0x29, 0x87, 0x31,
    0x86, 0x31, 0x87, 0x31, 0x86, 0x29, 0x87, 0x31, 0x87, 0x31, 0x86, 0x29,
    0x87, 0x31, 0x87, 0x31, 0x87, 0x29, 0x86, 0x29, 0x87, 0x31, 0x86, 0x29,
    0x87, 0x31, 0xa7, 0x31, 0x87, 0x31, 0x87, 0x31, 0xa7, 0x31, 0x87, 0x31,
    0xa7, 0x31, 0x87, 0x31, 0xa7, 0x31, 0xa7, 0x31, 0xa7, 0x31, 0x86, 0x29,
    0xa7, 0x31, 0xa7, 0x31, 0xa7, 0x31, 0x87, 0x31, 0xa7, 0x31, 0xa7, 0x31,
    0xa7, 0x31, 0xa7, 0x31, 0xa7, 0x31, 0xa7, 0x31, 0xa7, 0x31, 0xa7, 0x31,
    0xa7, 0x31, 0xa8, 0x39, 0xa7, 0x31, 0xa7, 0x31, 0xa7, 0x31, 0xa7, 0x31,
    0xa7, 0x31, 0xa7, 0x31, 0xa7, 0x31, 0xa7, 0x31, 0xa7, 0x31, 0xa7, 0x31,
    0xa7, 0x31, 0xa7, 0x31, 0xc7, 0x39, 0xa7, 0x31, 0xa7, 0x31, 0xc8, 0x39,
    0xa7, 0x31, 0xa7, 0x31, 0xc7, 0x31, 0xa7, 0x31, 0xa7, 0x39, 0xa7, 0x31,
    0xc8, 0x39, 0xc8, 0x39, 0xa7, 0x31, 0xa7, 0x31, 0xc8, 0x39, 0x09, 0x42,
    0x09, 0x42, 0x29, 0x42, 0x09, 0x42, 0x29, 0x42, 0x09, 0x42, 0x08, 0x3a,
    0x09, 0x42, 0x08, 0x3a, 0x09, 0x42, 0x09, 0x42, 0x09, 0x42, 0x29, 0x42,
    0x09, 0x42, 0x09, 0x42, 0x09, 0x42, 0x08, 0x42, 0x09, 0x42, 0x09, 0x42,
    0x29, 0x42, 0x09, 0x42, 0x09, 0x42, 0x29, 0x42, 0x29, 0x42, 0x29, 0x42,
    0x29, 0x42, 0x09, 0x42, 0x29, 0x42, 0x09, 0x42, 0x09, 0x42, 0x29, 0x42,
    0x29, 0x42, 0x29, 0x42, 0x29, 0x42, 0x29, 0x42, 0x29, 0x42, 0x09, 0x42,
    0x2a, 0x4a, 0x29, 0x42, 0x29, 0x42, 0x2a, 0x42, 0x4a, 0x4a, 0x29, 0x42,
    0x2a, 0x42, 0x2a, 0x42, 0x29, 0x4a, 0x4a, 0x4a, 0x49, 0x42, 0x2a, 0x4a,
    0x29, 0x42, 0x29, 0x42, 0x4a, 0x42, 0x29, 0x42, 0x29, 0x42, 0x4a, 0x42,
    0x29, 0x42, 0x29, 0x42, 0x4a, 0x4a, 0x29, 0x42, 0x4a, 0x4a, 0x4a, 0x42,
    0x49, 0x4a, 0x29, 0x42, 0x4a, 0x42, 0x4a, 0x4a, 0x29, 0x42, 0x4a, 0x4a,
    0x4a, 0x42, 0x4a, 0x42, 0x4a, 0x4a, 0x4a, 0x42, 0x4a, 0x4a, 0x4a, 0x42,
    0x49, 0x4a, 0x4a, 0x4a, 0x4a, 0x42, 0x4a, 0x4a, 0x49, 0x42, 0x4a, 0x4a,
    0x05, 0x21, 0x05, 0x21, 0x05, 0x21, 0x05, 0x21, 0x25, 0x21, 0x05, 0x21,
    0x04, 0x19, 0x25, 0x21, 0x25, 0x21, 0x05, 0x21, 0x25, 0x21, 0x25, 0x21,
    0x25, 0x21, 0x05, 0x21, 0x05, 0x21, 0x25, 0x21, 0x25, 0x21, 0x25, 0x21,
    0x05, 0x21, 0x25, 0x21, 0x25, 0x21, 0x25, 0x21, 0x25, 0x21, 0x46, 0x29,
    0x25, 0x21, 0x46, 0x29, 0x25, 0x21, 0x25, 0x21, 0x25, 0x21, 0x46, 0x29,
    0x25, 0x21, 0x25, 0x21, 0x45, 0x21, 0x26, 0x29, 0x45, 0x21, 0x25, 0x21,
    0x46, 0x29, 0x66, 0x29, 0x46, 0x21, 0x46, 0x29, 0x46, 0x29, 0x46, 0x29,
    0x45, 0x21, 0x46, 0x29, 0x45, 0x21, 0x46, 0x29, 0x66, 0x29, 0x45, 0x21,
    0x46, 0x29, 0x66, 0x29, 0x66, 0x29, 0x46, 0x29, 0x66, 0x29, 0x66, 0x29,
    0x66, 0x29, 0x66, 0x29, 0x66, 0x29, 0x66, 0x29, 0x66, 0x29, 0x66, 0x29,
    0x46, 0x29, 0x66, 0x29, 0x66, 0x29, 0x66, 0x29, 0x67, 0x29, 0x66, 0x29,
    0x66, 0x29, 0x87, 0x31, 0x87, 0x31, 0x66, 0x29, 0x66, 0x29, 0x66, 0x29,
    0x87, 0x31, 0x66, 0x29, 0x66, 0x29, 0x87, 0x31, 0x66, 0x29, 0x66, 0x29,
    0x66, 0x29, 0x66, 0x29, 0x66, 0x29, 0x87, 0x31, 0x86, 0x29, 0x67, 0x29,
    0x66, 0x29, 0x87, 0x31, 0x87, 0x31, 0x86, 0x29, 0x66, 0x29, 0x86, 0x31,
    0x66, 0x29, 0x87, 0x31, 0x86, 0x29, 0x87, 0x31, 0x66, 0x29, 0x86, 0x29,
    0x87, 0x31, 0x86, 0x29, 0x86, 0x29, 0x87, 0x31, 0x87, 0x31, 0x87, 0x31,
    0x86, 0x31, 0x87, 0x29, 0x87, 0x31, 0x87, 0x31, 0xa7, 0x31, 0x86, 0x29,
    0x87, 0x29, 0x87, 0x31, 0x86, 0x31, 0x87, 0x29, 0xa7, 0x31, 0x87, 0x31,
    0xa7, 0x31, 0x87, 0x31, 0xa7, 0x31, 0xa7, 0x31, 0x87, 0x31, 0x87, 0x31,
    0x87, 0x31, 0x87, 0x29, 0xa7, 0x31, 0xa7, 0x31, 0x86, 0x31, 0xa7, 0x31,
    0xa7, 0x31, 0xa7, 0x31, 0xa7, 0x31, 0xa7, 0x31, 0xa7, 0x31, 0x87, 0x31,
    0xa7, 0x31, 0xa7, 0x31, 0xa7, 0x31, 0xa7, 0x31, 0xa8, 0x39, 0xa7, 0x31,
    0xa7, 0x31, 0xa7, 0x31, 0xa7, 0x31, 0xa8, 0x39, 0xa7, 0x31, 0xa7, 0x31,
    0xa7, 0x31, 0xc8, 0x39, 0xa7, 0x31, 0xa7, 0x31, 0xa7, 0x31, 0xa8, 0x31,
    0xc8, 0x39, 0xc7, 0x31, 0xa7, 0x31, 0xc8, 0x39, 0xc8, 0x39, 0xc7, 0x31,
    0xa7, 0x31, 0xc8, 0x31, 0xa7, 0x31, 0xe8, 0x39, 0x09, 0x42, 0x08, 0x3a,
    0x08, 0x3a, 0x09, 0x42, 0x09, 0x42, 0x09, 0x3a, 0x09, 0x42, 0x29, 0x42,
    0x29, 0x42, 0x09, 0x42, 0x09, 0x42, 0x08, 0x3a, 0x09, 0x42, 0x09, 0x42,
    0x08, 0x3a, 0x08, 0x3a, 0x29, 0x42, 0x09, 0x42, 0x29, 0x42, 0x08, 0x3a,
    0x29, 0x42, 0x29, 0x42, 0x29, 0x42, 0x29, 0x42, 0x09, 0x42, 0x09, 0x3a,
    0x09, 0x42, 0x09, 0x42, 0x29, 0x42, 0x29, 0x42, 0x29, 0x42, 0x29, 0x42,
    0x29, 0x42, 0x29, 0x42, 0x2a, 0x42, 0x09, 0x42, 0x09, 0x42, 0x29, 0x42,
    0x29, 0x42, 0x2a, 0x42, 0x29, 0x42, 0x29, 0x42, 0x29, 0x42, 0x29, 0x42,
    0x29, 0x42, 0x4a, 0x4a, 0x4a, 0x4a, 0x29, 0x42, 0x4a, 0x42, 0x49, 0x4a,
    0x29, 0x42, 0x2a, 0x4a, 0x29, 0x42, 0x29, 0x42, 0x4a, 0x4a, 0x29, 0x42,
    0x2a, 0x4a, 0x4a, 0x42, 0x29, 0x42, 0x4a, 0x4a, 0x29, 0x42, 0x4a, 0x4a,
    0x4a, 0x4a, 0x29, 0x42, 0x4a, 0x4a, 0x4a, 0x4a, 0x4a, 0x42, 0x4a, 0x4a,
    0x29, 0x42, 0x4a, 0x4a, 0x29, 0x42, 0x4a, 0x4a, 0x4a, 0x42, 0x4a, 0x4a,
    0x29, 0x42, 0x4a, 0x4a, 0x29, 0x42, 0x4a, 0x4a, 0x4a, 0x4a, 0x4a, 0x42,
    0x04, 0x19, 0x05, 0x21, 0x04, 0x19, 0x24, 0x19, 0x05, 0x21, 0x25, 0x21,
    0x25, 0x21, 0x05, 0x21, 0x25, 0x21, 0x05, 0x21, 0x05, 0x21, 0x25, 0x21,
    0x25, 0x21, 0x05, 0x21, 0x25, 0x21, 0x25, 0x21, 0x25, 0x21, 0x25, 0x21,
    0x25, 0x21, 0x25, 0x21, 0x25, 0x21, 0x25, 0x21, 0x25, 0x21, 0x25, 0x21,
    0x25, 0x21, 0x25, 0x21, 0x25, 0x29, 0x26, 0x21, 0x25, 0x21, 0x45, 0x29,
    0x46, 0x29, 0x25, 0x21, 0x46, 0x29, 0x25, 0x21, 0x25, 0x21, 0x46, 0x29,
    0x25, 0x21, 0x46, 0x29, 0x25, 0x21, 0x45, 0x21, 0x46, 0x29, 0x45, 0x21,
    0x46, 0x29, 0x46, 0x29, 0x45, 0x29, 0x46, 0x29, 0x46, 0x29, 0x45, 0x29,
    0x66, 0x29, 0x46, 0x29, 0x46, 0x29, 0x45, 0x21, 0x66, 0x29, 0x46, 0x29,
    0x46, 0x29, 0x66, 0x29, 0x66, 0x29, 0x66, 0x29, 0x66, 0x29, 0x46, 0x29,
    0x66, 0x29, 0x66, 0x29, 0x66, 0x29, 0x66, 0x29, 0x66, 0x29, 0x66, 0x29,
    0x66, 0x29, 0x66, 0x29, 0x66, 0x29, 0x66, 0x29, 0x66, 0x29, 0x66, 0x29,
    0x66, 0x29, 0x66, 0x29, 0x66, 0x31, 0x66, 0x29, 0x66, 0x29, 0x66, 0x29,
    0x66, 0x29, 0x66, 0x31, 0x66, 0x29, 0x87, 0x31, 0x86, 0x29, 0x66, 0x29,
    0x66, 0x29, 0x86, 0x29, 0x67, 0x31, 0x87, 0x31, 0x86, 0x31, 0x87, 0x29,
    0x87, 0x29, 0x86, 0x31, 0x87, 0x31, 0x86, 0x29, 0x87, 0x31, 0x66, 0x29,
    0x87, 0x31, 0x67, 0x29, 0x87, 0x31, 0xa7, 0x31, 0xa7, 0x31, 0x86, 0x29,
    0x87, 0x31, 0xa6, 0x31, 0x87, 0x31, 0x86, 0x29, 0xa7, 0x31, 0x87, 0x31,
    0x87, 0x31, 0x87, 0x31, 0x87, 0x31, 0x86, 0x29, 0xa7, 0x31, 0x86, 0x29,
    0x86, 0x29, 0x86, 0x31, 0x87, 0x31, 0xa7, 0x31, 0x87, 0x29, 0x86, 0x31,
    0xa7, 0x31, 0xa7, 0x31, 0xa7, 0x31, 0xa7, 0x31, 0xa7, 0x31, 0xa7, 0x31,
    0x87, 0x31, 0xa7, 0x31, 0xa7, 0x31, 0xa7, 0x31, 0xa7, 0x31, 0xa7, 0x31,
    0xa7, 0x31, 0xa7, 0x31, 0xc8, 0x39, 0xa7, 0x31, 0xa7, 0x31, 0xa7, 0x31,
    0xa7, 0x31, 0xa8, 0x39, 0xc8, 0x31, 0xa7, 0x31, 0xa7, 0x31, 0xa7, 0x31,
    0xc8, 0x39, 0xc8, 0x31, 0xa7, 0x31, 0xa7, 0x31, 0xc8, 0x39, 0xa7, 0x31,
    0xa7, 0x31, 0xc8, 0x39, 0xa7, 0x31, 0xa8, 0x31, 0xc7, 0x31, 0xc8, 0x39,
    0xc8, 0x39, 0xc8, 0x39, 0xe8, 0x39, 0x09, 0x42, 0xe8, 0x39, 0x09, 0x42,
    0x08, 0x3a, 0x09, 0x42, 0x29, 0x42, 0x29, 0x42, 0x09, 0x42, 0x29, 0x42,
    0x29, 0x42, 0x29, 0x42, 0x09, 0x42, 0x08, 0x3a, 0x09, 0x42, 0x09, 0x42,
    0x29, 0x42, 0x29, 0x42, 0x09, 0x3a, 0x09, 0x42, 0x29, 0x42, 0x09, 0x3a,
    0x09, 0x42, 0x09, 0x42, 0x29, 0x42, 0x09, 0x42, 0x29, 0x42, 0x09, 0x42,
    0x29, 0x42, 0x09, 0x42, 0x29, 0x42, 0x09, 0x42, 0x09, 0x42, 0x29, 0x42,
    0x2a, 0x42, 0x2a, 0x42, 0x29, 0x42, 0x09, 0x42, 0x29, 0x42, 0x29, 0x42,
    0x29, 0x42, 0x29, 0x42, 0x29, 0x42, 0x29, 0x42, 0x29, 0x42, 0x2a, 0x4a,
    0x29, 0x42, 0x29, 0x42, 0x29, 0x42, 0x2a, 0x42, 0x29, 0x42, 0x2a, 0x42,
    0x29, 0x42, 0x4a, 0x4a, 0x29, 0x42, 0x29, 0x42, 0x29, 0x42, 0x4a, 0x4a,
    0x29, 0x42, 0x4a, 0x4a, 0x4a, 0x4a, 0x29, 0x42, 0x4a, 0x4a, 0x29, 0x42,
    0x2a, 0x42, 0x49, 0x42, 0x29, 0x42, 0x29, 0x42, 0x4a, 0x4a, 0x29, 0x42,
    0x4a, 0x4a, 0x49, 0x42, 0x4a, 0x4a, 0x49, 0x42, 0x49, 0x4a, 0x4a, 0x4a,
    0x4a, 0x4a, 0x4a, 0x42, 0x29, 0x42, 0x4a, 0x4a, 0x4a, 0x4a, 0x4a, 0x4a,
    0x05, 0x21, 0x05, 0x21, 0x05, 0x21, 0x25, 0x21, 0x05, 0x21, 0x05, 0x21,
    0x05, 0x21, 0x25, 0x21, 0x05, 0x21, 0x25, 0x21, 0x05, 0x21, 0x04, 0x21,
    0x05, 0x21, 0x25, 0x21, 0x25, 0x21, 0x25, 0x21, 0x25, 0x21, 0x25, 0x21,
    0x25, 0x21, 0x25, 0x21, 0x05, 0x21, 0x25, 0x21, 0x25, 0x21, 0x25, 0x21,
    0x25, 0x21, 0x25, 0x21, 0x25, 0x21, 0x25, 0x21, 0x25, 0x21, 0x25, 0x21,
    0x25, 0x21, 0x46, 0x29, 0x25, 0x21, 0x46, 0x29, 0x46, 0x29, 0x45, 0x21,
    0x45, 0x21, 0x46, 0x29, 0x45, 0x29, 0x45, 0x21, 0x45, 0x29, 0x46, 0x21,
    0x46, 0x29, 0x66, 0x29, 0x46, 0x21, 0x45, 0x21, 0x46, 0x21, 0x46, 0x29,
    0x46, 0x21, 0x66, 0x29, 0x66, 0x29, 0x46, 0x29, 0x66, 0x29, 0x46, 0x29,
    0x66, 0x29, 0x66, 0x29, 0x46, 0x29, 0x66, 0x29, 0x66, 0x29, 0x66, 0x29,
    0x46, 0x29, 0x66, 0x29, 0x66, 0x29, 0x46, 0x29, 0x66, 0x29, 0x66, 0x29,
    0x66, 0x29, 0x66, 0x29, 0x66, 0x29, 0x66, 0x29, 0x66, 0x31, 0x67, 0x29,
    0x66, 0x29, 0x87, 0x31, 0x67, 0x29, 0x86, 0x31, 0x87, 0x31, 0x86, 0x29,
    0x67, 0x29, 0x66, 0x29, 0x87, 0x31, 0x66, 0x29, 0x66, 0x29, 0x66, 0x31,
    0x87, 0x31, 0x66, 0x29, 0x66, 0x29, 0x87, 0x29, 0x87, 0x31, 0x87, 0x31,
    0x66, 0x29, 0x86, 0x31, 0x87, 0x31, 0x87, 0x31, 0x86, 0x29, 0x87, 0x31,
    0x86, 0x31, 0x87, 0x31, 0x86, 0x29, 0x87, 0x31, 0x87, 0x31, 0x86, 0x29,
    0x86, 0x29, 0x87, 0x31, 0xa7, 0x31, 0xa7, 0x31, 0x86, 0x29, 0x87, 0x31,
    0xa7, 0x31, 0x86, 0x31, 0x87, 0x31, 0xa7, 0x31, 0xa7, 0x31, 0x87, 0x31,
    0x87, 0x31, 0x87, 0x29, 0xa7, 0x31, 0x87, 0x31, 0xa7, 0x31, 0xa7, 0x31,
    0xa7, 0x31, 0xa7, 0x31, 0x87, 0x31, 0xa7, 0x31, 0xa7, 0x31, 0xa7, 0x31,
    0xa7, 0x31, 0xa7, 0x31, 0xa7, 0x31, 0xa7, 0x31, 0xa7, 0x31, 0xa8, 0x39,
    0xa7, 0x31, 0xa7, 0x31, 0xa7, 0x31, 0xa7, 0x31, 0xa7, 0x31, 0xa7, 0x31,
    0xa7, 0x31, 0xa7, 0x31, 0xa7, 0x31, 0xa7, 0x31, 0xa7, 0x39, 0xa7, 0x31,
    0xa7, 0x31, 0xa7, 0x31, 0xa8, 0x39, 0xc7, 0x39, 0xa7, 0x31, 0xa7, 0x31,
    0xa7, 0x31, 0xc8, 0x39, 0xa7, 0x39, 0xc7, 0x31, 0xc8, 0x39, 0xc7, 0x39,
    0xc8, 0x39, 0xe8, 0x39, 0x08, 0x42, 0x09, 0x42, 0x09, 0x3a, 0x09, 0x42,
    0x08, 0x3a, 0x09, 0x42, 0x09, 0x42, 0x29, 0x42, 0x29, 0x42, 0x29, 0x42,
    0x09, 0x42, 0x29, 0x42, 0x09, 0x42, 0x29, 0x42, 0x29, 0x42, 0x29, 0x42,
    0x09, 0x42, 0x29, 0x42, 0x08, 0x42, 0x09, 0x42, 0x09, 0x42, 0x08, 0x42,
    0x09, 0x42, 0x29, 0x42, 0x09, 0x3a, 0x29, 0x42, 0x29, 0x42, 0x09, 0x42,
    0x29, 0x42, 0x29, 0x42, 0x09, 0x42, 0x09, 0x3a, 0x29, 0x42, 0x29, 0x42,
    0x29, 0x42, 0x29, 0x42, 0x29, 0x42, 0x2a, 0x4a, 0x29, 0x42, 0x29, 0x42,
    0x29, 0x42, 0x2a, 0x42, 0x2a, 0x4a, 0x29, 0x42, 0x2a, 0x42, 0x29, 0x42,
    0x29, 0x42, 0x29, 0x42, 0x29, 0x42, 0x4a, 0x4a, 0x29, 0x42, 0x29, 0x42,
    0x29, 0x42, 0x4a, 0x42, 0x4a, 0x4a, 0x2a, 0x42, 0x4a, 0x4a, 0x29, 0x42,
    0x4a, 0x4a, 0x49, 0x42, 0x29, 0x42, 0x29, 0x42, 0x4a, 0x4a, 0x2a, 0x42,
    0x29, 0x42, 0x4a, 0x4a, 0x4a, 0x42, 0x49, 0x42, 0x4a, 0x4a, 0x4a, 0x4a,
    0x4a, 0x4a, 0x4a, 0x42, 0x4a, 0x4a, 0x4a, 0x4a, 0x4a, 0x42, 0x4a, 0x4a,
    0x4a, 0x4a, 0x29, 0x42, 0x4a, 0x42, 0x4a, 0x4a, 0x49, 0x42, 0x49, 0x42,
    0x05, 0x21, 0x04, 0x19, 0x05, 0x21, 0x04, 0x21, 0x04, 0x21, 0x25, 0x21,
    0x05, 0x19, 0x25, 0x21, 0x04, 0x21, 0x25, 0x21, 0x25, 0x21, 0x25, 0x21,
    0x05, 0x19, 0x05, 0x21, 0x25, 0x21, 0x25, 0x21, 0x25, 0x21, 0x05, 0x21,
    0x25, 0x21, 0x25, 0x21, 0x25, 0x21, 0x25, 0x21, 0x26, 0x29, 0x25, 0x21,
    0x25, 0x21, 0x46, 0x29, 0x46, 0x29, 0x45, 0x21, 0x46, 0x29, 0x25, 0x21,
    0x25, 0x21, 0x46, 0x21, 0x46, 0x29, 0x45, 0x21, 0x25, 0x21, 0x46, 0x29,
    0x25, 0x21, 0x25, 0x21, 0x46, 0x29, 0x46, 0x29, 0x45, 0x21, 0x45, 0x21,
    0x46, 0x29, 0x45, 0x21, 0x46, 0x29, 0x46, 0x29, 0x45, 0x29, 0x66, 0x29,
    0x66, 0x29, 0x66, 0x29, 0x66, 0x29, 0x66, 0x29, 0x46, 0x29, 0x45, 0x21,
    0x66, 0x29, 0x46, 0x29, 0x66, 0x29, 0x66, 0x29, 0x66, 0x29, 0x46, 0x29,
    0x66, 0x29, 0x66, 0x29, 0x66, 0x29, 0x66, 0x29, 0x66, 0x29, 0x66, 0x31,
    0x66, 0x29, 0x66, 0x29, 0x66, 0x29, 0x66, 0x29, 0x66, 0x29, 0x66, 0x29,
    0x66, 0x29, 0x87, 0x31, 0x66, 0x29, 0x66, 0x29, 0x87, 0x29, 0x87, 0x31,
    0x66, 0x29, 0x86, 0x31, 0x66, 0x29, 0x86, 0x29, 0x87, 0x31, 0x87, 0x29,
    0x86, 0x29, 0x66, 0x31, 0x66, 0x29, 0x86, 0x29, 0x87, 0x31, 0x66, 0x29,
    0x87, 0x31, 0x86, 0x29, 0x87, 0x29, 0x87, 0x31, 0x87, 0x31, 0x87, 0x29,
    0x87, 0x31, 0x86, 0x29, 0x87, 0x31, 0x86, 0x29, 0x87, 0x31, 0x87, 0x31,
    0x87, 0x29, 0x87, 0x31, 0x87, 0x31, 0x87, 0x31, 0x86, 0x31, 0xa7, 0x31,
    0xa7, 0x31, 0xa7, 0x31, 0x87, 0x29, 0xa7, 0x31, 0x87, 0x31, 0xa7, 0x31,
    0x87, 0x31, 0xa7, 0x31, 0x87, 0x31, 0x87, 0x31, 0xa7, 0x31, 0xa7, 0x31,
    0xa7, 0x31, 0x87, 0x31, 0xa7, 0x31, 0xa7, 0x31, 0xa7, 0x31, 0xa7, 0x31,
    0xa7, 0x31, 0xa7, 0x31, 0xa7, 0x31, 0x87, 0x31, 0xa7, 0x31, 0xa7, 0x31,
    0x87, 0x31, 0xa7, 0x31, 0xa7, 0x31, 0xa7, 0x31, 0xa7, 0x39, 0xa8, 0x39,
    0xa7, 0x31, 0xa7, 0x31, 0xa7, 0x39, 0xc8, 0x39, 0xa7, 0x31, 0xa8, 0x31,
    0xa7, 0x31, 0xc7, 0x39, 0xa7, 0x31, 0xa7, 0x31, 0xa7, 0x31, 0xa7, 0x31,
    0xc8, 0x39, 0xc7, 0x31, 0xa7, 0x31, 0xa7, 0x31, 0xa7, 0x31, 0xe8, 0x39,
    0x09, 0x3a, 0xe8, 0x39, 0x08, 0x3a, 0xe8, 0x39, 0x08, 0x42, 0x09, 0x42,
    0xe8, 0x39, 0x09, 0x3a, 0x29, 0x42, 0x09, 0x42, 0x29, 0x42, 0x29, 0x42,
    0x29, 0x42, 0x29, 0x42, 0x09, 0x42, 0x29, 0x42, 0x29, 0x42, 0x29, 0x42,
    0x29, 0x42, 0x29, 0x42, 0x09, 0x42, 0x09, 0x3a, 0x28, 0x42, 0x29, 0x42,
    0x09, 0x3a, 0x08, 0x3a, 0x29, 0x42, 0x29, 0x42, 0x29, 0x42, 0x09, 0x42,
    0x29, 0x42, 0x29, 0x42, 0x09, 0x42, 0x29, 0x42, 0x2a, 0x42, 0x09, 0x42,
    0x29, 0x42, 0x09, 0x42, 0x29, 0x42, 0x29, 0x42, 0x2a, 0x42, 0x29, 0x42,
    0x09, 0x42, 0x29, 0x42, 0x29, 0x42, 0x2a, 0x4a, 0x29, 0x42, 0x29, 0x42,
    0x4a, 0x4a, 0x29, 0x42, 0x29, 0x42, 0x4a, 0x4a, 0x29, 0x42, 0x29, 0x42,
    0x29, 0x42, 0x4a, 0x4a, 0x29, 0x42, 0x49, 0x42, 0x29, 0x42, 0x29, 0x42,
    0x29, 0x42, 0x4a, 0x4a, 0x4a, 0x42, 0x4a, 0x42, 0x49, 0x4a, 0x4a, 0x4a,
    0x49, 0x42, 0x2a, 0x4a, 0x4a, 0x4a, 0x29, 0x42, 0x29, 0x42, 0x4a, 0x42,
    0x49, 0x42, 0x4a, 0x4a, 0x29, 0x42, 0x4a, 0x4a, 0x4a, 0x42, 0x4a, 0x42,
    0x49, 0x4a, 0x29, 0x42, 0x29, 0x42, 0x4a, 0x4a, 0x4a, 0x4a, 0x4a, 0x4a,
    0x04, 0x19, 0x05, 0x21, 0x25, 0x21, 0x25, 0x21, 0x25, 0x21, 0x05, 0x21,
    0x04, 0x19, 0x04, 0x19, 0x25, 0x21, 0x05, 0x21, 0x25, 0x21, 0x25, 0x21,
    0x25, 0x21, 0x25, 0x21, 0x25, 0x21, 0x25, 0x21, 0x05, 0x21, 0x25, 0x21,
    0x25, 0x21, 0x25, 0x21, 0x25, 0x21, 0x25, 0x29, 0x25, 0x21, 0x25, 0x21,
    0x25, 0x21, 0x26, 0x29, 0x25, 0x21, 0x25, 0x21, 0x26, 0x29, 0x45, 0x21,
    0x46, 0x29, 0x25, 0x21, 0x25, 0x21, 0x45, 0x21, 0x46, 0x29, 0x46, 0x29,
    0x45, 0x29, 0x25, 0x21, 0x46, 0x29, 0x46, 0x21, 0x46, 0x29, 0x25, 0x29,
    0x46, 0x29, 0x25, 0x21, 0x45, 0x21, 0x46, 0x29, 0x46, 0x29, 0x46, 0x29,
    0x66, 0x29, 0x45, 0x21, 0x46, 0x29, 0x66, 0x29, 0x66, 0x29, 0x66, 0x29,
    0x46, 0x29, 0x66, 0x29, 0x66, 0x29, 0x66, 0x29, 0x66, 0x29, 0x66, 0x29,
    0x46, 0x29, 0x66, 0x29, 0x66, 0x29, 0x66, 0x29, 0x66, 0x29, 0x66, 0x29,
    0x67, 0x31, 0x67, 0x29, 0x66, 0x29, 0x66, 0x29, 0x66, 0x29, 0x87, 0x31,
    0x66, 0x29, 0x86, 0x31, 0x66, 0x29, 0x66, 0x29, 0x66, 0x29, 0x66, 0x31,
    0x87, 0x31, 0x87, 0x29, 0x87, 0x31, 0x66, 0x29, 0x87, 0x31, 0x87, 0x31,
    0x87, 0x29, 0x86, 0x29, 0x67, 0x31, 0x66, 0x29, 0x86, 0x31, 0x66, 0x29,
    0x87, 0x31, 0x87, 0x31, 0x86, 0x29, 0x86, 0x29, 0x86, 0x31, 0x87, 0x31,
    0x66, 0x29, 0x87, 0x31, 0x87, 0x31, 0x66, 0x29, 0x86, 0x31, 0x87, 0x31,
    0x87, 0x31, 0x86, 0x31, 0x87, 0x29, 0x87, 0x29, 0x87, 0x31, 0xa7, 0x31,
    0x87, 0x31, 0x87, 0x31, 0x86, 0x31, 0x87, 0x31, 0xa7, 0x31, 0x87, 0x31,
    0x86, 0x31, 0x86, 0x29, 0xa7, 0x31, 0x87, 0x31, 0x87, 0x31, 0xa7, 0x31,
    0x87, 0x31, 0xa7, 0x31, 0x87, 0x31, 0xa7, 0x31, 0xa7, 0x31, 0xa7, 0x31,
    0xa7, 0x31, 0xa7, 0x31, 0xa7, 0x31, 0xa8, 0x39, 0xa7, 0x31, 0xa7, 0x31,
    0x87, 0x31, 0xa7, 0x39, 0xa7, 0x31, 0xa7, 0x31, 0xa7, 0x31, 0xa7, 0x31,
    0xc8, 0x39, 0xc8, 0x31, 0xa7, 0x31, 0xa7, 0x31, 0xa7, 0x31, 0xc8, 0x39,
    0xa7, 0x31, 0xc8, 0x31, 0xc8, 0x31, 0xa7, 0x31, 0xc8, 0x39, 0xc8, 0x31,
    0xa7, 0x31, 0xa7, 0x31, 0xc8, 0x39, 0xc8, 0x39, 0xe8, 0x39, 0xe8, 0x39,
    0x09, 0x42, 0xe8, 0x39, 0x09, 0x42, 0xe8, 0x39, 0xe8, 0x39, 0x09, 0x42,
    0x09, 0x42, 0x09, 0x42, 0x29, 0x42, 0x09, 0x3a, 0x09, 0x42, 0x09, 0x42,
    0x29, 0x42, 0x29, 0x42, 0x29, 0x42, 0x29, 0x42, 0x29, 0x42, 0x09, 0x42,
    0x29, 0x42, 0x29, 0x42, 0x29, 0x42, 0x29, 0x42, 0x29, 0x42, 0x29, 0x42,
    0x29, 0x42, 0x09, 0x42, 0x29, 0x42, 0x29, 0x42, 0x09, 0x3a, 0x09, 0x42,
    0x29, 0x42, 0x09, 0x3a, 0x29, 0x42, 0x29, 0x42, 0x29, 0x42, 0x29, 0x42,
    0x09, 0x42, 0x29, 0x42, 0x29, 0x42, 0x29, 0x42, 0x29, 0x42, 0x29, 0x42,
    0x09, 0x42, 0x4a, 0x4a, 0x49, 0x42, 0x29, 0x42, 0x29, 0x42, 0x29, 0x42,
    0x29, 0x42, 0x2a, 0x42, 0x29, 0x42, 0x29, 0x42, 0x2a, 0x42, 0x2a, 0x4a,
    0x29, 0x42, 0x29, 0x42, 0x4a, 0x4a, 0x29, 0x42, 0x29, 0x42, 0x29, 0x42,
    0x2a, 0x42, 0x2a, 0x4a, 0x29, 0x42, 0x49, 0x42, 0x4a, 0x4a, 0x29, 0x42,
    0x29, 0x42, 0x49, 0x42, 0x2a, 0x42, 0x29, 0x42, 0x4a, 0x4a, 0x4a, 0x4a,
    0x29, 0x42, 0x29, 0x42, 0x4a, 0x4a, 0x4a, 0x4a, 0x29, 0x42, 0x49, 0x4a,
    0x4a, 0x4a, 0x4a, 0x4a, 0x4a, 0x4a, 0x4a, 0x42, 0x49, 0x42, 0x4a, 0x4a,
    0x05, 0x21, 0x05, 0x21, 0x05, 0x19, 0x05, 0x19, 0x05, 0x21, 0x25, 0x21,
    0x25, 0x21, 0x25, 0x21, 0x25, 0x21, 0x05, 0x21, 0x25, 0x21, 0x05, 0x21,
    0x05, 0x21, 0x25, 0x21, 0x25, 0x21, 0x25, 0x21, 0x25, 0x21, 0x25, 0x21,
    0x25, 0x21, 0x25, 0x21, 0x25, 0x21, 0x25, 0x21, 0x25, 0x21, 0x25, 0x21,
    0x46, 0x29, 0x25, 0x21, 0x25, 0x21, 0x25, 0x21, 0x25, 0x21, 0x25, 0x21,
    0x25, 0x21, 0x46, 0x29, 0x46, 0x29, 0x25, 0x21, 0x25, 0x21, 0x25, 0x21,
    0x46, 0x21, 0x46, 0x29, 0x45, 0x21, 0x25, 0x21, 0x46, 0x29, 0x25, 0x21,
    0x46, 0x29, 0x46, 0x29, 0x46, 0x29, 0x45, 0x21, 0x46, 0x21, 0x45, 0x29,
    0x66, 0x29, 0x46, 0x29, 0x46, 0x29, 0x66, 0x29, 0x66, 0x29, 0x46, 0x29,
    0x45, 0x21, 0x66, 0x29, 0x66, 0x29, 0x66, 0x29, 0x66, 0x29, 0x66, 0x29,
    0x66, 0x29, 0x66, 0x29, 0x66, 0x29, 0x66, 0x29, 0x66, 0x29, 0x66, 0x29,
    0x66, 0x29, 0x66, 0x29, 0x66, 0x29, 0x66, 0x29, 0x66, 0x29, 0x66, 0x29,
    0x87, 0x31, 0x66, 0x29, 0x86, 0x29, 0x66, 0x29, 0x87, 0x31, 0x86, 0x29,
    0x66, 0x29, 0x87, 0x29, 0x66, 0x29, 0x86, 0x31, 0x66, 0x29, 0x66, 0x29,
    0x66, 0x31, 0x87, 0x31, 0x87, 0x29, 0x86, 0x29, 0x86, 0x29, 0x66, 0x29,
    0x87, 0x31, 0x87, 0x31, 0x86, 0x29, 0x87, 0x31, 0x66, 0x29, 0x87, 0x31,
    0x87, 0x31, 0x86, 0x29, 0x87, 0x31, 0x87, 0x31, 0x87, 0x29, 0x86, 0x29,
    0x87, 0x31, 0x86, 0x31, 0x86, 0x29, 0x87, 0x31, 0x86, 0x29, 0xa7, 0x31,
    0x87, 0x31, 0xa7, 0x31, 0x87, 0x29, 0xa7, 0x31, 0xa7, 0x31, 0x87, 0x31,
    0xa7, 0x31, 0xa7, 0x31, 0xa7, 0x31, 0xa7, 0x31, 0x86, 0x31, 0xa7, 0x31,
    0x87, 0x31, 0xa7, 0x31, 0xa7, 0x31, 0x87, 0x31, 0xa7, 0x31, 0xa7, 0x31,
    0x87, 0x31, 0xa7, 0x31, 0xa7, 0x31, 0xa7, 0x31, 0xa7, 0x31, 0xa7, 0x31,
    0xa7, 0x31, 0xa7, 0x31, 0xa8, 0x31, 0xc8, 0x39, 0xa7, 0x31, 0xa7, 0x31,
    0xa7, 0x31, 0xa7, 0x31, 0xa7, 0x31, 0xc8, 0x39, 0xc7, 0x31, 0xa7, 0x31,
    0xa7, 0x31, 0xa7, 0x31, 0xa7, 0x39, 0xa7, 0x39, 0xc8, 0x31, 0xc8, 0x39,
    0xa7, 0x31, 0xa7, 0x31, 0xe8, 0x39, 0xe9, 0x39, 0x08, 0x42, 0xe8, 0x39,
    0xe8, 0x39, 0xe8, 0x39, 0xe8, 0x39, 0x09, 0x42, 0x09, 0x3a, 0x08, 0x3a,
    0xe8, 0x39, 0x08, 0x3a, 0x29, 0x42, 0x29, 0x42, 0x29, 0x42, 0x09, 0x42,
    0x09, 0x42, 0x29, 0x42, 0x09, 0x3a, 0x09, 0x42, 0x29, 0x42, 0x29, 0x42,
    0x29, 0x42, 0x29, 0x42, 0x29, 0x42, 0x29, 0x42, 0x29, 0x42, 0x29, 0x42,
    0x29, 0x42, 0x09, 0x42, 0x29, 0x42, 0x29, 0x42, 0x29, 0x42, 0x29, 0x42,
    0x09, 0x42, 0x29, 0x42, 0x29, 0x42, 0x29, 0x42, 0x29, 0x42, 0x29, 0x42,
    0x29, 0x42, 0x29, 0x42, 0x29, 0x42, 0x2a, 0x42, 0x29, 0x42, 0x29, 0x42,
    0x29, 0x42, 0x29, 0x42, 0x4a, 0x4a, 0x2a, 0x42, 0x29, 0x42, 0x2a, 0x42,
    0x29, 0x42, 0x29, 0x4a, 0x4a, 0x4a, 0x29, 0x42, 0x4a, 0x4a, 0x49, 0x42,
    0x29, 0x42, 0x4a, 0x4a, 0x29, 0x42, 0x2a, 0x42, 0x29, 0x42, 0x2a, 0x4a,
    0x4a, 0x42, 0x49, 0x4a, 0x29, 0x42, 0x2a, 0x42, 0x2a, 0x4a, 0x29, 0x42,
    0x29, 0x42, 0x2a, 0x42, 0x4a, 0x4a, 0x4a, 0x4a, 0x4a, 0x4a, 0x29, 0x42,
    0x4a, 0x42, 0x4a, 0x4a, 0x4a, 0x4a, 0x4a, 0x4a, 0x49, 0x42, 0x4a, 0x4a,
    0x4a, 0x42, 0x4a, 0x42, 0x4a, 0x4a, 0x49, 0x42, 0x29, 0x42, 0x2a, 0x42,
    0x05, 0x21, 0x04, 0x21, 0x05, 0x21, 0x25, 0x21, 0x04, 0x21, 0x05, 0x21,
    0x25, 0x21, 0x05, 0x21, 0x25, 0x21, 0x25, 0x21, 0x05, 0x21, 0x25, 0x21,
    0x25, 0x21, 0x05, 0x21, 0x25, 0x21, 0x25, 0x21, 0x25, 0x21, 0x25, 0x21,
    0x25, 0x21, 0x25, 0x21, 0x26, 0x29, 0x25, 0x21, 0x25, 0x21, 0x46, 0x29,
    0x25, 0x21, 0x25, 0x21, 0x45, 0x21, 0x25, 0x21, 0x46, 0x29, 0x25, 0x21,
    0x25, 0x21, 0x46, 0x29, 0x45, 0x21, 0x25, 0x21, 0x25, 0x29, 0x25, 0x21,
    0x25, 0x21, 0x25, 0x21, 0x46, 0x29, 0x25, 0x21, 0x46, 0x29, 0x45, 0x21,
    0x45, 0x21, 0x46, 0x29, 0x46, 0x29, 0x45, 0x21, 0x46, 0x29, 0x45, 0x21,
    0x66, 0x29, 0x46, 0x29, 0x66, 0x29, 0x66, 0x29, 0x66, 0x29, 0x46, 0x29,
    0x66, 0x29, 0x46, 0x29, 0x66, 0x29, 0x66, 0x29, 0x66, 0x29, 0x46, 0x29,
    0x66, 0x29, 0x46, 0x29, 0x66, 0x29, 0x66, 0x29, 0x67, 0x31, 0x66, 0x29,
    0x66, 0x29, 0x66, 0x29, 0x66, 0x29, 0x67, 0x31, 0x66, 0x29, 0x66, 0x29,
    0x67, 0x29, 0x66, 0x29, 0x66, 0x29, 0x67, 0x31, 0x66, 0x29, 0x86, 0x29,
    0x66, 0x31, 0x66, 0x29, 0x66, 0x29, 0x66, 0x29, 0x87, 0x31, 0x86, 0x29,
    0x66, 0x29, 0x87, 0x31, 0x87, 0x31, 0x66, 0x29, 0x87, 0x31, 0x87, 0x31,
    0x86, 0x29, 0x66, 0x29, 0x87, 0x31, 0x87, 0x29, 0x66, 0x29, 0x86, 0x29,
    0x87, 0x31, 0x86, 0x29, 0x87, 0x31, 0x87, 0x31, 0x87, 0x31, 0x86, 0x29,
    0x87, 0x31, 0x87, 0x29, 0x87, 0x31, 0x86, 0x31, 0x87, 0x31, 0x87, 0x31,
    0x86, 0x29, 0x87, 0x31, 0xa7, 0x31, 0x86, 0x31, 0x87, 0x29, 0xa7, 0x31,
    0x87, 0x31, 0xa7, 0x31, 0x87, 0x29, 0xa7, 0x31, 0xa7, 0x31, 0xa7, 0x31,
    0x87, 0x31, 0x86, 0x31, 0xa7, 0x31, 0xa7, 0x31, 0x87, 0x31, 0xa7, 0x31,
    0xa7, 0x31, 0xa7, 0x31, 0xa7, 0x31, 0xa7, 0x31, 0xa7, 0x31, 0xa7, 0x31,
    0xa7, 0x31, 0xa7, 0x31, 0xc8, 0x39, 0xa7, 0x31, 0xa7, 0x31, 0xa7, 0x31,
    0xa7, 0x31, 0xa7, 0x31, 0xa7, 0x31, 0xc8, 0x39, 0xa7, 0x31, 0xa7, 0x39,
    0xc8, 0x39, 0xa7, 0x31, 0xa7, 0x31, 0xa7, 0x31, 0xa7, 0x31, 0xc7, 0x39,
    0xc8, 0x39, 0xe8, 0x39, 0xe8, 0x39, 0xe8, 0x39, 0xe8, 0x39, 0x09, 0x42,
    0xe8, 0x39, 0x09, 0x3a, 0x09, 0x42, 0x08, 0x42, 0x08, 0x3a, 0xe8, 0x39,
    0x09, 0x42, 0xe8, 0x39, 0x09, 0x42, 0x09, 0x42, 0x29, 0x42, 0x29, 0x42,
    0x09, 0x42, 0x29, 0x42, 0x09, 0x42, 0x29, 0x42, 0x2a, 0x42, 0x29, 0x42,
    0x29, 0x42, 0x29, 0x42, 0x2a, 0x42, 0x29, 0x42, 0x29, 0x42, 0x2a, 0x42,
    0x29, 0x42, 0x29, 0x42, 0x29, 0x42, 0x29, 0x42, 0x29, 0x42, 0x09, 0x42,
    0x29, 0x42, 0x29, 0x42, 0x09, 0x42, 0x29, 0x42, 0x09, 0x42, 0x09, 0x42,
    0x2a, 0x42, 0x2a, 0x42, 0x09, 0x42, 0x29, 0x42, 0x2a, 0x42, 0x29, 0x42,
    0x29, 0x42, 0x2a, 0x42, 0x29, 0x42, 0x29, 0x42, 0x2a, 0x4a, 0x4a, 0x4a,
    0x29, 0x42, 0x29, 0x42, 0x4a, 0x4a, 0x29, 0x42, 0x29, 0x42, 0x2a, 0x42,
    0x2a, 0x42, 0x29, 0x42, 0x29, 0x42, 0x2a, 0x42, 0x4a, 0x4a, 0x49, 0x42,
    0x29, 0x4a, 0x29, 0x42, 0x2a, 0x42, 0x29, 0x42, 0x4a, 0x4a, 0x4a, 0x4a,
    0x4a, 0x42, 0x49, 0x4a, 0x29, 0x42, 0x4a, 0x4a, 0x49, 0x42, 0x29, 0x42,
    0x4a, 0x4a, 0x49, 0x42, 0x2a, 0x42, 0x49, 0x42, 0x4a, 0x4a, 0x2a, 0x42,
    0x4a, 0x4a, 0x4a, 0x4a, 0x49, 0x42, 0x4a, 0x4a, 0x4a, 0x4a, 0x4a, 0x4a,
    0x04, 0x19, 0x05, 0x19, 0x25, 0x21, 0x05, 0x21, 0x05, 0x21, 0x04, 0x19,
    0x05, 0x21, 0x05, 0x21, 0x25, 0x21, 0x25, 0x21, 0x05, 0x21, 0x04, 0x19,
    0x05, 0x21, 0x05, 0x21, 0x25, 0x21, 0x05, 0x21, 0x05, 0x21, 0x25, 0x21,
    0x25, 0x21, 0x25, 0x21, 0x25, 0x21, 0x05, 0x21, 0x25, 0x21, 0x25, 0x21,
    0x25, 0x21, 0x25, 0x21, 0x46, 0x29, 0x25, 0x21, 0x25, 0x21, 0x25, 0x21,
    0x46, 0x29, 0x25, 0x21, 0x25, 0x21, 0x46, 0x29, 0x46, 0x29, 0x46, 0x29,
    0x45, 0x21, 0x46, 0x29, 0x25, 0x21, 0x45, 0x21, 0x26, 0x21, 0x46, 0x29,
    0x45, 0x21, 0x46, 0x29, 0x45, 0x21, 0x46, 0x29, 0x46, 0x29, 0x46, 0x29,
    0x46, 0x29, 0x46, 0x21, 0x66, 0x29, 0x46, 0x29, 0x46, 0x29, 0x66, 0x29,
    0x46, 0x29, 0x46, 0x29, 0x66, 0x29, 0x66, 0x29, 0x66, 0x29, 0x66, 0x29,
    0x66, 0x29, 0x46, 0x29, 0x46, 0x29, 0x66, 0x29, 0x66, 0x29, 0x66, 0x29,
    0x87, 0x31, 0x66, 0x31, 0x66, 0x29, 0x66, 0x29, 0x66, 0x29, 0x66, 0x31,
    0x66, 0x29, 0x66, 0x29, 0x66, 0x29, 0x66, 0x29, 0x87, 0x31, 0x67, 0x29,
    0x66, 0x29, 0x87, 0x31, 0x87, 0x31, 0x86, 0x29, 0x67, 0x31, 0x87, 0x31,
    0x86, 0x29, 0x66, 0x29, 0x66, 0x29, 0x66, 0x29, 0x66, 0x29, 0x87, 0x31,
    0x87, 0x31, 0x87, 0x31, 0x86, 0x29, 0x66, 0x29, 0x87, 0x31, 0x86, 0x31,
    0x87, 0x29, 0x87, 0x31, 0x86, 0x29, 0x86, 0x29, 0x87, 0x31, 0x86, 0x29,
    0x86, 0x29, 0x87, 0x31, 0x87, 0x31, 0x86, 0x29, 0x86, 0x29, 0x87, 0x31,
    0x87, 0x31, 0xa7, 0x31, 0x87, 0x31, 0x86, 0x29, 0xa7, 0x31, 0x87, 0x31,
    0x86, 0x29, 0xa7, 0x31, 0x87, 0x31, 0xa7, 0x31, 0x87, 0x31, 0xa7, 0x31,
    0x86, 0x29, 0xa7, 0x31, 0xa7, 0x31, 0x87, 0x31, 0xa7, 0x31, 0xa7, 0x31,
    0xa7, 0x31, 0xa7, 0x31, 0xa7, 0x31, 0x87, 0x31, 0xa7, 0x31, 0xa7, 0x31,
    0xa7, 0x31, 0xa7, 0x31, 0xa7, 0x31, 0xa7, 0x31, 0xa7, 0x31, 0xc8, 0x39,
    0xa7, 0x31, 0xa7, 0x31, 0xa7, 0x31, 0xa7, 0x31, 0xa7, 0x31, 0xa7, 0x31,
    0xc8, 0x31, 0xc8, 0x39, 0xc8, 0x39, 0xa7, 0x31, 0xc7, 0x31, 0xc8, 0x39,
    0xe8, 0x39, 0xe8, 0x39, 0xe8, 0x39, 0x09, 0x42, 0x09, 0x42, 0xe8, 0x39,
    0xe8, 0x39, 0xe8, 0x39, 0xe8, 0x39, 0xe8, 0x39, 0xe9, 0x41, 0x08, 0x42,
    0xe8, 0x39, 0x08, 0x3a, 0x09, 0x42, 0x09, 0x42, 0x29, 0x42, 0x09, 0x42,
    0x09, 0x3a, 0x29, 0x42, 0x29, 0x42, 0x09, 0x42, 0x2a, 0x42, 0x09, 0x42,
    0x29, 0x42, 0x29, 0x42, 0x29, 0x42, 0x29, 0x42, 0x29, 0x42, 0x29, 0x42,
    0x29, 0x42, 0x2a, 0x42, 0x29, 0x42, 0x29, 0x42, 0x2a, 0x42, 0x29, 0x42,
    0x09, 0x42, 0x09, 0x42, 0x29, 0x42, 0x29, 0x42, 0x29, 0x42, 0x09, 0x42,
    0x2a, 0x42, 0x29, 0x42, 0x29, 0x42, 0x09, 0x42, 0x29, 0x42, 0x2a, 0x4a,
    0x29, 0x42, 0x29, 0x42, 0x29, 0x42, 0x29, 0x42, 0x29, 0x42, 0x29, 0x42,
    0x29, 0x42, 0x29, 0x42, 0x29, 0x42, 0x29, 0x42, 0x29, 0x42, 0x29, 0x42,
    0x4a, 0x4a, 0x29, 0x42, 0x29, 0x42, 0x29, 0x42, 0x29, 0x42, 0x29, 0x42,
    0x4a, 0x42, 0x29, 0x42, 0x4a, 0x4a, 0x49, 0x42, 0x4a, 0x4a, 0x49, 0x42,
    0x4a, 0x4a, 0x29, 0x42, 0x49, 0x42, 0x4a, 0x4a, 0x2a, 0x42, 0x4a, 0x4a,
    0x49, 0x4a, 0x29, 0x42, 0x4a, 0x42, 0x4a, 0x4a, 0x49, 0x4a, 0x4a, 0x4a,
    0x49, 0x42, 0x29, 0x42, 0x2a, 0x42, 0x4a, 0x4a, 0x49, 0x42, 0x4a, 0x42,
    0x05, 0x21, 0x05, 0x21, 0x25, 0x21, 0x04, 0x21, 0x05, 0x19, 0x25, 0x21,
    0x05, 0x21, 0x04, 0x19, 0x05, 0x21, 0x25, 0x21, 0x25, 0x21, 0x25, 0x21,
    0x25, 0x21, 0x25, 0x21, 0x25, 0x21, 0x25, 0x21, 0x25, 0x21, 0x25, 0x21,
    0x05, 0x21, 0x05, 0x21, 0x25, 0x21, 0x25, 0x21, 0x25, 0x21, 0x25, 0x21,
    0x25, 0x21, 0x25, 0x21, 0x26, 0x29, 0x25, 0x21, 0x25, 0x21, 0x25, 0x29,
    0x46, 0x21, 0x25, 0x21, 0x25, 0x29, 0x25, 0x21, 0x25, 0x21, 0x25, 0x21,
    0x46, 0x29, 0x46, 0x29, 0x25, 0x21, 0x46, 0x29, 0x46, 0x29, 0x45, 0x29,
    0x46, 0x21, 0x46, 0x29, 0x45, 0x29, 0x45, 0x21, 0x45, 0x21, 0x66, 0x29,
    0x46, 0x29, 0x66, 0x29, 0x66, 0x29, 0x46, 0x29, 0x65, 0x29, 0x66, 0x29,
    0x46, 0x29, 0x45, 0x21, 0x66, 0x29, 0x66, 0x29, 0x66, 0x29, 0x66, 0x29,
    0x46, 0x29, 0x66, 0x29, 0x66, 0x29, 0x66, 0x29, 0x66, 0x29, 0x66, 0x29,
    0x66, 0x29, 0x66, 0x29, 0x66, 0x29, 0x66, 0x29, 0x66, 0x29, 0x66, 0x29,
    0x87, 0x31, 0x66, 0x29, 0x66, 0x29, 0x87, 0x31, 0x86, 0x29, 0x66, 0x29,
    0x86, 0x31, 0x66, 0x29, 0x87, 0x29, 0x86, 0x31, 0x66, 0x29, 0x67, 0x29,
    0x86, 0x31, 0x86, 0x29, 0x87, 0x31, 0x87, 0x31, 0x87, 0x31, 0x66, 0x29,
    0x87, 0x31, 0x86, 0x29, 0x86, 0x31, 0x87, 0x31, 0x87, 0x31, 0x66, 0x29,
    0x87, 0x31, 0x86, 0x29, 0x87, 0x31, 0x87, 0x31, 0x87, 0x31, 0x87, 0x31,
    0x87, 0x31, 0x86, 0x31, 0x86, 0x29, 0x87, 0x31, 0x87, 0x31, 0x86, 0x29,
    0x87, 0x31, 0xa7, 0x31, 0x86, 0x29, 0xa7, 0x31, 0xa7, 0x31, 0x87, 0x31,
    0xa7, 0x31, 0xa7, 0x31, 0x87, 0x31, 0x86, 0x31, 0x87, 0x31, 0x87, 0x31,
    0xa7, 0x31, 0x87, 0x29, 0x87, 0x31, 0xa7, 0x31, 0xa7, 0x31, 0xa7, 0x31,
    0xa7, 0x31, 0xa7, 0x31, 0x87, 0x31, 0xa7, 0x31, 0xa7, 0x31, 0xa7, 0x31,
    0xa8, 0x39, 0xa7, 0x31, 0xa7, 0x31, 0xc8, 0x39, 0xa7, 0x31, 0xa7, 0x39,
    0xa7, 0x31, 0xa8, 0x31, 0xa7, 0x31, 0xa7, 0x31, 0xa7, 0x31, 0xc8, 0x39,
    0xa7, 0x31, 0xa7, 0x31, 0xa7, 0x31, 0xc8, 0x39, 0xe8, 0x39, 0xe8, 0x39,
    0xe8, 0x39, 0x09, 0x42, 0xe8, 0x39, 0xe8, 0x39, 0xe8, 0x39, 0xe8, 0x39,
    0x09, 0x42, 0xe8, 0x39, 0xe8, 0x39, 0x09, 0x42, 0xe8, 0x39, 0xe9, 0x39,
    0x08, 0x42, 0x08, 0x3a, 0x29, 0x42, 0x29, 0x42, 0x09, 0x42, 0x29, 0x42,
    0x09, 0x42, 0x29, 0x42, 0x29, 0x42, 0x29, 0x42, 0x29, 0x42, 0x29, 0x42,
    0x2a, 0x42, 0x29, 0x42, 0x29, 0x42, 0x2a, 0x42, 0x29, 0x42, 0x09, 0x42,
    0x2a, 0x42, 0x29, 0x4a, 0x4a, 0x4a, 0x29, 0x42, 0x2a, 0x42, 0x4a, 0x4a,
    0x29, 0x42, 0x2a, 0x42, 0x2a, 0x42, 0x29, 0x42, 0x09, 0x42, 0x09, 0x42,
    0x29, 0x42, 0x29, 0x42, 0x29, 0x4a, 0x29, 0x42, 0x29, 0x42, 0x29, 0x42,
    0x2a, 0x42, 0x29, 0x42, 0x29, 0x42, 0x2a, 0x42, 0x29, 0x42, 0x29, 0x42,
    0x2a, 0x42, 0x29, 0x42, 0x2a, 0x42, 0x29, 0x42, 0x29, 0x42, 0x29, 0x42,
    0x2a, 0x4a, 0x4a, 0x4a, 0x4a, 0x4a, 0x4a, 0x4a, 0x29, 0x42, 0x2a, 0x42,
    0x4a, 0x4a, 0x29, 0x42, 0x29, 0x42, 0x4a, 0x4a, 0x29, 0x42, 0x4a, 0x4a,
    0x2a, 0x42, 0x29, 0x42, 0x4a, 0x4a, 0x4a, 0x42, 0x29, 0x42, 0x29, 0x42,
    0x2a, 0x42, 0x4a, 0x4a, 0x29, 0x42, 0x4a, 0x4a, 0x4a, 0x4a, 0x4a, 0x42,
    0x4a, 0x4a, 0x4a, 0x4a, 0x4a, 0x4a, 0x49, 0x42, 0x4a, 0x4a, 0x49, 0x42,
    0x05, 0x21, 0x25, 0x21, 0x04, 0x21, 0x25, 0x21, 0x25, 0x21, 0x04, 0x19,
    0x05, 0x21, 0x05, 0x21, 0x25, 0x21, 0x25, 0x21, 0x05, 0x21, 0x25, 0x21,
    0x25, 0x21, 0x25, 0x21, 0x05, 0x21, 0x25, 0x21, 0x25, 0x21, 0x25, 0x21,
    0x25, 0x21, 0x25, 0x21, 0x25, 0x21, 0x25, 0x21, 0x25, 0x21, 0x26, 0x29,
    0x25, 0x21, 0x25, 0x21, 0x25, 0x21, 0x26, 0x21, 0x45, 0x21, 0x46, 0x29,
    0x25, 0x21, 0x45, 0x21, 0x46, 0x29, 0x25, 0x21, 0x45, 0x21, 0x25, 0x21,
    0x25, 0x21, 0x25, 0x21, 0x25, 0x21, 0x46, 0x29, 0x45, 0x29, 0x46, 0x21,
    0x46, 0x29, 0x45, 0x29, 0x25, 0x21, 0x26, 0x21, 0x45, 0x29, 0x45, 0x21,
    0x45, 0x21, 0x45, 0x29, 0x45, 0x21, 0x46, 0x29, 0x66, 0x29, 0x66, 0x29,
    0x66, 0x29, 0x46, 0x29, 0x66, 0x29, 0x46, 0x29, 0x46, 0x29, 0x66, 0x29,
    0x66, 0x29, 0x66, 0x29, 0x66, 0x29, 0x66, 0x29, 0x66, 0x29, 0x66, 0x29,
    0x66, 0x29, 0x66, 0x29, 0x66, 0x29, 0x67, 0x29, 0x66, 0x29, 0x66, 0x29,
    0x67, 0x29, 0x66, 0x31, 0x87, 0x31, 0x86, 0x29, 0x66, 0x29, 0x87, 0x31,
    0x66, 0x29, 0x87, 0x31, 0x66, 0x29, 0x87, 0x31, 0x66, 0x29, 0x66, 0x29,
    0x87, 0x29, 0x87, 0x31, 0x86, 0x31, 0x87, 0x29, 0x66, 0x29, 0x86, 0x31,
    0x87, 0x29, 0x86, 0x29, 0x87, 0x31, 0x87, 0x29, 0x66, 0x29, 0x87, 0x31,
    0x87, 0x31, 0x86, 0x31, 0x86, 0x29, 0x87, 0x31, 0x86, 0x29, 0x87, 0x31,
    0x87, 0x31, 0x87, 0x31, 0x86, 0x29, 0x87, 0x31, 0x87, 0x31, 0xa7, 0x31,
    0xa7, 0x31, 0x87, 0x31, 0xa7, 0x31, 0x87, 0x31, 0x87, 0x31, 0xa7, 0x31,
    0x87, 0x31, 0x87, 0x31, 0x86, 0x31, 0xa7, 0x31, 0xa7, 0x31, 0x87, 0x31,
    0xa7, 0x31, 0xa7, 0x31, 0xa7, 0x31, 0xa7, 0x31, 0xa7, 0x31, 0x87, 0x31,
    0xa7, 0x31, 0x87, 0x31, 0xa7, 0x31, 0xa7, 0x31, 0xa7, 0x31, 0xa7, 0x31,
    0xa7, 0x31, 0xa7, 0x31, 0xa7, 0x31, 0xa8, 0x31, 0xa7, 0x31, 0xa7, 0x31,
    0xc8, 0x39, 0xc7, 0x39, 0xa8, 0x39, 0xa7, 0x31, 0xc8, 0x39, 0xa7, 0x31,
    0xa7, 0x31, 0xc7, 0x39, 0xc8, 0x39, 0xe8, 0x39, 0xe8, 0x39, 0xe8, 0x39,
    0xe8, 0x39, 0xe8, 0x39, 0xe8, 0x39, 0xe8, 0x39, 0x09, 0x42, 0x08, 0x42,
    0xe8, 0x39, 0xe8, 0x39, 0x09, 0x42, 0x09, 0x42, 0x08, 0x3a, 0xe8, 0x39,
    0xe9, 0x39, 0xe9, 0x41, 0x08, 0x3a, 0x09, 0x42, 0x09, 0x42, 0x29, 0x42,
    0x29, 0x42, 0x29, 0x42, 0x29, 0x42, 0x29, 0x42, 0x29, 0x42, 0x29, 0x42,
    0x29, 0x42, 0x29, 0x42, 0x29, 0x42, 0x29, 0x42, 0x29, 0x42, 0x29, 0x42,
    0x2a, 0x42, 0x29, 0x42, 0x29, 0x42, 0x29, 0x42, 0x29, 0x42, 0x29, 0x42,
    0x29, 0x42, 0x2a, 0x42, 0x29, 0x42, 0x2a, 0x42, 0x29, 0x42, 0x29, 0x42,
    0x29, 0x42, 0x09, 0x42, 0x29, 0x42, 0x29, 0x42, 0x29, 0x42, 0x29, 0x42,
    0x29, 0x42, 0x2a, 0x4a, 0x29, 0x42, 0x2a, 0x4a, 0x29, 0x42, 0x2a, 0x42,
    0x29, 0x4a, 0x29, 0x42, 0x2a, 0x42, 0x2a, 0x42, 0x4a, 0x4a, 0x29, 0x42,
    0x29, 0x42, 0x49, 0x42, 0x29, 0x42, 0x29, 0x42, 0x29, 0x42, 0x4a, 0x4a,
    0x4a, 0x4a, 0x29, 0x42, 0x4a, 0x4a, 0x29, 0x42, 0x4a, 0x4a, 0x4a, 0x4a,
    0x4a, 0x42, 0x29, 0x42, 0x29, 0x4a, 0x29, 0x42, 0x4a, 0x4a, 0x4a, 0x4a,
    0x49, 0x42, 0x29, 0x42, 0x4a, 0x42, 0x29, 0x42, 0x4a, 0x42, 0x4a, 0x4a,
    0x49, 0x42, 0x4a, 0x4a, 0x49, 0x42, 0x29, 0x42, 0x4a, 0x4a, 0x4a, 0x4a,
    0x05, 0x21, 0x05, 0x19, 0x25, 0x21, 0x05, 0x21, 0x05, 0x21, 0x05, 0x21,
    0x25, 0x21, 0x04, 0x19, 0x05, 0x21, 0x05, 0x21, 0x25, 0x21, 0x05, 0x21,
    0x05, 0x21, 0x25, 0x21, 0x05, 0x21, 0x25, 0x21, 0x25, 0x21, 0x25, 0x21,
    0x25, 0x21, 0x25, 0x21, 0x25, 0x21, 0x26, 0x29, 0x25, 0x21, 0x25, 0x21,
    0x25, 0x21, 0x25, 0x21, 0x46, 0x29, 0x25, 0x21, 0x45, 0x29, 0x25, 0x21,
    0x25, 0x21, 0x25, 0x21, 0x46, 0x29, 0x25, 0x21, 0x46, 0x21, 0x25, 0x21,
    0x25, 0x21, 0x46, 0x29, 0x25, 0x21, 0x25, 0x21, 0x45, 0x21, 0x25, 0x21,
    0x46, 0x29, 0x45, 0x21, 0x46, 0x21, 0x25, 0x21, 0x46, 0x29, 0x46, 0x29,
    0x46, 0x21, 0x46, 0x29, 0x46, 0x29, 0x66, 0x29, 0x66, 0x29, 0x46, 0x21,
    0x46, 0x29, 0x66, 0x29, 0x66, 0x29, 0x66, 0x29, 0x66, 0x29, 0x46, 0x29,
    0x66, 0x29, 0x66, 0x29, 0x66, 0x29, 0x66, 0x29, 0x67, 0x31, 0x66, 0x29,
    0x67, 0x29, 0x66, 0x29, 0x66, 0x29, 0x66, 0x29, 0x66, 0x31, 0x66, 0x29,
    0x66, 0x29, 0x66, 0x29, 0x66, 0x29, 0x87, 0x31, 0x66, 0x29, 0x66, 0x29,
    0x87, 0x29, 0x86, 0x31, 0x66, 0x29, 0x66, 0x29, 0x87, 0x31, 0x86, 0x29,
    0x66, 0x29, 0x87, 0x31, 0x86, 0x29, 0x86, 0x29, 0x66, 0x29, 0x86, 0x29,
    0x87, 0x31, 0x87, 0x31, 0x66, 0x29, 0x86, 0x29, 0x86, 0x31, 0x87, 0x31,
    0x86, 0x29, 0x87, 0x31, 0x87, 0x29, 0x86, 0x31, 0xa7, 0x31, 0x86, 0x29,
    0x87, 0x31, 0x87, 0x29, 0xa7, 0x31, 0x87, 0x31, 0x87, 0x31, 0x87, 0x29,
    0x86, 0x29, 0xa7, 0x31, 0x86, 0x31, 0xa7, 0x31, 0x87, 0x31, 0xa7, 0x31,
    0x87, 0x31, 0xa7, 0x31, 0xa7, 0x29, 0xa7, 0x31, 0x87, 0x31, 0xa7, 0x31,
    0x86, 0x31, 0x87, 0x31, 0x87, 0x31, 0xa7, 0x31, 0xa7, 0x31, 0xa7, 0x31,
    0xa7, 0x31, 0xa7, 0x31, 0x87, 0x31, 0xa7, 0x31, 0xa7, 0x31, 0xa7, 0x31,
    0xa7, 0x31, 0xc8, 0x39, 0xa7, 0x31, 0xa7, 0x39, 0xa7, 0x31, 0xa7, 0x31,
    0xa7, 0x31, 0xa7, 0x31, 0xa7, 0x31, 0xa7, 0x31, 0xa7, 0x31, 0xa7, 0x31,
    0xc8, 0x31, 0xe8, 0x39, 0xe8, 0x39, 0xe8, 0x39, 0x09, 0x42, 0xe8, 0x39,
    0xe8, 0x39, 0xe9, 0x41, 0xe8, 0x39, 0xe8, 0x39, 0xe9, 0x39, 0x09, 0x3a,
    0xe8, 0x39, 0xe8, 0x39, 0xe8, 0x39, 0x08, 0x3a, 0xe8, 0x41, 0x08, 0x3a,
    0xe8, 0x39, 0xe8, 0x39, 0x09, 0x42, 0x29, 0x42, 0x29, 0x42, 0x09, 0x3a,
    0x29, 0x42, 0x09, 0x42, 0x09, 0x42, 0x29, 0x42, 0x09, 0x42, 0x2a, 0x42,
    0x29, 0x42, 0x29, 0x42, 0x09, 0x42, 0x09, 0x42, 0x29, 0x42, 0x29, 0x42,
    0x29, 0x42, 0x29, 0x42, 0x2a, 0x42, 0x29, 0x42, 0x29, 0x42, 0x2a, 0x42,
    0x29, 0x42, 0x4a, 0x4a, 0x29, 0x42, 0x29, 0x42, 0x29, 0x42, 0x2a, 0x42,
    0x4a, 0x4a, 0x29, 0x42, 0x2a, 0x42, 0x29, 0x42, 0x29, 0x42, 0x09, 0x42,
    0x29, 0x42, 0x2a, 0x42, 0x29, 0x42, 0x29, 0x42, 0x29, 0x42, 0x29, 0x42,
    0x4a, 0x42, 0x29, 0x4a, 0x29, 0x42, 0x29, 0x42, 0x29, 0x42, 0x29, 0x42,
    0x29, 0x42, 0x2a, 0x42, 0x29, 0x42, 0x29, 0x42, 0x2a, 0x42, 0x29, 0x42,
    0x29, 0x42, 0x29, 0x42, 0x29, 0x42, 0x4a, 0x4a, 0x29, 0x42, 0x29, 0x42,
    0x49, 0x42, 0x4a, 0x4a, 0x4a, 0x4a, 0x49, 0x42, 0x4a, 0x4a, 0x2a, 0x42,
    0x4a, 0x4a, 0x4a, 0x4a, 0x4a, 0x4a, 0x49, 0x42, 0x49, 0x4a, 0x29, 0x42,
    0x4a, 0x4a, 0x49, 0x42, 0x29, 0x42, 0x2a, 0x42, 0x4a, 0x4a, 0x4a, 0x4a,
    0x04, 0x21, 0x05, 0x19, 0x25, 0x21, 0x04, 0x21, 0x05, 0x21, 0x05, 0x21,
    0x04, 0x19, 0x05, 0x21, 0x25, 0x21, 0x25, 0x21, 0x25, 0x21, 0x25, 0x21,
    0x05, 0x21, 0x04, 0x19, 0x25, 0x21, 0x25, 0x21, 0x25, 0x21, 0x25, 0x21,
    0x25, 0x21, 0x25, 0x21, 0x25, 0x21, 0x25, 0x21, 0x25, 0x21, 0x46, 0x29,
    0x25, 0x21, 0x25, 0x21, 0x25, 0x21, 0x46, 0x29, 0x25, 0x21, 0x26, 0x21,
    0x26, 0x29, 0x46, 0x29, 0x25, 0x21, 0x46, 0x29, 0x25, 0x21, 0x25, 0x21,
    0x25, 0x29, 0x46, 0x21, 0x46, 0x29, 0x25, 0x21, 0x45, 0x21, 0x46, 0x29,
    0x46, 0x29, 0x25, 0x21, 0x45, 0x21, 0x46, 0x29, 0x45, 0x29, 0x46, 0x29,
    0x45, 0x21, 0x46, 0x21, 0x46, 0x29, 0x46, 0x29, 0x66, 0x29, 0x46, 0x29,
    0x66, 0x29, 0x66, 0x29, 0x66, 0x29, 0x66, 0x29, 0x66, 0x29, 0x66, 0x29,
    0x66, 0x29, 0x66, 0x29, 0x46, 0x29, 0x66, 0x29, 0x66, 0x29, 0x66, 0x29,
    0x87, 0x31, 0x66, 0x29, 0x66, 0x29, 0x66, 0x31, 0x87, 0x31, 0x66, 0x29,
    0x87, 0x29, 0x86, 0x31, 0x66, 0x29, 0x87, 0x29, 0x66, 0x29, 0x66, 0x29,
    0x66, 0x29, 0x66, 0x29, 0x66, 0x29, 0x87, 0x31, 0x66, 0x29, 0x86, 0x29,
    0x66, 0x31, 0x67, 0x29, 0x87, 0x31, 0x87, 0x31, 0x66, 0x29, 0x66, 0x29,
    0x87, 0x31, 0x87, 0x31, 0x86, 0x29, 0x87, 0x31, 0x87, 0x31, 0x66, 0x29,
    0x87, 0x29, 0x87, 0x31, 0x86, 0x29, 0x87, 0x31, 0x87, 0x31, 0x87, 0x29,
    0x86, 0x31, 0x86, 0x29, 0x87, 0x31, 0x86, 0x29, 0xa7, 0x31, 0x87, 0x31,
    0x87, 0x31, 0xa7, 0x31, 0x87, 0x31, 0x87, 0x31, 0xa7, 0x29, 0x86, 0x29,
    0xa7, 0x31, 0x87, 0x31, 0xa7, 0x31, 0x87, 0x31, 0xa7, 0x31, 0xa7, 0x31,
    0xa7, 0x31, 0xa7, 0x31, 0xa7, 0x31, 0xa7, 0x31, 0xa7, 0x31, 0xa7, 0x31,
    0x87, 0x31, 0xa7, 0x31, 0xa7, 0x31, 0xa7, 0x31, 0xa7, 0x31, 0xa7, 0x31,
    0xa8, 0x39, 0xa8, 0x39, 0xa7, 0x31, 0xa7, 0x31, 0xc8, 0x31, 0xc8, 0x39,
    0xa7, 0x31, 0xa7, 0x31, 0xa7, 0x31, 0xa7, 0x31, 0xa7, 0x39, 0xc8, 0x39,
    0xe8, 0x39, 0xc8, 0x39, 0xe8, 0x39, 0xe8, 0x39, 0xe8, 0x39, 0xe8, 0x39,
    0xe9, 0x39, 0xe8, 0x39, 0xe8, 0x39, 0xe8, 0x39, 0xe8, 0x41, 0xe8, 0x39,
    0x09, 0x42, 0x09, 0x42, 0xe8, 0x39, 0xe9, 0x39, 0x09, 0x42, 0x09, 0x42,
    0xe8, 0x39, 0x09, 0x42, 0x09, 0x42, 0x08, 0x3a, 0x09, 0x42, 0x29, 0x42,
    0x29, 0x42, 0x09, 0x42, 0x29, 0x42, 0x29, 0x42, 0x29, 0x42, 0x09, 0x42,
    0x2a, 0x42, 0x09, 0x42, 0x29, 0x42, 0x2a, 0x42, 0x29, 0x42, 0x29, 0x42,
    0x29, 0x42, 0x2a, 0x42, 0x29, 0x42, 0x29, 0x42, 0x2a, 0x4a, 0x29, 0x42,
    0x29, 0x42, 0x49, 0x42, 0x2a, 0x4a, 0x29, 0x42, 0x29, 0x42, 0x29, 0x42,
    0x29, 0x42, 0x2a, 0x42, 0x4a, 0x4a, 0x2a, 0x42, 0x29, 0x42, 0x29, 0x42,
    0x29, 0x42, 0x29, 0x42, 0x29, 0x42, 0x29, 0x42, 0x29, 0x42, 0x4a, 0x4a,
    0x29, 0x42, 0x2a, 0x42, 0x29, 0x42, 0x29, 0x42, 0x29, 0x42, 0x2a, 0x42,
    0x2a, 0x4a, 0x4a, 0x4a, 0x29, 0x42, 0x4a, 0x4a, 0x29, 0x42, 0x4a, 0x4a,
    0x29, 0x42, 0x29, 0x42, 0x4a, 0x42, 0x2a, 0x42, 0x29, 0x42, 0x4a, 0x42,
    0x29, 0x42, 0x4a, 0x4a, 0x2a, 0x42, 0x49, 0x42, 0x4a, 0x42, 0x29, 0x42,
    0x49, 0x4a, 0x4a, 0x42, 0x4a, 0x4a, 0x29, 0x42, 0x4a, 0x4a, 0x4a, 0x4a,
    0x4a, 0x42, 0x4a, 0x4a, 0x2a, 0x4a, 0x4a, 0x4a, 0x29, 0x42, 0x4a, 0x42,
    0x05, 0x21, 0x05, 0x21, 0x25, 0x21, 0x05, 0x19, 0x05, 0x21, 0x25, 0x21,
    0x04, 0x19, 0x05, 0x21, 0x04, 0x21, 0x05, 0x19, 0x25, 0x21, 0x25, 0x21,
    0x25, 0x21, 0x05, 0x21, 0x25, 0x21, 0x25, 0x21, 0x25, 0x21, 0x05, 0x21,
    0x25, 0x21, 0x25, 0x21, 0x25, 0x21, 0x25, 0x21, 0x25, 0x21, 0x25, 0x21,
    0x46, 0x29, 0x25, 0x21, 0x25, 0x21, 0x45, 0x29, 0x25, 0x21, 0x25, 0x21,
    0x25, 0x21, 0x45, 0x21, 0x25, 0x21, 0x25, 0x21, 0x25, 0x29, 0x25, 0x21,
    0x25, 0x21, 0x25, 0x21, 0x25, 0x21, 0x46, 0x29, 0x25, 0x21, 0x45, 0x29,
    0x25, 0x21, 0x46, 0x29, 0x46, 0x29, 0x46, 0x29, 0x46, 0x21, 0x45, 0x21,
    0x46, 0x29, 0x45, 0x29, 0x46, 0x29, 0x66, 0x29, 0x66, 0x29, 0x66, 0x29,
    0x45, 0x29, 0x46, 0x29, 0x66, 0x29, 0x46, 0x29, 0x66, 0x29, 0x66, 0x29,
    0x66, 0x29, 0x66, 0x29, 0x66, 0x29, 0x66, 0x29, 0x87, 0x31, 0x66, 0x29,
    0x66, 0x29, 0x87, 0x31, 0x66, 0x29, 0x66, 0x29, 0x87, 0x29, 0x87, 0x29,
    0x87, 0x31, 0x66, 0x29, 0x66, 0x29, 0x87, 0x31, 0x66, 0x29, 0x66, 0x29,
    0x66, 0x29, 0x87, 0x31, 0x87, 0x31, 0x87, 0x31, 0x66, 0x29, 0x66, 0x29,
    0x87, 0x31, 0x87, 0x31, 0x86, 0x29, 0x87, 0x31, 0x66, 0x29, 0x66, 0x29,
    0x87, 0x31, 0x86, 0x29, 0x87, 0x31, 0x86, 0x29, 0x87, 0x31, 0x87, 0x31,
    0x86, 0x29, 0x87, 0x31, 0x87, 0x31, 0x86, 0x29, 0x87, 0x31, 0xa7, 0x31,
    0x87, 0x31, 0x87, 0x31, 0x87, 0x31, 0xa7, 0x31, 0x86, 0x31, 0xa7, 0x31,
    0x87, 0x31, 0x86, 0x29, 0x87, 0x31, 0x87, 0x31, 0x86, 0x31, 0x87, 0x31,
    0xa7, 0x31, 0x87, 0x31, 0x86, 0x31, 0xa7, 0x31, 0xa7, 0x31, 0x87, 0x29,
    0xa7, 0x31, 0xa7, 0x31, 0xa7, 0x31, 0xa7, 0x31, 0xa7, 0x31, 0xa7, 0x31,
    0xa7, 0x31, 0xa7, 0x31, 0xa7, 0x31, 0x87, 0x31, 0xa8, 0x39, 0xa7, 0x31,
    0xa7, 0x31, 0xa7, 0x31, 0xa7, 0x31, 0xa7, 0x31, 0xa7, 0x31, 0xa7, 0x31,
    0xa7, 0x31, 0xa7, 0x31, 0xc8, 0x39, 0xc8, 0x31, 0xc8, 0x39, 0xe8, 0x39,
    0xc8, 0x39, 0xe8, 0x39, 0xe8, 0x39, 0xe8, 0x39, 0xe8, 0x39, 0xe8, 0x39,
    0xe8, 0x39, 0x08, 0x42, 0xe8, 0x39, 0xe8, 0x39, 0xe8, 0x39, 0xe8, 0x39,
    0x08, 0x42, 0xe8, 0x39, 0x08, 0x3a, 0xe8, 0x39, 0x09, 0x42, 0xe8, 0x39,
    0x09, 0x42, 0x08, 0x3a, 0x08, 0x3a, 0x09, 0x42, 0x09, 0x42, 0x09, 0x42,
    0x29, 0x42, 0x09, 0x42, 0x29, 0x42, 0x09, 0x42, 0x29, 0x42, 0x29, 0x42,
    0x29, 0x42, 0x29, 0x42, 0x09, 0x42, 0x29, 0x42, 0x2a, 0x4a, 0x29, 0x42,
    0x29, 0x42, 0x29, 0x42, 0x29, 0x4a, 0x4a, 0x4a, 0x29, 0x42, 0x29, 0x42,
    0x29, 0x42, 0x29, 0x42, 0x4a, 0x4a, 0x2a, 0x42, 0x29, 0x42, 0x4a, 0x4a,
    0x29, 0x42, 0x4a, 0x4a, 0x49, 0x42, 0x2a, 0x4a, 0x4a, 0x4a, 0x2a, 0x42,
    0x2a, 0x4a, 0x29, 0x42, 0x2a, 0x42, 0x29, 0x42, 0x09, 0x42, 0x29, 0x42,
    0x29, 0x42, 0x29, 0x42, 0x2a, 0x4a, 0x29, 0x42, 0x29, 0x42, 0x29, 0x42,
    0x29, 0x42, 0x29, 0x42, 0x29, 0x42, 0x29, 0x42, 0x2a, 0x42, 0x29, 0x42,
    0x4a, 0x4a, 0x4a, 0x4a, 0x4a, 0x4a, 0x29, 0x42, 0x29, 0x4a, 0x29, 0x42,
    0x2a, 0x42, 0x29, 0x4a, 0x49, 0x42, 0x2a, 0x4a, 0x29, 0x42, 0x49, 0x4a,
    0x29, 0x42, 0x2a, 0x42, 0x29, 0x42, 0x4a, 0x4a, 0x2a, 0x42, 0x29, 0x42,
    0x29, 0x42, 0x29, 0x42, 0x49, 0x42, 0x4a, 0x4a, 0x4a, 0x42, 0x29, 0x42,
    0x05, 0x21, 0x25, 0x21, 0x05, 0x21, 0x25, 0x21, 0x04, 0x19, 0x05, 0x21,
    0x05, 0x21, 0x04, 0x19, 0x25, 0x21, 0x05, 0x21, 0x05, 0x21, 0x25, 0x21,
    0x25, 0x21, 0x25, 0x21, 0x25, 0x21, 0x25, 0x21, 0x05, 0x21, 0x25, 0x21,
    0x05, 0x21, 0x25, 0x21, 0x25, 0x21, 0x25, 0x29, 0x25, 0x21, 0x25, 0x21,
    0x25, 0x21, 0x25, 0x21, 0x46, 0x29, 0x26, 0x21, 0x45, 0x21, 0x25, 0x21,
    0x46, 0x29, 0x25, 0x21, 0x25, 0x21, 0x46, 0x29, 0x25, 0x21, 0x26, 0x21,
    0x46, 0x29, 0x25, 0x21, 0x25, 0x21, 0x46, 0x29, 0x25, 0x21, 0x26, 0x21,
    0x46, 0x29, 0x45, 0x21, 0x45, 0x21, 0x25, 0x21, 0x45, 0x29, 0x25, 0x21,
    0x46, 0x29, 0x45, 0x21, 0x45, 0x21, 0x46, 0x29, 0x46, 0x29, 0x66, 0x29,
    0x46, 0x21, 0x66, 0x29, 0x66, 0x29, 0x46, 0x29, 0x66, 0x29, 0x66, 0x29,
    0x66, 0x29, 0x66, 0x29, 0x66, 0x29, 0x66, 0x29, 0x66, 0x29, 0x66, 0x29,
    0x87, 0x31, 0x66, 0x29, 0x66, 0x29, 0x66, 0x31, 0x66, 0x29, 0x66, 0x29,
    0x66, 0x31, 0x86, 0x29, 0x67, 0x29, 0x66, 0x31, 0x87, 0x31, 0x66, 0x29,
    0x87, 0x31, 0x66, 0x29, 0x86, 0x29, 0x66, 0x29, 0x87, 0x29, 0x87, 0x31,
    0x66, 0x29, 0x86, 0x29, 0x66, 0x29, 0x87, 0x31, 0x87, 0x31, 0x66, 0x29,
    0x87, 0x31, 0x87, 0x31, 0x66, 0x29, 0x87, 0x31, 0x87, 0x31, 0x86, 0x29,
    0x86, 0x31, 0x87, 0x31, 0x87, 0x31, 0x86, 0x29, 0x87, 0x31, 0x86, 0x31,
    0x87, 0x29, 0x86, 0x29, 0x87, 0x31, 0x87, 0x31, 0x86, 0x29, 0x87, 0x31,
    0x86, 0x29, 0xa7, 0x31, 0x86, 0x31, 0xa7, 0x31, 0xa7, 0x31, 0x86, 0x29,
    0x87, 0x31, 0xa7, 0x31, 0x87, 0x29, 0xa7, 0x31, 0xa7, 0x31, 0x87, 0x31,
    0xa7, 0x31, 0xa7, 0x31, 0x87, 0x31, 0x87, 0x31, 0xa7, 0x31, 0xa7, 0x31,
    0x87, 0x31, 0xa7, 0x31, 0x87, 0x31, 0x87, 0x31, 0xa7, 0x31, 0xa7, 0x31,
    0xa7, 0x31, 0xa7, 0x31, 0xc7, 0x31, 0xa7, 0x31, 0xa7, 0x31, 0xa7, 0x31,
    0xa7, 0x31, 0xa7, 0x31, 0xc8, 0x39, 0xe8, 0x39, 0xc8, 0x39, 0xe8, 0x39,
    0xc8, 0x39, 0xe8, 0x39, 0xe8, 0x39, 0xe8, 0x39, 0xe8, 0x39, 0xe9, 0x41,
    0xe8, 0x39, 0xe8, 0x39, 0xe9, 0x39, 0xe8, 0x39, 0x09, 0x42, 0xe8, 0x39,
    0x09, 0x3a, 0x09, 0x42, 0xe8, 0x39, 0xe8, 0x39, 0x08, 0x42, 0x09, 0x3a,
    0xe8, 0x39, 0xe8, 0x39, 0x09, 0x42, 0x29, 0x42, 0x09, 0x3a, 0x09, 0x42,
    0x09, 0x42, 0x29, 0x42, 0x09, 0x3a, 0x2a, 0x42, 0x09, 0x42, 0x09, 0x42,
    0x29, 0x42, 0x29, 0x42, 0x29, 0x42, 0x09, 0x42, 0x29, 0x42, 0x29, 0x42,
    0x09, 0x42, 0x29, 0x42, 0x29, 0x42, 0x29, 0x42, 0x29, 0x42, 0x2a, 0x42,
    0x29, 0x42, 0x2a, 0x42, 0x49, 0x4a, 0x4a, 0x42, 0x29, 0x42, 0x2a, 0x42,
    0x29, 0x42, 0x49, 0x4a, 0x2a, 0x42, 0x29, 0x42, 0x29, 0x42, 0x49, 0x42,
    0x4a, 0x4a, 0x2a, 0x4a, 0x29, 0x42, 0x2a, 0x42, 0x29, 0x42, 0x29, 0x42,
    0x29, 0x42, 0x29, 0x42, 0x4a, 0x4a, 0x2a, 0x42, 0x29, 0x42, 0x29, 0x42,
    0x2a, 0x42, 0x29, 0x42, 0x29, 0x42, 0x2a, 0x4a, 0x4a, 0x4a, 0x29, 0x42,
    0x49, 0x42, 0x29, 0x42, 0x29, 0x42, 0x29, 0x42, 0x2a, 0x42, 0x4a, 0x4a,
    0x29, 0x42, 0x4a, 0x4a, 0x4a, 0x42, 0x4a, 0x4a, 0x2a, 0x42, 0x4a, 0x4a,
    0x4a, 0x42, 0x29, 0x42, 0x49, 0x4a, 0x4a, 0x4a, 0x4a, 0x42, 0x49, 0x42,
    0x4a, 0x4a, 0x4a, 0x4a, 0x4a, 0x42, 0x4a, 0x4a, 0x29, 0x42, 0x49, 0x4a,
    0x25, 0x21, 0x04, 0x19, 0x05, 0x21, 0x25, 0x21, 0x25, 0x21, 0x05, 0x21,
    0x05, 0x21, 0x25, 0x21, 0x25, 0x21, 0x25, 0x21, 0x05, 0x21, 0x05, 0x21,
    0x25, 0x21, 0x05, 0x21, 0x25, 0x21, 0x25, 0x21, 0x05, 0x21, 0x25, 0x21,
    0x25, 0x21, 0x25, 0x21, 0x25, 0x21, 0x25, 0x21, 0x46, 0x29, 0x26, 0x21,
    0x25, 0x21, 0x45, 0x29, 0x25, 0x21, 0x26, 0x21, 0x25, 0x21, 0x25, 0x29,
    0x46, 0x29, 0x25, 0x21, 0x25, 0x21, 0x25, 0x21, 0x46, 0x29, 0x25, 0x21,
    0x25, 0x21, 0x25, 0x21, 0x46, 0x29, 0x25, 0x21, 0x25, 0x21, 0x46, 0x29,
    0x45, 0x21, 0x25, 0x21, 0x46, 0x29, 0x25, 0x21, 0x46, 0x29, 0x46, 0x29,
    0x46, 0x29, 0x45, 0x21, 0x46, 0x21, 0x66, 0x29, 0x66, 0x29, 0x46, 0x29,
    0x46, 0x29, 0x66, 0x29, 0x66, 0x29, 0x66, 0x29, 0x46, 0x29, 0x66, 0x29,
    0x66, 0x29, 0x66, 0x29, 0x66, 0x29, 0x66, 0x29, 0x66, 0x29, 0x66, 0x29,
    0x66, 0x29, 0x66, 0x29, 0x66, 0x29, 0x66, 0x29, 0x87, 0x31, 0x86, 0x29,
    0x87, 0x31, 0x66, 0x29, 0x66, 0x29, 0x66, 0x29, 0x86, 0x31, 0x66, 0x29,
    0x66, 0x29, 0x87, 0x31, 0x86, 0x31, 0x86, 0x29, 0x66, 0x31, 0x86, 0x29,
    0x67, 0x31, 0x87, 0x31, 0x66, 0x29, 0x86, 0x29, 0x86, 0x29, 0x66, 0x31,
    0x87, 0x29, 0x86, 0x31, 0x66, 0x29, 0x87, 0x29, 0x86, 0x29, 0x87, 0x31,
    0x87, 0x29, 0x86, 0x31, 0x87, 0x29, 0x87, 0x31, 0x86, 0x29, 0x87, 0x31,
    0x87, 0x31, 0xa7, 0x31, 0x87, 0x31, 0x86, 0x29, 0x87, 0x31, 0xa7, 0x31,
    0xa7, 0x31, 0x87, 0x31, 0x87, 0x29, 0xa7, 0x31, 0x87, 0x31, 0x87, 0x31,
    0xa7, 0x31, 0xa7, 0x31, 0xa7, 0x31, 0xa7, 0x31, 0x87, 0x31, 0xa7, 0x31,
    0x87, 0x31, 0xa7, 0x31, 0xa7, 0x31, 0x87, 0x31, 0xa7, 0x31, 0xa7, 0x31,
    0x87, 0x31, 0xa7, 0x31, 0xa7, 0x31, 0xa7, 0x31, 0xa7, 0x31, 0xa7, 0x31,
    0xa7, 0x31, 0xa8, 0x39, 0xa7, 0x31, 0xa7, 0x39, 0xa7, 0x31, 0xa7, 0x31,
    0xa8, 0x39, 0xc8, 0x39, 0xe8, 0x39, 0xe8, 0x39, 0xe8, 0x39, 0xe8, 0x39,
    0xe8, 0x39, 0xe8, 0x39, 0xe8, 0x39, 0xe8, 0x39, 0xe8, 0x39, 0xe8, 0x39,
    0xe8, 0x39, 0x09, 0x42, 0xe8, 0x39, 0xe8, 0x39, 0xe8, 0x39, 0xe8, 0x39,
    0xe8, 0x39, 0xe8, 0x39, 0xe8, 0x39, 0xe8, 0x39, 0x09, 0x42, 0x08, 0x3a,
    0xe8, 0x41, 0x09, 0x42, 0x09, 0x3a, 0x09, 0x42, 0x08, 0x42, 0x29, 0x42,
    0x29, 0x42, 0x09, 0x3a, 0x29, 0x42, 0x09, 0x42, 0x29, 0x42, 0x29, 0x42,
    0x29, 0x42, 0x29, 0x42, 0x09, 0x42, 0x29, 0x42, 0x29, 0x42, 0x29, 0x42,
    0x09, 0x42, 0x2a, 0x42, 0x29, 0x42, 0x2a, 0x42, 0x2a, 0x42, 0x29, 0x42,
    0x29, 0x42, 0x29, 0x42, 0x2a, 0x42, 0x4a, 0x4a, 0x4a, 0x4a, 0x49, 0x42,
    0x29, 0x42, 0x2a, 0x42, 0x4a, 0x4a, 0x29, 0x42, 0x49, 0x42, 0x2a, 0x42,
    0x4a, 0x4a, 0x29, 0x42, 0x4a, 0x4a, 0x4a, 0x4a, 0x4a, 0x4a, 0x2a, 0x42,
    0x2a, 0x4a, 0x4a, 0x4a, 0x29, 0x42, 0x29, 0x42, 0x29, 0x42, 0x2a, 0x4a,
    0x29, 0x4a, 0x29, 0x42, 0x4a, 0x42, 0x29, 0x42, 0x29, 0x42, 0x2a, 0x42,
    0x29, 0x42, 0x4a, 0x4a, 0x4a, 0x4a, 0x29, 0x42, 0x29, 0x42, 0x29, 0x42,
    0x29, 0x42, 0x29, 0x42, 0x4a, 0x4a, 0x29, 0x42, 0x29, 0x42, 0x4a, 0x42,
    0x29, 0x4a, 0x4a, 0x4a, 0x4a, 0x42, 0x29, 0x42, 0x4a, 0x4a, 0x29, 0x42,
    0x4a, 0x4a, 0x29, 0x42, 0x4a, 0x4a, 0x29, 0x42, 0x29, 0x42, 0x4a, 0x42,
    0x05, 0x21, 0x04, 0x19, 0x04, 0x21, 0x05, 0x21, 0x05, 0x21, 0x24, 0x19,
    0x05, 0x21, 0x05, 0x21, 0x25, 0x21, 0x05, 0x21, 0x25, 0x21, 0x25, 0x21,
    0x25, 0x21, 0x25, 0x21, 0x05, 0x21, 0x25, 0x21, 0x25, 0x21, 0x25, 0x21,
    0x25, 0x21, 0x25, 0x21, 0x25, 0x21, 0x25, 0x21, 0x25, 0x21, 0x25, 0x21,
    0x25, 0x21, 0x25, 0x21, 0x26, 0x29, 0x25, 0x21, 0x25, 0x21, 0x46, 0x29,
    0x25, 0x21, 0x25, 0x21, 0x25, 0x21, 0x46, 0x21, 0x45, 0x29, 0x45, 0x21,
    0x45, 0x21, 0x25, 0x21, 0x46, 0x29, 0x45, 0x21, 0x25, 0x21, 0x46, 0x29,
    0x25, 0x21, 0x46, 0x29, 0x25, 0x21, 0x25, 0x21, 0x46, 0x29, 0x46, 0x21,
    0x25, 0x21, 0x45, 0x29, 0x26, 0x29, 0x45, 0x29, 0x46, 0x29, 0x46, 0x29,
    0x66, 0x29, 0x45, 0x29, 0x66, 0x29, 0x66, 0x29, 0x66, 0x29, 0x66, 0x29,
    0x46, 0x29, 0x46, 0x29, 0x66, 0x29, 0x67, 0x31, 0x67, 0x31, 0x66, 0x29,
    0x66, 0x29, 0x66, 0x29, 0x66, 0x29, 0x66, 0x29, 0x66, 0x29, 0x66, 0x29,
    0x87, 0x31, 0x66, 0x29, 0x66, 0x29, 0x87, 0x31, 0x87, 0x31, 0x66, 0x29,
    0x86, 0x29, 0x67, 0x29, 0x66, 0x29, 0x87, 0x31, 0x87, 0x31, 0x66, 0x29,
    0x86, 0x29, 0x87, 0x31, 0x87, 0x31, 0x86, 0x29, 0x87, 0x31, 0x87, 0x31,
    0x87, 0x31, 0x87, 0x29, 0x86, 0x31, 0x87, 0x31, 0x87, 0x31, 0x86, 0x29,
    0x66, 0x29, 0x87, 0x29, 0x87, 0x31, 0x86, 0x31, 0x87, 0x31, 0x87, 0x31,
    0x86, 0x29, 0x87, 0x31, 0x86, 0x29, 0x87, 0x31, 0x87, 0x31, 0x86, 0x29,
    0x87, 0x31, 0x87, 0x31, 0xa7, 0x31, 0x87, 0x29, 0x86, 0x31, 0xa7, 0x31,
    0x87, 0x31, 0xa7, 0x31, 0xa7, 0x31, 0x87, 0x31, 0xa7, 0x31, 0x87, 0x31,
    0x87, 0x31, 0xa7, 0x31, 0xa7, 0x31, 0xa7, 0x31, 0xa7, 0x31, 0xa7, 0x31,
    0xa7, 0x31, 0xa7, 0x31, 0xa7, 0x31, 0xa7, 0x31, 0xa7, 0x31, 0xa7, 0x31,
    0xa7, 0x31, 0xa7, 0x31, 0xa7, 0x31, 0xa8, 0x31, 0xa7, 0x31, 0xa7, 0x31,
    0xc8, 0x39, 0xe8, 0x39, 0xe8, 0x39, 0xc8, 0x39, 0xe8, 0x39, 0xe8, 0x39,
    0xe8, 0x39, 0xe8, 0x39, 0xe8, 0x39, 0xe8, 0x39, 0xe8, 0x39, 0xe8, 0x39,
    0xe8, 0x39, 0xe8, 0x39, 0xe8, 0x39, 0xe8, 0x41, 0xe8, 0x39, 0xe9, 0x39,
    0xe8, 0x41, 0xe8, 0x39, 0x09, 0x42, 0x09, 0x42, 0xe8, 0x39, 0xe8, 0x39,
    0x09, 0x3a, 0x08, 0x3a, 0xe8, 0x39, 0x09, 0x42, 0x29, 0x42, 0x29, 0x42,
    0x09, 0x42, 0x09, 0x42, 0x09, 0x42, 0x29, 0x42, 0x09, 0x42, 0x09, 0x42,
    0x29, 0x42, 0x2a, 0x42, 0x09, 0x42, 0x2a, 0x42, 0x2a, 0x42, 0x09, 0x42,
    0x29, 0x42, 0x29, 0x42, 0x2a, 0x42, 0x29, 0x42, 0x29, 0x4a, 0x29, 0x42,
    0x29, 0x42, 0x2a, 0x4a, 0x29, 0x42, 0x29, 0x42, 0x4a, 0x4a, 0x49, 0x4a,
    0x29, 0x42, 0x29, 0x42, 0x4a, 0x4a, 0x4a, 0x4a, 0x29, 0x42, 0x4a, 0x4a,
    0x4a, 0x4a, 0x49, 0x42, 0x49, 0x42, 0x49, 0x42, 0x4a, 0x4a, 0x4a, 0x4a,
    0x49, 0x42, 0x29, 0x42, 0x29, 0x42, 0x29, 0x42, 0x29, 0x42, 0x29, 0x42,
    0x29, 0x42, 0x29, 0x42, 0x4a, 0x4a, 0x29, 0x42, 0x4a, 0x4a, 0x4a, 0x4a,
    0x4a, 0x4a, 0x29, 0x42, 0x29, 0x42, 0x29, 0x42, 0x29, 0x42, 0x4a, 0x4a,
    0x4a, 0x42, 0x49, 0x42, 0x29, 0x4a, 0x4a, 0x4a, 0x4a, 0x4a, 0x29, 0x42,
    0x4a, 0x4a, 0x4a, 0x4a, 0x29, 0x42, 0x49, 0x42, 0x4a, 0x4a, 0x2a, 0x42,
    0x29, 0x42, 0x4a, 0x4a, 0x29, 0x42, 0x4a, 0x4a, 0x29, 0x42, 0x2a, 0x42,
    0x05, 0x21, 0x05, 0x21, 0x05, 0x19, 0x05, 0x21, 0x25, 0x21, 0x25, 0x21,
    0x04, 0x21, 0x25, 0x21, 0x25, 0x21, 0x25, 0x21, 0x25, 0x21, 0x25, 0x21,
    0x05, 0x21, 0x25, 0x21, 0x25, 0x21, 0x25, 0x21, 0x25, 0x21, 0x05, 0x21,
    0x25, 0x21, 0x25, 0x21, 0x25, 0x21, 0x25, 0x21, 0x25, 0x21, 0x25, 0x29,
    0x25, 0x21, 0x46, 0x21, 0x25, 0x21, 0x25, 0x21, 0x46, 0x29, 0x25, 0x21,
    0x45, 0x21, 0x25, 0x21, 0x25, 0x21, 0x25, 0x21, 0x25, 0x21, 0x26, 0x21,
    0x25, 0x29, 0x25, 0x21, 0x25, 0x21, 0x25, 0x21, 0x25, 0x21, 0x46, 0x29,
    0x25, 0x21, 0x45, 0x21, 0x46, 0x29, 0x25, 0x21, 0x45, 0x29, 0x25, 0x21,
    0x46, 0x29, 0x46, 0x29, 0x25, 0x21, 0x46, 0x21, 0x46, 0x29, 0x45, 0x21,
    0x46, 0x21, 0x66, 0x29, 0x46, 0x29, 0x66, 0x29, 0x66, 0x29, 0x66, 0x29,
    0x66, 0x29, 0x66, 0x29, 0x66, 0x29, 0x66, 0x29, 0x66, 0x29, 0x67, 0x29,
    0x66, 0x29, 0x66, 0x31, 0x66, 0x29, 0x67, 0x29, 0x66, 0x29, 0x66, 0x29,
    0x66, 0x29, 0x66, 0x29, 0x87, 0x31, 0x86, 0x29, 0x66, 0x29, 0x87, 0x29,
    0x66, 0x29, 0x66, 0x31, 0x87, 0x31, 0x66, 0x29, 0x87, 0x29, 0x87, 0x31,
    0x66, 0x29, 0x66, 0x29, 0x66, 0x29, 0x67, 0x31, 0x87, 0x31, 0x86, 0x29,
    0x87, 0x31, 0x87, 0x31, 0x86, 0x29, 0x66, 0x29, 0x66, 0x29, 0x87, 0x31,
    0x87, 0x31, 0xa7, 0x31, 0x86, 0x31, 0x86, 0x29, 0x87, 0x29, 0x87, 0x31,
    0x87, 0x31, 0x86, 0x29, 0x87, 0x31, 0xa7, 0x31, 0xa7, 0x31, 0x87, 0x31,
    0xa7, 0x31, 0x86, 0x31, 0xa7, 0x31, 0x87, 0x31, 0x87, 0x29, 0x87, 0x31,
    0x87, 0x31, 0xa7, 0x31, 0x87, 0x31, 0x87, 0x31, 0xa7, 0x31, 0xa7, 0x31,
    0xa7, 0x31, 0x87, 0x31, 0xa7, 0x31, 0x87, 0x31, 0x87, 0x31, 0xa7, 0x31,
    0xa7, 0x31, 0xa7, 0x31, 0xa7, 0x31, 0xa7, 0x31, 0xa7, 0x31, 0xa7, 0x31,
    0xa8, 0x39, 0xa7, 0x31, 0xa7, 0x31, 0xa7, 0x31, 0xc8, 0x39, 0xc8, 0x39,
    0xc8, 0x39, 0xe8, 0x39, 0xc8, 0x39, 0xc8, 0x39, 0xe8, 0x39, 0xc8, 0x39,
    0xe8, 0x39, 0xe8, 0x39, 0xe8, 0x39, 0xe8, 0x39, 0xe9, 0x41, 0xe8, 0x39,
    0xe8, 0x39, 0xe8, 0x39, 0xe8, 0x39, 0xe8, 0x39, 0xe8, 0x39, 0xe8, 0x39,
    0x08, 0x3a, 0xe8, 0x39, 0xe8, 0x39, 0x08, 0x3a, 0xe8, 0x39, 0x09, 0x42,
    0x09, 0x42, 0xe8, 0x39, 0x08, 0x42, 0x09, 0x42, 0x29, 0x42, 0x09, 0x3a,
    0x09, 0x42, 0x29, 0x42, 0x29, 0x42, 0x29, 0x42, 0x29, 0x42, 0x29, 0x42,
    0x29, 0x42, 0x29, 0x42, 0x2a, 0x42, 0x29, 0x42, 0x29, 0x42, 0x29, 0x42,
    0x2a, 0x42, 0x29, 0x42, 0x09, 0x42, 0x29, 0x42, 0x2a, 0x4a, 0x29, 0x42,
    0x29, 0x42, 0x4a, 0x42, 0x29, 0x42, 0x29, 0x42, 0x29, 0x42, 0x29, 0x42,
    0x29, 0x42, 0x2a, 0x42, 0x29, 0x42, 0x29, 0x42, 0x2a, 0x42, 0x49, 0x42,
    0x29, 0x42, 0x29, 0x42, 0x4a, 0x4a, 0x4a, 0x4a, 0x29, 0x42, 0x4a, 0x42,
    0x49, 0x42, 0x4a, 0x4a, 0x4a, 0x4a, 0x4a, 0x42, 0x2a, 0x42, 0x29, 0x42,
    0x2a, 0x42, 0x29, 0x42, 0x29, 0x42, 0x29, 0x42, 0x29, 0x42, 0x29, 0x42,
    0x49, 0x42, 0x4a, 0x4a, 0x2a, 0x42, 0x4a, 0x4a, 0x29, 0x42, 0x2a, 0x4a,
    0x4a, 0x42, 0x2a, 0x42, 0x29, 0x42, 0x4a, 0x4a, 0x29, 0x42, 0x49, 0x42,
    0x4a, 0x42, 0x4a, 0x4a, 0x29, 0x42, 0x4a, 0x42, 0x4a, 0x4a, 0x29, 0x42,
    0x49, 0x42, 0x4a, 0x4a, 0x4a, 0x42, 0x4a, 0x4a, 0x49, 0x4a, 0x29, 0x42,
    0x05, 0x21, 0x04, 0x19, 0x05, 0x21, 0x05, 0x21, 0x25, 0x21, 0x05, 0x21,
    0x05, 0x19, 0x05, 0x21, 0x25, 0x21, 0x25, 0x21, 0x05, 0x21, 0x05, 0x21,
    0x25, 0x21, 0x25, 0x21, 0x25, 0x21, 0x05, 0x21, 0x25, 0x21, 0x05, 0x21,
    0x25, 0x29, 0x25, 0x21, 0x26, 0x29, 0x25, 0x21, 0x26, 0x29, 0x25, 0x21,
    0x46, 0x29, 0x25, 0x21, 0x25, 0x21, 0x25, 0x21, 0x45, 0x29, 0x25, 0x21,
    0x25, 0x21, 0x25, 0x21, 0x26, 0x29, 0x25, 0x21, 0x25, 0x21, 0x26, 0x29,
    0x25, 0x21, 0x25, 0x21, 0x46, 0x29, 0x26, 0x29, 0x25, 0x21, 0x25, 0x21,
    0x25, 0x21, 0x46, 0x29, 0x46, 0x29, 0x25, 0x21, 0x45, 0x21, 0x46, 0x29,
    0x25, 0x21, 0x45, 0x21, 0x46, 0x29, 0x46, 0x29, 0x45, 0x21, 0x66, 0x29,
    0x46, 0x29, 0x66, 0x29, 0x66, 0x29, 0x66, 0x29, 0x66, 0x29, 0x66, 0x29,
    0x66, 0x29, 0x66, 0x29, 0x66, 0x29, 0x66, 0x29, 0x66, 0x29, 0x66, 0x29,
    0x66, 0x29, 0x87, 0x31, 0x66, 0x29, 0x66, 0x29, 0x67, 0x31, 0x66, 0x29,
    0x66, 0x29, 0x66, 0x29, 0x66, 0x29, 0x66, 0x29, 0x87, 0x31, 0x66, 0x29,
    0x87, 0x31, 0x86, 0x29, 0x87, 0x31, 0x66, 0x29, 0x66, 0x29, 0x66, 0x29,
    0x86, 0x31, 0x87, 0x31, 0x86, 0x29, 0x86, 0x29, 0x87, 0x31, 0x86, 0x29,
    0x86, 0x29, 0x87, 0x31, 0x87, 0x31, 0x87, 0x31, 0x86, 0x29, 0x86, 0x31,
    0x87, 0x29, 0x86, 0x29, 0x87, 0x31, 0x87, 0x31, 0xa7, 0x31, 0xa7, 0x31,
    0x86, 0x31, 0x87, 0x29, 0x86, 0x31, 0x87, 0x31, 0xa7, 0x31, 0x86, 0x29,
    0x87, 0x31, 0xa7, 0x31, 0x87, 0x29, 0x86, 0x31, 0x87, 0x31, 0xa7, 0x31,
    0x86, 0x29, 0xa7, 0x31, 0xa7, 0x31, 0xa7, 0x31, 0xa7, 0x31, 0x86, 0x29,
    0x87, 0x31, 0xa7, 0x31, 0xa7, 0x31, 0x87, 0x31, 0xa7, 0x31, 0xa7, 0x31,
    0xa7, 0x31, 0xa7, 0x31, 0x87, 0x31, 0xa7, 0x31, 0xa7, 0x31, 0xa7, 0x31,
    0xa7, 0x31, 0xa7, 0x31, 0xa7, 0x39, 0xc8, 0x39, 0xe8, 0x39, 0xe8, 0x39,
    0xe8, 0x39, 0xe8, 0x39, 0xc8, 0x39, 0xe8, 0x39, 0xe8, 0x39, 0xe8, 0x39,
    0xe8, 0x39, 0xe8, 0x39, 0xe8, 0x39, 0xc8, 0x39, 0xe8, 0x39, 0xe8, 0x39,
    0xe8, 0x39, 0xe9, 0x41, 0xe8, 0x39, 0xe8, 0x39, 0xe9, 0x41, 0xe8, 0x39,
    0xe8, 0x39, 0x09, 0x42, 0x09, 0x42, 0xe8, 0x39, 0xe8, 0x39, 0x09, 0x42,
    0xe8, 0x39, 0x09, 0x42, 0x09, 0x3a, 0xe8, 0x39, 0x09, 0x42, 0x29, 0x42,
    0x29, 0x42, 0x09, 0x42, 0x29, 0x42, 0x29, 0x42, 0x09, 0x42, 0x29, 0x42,
    0x09, 0x42, 0x29, 0x42, 0x29, 0x42, 0x29, 0x42, 0x29, 0x42, 0x29, 0x42,
    0x29, 0x42, 0x2a, 0x4a, 0x29, 0x42, 0x29, 0x42, 0x4a, 0x4a, 0x2a, 0x42,
    0x29, 0x42, 0x29, 0x42, 0x29, 0x42, 0x29, 0x42, 0x2a, 0x42, 0x2a, 0x42,
    0x29, 0x42, 0x29, 0x42, 0x4a, 0x4a, 0x29, 0x42, 0x4a, 0x4a, 0x4a, 0x4a,
    0x4a, 0x4a, 0x2a, 0x42, 0x29, 0x42, 0x4a, 0x4a, 0x29, 0x42, 0x29, 0x42,
    0x4a, 0x4a, 0x4a, 0x4a, 0x2a, 0x42, 0x4a, 0x4a, 0x4a, 0x4a, 0x4a, 0x4a,
    0x4a, 0x4a, 0x29, 0x42, 0x2a, 0x42, 0x29, 0x42, 0x29, 0x42, 0x29, 0x42,
    0x29, 0x42, 0x2a, 0x42, 0x29, 0x42, 0x29, 0x42, 0x4a, 0x4a, 0x29, 0x42,
    0x29, 0x42, 0x49, 0x4a, 0x29, 0x42, 0x29, 0x42, 0x29, 0x42, 0x2a, 0x42,
    0x29, 0x42, 0x4a, 0x4a, 0x29, 0x42, 0x29, 0x4a, 0x4a, 0x4a, 0x29, 0x42,
    0x2a, 0x4a, 0x29, 0x42, 0x4a, 0x42, 0x4a, 0x4a, 0x29, 0x42, 0x29, 0x42,
    0x04, 0x21, 0x25, 0x21, 0x05, 0x21, 0x25, 0x21, 0x04, 0x19, 0x25, 0x21,
    0x25, 0x21, 0x05, 0x21, 0x25, 0x21, 0x05, 0x21, 0x05, 0x21, 0x25, 0x21,
    0x25, 0x21, 0x05, 0x21, 0x05, 0x21, 0x25, 0x21, 0x25, 0x21, 0x25, 0x21,
    0x25, 0x21, 0x25, 0x21, 0x25, 0x21, 0x25, 0x21, 0x25, 0x21, 0x25, 0x21,
    0x25, 0x21, 0x25, 0x21, 0x46, 0x29, 0x46, 0x29, 0x45, 0x21, 0x25, 0x21,
    0x25, 0x21, 0x25, 0x21, 0x25, 0x21, 0x25, 0x21, 0x25, 0x21, 0x25, 0x21,
    0x25, 0x21, 0x25, 0x21, 0x25, 0x21, 0x25, 0x21, 0x45, 0x21, 0x25, 0x21,
    0x46, 0x29, 0x25, 0x21, 0x25, 0x21, 0x25, 0x21, 0x46, 0x29, 0x46, 0x29,
    0x45, 0x21, 0x46, 0x21, 0x45, 0x29, 0x46, 0x29, 0x46, 0x29, 0x66, 0x29,
    0x66, 0x29, 0x66, 0x29, 0x46, 0x29, 0x66, 0x29, 0x66, 0x29, 0x46, 0x29,
    0x66, 0x29, 0x66, 0x29, 0x66, 0x29, 0x66, 0x29, 0x66, 0x29, 0x66, 0x29,
    0x66, 0x29, 0x66, 0x29, 0x66, 0x29, 0x66, 0x29, 0x66, 0x29, 0x87, 0x31,
    0x66, 0x29, 0x87, 0x31, 0x66, 0x29, 0x66, 0x29, 0x87, 0x31, 0x66, 0x31,
    0x66, 0x29, 0x87, 0x29, 0x66, 0x29, 0x86, 0x31, 0x87, 0x31, 0x66, 0x29,
    0x87, 0x29, 0x86, 0x31, 0x66, 0x29, 0x87, 0x29, 0x66, 0x29, 0x87, 0x31,
    0x86, 0x29, 0x86, 0x29, 0x87, 0x31, 0x86, 0x29, 0x87, 0x31, 0x86, 0x29,
    0x87, 0x31, 0x86, 0x31, 0x87, 0x31, 0x86, 0x29, 0x87, 0x31, 0x87, 0x31,
    0x86, 0x29, 0x87, 0x31, 0x86, 0x29, 0x87, 0x31, 0x87, 0x31, 0x87, 0x29,
    0x87, 0x31, 0x87, 0x31, 0xa7, 0x31, 0x86, 0x31, 0xa7, 0x31, 0xa7, 0x31,
    0x87, 0x31, 0x87, 0x31, 0xa7, 0x31, 0x86, 0x31, 0xa7, 0x31, 0xa7, 0x31,
    0xa7, 0x31, 0x87, 0x31, 0xa7, 0x31, 0xa7, 0x31, 0xa7, 0x31, 0xa7, 0x31,
    0xa7, 0x31, 0xa7, 0x31, 0xa7, 0x31, 0xa7, 0x31, 0x87, 0x31, 0xa8, 0x39,
    0xa7, 0x31, 0xa7, 0x31, 0xc8, 0x39, 0xe8, 0x39, 0xe8, 0x39, 0xc8, 0x39,
    0xc8, 0x39, 0xc8, 0x39, 0xc8, 0x31, 0xe8, 0x39, 0xe8, 0x39, 0xe8, 0x39,
    0xe8, 0x39, 0xe8, 0x39, 0xe8, 0x39, 0xe8, 0x39, 0xe8, 0x39, 0xe8, 0x39,
    0xe9, 0x39, 0xe8, 0x39, 0xe8, 0x39, 0x09, 0x42, 0xe8, 0x39, 0xe8, 0x39,
    0x09, 0x42, 0xe8, 0x39, 0x08, 0x3a, 0xe9, 0x41, 0xe8, 0x39, 0xe8, 0x39,
    0x08, 0x3a, 0x09, 0x42, 0x08, 0x42, 0x08, 0x3a, 0x09, 0x42, 0x29, 0x42,
    0x09, 0x42, 0x09, 0x42, 0x09, 0x42, 0x29, 0x42, 0x09, 0x42, 0x29, 0x42,
    0x09, 0x42, 0x29, 0x42, 0x29, 0x42, 0x29, 0x42, 0x09, 0x42, 0x29, 0x42,
    0x29, 0x42, 0x29, 0x42, 0x29, 0x42, 0x29, 0x42, 0x29, 0x42, 0x29, 0x42,
    0x2a, 0x4a, 0x4a, 0x4a, 0x29, 0x42, 0x29, 0x42, 0x29, 0x42, 0x4a, 0x4a,
    0x2a, 0x4a, 0x29, 0x42, 0x4a, 0x42, 0x29, 0x42, 0x29, 0x42, 0x49, 0x4a,
    0x4a, 0x42, 0x4a, 0x4a, 0x4a, 0x4a, 0x49, 0x42, 0x29, 0x42, 0x4a, 0x4a,
    0x4a, 0x4a, 0x29, 0x42, 0x49, 0x42, 0x4a, 0x4a, 0x4a, 0x4a, 0x49, 0x42,
    0x4a, 0x4a, 0x4a, 0x4a, 0x4a, 0x4a, 0x4a, 0x4a, 0x29, 0x42, 0x29, 0x42,
    0x2a, 0x42, 0x4a, 0x4a, 0x29, 0x42, 0x29, 0x42, 0x29, 0x42, 0x29, 0x42,
    0x29, 0x42, 0x2a, 0x42, 0x4a, 0x4a, 0x4a, 0x42, 0x4a, 0x4a, 0x29, 0x42,
    0x29, 0x42, 0x29, 0x42, 0x29, 0x42, 0x29, 0x42, 0x4a, 0x42, 0x4a, 0x4a,
    0x29, 0x42, 0x49, 0x42, 0x4a, 0x4a, 0x29, 0x42, 0x4a, 0x4a, 0x4a, 0x4a,
    0x05, 0x21, 0x25, 0x21, 0x05, 0x19, 0x04, 0x19, 0x25, 0x21, 0x04, 0x21,
    0x05, 0x21, 0x25, 0x21, 0x04, 0x21, 0x25, 0x21, 0x25, 0x21, 0x04, 0x19,
    0x25, 0x21, 0x25, 0x21, 0x25, 0x21, 0x25, 0x21, 0x25, 0x21, 0x25, 0x21,
    0x25, 0x21, 0x26, 0x21, 0x25, 0x21, 0x25, 0x21, 0x26, 0x21, 0x25, 0x21,
    0x25, 0x21, 0x25, 0x21, 0x46, 0x29, 0x25, 0x21, 0x26, 0x21, 0x25, 0x21,
    0x25, 0x21, 0x25, 0x21, 0x05, 0x21, 0x25, 0x21, 0x25, 0x21, 0x25, 0x21,
    0x25, 0x21, 0x25, 0x21, 0x46, 0x29, 0x25, 0x21, 0x46, 0x29, 0x45, 0x29,
    0x46, 0x29, 0x25, 0x21, 0x25, 0x21, 0x46, 0x29, 0x46, 0x21, 0x25, 0x21,
    0x46, 0x29, 0x25, 0x21, 0x45, 0x21, 0x45, 0x21, 0x46, 0x29, 0x66, 0x29,
    0x66, 0x29, 0x66, 0x29, 0x46, 0x29, 0x66, 0x29, 0x66, 0x29, 0x46, 0x29,
    0x66, 0x29, 0x66, 0x29, 0x66, 0x29, 0x66, 0x29, 0x46, 0x29, 0x67, 0x31,
    0x66, 0x29, 0x87, 0x31, 0x66, 0x29, 0x66, 0x29, 0x66, 0x29, 0x66, 0x29,
    0x87, 0x31, 0x86, 0x31, 0x87, 0x29, 0x87, 0x31, 0x86, 0x29, 0x66, 0x29,
    0x87, 0x29, 0x87, 0x31, 0x66, 0x29, 0x66, 0x29, 0x87, 0x29, 0x66, 0x29,
    0x87, 0x31, 0x66, 0x29, 0x87, 0x31, 0x66, 0x29, 0x66, 0x31, 0x87, 0x31,
    0x87, 0x31, 0x87, 0x31, 0x86, 0x29, 0x87, 0x31, 0x87, 0x31, 0x87, 0x31,
    0x86, 0x29, 0x87, 0x31, 0x87, 0x31, 0x86, 0x29, 0x87, 0x31, 0x87, 0x31,
    0x87, 0x31, 0x86, 0x29, 0x87, 0x31, 0x86, 0x29, 0x87, 0x31, 0xa7, 0x31,
    0x86, 0x31, 0x87, 0x29, 0xa7, 0x31, 0x87, 0x31, 0x87, 0x29, 0x87, 0x31,
    0xa7, 0x31, 0xa7, 0x31, 0xa7, 0x31, 0xa7, 0x31, 0xa7, 0x31, 0xa7, 0x31,
    0x87, 0x31, 0xa7, 0x31, 0x87, 0x31, 0xa7, 0x31, 0xa7, 0x31, 0xa7, 0x31,
    0x87, 0x31, 0xa7, 0x31, 0xa7, 0x39, 0xa7, 0x31, 0xa7, 0x31, 0xa7, 0x31,
    0xc8, 0x39, 0xc8, 0x39, 0xc8, 0x39, 0xc8, 0x31, 0xc7, 0x31, 0xe8, 0x39,
    0xe8, 0x39, 0xc8, 0x39, 0xe8, 0x39, 0xe8, 0x39, 0xe8, 0x39, 0xe8, 0x39,
    0xe8, 0x39, 0xc8, 0x39, 0xe8, 0x39, 0xe9, 0x41, 0xe8, 0x39, 0xe8, 0x39,
    0xe8, 0x39, 0xe8, 0x39, 0x08, 0x42, 0x09, 0x42, 0xe8, 0x39, 0x08, 0x3a,
    0x09, 0x42, 0xe8, 0x39, 0xe8, 0x39, 0xe8, 0x39, 0xe8, 0x39, 0xe8, 0x39,
    0xe9, 0x41, 0xe8, 0x39, 0x08, 0x3a, 0x09, 0x42, 0x09, 0x42, 0x08, 0x42,
    0x09, 0x3a, 0x09, 0x42, 0x09, 0x3a, 0x29, 0x42, 0x29, 0x42, 0x29, 0x42,
    0x29, 0x42, 0x2a, 0x42, 0x29, 0x42, 0x29, 0x42, 0x2a, 0x42, 0x29, 0x42,
    0x29, 0x42, 0x29, 0x42, 0x2a, 0x42, 0x29, 0x42, 0x29, 0x42, 0x29, 0x42,
    0x09, 0x42, 0x4a, 0x4a, 0x29, 0x42, 0x29, 0x42, 0x29, 0x42, 0x29, 0x42,
    0x29, 0x42, 0x4a, 0x4a, 0x29, 0x42, 0x29, 0x42, 0x29, 0x42, 0x29, 0x42,
    0x29, 0x42, 0x4a, 0x4a, 0x4a, 0x4a, 0x29, 0x42, 0x29, 0x42, 0x4a, 0x42,
    0x4a, 0x4a, 0x4a, 0x4a, 0x4a, 0x4a, 0x4a, 0x4a, 0x49, 0x42, 0x4a, 0x42,
    0x49, 0x4a, 0x4a, 0x4a, 0x4a, 0x42, 0x4a, 0x4a, 0x4a, 0x4a, 0x4a, 0x4a,
    0x29, 0x42, 0x29, 0x42, 0x2a, 0x4a, 0x29, 0x42, 0x4a, 0x42, 0x29, 0x42,
    0x29, 0x42, 0x2a, 0x42, 0x29, 0x42, 0x29, 0x42, 0x29, 0x42, 0x2a, 0x4a,
    0x29, 0x42, 0x4a, 0x42, 0x4a, 0x4a, 0x4a, 0x4a, 0x29, 0x42, 0x29, 0x42,
    0x29, 0x42, 0x4a, 0x4a, 0x29, 0x42, 0x29, 0x42, 0x4a, 0x42, 0x4a, 0x4a,
    0x25, 0x21, 0x05, 0x21, 0x05, 0x21, 0x05, 0x21, 0x25, 0x21, 0x04, 0x19,
    0x05, 0x21, 0x25, 0x21, 0x25, 0x21, 0x25, 0x21, 0x25, 0x21, 0x04, 0x19,
    0x25, 0x21, 0x25, 0x21, 0x25, 0x21, 0x25, 0x21, 0x25, 0x21, 0x25, 0x21,
    0x25, 0x21, 0x25, 0x21, 0x25, 0x21, 0x25, 0x21, 0x25, 0x29, 0x25, 0x21,
    0x25, 0x21, 0x25, 0x21, 0x25, 0x21, 0x25, 0x21, 0x25, 0x29, 0x25, 0x21,
    0x25, 0x21, 0x25, 0x21, 0x25, 0x21, 0x26, 0x29, 0x25, 0x21, 0x25, 0x29,
    0x26, 0x21, 0x25, 0x21, 0x25, 0x21, 0x25, 0x21, 0x25, 0x21, 0x25, 0x21,
    0x26, 0x21, 0x45, 0x21, 0x25, 0x21, 0x25, 0x21, 0x45, 0x21, 0x25, 0x29,
    0x46, 0x29, 0x25, 0x21, 0x25, 0x21, 0x46, 0x29, 0x45, 0x21, 0x25, 0x21,
    0x46, 0x29, 0x46, 0x29, 0x46, 0x29, 0x46, 0x29, 0x66, 0x29, 0x66, 0x29,
    0x66, 0x29, 0x66, 0x29, 0x66, 0x29, 0x46, 0x29, 0x66, 0x29, 0x66, 0x29,
    0x66, 0x29, 0x66, 0x29, 0x67, 0x29, 0x66, 0x31, 0x66, 0x29, 0x66, 0x29,
    0x66, 0x29, 0x87, 0x31, 0x66, 0x29, 0x66, 0x29, 0x66, 0x29, 0x66, 0x29,
    0x86, 0x31, 0x87, 0x31, 0x66, 0x29, 0x66, 0x29, 0x86, 0x31, 0x67, 0x29,
    0x86, 0x31, 0x66, 0x29, 0x87, 0x31, 0x87, 0x31, 0x86, 0x29, 0x87, 0x31,
    0x86, 0x29, 0x87, 0x31, 0x66, 0x29, 0x87, 0x31, 0x87, 0x31, 0x86, 0x29,
    0x87, 0x31, 0x87, 0x31, 0x87, 0x29, 0x87, 0x31, 0x86, 0x29, 0x86, 0x29,
    0x86, 0x29, 0x87, 0x31, 0x87, 0x31, 0xa7, 0x31, 0xa7, 0x31, 0xa7, 0x31,
    0xa7, 0x31, 0xa7, 0x31, 0x86, 0x29, 0x86, 0x31, 0x87, 0x29, 0xa7, 0x31,
    0x87, 0x31, 0x87, 0x31, 0x87, 0x31, 0x87, 0x31, 0x87, 0x29, 0x87, 0x31,
    0xa7, 0x31, 0xa7, 0x31, 0x87, 0x31, 0xa7, 0x31, 0xa7, 0x31, 0x87, 0x31,
    0xa7, 0x31, 0xa7, 0x31, 0xa7, 0x31, 0xa7, 0x31, 0xa7, 0x31, 0xc8, 0x39,
    0xc8, 0x39, 0xe8, 0x39, 0xc8, 0x39, 0xc8, 0x39, 0xc7, 0x39, 0xe8, 0x39,
    0xe8, 0x39, 0xc8, 0x39, 0xe8, 0x39, 0xc8, 0x39, 0xe8, 0x39, 0xe8, 0x39,
    0xe8, 0x39, 0xe8, 0x39, 0xe8, 0x39, 0xe8, 0x39, 0xe8, 0x39, 0xe9, 0x41,
    0xe8, 0x39, 0x08, 0x42, 0xe9, 0x39, 0xe8, 0x39, 0xe8, 0x39, 0xe8, 0x39,
    0x09, 0x42, 0xe8, 0x39, 0xe8, 0x39, 0x09, 0x42, 0x09, 0x42, 0xe8, 0x39,
    0x08, 0x3a, 0xe8, 0x39, 0xe9, 0x39, 0x08, 0x3a, 0x09, 0x42, 0x29, 0x42,
    0x08, 0x3a, 0x08, 0x42, 0x29, 0x42, 0x29, 0x42, 0x09, 0x42, 0x09, 0x42,
    0x29, 0x42, 0x09, 0x42, 0x29, 0x42, 0x29, 0x42, 0x29, 0x42, 0x29, 0x42,
    0x29, 0x42, 0x09, 0x42, 0x29, 0x42, 0x29, 0x42, 0x29, 0x42, 0x2a, 0x42,
    0x29, 0x42, 0x49, 0x42, 0x2a, 0x42, 0x29, 0x42, 0x2a, 0x4a, 0x29, 0x42,
    0x4a, 0x42, 0x29, 0x4a, 0x29, 0x42, 0x2a, 0x42, 0x4a, 0x4a, 0x2a, 0x42,
    0x29, 0x42, 0x4a, 0x4a, 0x29, 0x42, 0x29, 0x42, 0x4a, 0x4a, 0x29, 0x42,
    0x4a, 0x42, 0x49, 0x42, 0x4a, 0x4a, 0x49, 0x42, 0x29, 0x42, 0x4a, 0x4a,
    0x4a, 0x4a, 0x4a, 0x42, 0x49, 0x42, 0x4a, 0x4a, 0x4a, 0x4a, 0x4a, 0x4a,
    0x4a, 0x4a, 0x49, 0x42, 0x29, 0x42, 0x2a, 0x42, 0x29, 0x42, 0x29, 0x42,
    0x2a, 0x4a, 0x4a, 0x4a, 0x49, 0x42, 0x29, 0x4a, 0x4a, 0x42, 0x29, 0x42,
    0x29, 0x42, 0x4a, 0x4a, 0x29, 0x42, 0x29, 0x42, 0x29, 0x42, 0x2a, 0x42,
    0x29, 0x42, 0x2a, 0x42, 0x29, 0x42, 0x29, 0x42, 0x2a, 0x42, 0x49, 0x4a,
    0x04, 0x19, 0x05, 0x21, 0x04, 0x21, 0x25, 0x21, 0x05, 0x21, 0x25, 0x21,
    0x25, 0x21, 0x05, 0x21, 0x25, 0x21, 0x05, 0x19, 0x05, 0x21, 0x25, 0x21,
    0x05, 0x21, 0x25, 0x21, 0x25, 0x21, 0x25, 0x21, 0x25, 0x21, 0x05, 0x21,
    0x25, 0x21, 0x25, 0x21, 0x25, 0x29, 0x25, 0x21, 0x46, 0x21, 0x25, 0x21,
    0x25, 0x21, 0x26, 0x29, 0x25, 0x21, 0x46, 0x29, 0x25, 0x21, 0x25, 0x21,
    0x25, 0x21, 0x25, 0x21, 0x25, 0x21, 0x25, 0x21, 0x25, 0x21, 0x25, 0x21,
    0x25, 0x21, 0x25, 0x21, 0x25, 0x21, 0x46, 0x29, 0x25, 0x21, 0x25, 0x21,
    0x46, 0x29, 0x25, 0x21, 0x25, 0x21, 0x46, 0x29, 0x25, 0x21, 0x46, 0x29,
    0x46, 0x21, 0x46, 0x29, 0x45, 0x29, 0x46, 0x29, 0x46, 0x21, 0x45, 0x29,
    0x45, 0x21, 0x66, 0x29, 0x66, 0x29, 0x66, 0x29, 0x46, 0x29, 0x66, 0x29,
    0x66, 0x29, 0x66, 0x29, 0x66, 0x29, 0x66, 0x29, 0x66, 0x29, 0x66, 0x29,
    0x66, 0x29, 0x87, 0x31, 0x86, 0x29, 0x66, 0x29, 0x66, 0x29, 0x66, 0x29,
    0x87, 0x29, 0x66, 0x29, 0x66, 0x31, 0x66, 0x29, 0x87, 0x31, 0x87, 0x31,
    0x66, 0x29, 0x87, 0x31, 0x87, 0x31, 0x86, 0x29, 0x87, 0x31, 0x87, 0x31,
    0x86, 0x29, 0x87, 0x29, 0x86, 0x29, 0x87, 0x31, 0x87, 0x29, 0x86, 0x29,
    0x66, 0x31, 0x87, 0x29, 0x87, 0x31, 0x86, 0x29, 0x87, 0x31, 0x86, 0x29,
    0x87, 0x31, 0x87, 0x31, 0x86, 0x29, 0xa7, 0x31, 0x87, 0x31, 0xa7, 0x31,
    0xa7, 0x31, 0x87, 0x31, 0x86, 0x29, 0x87, 0x31, 0x86, 0x29, 0x87, 0x31,
    0x87, 0x31, 0x87, 0x31, 0x86, 0x29, 0x87, 0x31, 0x86, 0x31, 0x87, 0x31,
    0xa7, 0x31, 0xa6, 0x31, 0xa7, 0x31, 0xa7, 0x31, 0xa7, 0x31, 0xa7, 0x31,
    0x87, 0x31, 0x87, 0x31, 0xa7, 0x31, 0x87, 0x31, 0xa7, 0x31, 0xa7, 0x31,
    0xa7, 0x31, 0xa7, 0x31, 0xa7, 0x31, 0xa8, 0x31, 0xc8, 0x39, 0xc8, 0x39,
    0xc7, 0x31, 0xe8, 0x39, 0xe8, 0x39, 0xc8, 0x39, 0xc8, 0x31, 0xc8, 0x39,
    0xe8, 0x39, 0xe8, 0x39, 0xe8, 0x39, 0xe8, 0x39, 0xc8, 0x39, 0xe8, 0x39,
    0xe8, 0x39, 0xe8, 0x39, 0xe8, 0x39, 0xe8, 0x39, 0xe8, 0x39, 0xe8, 0x39,
    0xe8, 0x39, 0xe8, 0x39, 0xe8, 0x39, 0xe8, 0x39, 0xe8, 0x39, 0xe8, 0x39,
    0xe9, 0x41, 0xe8, 0x39, 0x08, 0x3a, 0xe9, 0x39, 0x09, 0x42, 0x08, 0x3a,
    0x08, 0x42, 0xe8, 0x39, 0xe9, 0x41, 0x09, 0x42, 0x09, 0x42, 0x09, 0x42,
    0x29, 0x42, 0x09, 0x3a, 0x29, 0x42, 0x29, 0x42, 0x09, 0x42, 0x29, 0x42,
    0x09, 0x42, 0x29, 0x42, 0x29, 0x42, 0x29, 0x42, 0x09, 0x42, 0x29, 0x42,
    0x2a, 0x42, 0x29, 0x42, 0x29, 0x42, 0x29, 0x42, 0x2a, 0x4a, 0x29, 0x42,
    0x29, 0x42, 0x09, 0x42, 0x29, 0x42, 0x2a, 0x42, 0x29, 0x42, 0x29, 0x42,
    0x29, 0x42, 0x4a, 0x4a, 0x29, 0x42, 0x29, 0x42, 0x2a, 0x42, 0x29, 0x42,
    0x4a, 0x4a, 0x29, 0x42, 0x29, 0x42, 0x4a, 0x42, 0x2a, 0x4a, 0x29, 0x42,
    0x29, 0x42, 0x4a, 0x4a, 0x29, 0x42, 0x4a, 0x4a, 0x4a, 0x4a, 0x4a, 0x4a,
    0x4a, 0x42, 0x49, 0x42, 0x4a, 0x4a, 0x49, 0x42, 0x4a, 0x4a, 0x29, 0x42,
    0x4a, 0x4a, 0x4a, 0x4a, 0x4a, 0x4a, 0x4a, 0x4a, 0x49, 0x4a, 0x2a, 0x42,
    0x4a, 0x4a, 0x29, 0x42, 0x4a, 0x4a, 0x29, 0x42, 0x2a, 0x42, 0x29, 0x42,
    0x29, 0x4a, 0x4a, 0x4a, 0x2a, 0x42, 0x29, 0x42, 0x4a, 0x4a, 0x29, 0x42,
    0x29, 0x42, 0x29, 0x4a, 0x2a, 0x42, 0x4a, 0x4a, 0x29, 0x42, 0x29, 0x42,
    0x05, 0x21, 0x25, 0x21, 0x04, 0x19, 0x05, 0x21, 0x25, 0x21, 0x05, 0x19,
    0x25, 0x21, 0x25, 0x21, 0x25, 0x21, 0x05, 0x21, 0x25, 0x21, 0x25, 0x21,
    0x25, 0x21, 0x05, 0x21, 0x25, 0x21, 0x05, 0x21, 0x25, 0x21, 0x25, 0x21,
    0x25, 0x21, 0x25, 0x29, 0x25, 0x21, 0x46, 0x29, 0x25, 0x21, 0x46, 0x29,
    0x25, 0x21, 0x45, 0x21, 0x25, 0x21, 0x46, 0x29, 0x25, 0x21, 0x25, 0x21,
    0x25, 0x21, 0x25, 0x21, 0x26, 0x29, 0x25, 0x21, 0x05, 0x21, 0x25, 0x21,
    0x25, 0x21, 0x25, 0x21, 0x25, 0x29, 0x25, 0x21, 0x25, 0x21, 0x25, 0x21,
    0x25, 0x21, 0x46, 0x29, 0x46, 0x29, 0x25, 0x21, 0x25, 0x21, 0x45, 0x29,
    0x46, 0x21, 0x46, 0x29, 0x45, 0x21, 0x46, 0x21, 0x46, 0x29, 0x45, 0x29,
    0x46, 0x29, 0x66, 0x29, 0x46, 0x29, 0x66, 0x29, 0x66, 0x29, 0x66, 0x29,
    0x66, 0x29, 0x66, 0x29, 0x67, 0x29, 0x66, 0x31, 0x66, 0x29, 0x66, 0x29,
    0x66, 0x29, 0x87, 0x31, 0x66, 0x29, 0x66, 0x29, 0x66, 0x29, 0x66, 0x29,
    0x66, 0x29, 0x66, 0x29, 0x87, 0x31, 0x66, 0x29, 0x87, 0x29, 0x66, 0x29,
    0x66, 0x29, 0x66, 0x29, 0x66, 0x29, 0x87, 0x31, 0x86, 0x29, 0x66, 0x29,
    0x87, 0x31, 0x66, 0x29, 0x66, 0x29, 0x86, 0x31, 0x66, 0x29, 0x66, 0x29,
    0x87, 0x31, 0x87, 0x31, 0x86, 0x29, 0x87, 0x31, 0x86, 0x29, 0x87, 0x29,
    0x87, 0x31, 0x86, 0x31, 0x87, 0x31, 0x87, 0x31, 0x87, 0x31, 0x87, 0x31,
    0x87, 0x31, 0x86, 0x29, 0x87, 0x31, 0x87, 0x29, 0x87, 0x31, 0x86, 0x31,
    0xa7, 0x31, 0x87, 0x31, 0xa7, 0x31, 0xa7, 0x31, 0xa7, 0x31, 0x87, 0x29,
    0x87, 0x31, 0xa7, 0x31, 0x87, 0x29, 0xa7, 0x31, 0xa7, 0x31, 0xa7, 0x31,
    0xa7, 0x31, 0x86, 0x29, 0xa7, 0x31, 0xa7, 0x31, 0x87, 0x31, 0xa7, 0x31,
    0xa7, 0x31, 0xa7, 0x31, 0xc8, 0x39, 0xc8, 0x39, 0xc8, 0x39, 0xc7, 0x31,
    0xc8, 0x39, 0xc8, 0x39, 0xe8, 0x39, 0xc7, 0x31, 0xc8, 0x39, 0xc8, 0x39,
    0xe8, 0x39, 0xc8, 0x39, 0xc8, 0x39, 0xe8, 0x39, 0xe8, 0x39, 0xe8, 0x39,
    0xe8, 0x39, 0xe8, 0x39, 0xe8, 0x39, 0xe8, 0x39, 0xe8, 0x39, 0xe8, 0x39,
    0xe8, 0x39, 0xe8, 0x39, 0xe8, 0x39, 0xe9, 0x41, 0xe8, 0x39, 0xe8, 0x39,
    0xe8, 0x39, 0xe8, 0x39, 0xe8, 0x39, 0x08, 0x42, 0xe8, 0x39, 0xe9, 0x39,
    0x09, 0x42, 0x09, 0x42, 0x09, 0x42, 0x08, 0x3a, 0x08, 0x3a, 0x09, 0x42,
    0x09, 0x42, 0x09, 0x42, 0x08, 0x3a, 0x09, 0x42, 0x29, 0x42, 0x29, 0x42,
    0x09, 0x42, 0x09, 0x42, 0x09, 0x42, 0x2a, 0x42, 0x09, 0x42, 0x09, 0x42,
    0x2a, 0x42, 0x29, 0x42, 0x29, 0x42, 0x2a, 0x42, 0x29, 0x42, 0x29, 0x42,
    0x29, 0x42, 0x29, 0x42, 0x29, 0x42, 0x29, 0x4a, 0x4a, 0x4a, 0x29, 0x42,
    0x2a, 0x42, 0x29, 0x42, 0x4a, 0x4a, 0x49, 0x42, 0x29, 0x42, 0x29, 0x42,
    0x29, 0x42, 0x2a, 0x42, 0x4a, 0x4a, 0x29, 0x42, 0x4a, 0x42, 0x4a, 0x4a,
    0x49, 0x4a, 0x2a, 0x42, 0x2a, 0x42, 0x49, 0x42, 0x4a, 0x4a, 0x4a, 0x4a,
    0x49, 0x42, 0x4a, 0x4a, 0x4a, 0x4a, 0x4a, 0x4a, 0x4a, 0x42, 0x49, 0x42,
    0x4a, 0x4a, 0x4a, 0x42, 0x49, 0x42, 0x4a, 0x4a, 0x4a, 0x4a, 0x4a, 0x4a,
    0x49, 0x42, 0x29, 0x42, 0x29, 0x42, 0x4a, 0x4a, 0x29, 0x42, 0x2a, 0x42,
    0x49, 0x42, 0x4a, 0x4a, 0x29, 0x42, 0x4a, 0x42, 0x29, 0x4a, 0x4a, 0x4a,
    0x4a, 0x42, 0x49, 0x4a, 0x29, 0x42, 0x4a, 0x4a, 0x49, 0x42, 0x29, 0x42,
    0x05, 0x21, 0x05, 0x21, 0x25, 0x21, 0x05, 0x21, 0x05, 0x21, 0x04, 0x19,
    0x25, 0x21, 0x05, 0x21, 0x05, 0x21, 0x25, 0x21, 0x05, 0x21, 0x05, 0x21,
    0x25, 0x21, 0x05, 0x21, 0x25, 0x21, 0x25, 0x21, 0x25, 0x21, 0x25, 0x21,
    0x25, 0x21, 0x25, 0x21, 0x25, 0x21, 0x25, 0x21, 0x25, 0x21, 0x25, 0x21,
    0x25, 0x21, 0x25, 0x29, 0x46, 0x21, 0x25, 0x21, 0x25, 0x21, 0x05, 0x21,
    0x05, 0x21, 0x05, 0x21, 0x25, 0x21, 0x25, 0x21, 0x25, 0x21, 0x25, 0x21,
    0x25, 0x21, 0x25, 0x21, 0x26, 0x21, 0x25, 0x21, 0x25, 0x21, 0x25, 0x21,
    0x25, 0x21, 0x46, 0x29, 0x25, 0x21, 0x25, 0x21, 0x45, 0x21, 0x25, 0x21,
    0x25, 0x21, 0x25, 0x21, 0x25, 0x21, 0x25, 0x21, 0x45, 0x29, 0x46, 0x21,
    0x46, 0x29, 0x46, 0x29, 0x66, 0x29, 0x46, 0x29, 0x46, 0x29, 0x66, 0x29,
    0x66, 0x29, 0x66, 0x29, 0x66, 0x29, 0x46, 0x29, 0x66, 0x29, 0x66, 0x29,
    0x67, 0x31, 0x66, 0x29, 0x66, 0x29, 0x66, 0x29, 0x67, 0x31, 0x66, 0x29,
    0x66, 0x29, 0x66, 0x29, 0x66, 0x29, 0x87, 0x31, 0x66, 0x29, 0x66, 0x29,
    0x87, 0x31, 0x86, 0x29, 0x87, 0x31, 0x86, 0x29, 0x67, 0x31, 0x66, 0x29,
    0x66, 0x29, 0x67, 0x31, 0x86, 0x29, 0x87, 0x31, 0x87, 0x31, 0x87, 0x29,
    0x87, 0x31, 0x66, 0x29, 0x86, 0x31, 0x87, 0x31, 0x87, 0x31, 0x86, 0x29,
    0x87, 0x31, 0x86, 0x29, 0x87, 0x31, 0x86, 0x29, 0x86, 0x29, 0x87, 0x31,
    0x87, 0x31, 0x86, 0x29, 0x87, 0x31, 0x87, 0x31, 0xa7, 0x31, 0x87, 0x29,
    0xa7, 0x31, 0xa7, 0x31, 0xa7, 0x31, 0x87, 0x31, 0xa7, 0x31, 0x86, 0x29,
    0x87, 0x31, 0xa7, 0x31, 0xa7, 0x31, 0x87, 0x31, 0x87, 0x31, 0xa7, 0x31,
    0xa7, 0x31, 0x87, 0x31, 0xa7, 0x31, 0xa7, 0x31, 0xa7, 0x31, 0x87, 0x31,
    0xa7, 0x31, 0xc8, 0x39, 0xc8, 0x39, 0xc8, 0x39, 0xc7, 0x31, 0xc8, 0x39,
    0xc7, 0x39, 0xc8, 0x39, 0xe8, 0x39, 0xc7, 0x31, 0xe8, 0x39, 0xe8, 0x39,
    0xe8, 0x39, 0xe8, 0x39, 0xe8, 0x39, 0xc8, 0x39, 0xc8, 0x39, 0xe8, 0x39,
    0xe8, 0x39, 0xc8, 0x39, 0xe8, 0x39, 0xe8, 0x41, 0xe8, 0x39, 0xe8, 0x39,
    0xe9, 0x39, 0xe8, 0x39, 0xe8, 0x39, 0xe8, 0x39, 0xe8, 0x39, 0xe8, 0x39,
    0x09, 0x3a, 0xe8, 0x41, 0xe8, 0x39, 0x09, 0x3a, 0x08, 0x42, 0xe8, 0x39,
    0xe8, 0x39, 0xe8, 0x39, 0x08, 0x3a, 0x08, 0x3a, 0x09, 0x42, 0x29, 0x42,
    0x08, 0x3a, 0x09, 0x42, 0x29, 0x42, 0x09, 0x42, 0x29, 0x42, 0x29, 0x42,
    0x29, 0x42, 0x29, 0x42, 0x29, 0x42, 0x29, 0x42, 0x29, 0x42, 0x29, 0x42,
    0x29, 0x42, 0x29, 0x42, 0x29, 0x42, 0x29, 0x42, 0x29, 0x42, 0x29, 0x42,
    0x29, 0x42, 0x29, 0x42, 0x2a, 0x42, 0x29, 0x42, 0x29, 0x42, 0x29, 0x42,
    0x29, 0x42, 0x29, 0x42, 0x2a, 0x42, 0x2a, 0x4a, 0x29, 0x42, 0x29, 0x4a,
    0x29, 0x42, 0x49, 0x42, 0x29, 0x42, 0x4a, 0x4a, 0x29, 0x42, 0x4a, 0x4a,
    0x4a, 0x4a, 0x49, 0x42, 0x4a, 0x4a, 0x29, 0x42, 0x29, 0x42, 0x29, 0x42,
    0x4a, 0x4a, 0x4a, 0x42, 0x4a, 0x4a, 0x29, 0x42, 0x4a, 0x4a, 0x49, 0x42,
    0x4a, 0x42, 0x4a, 0x4a, 0x4a, 0x4a, 0x49, 0x42, 0x4a, 0x42, 0x4a, 0x4a,
    0x6a, 0x4a, 0x4a, 0x4a, 0x4a, 0x4a, 0x4a, 0x4a, 0x49, 0x42, 0x4a, 0x4a,
    0x29, 0x42, 0x29, 0x42, 0x29, 0x42, 0x29, 0x42, 0x29, 0x42, 0x4a, 0x42,
    0x2a, 0x42, 0x29, 0x42, 0x4a, 0x42, 0x2a, 0x42, 0x29, 0x4a, 0x29, 0x42,
    0x04, 0x19, 0x05, 0x21, 0x25, 0x21, 0x04, 0x19, 0x05, 0x21, 0x05, 0x21,
    0x25, 0x21, 0x25, 0x21, 0x04, 0x21, 0x25, 0x21, 0x04, 0x19, 0x05, 0x21,
    0x25, 0x21, 0x25, 0x21, 0x25, 0x21, 0x25, 0x21, 0x25, 0x21, 0x25, 0x21,
    0x05, 0x21, 0x26, 0x21, 0x25, 0x21, 0x25, 0x21, 0x25, 0x21, 0x25, 0x21,
    0x25, 0x21, 0x25, 0x21, 0x25, 0x21, 0x46, 0x29, 0x25, 0x21, 0x25, 0x21,
    0x25, 0x21, 0x25, 0x21, 0x05, 0x21, 0x25, 0x21, 0x25, 0x21, 0x25, 0x21,
    0x25, 0x21, 0x25, 0x21, 0x25, 0x21, 0x25, 0x21, 0x26, 0x29, 0x25, 0x21,
    0x25, 0x21, 0x25, 0x21, 0x25, 0x21, 0x46, 0x29, 0x25, 0x21, 0x26, 0x21,
    0x25, 0x29, 0x45, 0x29, 0x26, 0x21, 0x25, 0x29, 0x25, 0x21, 0x25, 0x21,
    0x45, 0x21, 0x46, 0x29, 0x66, 0x29, 0x66, 0x29, 0x46, 0x29, 0x46, 0x29,
    0x46, 0x29, 0x66, 0x29, 0x66, 0x29, 0x66, 0x29, 0x66, 0x29, 0x66, 0x29,
    0x66, 0x29, 0x66, 0x29, 0x66, 0x29, 0x66, 0x29, 0x66, 0x29, 0x66, 0x31,
    0x67, 0x29, 0x66, 0x29, 0x87, 0x31, 0x87, 0x31, 0x66, 0x29, 0x66, 0x29,
    0x66, 0x29, 0x67, 0x31, 0x66, 0x29, 0x86, 0x29, 0x66, 0x29, 0x87, 0x31,
    0x86, 0x29, 0x87, 0x31, 0x66, 0x29, 0x87, 0x31, 0x86, 0x31, 0x86, 0x29,
    0x87, 0x31, 0x87, 0x31, 0x86, 0x29, 0x87, 0x29, 0x86, 0x31, 0x86, 0x31,
    0x87, 0x29, 0x87, 0x31, 0x86, 0x29, 0x87, 0x31, 0x87, 0x31, 0x87, 0x31,
    0x87, 0x31, 0xa7, 0x31, 0x86, 0x31, 0x86, 0x29, 0x87, 0x31, 0x87, 0x31,
    0x87, 0x31, 0x86, 0x29, 0x86, 0x29, 0x87, 0x31, 0x87, 0x31, 0x87, 0x31,
    0x86, 0x31, 0xa7, 0x31, 0x87, 0x31, 0xa7, 0x31, 0xa7, 0x31, 0xa7, 0x31,
    0xa7, 0x31, 0x87, 0x31, 0x87, 0x31, 0xa7, 0x31, 0x87, 0x31, 0xc7, 0x31,
    0xc8, 0x39, 0xc7, 0x31, 0xc7, 0x39, 0xc8, 0x31, 0xc8, 0x39, 0xc7, 0x31,
    0xc8, 0x39, 0xc8, 0x31, 0xc8, 0x39, 0xc8, 0x39, 0xc8, 0x39, 0xc7, 0x39,
    0xc8, 0x31, 0xc8, 0x39, 0xe8, 0x39, 0xe8, 0x39, 0xe8, 0x39, 0xe8, 0x39,
    0xe8, 0x39, 0xe8, 0x39, 0xe8, 0x39, 0xe8, 0x39, 0xc8, 0x39, 0xe8, 0x39,
    0xe8, 0x39, 0x09, 0x42, 0xe8, 0x39, 0xe8, 0x39, 0xe8, 0x39, 0xe9, 0x41,
    0xe8, 0x39, 0x08, 0x3a, 0xe8, 0x39, 0xe8, 0x39, 0x09, 0x42, 0xe8, 0x39,
    0xe8, 0x39, 0x09, 0x42, 0xe8, 0x39, 0x09, 0x42, 0x09, 0x42, 0x29, 0x42,
    0x08, 0x3a, 0x29, 0x42, 0x09, 0x42, 0x09, 0x42, 0x29, 0x42, 0x29, 0x42,
    0x09, 0x42, 0x09, 0x42, 0x29, 0x42, 0x29, 0x42, 0x09, 0x42, 0x09, 0x42,
    0x29, 0x42, 0x29, 0x42, 0x09, 0x42, 0x09, 0x42, 0x29, 0x42, 0x09, 0x42,
    0x29, 0x42, 0x29, 0x42, 0x2a, 0x42, 0x29, 0x42, 0x2a, 0x42, 0x29, 0x42,
    0x29, 0x42, 0x29, 0x42, 0x29, 0x42, 0x29, 0x42, 0x4a, 0x4a, 0x4a, 0x42,
    0x4a, 0x4a, 0x2a, 0x4a, 0x29, 0x42, 0x29, 0x42, 0x4a, 0x42, 0x29, 0x42,
    0x4a, 0x4a, 0x49, 0x42, 0x4a, 0x4a, 0x4a, 0x4a, 0x4a, 0x42, 0x29, 0x42,
    0x29, 0x42, 0x4a, 0x4a, 0x4a, 0x4a, 0x49, 0x42, 0x4a, 0x4a, 0x4a, 0x4a,
    0x4a, 0x4a, 0x49, 0x42, 0x4a, 0x4a, 0x4a, 0x42, 0x4a, 0x4a, 0x49, 0x42,
    0x4a, 0x4a, 0x4a, 0x42, 0x4a, 0x4a, 0x4a, 0x4a, 0x4a, 0x4a, 0x4a, 0x42,
    0x2a, 0x4a, 0x29, 0x42, 0x2a, 0x42, 0x29, 0x42, 0x4a, 0x4a, 0x29, 0x42,
    0x29, 0x42, 0x29, 0x42, 0x4a, 0x4a, 0x29, 0x42, 0x29, 0x42, 0x2a, 0x42,
    0x25, 0x21, 0x05, 0x21, 0x05, 0x21, 0x25, 0x21, 0x25, 0x21, 0x05, 0x21,
    0x05, 0x21, 0x25, 0x21, 0x05, 0x21, 0x25, 0x21, 0x25, 0x21, 0x25, 0x21,
    0x25, 0x21, 0x05, 0x21, 0x25, 0x21, 0x25, 0x21, 0x25, 0x21, 0x25, 0x21,
    0x25, 0x21, 0x25, 0x21, 0x46, 0x29, 0x46, 0x29, 0x25, 0x21, 0x25, 0x21,
    0x25, 0x21, 0x25, 0x21, 0x46, 0x29, 0x25, 0x21, 0x05, 0x21, 0x05, 0x21,
    0x25, 0x21, 0x25, 0x21, 0x05, 0x21, 0x25, 0x21, 0x25, 0x21, 0x25, 0x21,
    0x25, 0x21, 0x26, 0x29, 0x25, 0x21, 0x45, 0x29, 0x25, 0x21, 0x26, 0x21,
    0x45, 0x29, 0x25, 0x21, 0x25, 0x21, 0x25, 0x21, 0x46, 0x29, 0x45, 0x29,
    0x25, 0x21, 0x46, 0x21, 0x46, 0x29, 0x46, 0x29, 0x45, 0x21, 0x46, 0x29,
    0x25, 0x21, 0x45, 0x21, 0x66, 0x29, 0x66, 0x29, 0x66, 0x29, 0x66, 0x29,
    0x46, 0x29, 0x66, 0x29, 0x66, 0x29, 0x66, 0x29, 0x46, 0x29, 0x66, 0x29,
    0x66, 0x29, 0x66, 0x29, 0x66, 0x29, 0x67, 0x29, 0x66, 0x29, 0x86, 0x31,
    0x66, 0x29, 0x87, 0x29, 0x66, 0x29, 0x66, 0x29, 0x66, 0x29, 0x66, 0x29,
    0x66, 0x29, 0x66, 0x29, 0x87, 0x31, 0x87, 0x31, 0x87, 0x31, 0x86, 0x29,
    0x66, 0x29, 0x87, 0x31, 0x66, 0x29, 0x66, 0x29, 0x87, 0x31, 0x86, 0x31,
    0x87, 0x29, 0x66, 0x29, 0x87, 0x31, 0x87, 0x29, 0x66, 0x29, 0x66, 0x29,
    0x87, 0x31, 0x86, 0x29, 0x87, 0x31, 0x87, 0x31, 0x86, 0x29, 0x86, 0x29,
    0x86, 0x29, 0xa7, 0x31, 0x87, 0x31, 0x87, 0x29, 0xa7, 0x31, 0x86, 0x31,
    0x87, 0x31, 0xa7, 0x31, 0xa7, 0x31, 0xa7, 0x31, 0x87, 0x31, 0xa7, 0x31,
    0xa7, 0x31, 0xa7, 0x31, 0x87, 0x31, 0xa7, 0x31, 0x87, 0x31, 0x87, 0x31,
    0xa6, 0x31, 0xa7, 0x31, 0x87, 0x31, 0xa7, 0x31, 0xc7, 0x31, 0xc8, 0x39,
    0xa7, 0x31, 0xc8, 0x39, 0xc8, 0x39, 0xc7, 0x39, 0xc7, 0x31, 0xc8, 0x39,
    0xc8, 0x39, 0xc8, 0x39, 0xc7, 0x31, 0xc8, 0x39, 0xc8, 0x39, 0xe8, 0x39,
    0xe8, 0x39, 0xc7, 0x39, 0xc8, 0x31, 0xc7, 0x39, 0xe8, 0x39, 0xe8, 0x39,
    0xc8, 0x39, 0xe8, 0x39, 0xc8, 0x39, 0xc8, 0x39, 0xe8, 0x39, 0xe8, 0x39,
    0xe8, 0x39, 0xe8, 0x39, 0xe8, 0x39, 0xe9, 0x41, 0xe8, 0x39, 0xe8, 0x39,
    0xe8, 0x39, 0xe8, 0x39, 0xe8, 0x39, 0xe8, 0x39, 0xe8, 0x39, 0x09, 0x42,
    0xe8, 0x39, 0xe8, 0x39, 0x09, 0x42, 0xe8, 0x39, 0x08, 0x3a, 0x08, 0x42,
    0x09, 0x42, 0x09, 0x3a, 0x09, 0x42, 0x09, 0x42, 0x29, 0x3a, 0x29, 0x42,
    0x09, 0x42, 0x29, 0x42, 0x29, 0x42, 0x29, 0x42, 0x09, 0x42, 0x29, 0x42,
    0x09, 0x42, 0x2a, 0x42, 0x29, 0x42, 0x2a, 0x42, 0x09, 0x42, 0x29, 0x42,
    0x09, 0x42, 0x09, 0x42, 0x29, 0x4a, 0x2a, 0x42, 0x29, 0x42, 0x2a, 0x4a,
    0x29, 0x42, 0x29, 0x42, 0x2a, 0x4a, 0x4a, 0x42, 0x29, 0x42, 0x4a, 0x4a,
    0x29, 0x42, 0x4a, 0x42, 0x29, 0x42, 0x4a, 0x4a, 0x29, 0x42, 0x4a, 0x4a,
    0x29, 0x42, 0x2a, 0x42, 0x29, 0x42, 0x49, 0x42, 0x2a, 0x4a, 0x4a, 0x42,
    0x4a, 0x4a, 0x29, 0x42, 0x4a, 0x42, 0x4a, 0x4a, 0x49, 0x42, 0x4a, 0x4a,
    0x29, 0x42, 0x4a, 0x42, 0x29, 0x42, 0x4a, 0x4a, 0x49, 0x4a, 0x2a, 0x42,
    0x4a, 0x42, 0x4a, 0x4a, 0x4a, 0x4a, 0x4a, 0x4a, 0x4a, 0x4a, 0x49, 0x42,
    0x4a, 0x4a, 0x4a, 0x4a, 0x4a, 0x42, 0x29, 0x42, 0x29, 0x4a, 0x4a, 0x4a,
    0x29, 0x42, 0x4a, 0x4a, 0x29, 0x4a, 0x4a, 0x42, 0x29, 0x42, 0x29, 0x42,
    0x05, 0x21, 0x05, 0x21, 0x25, 0x21, 0x25, 0x21, 0x25, 0x21, 0x05, 0x21,
    0x04, 0x19, 0x25, 0x21, 0x05, 0x21, 0x25, 0x21, 0x05, 0x21, 0x05, 0x19,
    0x05, 0x21, 0x25, 0x21, 0x05, 0x21, 0x25, 0x21, 0x25, 0x21, 0x25, 0x21,
    0x25, 0x21, 0x25, 0x21, 0x25, 0x21, 0x25, 0x21, 0x25, 0x21, 0x46, 0x29,
    0x25, 0x21, 0x25, 0x21, 0x25, 0x21, 0x25, 0x21, 0x05, 0x21, 0x25, 0x21,
    0x05, 0x21, 0x25, 0x21, 0x25, 0x21, 0x25, 0x21, 0x05, 0x21, 0x25, 0x21,
    0x25, 0x21, 0x05, 0x21, 0x25, 0x21, 0x25, 0x21, 0x25, 0x21, 0x25, 0x21,
    0x25, 0x21, 0x25, 0x21, 0x26, 0x21, 0x45, 0x29, 0x25, 0x21, 0x25, 0x21,
    0x46, 0x21, 0x25, 0x21, 0x25, 0x21, 0x46, 0x29, 0x46, 0x29, 0x25, 0x21,
    0x46, 0x21, 0x45, 0x29, 0x66, 0x29, 0x46, 0x29, 0x46, 0x29, 0x66, 0x29,
    0x66, 0x29, 0x66, 0x29, 0x66, 0x29, 0x66, 0x29, 0x46, 0x29, 0x66, 0x29,
    0x67, 0x29, 0x66, 0x31, 0x66, 0x29, 0x87, 0x31, 0x66, 0x29, 0x66, 0x29,
    0x66, 0x29, 0x87, 0x31, 0x66, 0x29, 0x66, 0x29, 0x86, 0x31, 0x67, 0x29,
    0x87, 0x31, 0x86, 0x29, 0x86, 0x29, 0x67, 0x31, 0x86, 0x29, 0x87, 0x31,
    0x87, 0x31, 0x66, 0x29, 0x87, 0x31, 0x87, 0x29, 0x86, 0x29, 0x87, 0x31,
    0x87, 0x31, 0x86, 0x29, 0x87, 0x31, 0x87, 0x31, 0x86, 0x31, 0x87, 0x31,
    0x87, 0x29, 0x87, 0x31, 0x86, 0x29, 0x87, 0x31, 0x86, 0x29, 0x87, 0x31,
    0x86, 0x29, 0x87, 0x31, 0x87, 0x31, 0x87, 0x31, 0xa7, 0x31, 0xa7, 0x31,
    0xa7, 0x31, 0xa7, 0x31, 0x87, 0x31, 0x87, 0x31, 0x86, 0x29, 0xa7, 0x31,
    0x86, 0x29, 0x87, 0x31, 0xa7, 0x31, 0xa7, 0x31, 0xa7, 0x31, 0x87, 0x31,
    0x86, 0x29, 0xa7, 0x31, 0xa7, 0x31, 0xc7, 0x31, 0xc7, 0x31, 0xc8, 0x39,
    0xc8, 0x39, 0xc7, 0x31, 0xc8, 0x39, 0xc8, 0x31, 0xc7, 0x39, 0xc8, 0x31,
    0xc7, 0x39, 0xc8, 0x39, 0xe8, 0x39, 0xe8, 0x39, 0xc8, 0x31, 0xe8, 0x39,
    0xe8, 0x39, 0xc8, 0x39, 0xc8, 0x39, 0xc8, 0x39, 0xc8, 0x39, 0xc8, 0x39,
    0xe8, 0x39, 0xc8, 0x39, 0xe8, 0x39, 0xe8, 0x39, 0xe9, 0x39, 0xc8, 0x39,
    0xe8, 0x39, 0xe8, 0x39, 0xe8, 0x39, 0xe8, 0x39, 0xe8, 0x39, 0xe8, 0x39,
    0xe8, 0x39, 0x09, 0x42, 0xe9, 0x41, 0x09, 0x3a, 0xe8, 0x39, 0x09, 0x42,
    0xe8, 0x39, 0xe8, 0x39, 0x08, 0x3a, 0xe8, 0x39, 0xe8, 0x39, 0x09, 0x42,
    0x09, 0x42, 0x29, 0x42, 0x08, 0x42, 0x09, 0x3a, 0x29, 0x42, 0x29, 0x42,
    0x29, 0x42, 0x29, 0x42, 0x2a, 0x42, 0x2a, 0x42, 0x29, 0x42, 0x29, 0x42,
    0x09, 0x42, 0x09, 0x42, 0x2a, 0x42, 0x29, 0x42, 0x29, 0x42, 0x29, 0x42,
    0x29, 0x42, 0x2a, 0x42, 0x29, 0x42, 0x29, 0x42, 0x29, 0x42, 0x29, 0x4a,
    0x2a, 0x42, 0x29, 0x42, 0x29, 0x42, 0x29, 0x42, 0x29, 0x42, 0x29, 0x42,
    0x29, 0x42, 0x4a, 0x42, 0x4a, 0x4a, 0x29, 0x42, 0x29, 0x42, 0x4a, 0x4a,
    0x4a, 0x42, 0x29, 0x42, 0x4a, 0x4a, 0x29, 0x42, 0x4a, 0x4a, 0x49, 0x42,
    0x4a, 0x4a, 0x29, 0x42, 0x4a, 0x4a, 0x4a, 0x42, 0x4a, 0x4a, 0x29, 0x42,
    0x4a, 0x4a, 0x4a, 0x4a, 0x49, 0x42, 0x4a, 0x4a, 0x4a, 0x4a, 0x29, 0x42,
    0x4a, 0x4a, 0x49, 0x42, 0x49, 0x42, 0x6a, 0x4a, 0x4a, 0x4a, 0x49, 0x42,
    0x4a, 0x42, 0x4a, 0x4a, 0x4a, 0x4a, 0x4a, 0x4a, 0x4a, 0x42, 0x29, 0x42,
    0x4a, 0x42, 0x29, 0x42, 0x29, 0x42, 0x4a, 0x4a, 0x29, 0x42, 0x4a, 0x4a,
    0x05, 0x21, 0x25, 0x21, 0x25, 0x21, 0x25, 0x21, 0x25, 0x21, 0x25, 0x21,
    0x05, 0x21, 0x05, 0x21, 0x25, 0x21, 0x25, 0x21, 0x25, 0x21, 0x25, 0x21,
    0x25, 0x21, 0x25, 0x21, 0x25, 0x21, 0x25, 0x21, 0x25, 0x29, 0x25, 0x21,
    0x25, 0x21, 0x25, 0x21, 0x05, 0x21, 0x25, 0x21, 0x25, 0x21, 0x25, 0x21,
    0x25, 0x21, 0x26, 0x29, 0x25, 0x21, 0x25, 0x21, 0x05, 0x21, 0x05, 0x21,
    0x25, 0x21, 0x05, 0x21, 0x05, 0x21, 0x25, 0x21, 0x25, 0x21, 0x25, 0x21,
    0x25, 0x21, 0x25, 0x21, 0x25, 0x21, 0x05, 0x21, 0x25, 0x21, 0x25, 0x21,
    0x25, 0x21, 0x26, 0x29, 0x25, 0x21, 0x46, 0x21, 0x46, 0x29, 0x25, 0x21,
    0x25, 0x21, 0x25, 0x21, 0x25, 0x21, 0x45, 0x21, 0x25, 0x21, 0x25, 0x21,
    0x26, 0x29, 0x46, 0x29, 0x45, 0x21, 0x66, 0x29, 0x66, 0x29, 0x66, 0x29,
    0x66, 0x29, 0x66, 0x29, 0x66, 0x29, 0x66, 0x29, 0x46, 0x29, 0x66, 0x29,
    0x66, 0x29, 0x87, 0x31, 0x66, 0x29, 0x86, 0x29, 0x66, 0x29, 0x66, 0x29,
    0x66, 0x29, 0x66, 0x29, 0x66, 0x31, 0x66, 0x29, 0x66, 0x29, 0x87, 0x31,
    0x86, 0x29, 0x66, 0x29, 0x87, 0x31, 0x66, 0x29, 0x86, 0x29, 0x86, 0x29,
    0x87, 0x31, 0x66, 0x29, 0x86, 0x29, 0x87, 0x31, 0x87, 0x31, 0x87, 0x31,
    0x86, 0x29, 0x86, 0x31, 0x87, 0x31, 0x87, 0x31, 0x87, 0x31, 0x87, 0x31,
    0x87, 0x31, 0x87, 0x31, 0x86, 0x31, 0x87, 0x31, 0x87, 0x29, 0x87, 0x31,
    0x87, 0x31, 0x86, 0x31, 0x87, 0x29, 0x86, 0x29, 0x87, 0x31, 0x87, 0x31,
    0x86, 0x29, 0x87, 0x31, 0x87, 0x31, 0xa7, 0x31, 0x87, 0x31, 0x87, 0x31,
    0xa7, 0x31, 0x87, 0x31, 0xa7, 0x31, 0xa7, 0x31, 0x86, 0x29, 0x87, 0x31,
    0xa7, 0x31, 0xc8, 0x31, 0xc8, 0x39, 0xc8, 0x39, 0xc8, 0x39, 0xc7, 0x31,
    0xc7, 0x31, 0xc8, 0x39, 0xc8, 0x39, 0xc8, 0x31, 0xc8, 0x39, 0xc7, 0x39,
    0xc8, 0x31, 0xc7, 0x31, 0xe8, 0x39, 0xc7, 0x39, 0xc8, 0x39, 0xc8, 0x39,
    0xc7, 0x31, 0xe8, 0x39, 0xe8, 0x39, 0xc8, 0x31, 0xe8, 0x39, 0xe8, 0x39,
    0xe8, 0x39, 0xc8, 0x39, 0xe8, 0x39, 0xe8, 0x39, 0xc8, 0x39, 0xe8, 0x39,
    0xe8, 0x39, 0xe8, 0x39, 0xe8, 0x41, 0xe8, 0x39, 0x09, 0x42, 0xe8, 0x39,
    0xe8, 0x39, 0xe8, 0x39, 0x08, 0x42, 0xe8, 0x39, 0xe8, 0x39, 0xe8, 0x39,
    0xe8, 0x41, 0x09, 0x42, 0xe8, 0x39, 0xe9, 0x39, 0x09, 0x42, 0x09, 0x42,
    0x29, 0x42, 0x08, 0x3a, 0x09, 0x42, 0x09, 0x42, 0x09, 0x42, 0x29, 0x42,
    0x29, 0x42, 0x29, 0x42, 0x09, 0x42, 0x09, 0x42, 0x29, 0x42, 0x29, 0x42,
    0x29, 0x42, 0x09, 0x42, 0x29, 0x42, 0x29, 0x4a, 0x2a, 0x42, 0x29, 0x42,
    0x29, 0x42, 0x29, 0x42, 0x2a, 0x42, 0x29, 0x42, 0x29, 0x42, 0x4a, 0x4a,
    0x29, 0x42, 0x29, 0x42, 0x4a, 0x4a, 0x29, 0x42, 0x2a, 0x42, 0x4a, 0x4a,
    0x29, 0x42, 0x29, 0x42, 0x29, 0x4a, 0x4a, 0x42, 0x29, 0x42, 0x29, 0x4a,
    0x29, 0x42, 0x29, 0x42, 0x4a, 0x4a, 0x2a, 0x42, 0x4a, 0x4a, 0x49, 0x4a,
    0x29, 0x42, 0x4a, 0x4a, 0x29, 0x42, 0x49, 0x4a, 0x4a, 0x42, 0x4a, 0x4a,
    0x49, 0x42, 0x4a, 0x4a, 0x4a, 0x4a, 0x4a, 0x42, 0x29, 0x42, 0x4a, 0x4a,
    0x4a, 0x4a, 0x29, 0x42, 0x4a, 0x42, 0x4a, 0x4a, 0x49, 0x42, 0x4a, 0x4a,
    0x4a, 0x4a, 0x4a, 0x4a, 0x49, 0x42, 0x4a, 0x4a, 0x4a, 0x4a, 0x4a, 0x4a,
    0x4a, 0x4a, 0x29, 0x42, 0x29, 0x42, 0x29, 0x42, 0x2a, 0x42, 0x29, 0x42,
    0x05, 0x21, 0x04, 0x21, 0x25, 0x21, 0x05, 0x21, 0x25, 0x21, 0x25, 0x21,
    0x25, 0x21, 0x25, 0x21, 0x05, 0x21, 0x25, 0x21, 0x25, 0x21, 0x05, 0x21,
    0x05, 0x21, 0x05, 0x21, 0x25, 0x21, 0x25, 0x21, 0x05, 0x21, 0x25, 0x21,
    0x25, 0x21, 0x26, 0x29, 0x25, 0x21, 0x25, 0x21, 0x25, 0x21, 0x25, 0x21,
    0x25, 0x21, 0x46, 0x29, 0x25, 0x21, 0x05, 0x21, 0x05, 0x21, 0x04, 0x21,
    0x25, 0x21, 0x25, 0x21, 0x25, 0x21, 0x05, 0x21, 0x25, 0x21, 0x05, 0x21,
    0x25, 0x21, 0x25, 0x21, 0x05, 0x21, 0x25, 0x21, 0x25, 0x21, 0x25, 0x21,
    0x25, 0x21, 0x25, 0x21, 0x25, 0x21, 0x25, 0x21, 0x25, 0x21, 0x25, 0x21,
    0x46, 0x29, 0x46, 0x29, 0x25, 0x21, 0x25, 0x21, 0x46, 0x29, 0x46, 0x29,
    0x45, 0x21, 0x25, 0x21, 0x25, 0x21, 0x66, 0x29, 0x46, 0x29, 0x66, 0x29,
    0x66, 0x29, 0x66, 0x29, 0x66, 0x29, 0x46, 0x29, 0x66, 0x29, 0x66, 0x29,
    0x66, 0x29, 0x66, 0x29, 0x66, 0x29, 0x66, 0x29, 0x66, 0x29, 0x66, 0x29,
    0x67, 0x29, 0x87, 0x31, 0x86, 0x29, 0x87, 0x29, 0x66, 0x29, 0x87, 0x31,
    0x66, 0x29, 0x66, 0x29, 0x67, 0x31, 0x87, 0x31, 0x66, 0x29, 0x87, 0x31,
    0x87, 0x31, 0x66, 0x29, 0x87, 0x31, 0x66, 0x29, 0x87, 0x31, 0x66, 0x29,
    0x87, 0x29, 0x66, 0x29, 0x87, 0x31, 0x86, 0x29, 0x86, 0x29, 0x86, 0x29,
    0x87, 0x31, 0x86, 0x29, 0x87, 0x31, 0x86, 0x29, 0x87, 0x31, 0x87, 0x31,
    0x86, 0x31, 0x87, 0x29, 0x87, 0x31, 0x86, 0x29, 0x86, 0x29, 0x87, 0x31,
    0xa7, 0x31, 0x87, 0x31, 0x86, 0x29, 0x87, 0x31, 0xa7, 0x31, 0xa7, 0x31,
    0xa7, 0x31, 0x87, 0x29, 0xa7, 0x31, 0xa7, 0x31, 0x87, 0x31, 0xa7, 0x31,
    0xa7, 0x31, 0xc7, 0x31, 0xc8, 0x39, 0xc7, 0x31, 0xc8, 0x39, 0xa7, 0x31,
    0xc8, 0x39, 0xc7, 0x31, 0xc7, 0x31, 0xc7, 0x39, 0xc8, 0x39, 0xc8, 0x39,
    0xc8, 0x39, 0xc8, 0x39, 0xc8, 0x39, 0xc7, 0x31, 0xe8, 0x39, 0xc8, 0x39,
    0xc8, 0x39, 0xe8, 0x39, 0xe8, 0x39, 0xe8, 0x39, 0xe8, 0x39, 0xc8, 0x39,
    0xe8, 0x39, 0xc8, 0x39, 0xe8, 0x39, 0xe8, 0x39, 0xe8, 0x39, 0xe8, 0x39,
    0xe8, 0x39, 0xe8, 0x39, 0xe9, 0x39, 0xe8, 0x39, 0xe8, 0x39, 0xe8, 0x39,
    0xe8, 0x39, 0xe8, 0x39, 0xe8, 0x39, 0xe9, 0x41, 0xe8, 0x39, 0x09, 0x42,
    0xe8, 0x39, 0xe8, 0x39, 0xe8, 0x39, 0x08, 0x3a, 0xe8, 0x39, 0x09, 0x42,
    0x29, 0x42, 0x08, 0x3a, 0x09, 0x42, 0x09, 0x42, 0x09, 0x42, 0x09, 0x42,
    0x09, 0x3a, 0x29, 0x42, 0x09, 0x42, 0x09, 0x42, 0x29, 0x42, 0x29, 0x42,
    0x29, 0x42, 0x29, 0x42, 0x29, 0x42, 0x29, 0x42, 0x29, 0x42, 0x29, 0x42,
    0x2a, 0x42, 0x29, 0x42, 0x09, 0x42, 0x29, 0x42, 0x29, 0x42, 0x29, 0x42,
    0x29, 0x42, 0x2a, 0x42, 0x29, 0x42, 0x29, 0x42, 0x29, 0x42, 0x2a, 0x4a,
    0x4a, 0x4a, 0x29, 0x42, 0x29, 0x42, 0x2a, 0x42, 0x4a, 0x4a, 0x4a, 0x42,
    0x29, 0x42, 0x4a, 0x4a, 0x29, 0x42, 0x29, 0x42, 0x29, 0x42, 0x4a, 0x42,
    0x4a, 0x4a, 0x29, 0x42, 0x4a, 0x42, 0x4a, 0x4a, 0x29, 0x4a, 0x4a, 0x42,
    0x4a, 0x42, 0x4a, 0x4a, 0x29, 0x4a, 0x4a, 0x4a, 0x29, 0x42, 0x4a, 0x42,
    0x4a, 0x4a, 0x49, 0x4a, 0x4a, 0x4a, 0x2a, 0x42, 0x4a, 0x42, 0x29, 0x42,
    0x4a, 0x4a, 0x49, 0x42, 0x4a, 0x4a, 0x4a, 0x4a, 0x4a, 0x42, 0x49, 0x4a,
    0x4a, 0x4a, 0x4a, 0x4a, 0x4a, 0x4a, 0x4a, 0x42, 0x29, 0x42, 0x29, 0x42,
    0x25, 0x21, 0x25, 0x21, 0x25, 0x21, 0x05, 0x19, 0x05, 0x21, 0x25, 0x21,
    0x25, 0x21, 0x25, 0x21, 0x25, 0x21, 0x25, 0x21, 0x25, 0x21, 0x25, 0x21,
    0x05, 0x21, 0x25, 0x21, 0x25, 0x21, 0x25, 0x21, 0x25, 0x21, 0x25, 0x21,
    0x25, 0x21, 0x25, 0x21, 0x25, 0x21, 0x25, 0x29, 0x25, 0x21, 0x25, 0x21,
    0x46, 0x29, 0x25, 0x21, 0x05, 0x21, 0x05, 0x19, 0x05, 0x21, 0x05, 0x21,
    0x05, 0x19, 0x05, 0x21, 0x05, 0x21, 0x05, 0x21, 0x05, 0x21, 0x05, 0x21,
    0x25, 0x21, 0x25, 0x21, 0x25, 0x21, 0x25, 0x21, 0x25, 0x21, 0x25, 0x21,
    0x25, 0x21, 0x25, 0x21, 0x25, 0x21, 0x25, 0x21, 0x25, 0x21, 0x25, 0x21,
    0x25, 0x21, 0x45, 0x29, 0x25, 0x21, 0x26, 0x29, 0x25, 0x21, 0x45, 0x21,
    0x45, 0x21, 0x26, 0x29, 0x45, 0x21, 0x46, 0x29, 0x46, 0x29, 0x66, 0x29,
    0x46, 0x29, 0x66, 0x29, 0x66, 0x29, 0x66, 0x29, 0x66, 0x29, 0x66, 0x29,
    0x66, 0x29, 0x66, 0x29, 0x66, 0x29, 0x66, 0x29, 0x66, 0x29, 0x66, 0x31,
    0x66, 0x29, 0x66, 0x29, 0x66, 0x29, 0x66, 0x31, 0x66, 0x29, 0x66, 0x29,
    0x66, 0x31, 0x86, 0x29, 0x86, 0x31, 0x86, 0x29, 0x87, 0x31, 0x86, 0x29,
    0x66, 0x29, 0x86, 0x29, 0x87, 0x31, 0x87, 0x31, 0x86, 0x29, 0x87, 0x31,
    0x86, 0x31, 0x86, 0x29, 0x87, 0x31, 0x66, 0x29, 0x86, 0x29, 0x87, 0x31,
    0x86, 0x29, 0x87, 0x31, 0x86, 0x29, 0x87, 0x31, 0x87, 0x31, 0x86, 0x29,
    0x87, 0x31, 0xa7, 0x31, 0x86, 0x29, 0x87, 0x31, 0x87, 0x31, 0x87, 0x31,
    0x87, 0x31, 0x86, 0x31, 0xa7, 0x31, 0x87, 0x29, 0x86, 0x31, 0xa7, 0x31,
    0x87, 0x31, 0x87, 0x31, 0xa7, 0x31, 0x86, 0x31, 0xa7, 0x31, 0xc8, 0x39,
    0xc7, 0x31, 0xc7, 0x39, 0xc7, 0x31, 0xa7, 0x31, 0xc8, 0x39, 0xc8, 0x39,
    0xc8, 0x39, 0xc8, 0x39, 0xc8, 0x39, 0xc8, 0x31, 0xc8, 0x39, 0xe8, 0x39,
    0xc7, 0x31, 0xe8, 0x39, 0xc8, 0x39, 0xc8, 0x39, 0xc8, 0x31, 0xe8, 0x39,
    0xe8, 0x39, 0xc8, 0x39, 0xc8, 0x39, 0xc8, 0x39, 0xe8, 0x39, 0xe8, 0x39,
    0xc8, 0x39, 0xe8, 0x39, 0xe8, 0x39, 0xe8, 0x39, 0xe8, 0x39, 0xe8, 0x39,
    0xe8, 0x39, 0xe8, 0x39, 0xe8, 0x39, 0xe8, 0x39, 0xe8, 0x39, 0xe8, 0x39,
    0xe8, 0x39, 0xe8, 0x39, 0xe8, 0x39, 0x09, 0x42, 0xe8, 0x39, 0x08, 0x3a,
    0xe8, 0x39, 0xe9, 0x39, 0xe8, 0x39, 0xe8, 0x39, 0x08, 0x42, 0x09, 0x3a,
    0x09, 0x42, 0x09, 0x42, 0x29, 0x42, 0x29, 0x42, 0x29, 0x42, 0x09, 0x3a,
    0x09, 0x42, 0x29, 0x42, 0x29, 0x42, 0x09, 0x42, 0x09, 0x42, 0x29, 0x42,
    0x09, 0x42, 0x29, 0x42, 0x09, 0x42, 0x29, 0x42, 0x09, 0x42, 0x29, 0x42,
    0x09, 0x42, 0x09, 0x42, 0x29, 0x42, 0x29, 0x42, 0x29, 0x42, 0x29, 0x42,
    0x29, 0x42, 0x2a, 0x42, 0x29, 0x42, 0x29, 0x42, 0x29, 0x42, 0x29, 0x42,
    0x4a, 0x42, 0x29, 0x42, 0x29, 0x42, 0x4a, 0x4a, 0x49, 0x4a, 0x4a, 0x4a,
    0x2a, 0x42, 0x29, 0x42, 0x4a, 0x4a, 0x49, 0x42, 0x4a, 0x4a, 0x4a, 0x4a,
    0x29, 0x42, 0x29, 0x42, 0x4a, 0x4a, 0x4a, 0x4a, 0x4a, 0x4a, 0x49, 0x42,
    0x4a, 0x4a, 0x29, 0x42, 0x4a, 0x42, 0x4a, 0x4a, 0x49, 0x4a, 0x29, 0x42,
    0x2a, 0x42, 0x4a, 0x42, 0x49, 0x4a, 0x4a, 0x4a, 0x29, 0x42, 0x4a, 0x4a,
    0x4a, 0x42, 0x4a, 0x4a, 0x49, 0x42, 0x4a, 0x4a, 0x6a, 0x4a, 0x4a, 0x42,
    0x4a, 0x42, 0x4a, 0x4a, 0x4a, 0x4a, 0x4a, 0x4a, 0x4a, 0x4a, 0x4a, 0x4a,
    0x25, 0x21, 0x05, 0x21, 0x05, 0x21, 0x25, 0x21, 0x25, 0x21, 0x05, 0x21,
    0x25, 0x21, 0x25, 0x21, 0x05, 0x21, 0x25, 0x21, 0x25, 0x21, 0x25, 0x21,
    0x25, 0x21, 0x25, 0x21, 0x25, 0x21, 0x25, 0x21, 0x25, 0x21, 0x25, 0x21,
    0x25, 0x21, 0x25, 0x21, 0x25, 0x21, 0x25, 0x21, 0x25, 0x21, 0x25, 0x21,
    0x26, 0x29, 0x25, 0x21, 0x05, 0x21, 0x04, 0x21, 0x04, 0x19, 0x25, 0x21,
    0x04, 0x19, 0x05, 0x21, 0x04, 0x21, 0x05, 0x19, 0x25, 0x21, 0x25, 0x21,
    0x05, 0x21, 0x25, 0x21, 0x25, 0x21, 0x26, 0x21, 0x25, 0x29, 0x25, 0x21,
    0x25, 0x21, 0x25, 0x21, 0x25, 0x21, 0x25, 0x29, 0x26, 0x29, 0x25, 0x21,
    0x25, 0x21, 0x25, 0x21, 0x25, 0x21, 0x25, 0x21, 0x25, 0x21, 0x46, 0x29,
    0x26, 0x21, 0x25, 0x21, 0x25, 0x21, 0x46, 0x29, 0x66, 0x29, 0x66, 0x29,
    0x66, 0x29, 0x66, 0x29, 0x66, 0x29, 0x66, 0x29, 0x66, 0x29, 0x67, 0x31,
    0x66, 0x29, 0x66, 0x29, 0x66, 0x29, 0x67, 0x29, 0x67, 0x31, 0x66, 0x29,
    0x66, 0x29, 0x87, 0x31, 0x66, 0x29, 0x87, 0x31, 0x66, 0x29, 0x66, 0x29,
    0x67, 0x29, 0x87, 0x29, 0x66, 0x29, 0x87, 0x31, 0x87, 0x29, 0x86, 0x31,
    0x66, 0x29, 0x67, 0x29, 0x86, 0x29, 0x86, 0x31, 0x87, 0x31, 0x87, 0x31,
    0x87, 0x31, 0x86, 0x29, 0x87, 0x31, 0x87, 0x31, 0x87, 0x31, 0x87, 0x31,
    0x86, 0x29, 0x87, 0x31, 0x87, 0x31, 0x87, 0x31, 0x86, 0x29, 0xa7, 0x31,
    0x87, 0x31, 0x87, 0x31, 0x86, 0x31, 0x87, 0x31, 0x86, 0x29, 0xa7, 0x31,
    0xa7, 0x31, 0x86, 0x29, 0xa7, 0x31, 0xa7, 0x31, 0x87, 0x29, 0x87, 0x31,
    0xa7, 0x31, 0xa7, 0x31, 0x87, 0x31, 0xc7, 0x31, 0xc7, 0x31, 0xc8, 0x31,
    0xc8, 0x39, 0xa7, 0x31, 0xa7, 0x31, 0xc8, 0x39, 0xc8, 0x39, 0xc7, 0x31,
    0xc7, 0x31, 0xc8, 0x39, 0xa7, 0x31, 0xc7, 0x31, 0xc8, 0x39, 0xc7, 0x31,
    0xc8, 0x31, 0xc7, 0x39, 0xc8, 0x31, 0xe8, 0x39, 0xc8, 0x39, 0xc7, 0x31,
    0xe8, 0x39, 0xc7, 0x31, 0xc8, 0x39, 0xc7, 0x31, 0xe8, 0x39, 0xe8, 0x39,
    0xe8, 0x39, 0xe8, 0x39, 0xe8, 0x39, 0xe8, 0x39, 0xe8, 0x39, 0xe8, 0x39,
    0xe8, 0x39, 0xc8, 0x39, 0xe8, 0x39, 0xe8, 0x39, 0xe8, 0x39, 0xc8, 0x39,
    0xe9, 0x39, 0xe8, 0x39, 0x09, 0x42, 0xe8, 0x39, 0xe8, 0x39, 0xe8, 0x39,
    0xe8, 0x39, 0xe8, 0x41, 0x09, 0x42, 0x08, 0x3a, 0xe8, 0x39, 0x09, 0x42,
    0x09, 0x42, 0x08, 0x42, 0x29, 0x42, 0x09, 0x42, 0x08, 0x3a, 0x08, 0x42,
    0x29, 0x42, 0x09, 0x42, 0x09, 0x3a, 0x29, 0x42, 0x29, 0x42, 0x09, 0x42,
    0x09, 0x42, 0x09, 0x42, 0x29, 0x42, 0x09, 0x42, 0x2a, 0x42, 0x29, 0x42,
    0x29, 0x42, 0x29, 0x42, 0x2a, 0x42, 0x29, 0x42, 0x2a, 0x42, 0x29, 0x42,
    0x2a, 0x4a, 0x29, 0x42, 0x29, 0x42, 0x29, 0x42, 0x29, 0x42, 0x29, 0x42,
    0x29, 0x42, 0x2a, 0x4a, 0x29, 0x42, 0x29, 0x42, 0x29, 0x42, 0x29, 0x42,
    0x29, 0x42, 0x29, 0x42, 0x29, 0x42, 0x4a, 0x4a, 0x29, 0x42, 0x2a, 0x42,
    0x49, 0x42, 0x29, 0x42, 0x29, 0x42, 0x29, 0x42, 0x4a, 0x42, 0x29, 0x42,
    0x4a, 0x4a, 0x4a, 0x4a, 0x29, 0x42, 0x4a, 0x42, 0x4a, 0x42, 0x49, 0x4a,
    0x4a, 0x4a, 0x4a, 0x42, 0x49, 0x42, 0x4a, 0x4a, 0x4a, 0x4a, 0x49, 0x4a,
    0x4a, 0x4a, 0x4a, 0x4a, 0x4a, 0x4a, 0x49, 0x42, 0x4a, 0x4a, 0x4a, 0x4a,
    0x4a, 0x4a, 0x4a, 0x42, 0x6a, 0x4a, 0x49, 0x42, 0x4a, 0x4a, 0x6a, 0x4a,
    0x25, 0x21, 0x25, 0x21, 0x05, 0x21, 0x05, 0x21, 0x25, 0x21, 0x25, 0x21,
    0x25, 0x21, 0x25, 0x21, 0x25, 0x21, 0x25, 0x21, 0x25, 0x21, 0x25, 0x21,
    0x25, 0x21, 0x25, 0x21, 0x25, 0x21, 0x25, 0x21, 0x25, 0x21, 0x25, 0x21,
    0x25, 0x21, 0x46, 0x29, 0x25, 0x21, 0x26, 0x21, 0x25, 0x21, 0x25, 0x21,
    0x45, 0x21, 0x25, 0x21, 0x05, 0x21, 0x25, 0x21, 0x05, 0x21, 0x05, 0x21,
    0x05, 0x21, 0x24, 0x19, 0x05, 0x21, 0x25, 0x21, 0x25, 0x21, 0x05, 0x21,
    0x25, 0x21, 0x05, 0x21, 0x25, 0x21, 0x05, 0x21, 0x25, 0x21, 0x25, 0x21,
    0x05, 0x21, 0x25, 0x21, 0x25, 0x21, 0x25, 0x21, 0x25, 0x21, 0x25, 0x21,
    0x25, 0x21, 0x25, 0x21, 0x25, 0x21, 0x26, 0x21, 0x25, 0x21, 0x45, 0x29,
    0x45, 0x29, 0x25, 0x21, 0x46, 0x21, 0x25, 0x21, 0x46, 0x29, 0x46, 0x29,
    0x66, 0x29, 0x46, 0x29, 0x46, 0x29, 0x66, 0x29, 0x66, 0x29, 0x66, 0x29,
    0x66, 0x29, 0x67, 0x31, 0x66, 0x29, 0x66, 0x29, 0x66, 0x29, 0x66, 0x29,
    0x66, 0x29, 0x66, 0x29, 0x66, 0x29, 0x66, 0x29, 0x66, 0x29, 0x66, 0x29,
    0x66, 0x31, 0x87, 0x29, 0x66, 0x29, 0x66, 0x31, 0x87, 0x31, 0x87, 0x29,
    0x66, 0x31, 0x66, 0x29, 0x86, 0x29, 0x87, 0x31, 0x86, 0x29, 0x87, 0x31,
    0x87, 0x29, 0x87, 0x31, 0x87, 0x31, 0x86, 0x29, 0x86, 0x29, 0x66, 0x29,
    0x87, 0x31, 0x87, 0x31, 0x87, 0x31, 0x86, 0x29, 0x87, 0x31, 0x87, 0x31,
    0x86, 0x29, 0x86, 0x29, 0x87, 0x31, 0x87, 0x31, 0x87, 0x31, 0x87, 0x31,
    0x86, 0x29, 0x87, 0x31, 0x87, 0x31, 0x87, 0x31, 0x87, 0x31, 0x86, 0x31,
    0x86, 0x29, 0xa7, 0x31, 0xa7, 0x31, 0xa7, 0x31, 0xc8, 0x39, 0xc7, 0x39,
    0xa7, 0x31, 0xc8, 0x39, 0xc8, 0x39, 0xc8, 0x31, 0xa7, 0x31, 0xc7, 0x39,
    0xc8, 0x31, 0xc7, 0x39, 0xc8, 0x39, 0xc7, 0x31, 0xe8, 0x39, 0xc8, 0x39,
    0xc7, 0x39, 0xc8, 0x39, 0xc7, 0x31, 0xc8, 0x39, 0xe8, 0x39, 0xc8, 0x39,
    0xc8, 0x39, 0xe8, 0x39, 0xe8, 0x39, 0xc8, 0x39, 0xe8, 0x39, 0xe8, 0x39,
    0xe8, 0x39, 0xe8, 0x39, 0xe8, 0x39, 0xe8, 0x39, 0xe8, 0x39, 0xe8, 0x39,
    0xe8, 0x39, 0xe8, 0x39, 0xe8, 0x39, 0xe8, 0x39, 0x09, 0x42, 0xe8, 0x41,
    0xe8, 0x39, 0x09, 0x42, 0xe8, 0x39, 0xe8, 0x39, 0xe9, 0x39, 0x09, 0x42,
    0xe8, 0x39, 0xe8, 0x39, 0xe8, 0x39, 0xe8, 0x39, 0xe8, 0x39, 0x09, 0x42,
    0x09, 0x42, 0x08, 0x3a, 0x29, 0x42, 0x09, 0x3a, 0x08, 0x42, 0x29, 0x42,
    0x09, 0x42, 0x09, 0x42, 0x09, 0x42, 0x29, 0x42, 0x29, 0x42, 0x2a, 0x42,
    0x29, 0x42, 0x29, 0x42, 0x09, 0x42, 0x29, 0x42, 0x29, 0x42, 0x09, 0x42,
    0x29, 0x42, 0x29, 0x42, 0x29, 0x42, 0x29, 0x42, 0x29, 0x42, 0x09, 0x42,
    0x29, 0x42, 0x29, 0x42, 0x2a, 0x4a, 0x4a, 0x4a, 0x2a, 0x4a, 0x29, 0x42,
    0x29, 0x42, 0x29, 0x42, 0x4a, 0x4a, 0x4a, 0x42, 0x29, 0x42, 0x4a, 0x4a,
    0x2a, 0x42, 0x4a, 0x4a, 0x4a, 0x42, 0x29, 0x42, 0x2a, 0x42, 0x29, 0x42,
    0x2a, 0x4a, 0x4a, 0x4a, 0x4a, 0x4a, 0x4a, 0x42, 0x4a, 0x4a, 0x4a, 0x4a,
    0x29, 0x42, 0x49, 0x42, 0x4a, 0x4a, 0x4a, 0x4a, 0x29, 0x42, 0x4a, 0x4a,
    0x4a, 0x4a, 0x49, 0x42, 0x4a, 0x4a, 0x4a, 0x42, 0x4a, 0x42, 0x49, 0x42,
    0x4a, 0x4a, 0x4a, 0x4a, 0x49, 0x42, 0x4a, 0x4a, 0x4a, 0x42, 0x49, 0x42,
    0x4a, 0x4a, 0x49, 0x4a, 0x4a, 0x4a, 0x4a, 0x4a, 0x49, 0x42, 0x4a, 0x42,
    0x05, 0x21, 0x25, 0x21, 0x05, 0x21, 0x25, 0x21, 0x25, 0x21, 0x05, 0x21,
    0x25, 0x21, 0x05, 0x21, 0x25, 0x21, 0x05, 0x21, 0x25, 0x21, 0x25, 0x21,
    0x45, 0x21, 0x25, 0x21, 0x25, 0x21, 0x26, 0x29, 0x25, 0x21, 0x25, 0x21,
    0x26, 0x29, 0x25, 0x21, 0x25, 0x21, 0x46, 0x29, 0x25, 0x21, 0x25, 0x29,
    0x46, 0x21, 0x05, 0x21, 0x04, 0x19, 0x05, 0x21, 0x04, 0x19, 0x05, 0x21,
    0x04, 0x21, 0x05, 0x19, 0x05, 0x21, 0x25, 0x21, 0x25, 0x21, 0x25, 0x21,
    0x05, 0x21, 0x25, 0x21, 0x05, 0x21, 0x25, 0x21, 0x25, 0x21, 0x05, 0x21,
    0x25, 0x21, 0x05, 0x21, 0x25, 0x21, 0x25, 0x21, 0x26, 0x21, 0x25, 0x29,
    0x26, 0x21, 0x25, 0x21, 0x25, 0x29, 0x45, 0x21, 0x46, 0x29, 0x25, 0x21,
    0x25, 0x21, 0x25, 0x21, 0x45, 0x29, 0x45, 0x21, 0x46, 0x29, 0x66, 0x29,
    0x66, 0x29, 0x66, 0x29, 0x66, 0x29, 0x66, 0x29, 0x46, 0x29, 0x66, 0x29,
    0x66, 0x29, 0x46, 0x29, 0x66, 0x29, 0x66, 0x29, 0x87, 0x31, 0x66, 0x29,
    0x66, 0x29, 0x66, 0x29, 0x66, 0x29, 0x87, 0x31, 0x87, 0x29, 0x66, 0x29,
    0x66, 0x31, 0x66, 0x29, 0x86, 0x29, 0x66, 0x29, 0x66, 0x29, 0x86, 0x29,
    0x87, 0x31, 0x87, 0x31, 0x87, 0x31, 0x86, 0x29, 0x87, 0x31, 0x86, 0x29,
    0x86, 0x29, 0x66, 0x29, 0x87, 0x31, 0x87, 0x31, 0x86, 0x29, 0x87, 0x31,
    0x87, 0x31, 0x86, 0x29, 0x87, 0x29, 0x87, 0x31, 0x87, 0x31, 0x87, 0x31,
    0x86, 0x29, 0x87, 0x31, 0x87, 0x31, 0x86, 0x29, 0x87, 0x29, 0xa7, 0x31,
    0x86, 0x29, 0x87, 0x31, 0x87, 0x31, 0x86, 0x29, 0x87, 0x31, 0x87, 0x31,
    0xc7, 0x31, 0xc7, 0x31, 0xa7, 0x31, 0xc8, 0x39, 0xa7, 0x31, 0xa7, 0x31,
    0xa7, 0x31, 0xa7, 0x31, 0xc8, 0x39, 0xc7, 0x31, 0xc8, 0x39, 0xc8, 0x39,
    0xc7, 0x31, 0xc8, 0x31, 0xc7, 0x39, 0xc8, 0x39, 0xc8, 0x39, 0xc8, 0x39,
    0xc8, 0x31, 0xc8, 0x39, 0xc8, 0x39, 0xc7, 0x39, 0xc7, 0x31, 0xe8, 0x39,
    0xc7, 0x39, 0xc8, 0x39, 0xe8, 0x39, 0xc8, 0x39, 0xc8, 0x39, 0xe8, 0x39,
    0xe8, 0x39, 0xc8, 0x39, 0xc8, 0x39, 0xe8, 0x39, 0xe8, 0x39, 0xe8, 0x41,
    0xe8, 0x39, 0xe8, 0x39, 0xc8, 0x39, 0xe8, 0x39, 0xe8, 0x39, 0xe8, 0x39,
    0xe8, 0x39, 0xe8, 0x39, 0xe8, 0x39, 0xe8, 0x39, 0x08, 0x42, 0xe8, 0x39,
    0x09, 0x42, 0xe8, 0x39, 0x09, 0x3a, 0xe9, 0x41, 0xe8, 0x39, 0x08, 0x3a,
    0x09, 0x42, 0x09, 0x42, 0x08, 0x3a, 0x09, 0x42, 0x09, 0x42, 0x29, 0x42,
    0x09, 0x42, 0x09, 0x3a, 0x29, 0x42, 0x09, 0x42, 0x09, 0x42, 0x29, 0x42,
    0x29, 0x42, 0x29, 0x42, 0x2a, 0x42, 0x29, 0x42, 0x29, 0x42, 0x09, 0x42,
    0x2a, 0x42, 0x29, 0x42, 0x09, 0x42, 0x29, 0x42, 0x29, 0x42, 0x29, 0x42,
    0x2a, 0x42, 0x29, 0x42, 0x29, 0x42, 0x29, 0x42, 0x29, 0x42, 0x2a, 0x42,
    0x29, 0x42, 0x29, 0x42, 0x2a, 0x42, 0x29, 0x42, 0x29, 0x42, 0x29, 0x42,
    0x4a, 0x4a, 0x29, 0x42, 0x29, 0x4a, 0x29, 0x42, 0x29, 0x42, 0x4a, 0x4a,
    0x4a, 0x4a, 0x29, 0x42, 0x29, 0x42, 0x29, 0x42, 0x29, 0x42, 0x4a, 0x4a,
    0x29, 0x42, 0x4a, 0x42, 0x29, 0x42, 0x4a, 0x4a, 0x29, 0x42, 0x29, 0x42,
    0x4a, 0x4a, 0x29, 0x42, 0x4a, 0x4a, 0x29, 0x42, 0x4a, 0x4a, 0x29, 0x42,
    0x4a, 0x4a, 0x4a, 0x42, 0x29, 0x42, 0x4a, 0x4a, 0x29, 0x42, 0x4a, 0x42,
    0x4a, 0x4a, 0x49, 0x42, 0x4a, 0x42, 0x4a, 0x4a, 0x4a, 0x42, 0x4a, 0x4a,
    0x05, 0x21, 0x05, 0x21, 0x25, 0x21, 0x05, 0x21, 0x25, 0x21, 0x25, 0x21,
    0x25, 0x21, 0x25, 0x21, 0x05, 0x21, 0x25, 0x21, 0x25, 0x21, 0x25, 0x21,
    0x26, 0x21, 0x26, 0x21, 0x25, 0x29, 0x25, 0x21, 0x26, 0x21, 0x45, 0x29,
    0x25, 0x21, 0x25, 0x21, 0x25, 0x21, 0x25, 0x21, 0x25, 0x21, 0x25, 0x21,
    0x25, 0x21, 0x04, 0x21, 0x05, 0x21, 0x04, 0x19, 0x04, 0x19, 0x04, 0x19,
    0x05, 0x21, 0x05, 0x21, 0x04, 0x21, 0x05, 0x21, 0x25, 0x21, 0x04, 0x19,
    0x05, 0x21, 0x25, 0x21, 0x05, 0x21, 0x05, 0x21, 0x25, 0x21, 0x25, 0x21,
    0x05, 0x21, 0x25, 0x21, 0x25, 0x21, 0x25, 0x21, 0x25, 0x21, 0x25, 0x29,
    0x25, 0x21, 0x26, 0x21, 0x25, 0x21, 0x25, 0x21, 0x25, 0x21, 0x25, 0x21,
    0x26, 0x21, 0x46, 0x29, 0x25, 0x21, 0x46, 0x29, 0x25, 0x21, 0x66, 0x29,
    0x46, 0x29, 0x66, 0x29, 0x66, 0x29, 0x46, 0x29, 0x66, 0x29, 0x66, 0x29,
    0x66, 0x29, 0x66, 0x29, 0x67, 0x31, 0x66, 0x29, 0x66, 0x29, 0x87, 0x31,
    0x66, 0x29, 0x66, 0x29, 0x66, 0x29, 0x67, 0x31, 0x86, 0x31, 0x87, 0x31,
    0x87, 0x29, 0x66, 0x29, 0x87, 0x31, 0x87, 0x31, 0x86, 0x31, 0x87, 0x29,
    0x66, 0x29, 0x66, 0x29, 0x87, 0x31, 0x87, 0x31, 0x66, 0x29, 0x87, 0x31,
    0x87, 0x31, 0x86, 0x31, 0x86, 0x29, 0x87, 0x31, 0x86, 0x29, 0x87, 0x29,
    0x87, 0x31, 0x86, 0x29, 0x86, 0x31, 0x87, 0x31, 0x86, 0x29, 0xa7, 0x31,
    0x87, 0x31, 0x87, 0x31, 0x86, 0x31, 0x86, 0x29, 0x87, 0x31, 0x87, 0x31,
    0x86, 0x31, 0xa7, 0x31, 0x87, 0x29, 0xa6, 0x31, 0xa7, 0x31, 0xc7, 0x31,
    0xc8, 0x39, 0xa7, 0x31, 0xa7, 0x31, 0xc8, 0x39, 0xc8, 0x39, 0xa7, 0x31,
    0xc8, 0x31, 0xc8, 0x39, 0xc7, 0x39, 0xa7, 0x31, 0xc8, 0x39, 0xc8, 0x39,
    0xc8, 0x39, 0xa7, 0x31, 0xc8, 0x39, 0xc8, 0x39, 0xc7, 0x31, 0xc7, 0x31,
    0xc8, 0x39, 0xc8, 0x39, 0xe8, 0x39, 0xe8, 0x39, 0xc8, 0x39, 0xe8, 0x39,
    0xc8, 0x39, 0xc8, 0x31, 0xc7, 0x31, 0xc8, 0x39, 0xe8, 0x39, 0xc8, 0x39,
    0xe8, 0x39, 0xc8, 0x39, 0xe8, 0x39, 0xc8, 0x39, 0xe8, 0x39, 0xc8, 0x39,
    0xe8, 0x39, 0xe8, 0x39, 0xe8, 0x39, 0xe8, 0x39, 0xe8, 0x39, 0xe9, 0x39,
    0xe8, 0x39, 0xe8, 0x39, 0xe8, 0x39, 0xe9, 0x41, 0x08, 0x3a, 0xe8, 0x39,
    0xe8, 0x39, 0x08, 0x3a, 0xe8, 0x39, 0x09, 0x42, 0x08, 0x3a, 0xe8, 0x39,
    0x09, 0x42, 0x09, 0x42, 0x08, 0x3a, 0x29, 0x42, 0x09, 0x42, 0x29, 0x42,
    0x08, 0x3a, 0x08, 0x3a, 0x09, 0x42, 0x29, 0x42, 0x29, 0x42, 0x29, 0x42,
    0x09, 0x3a, 0x09, 0x42, 0x09, 0x42, 0x29, 0x42, 0x09, 0x42, 0x29, 0x42,
    0x29, 0x42, 0x29, 0x42, 0x2a, 0x42, 0x29, 0x42, 0x29, 0x42, 0x29, 0x42,
    0x29, 0x42, 0x29, 0x42, 0x29, 0x42, 0x2a, 0x42, 0x29, 0x42, 0x29, 0x42,
    0x29, 0x42, 0x2a, 0x4a, 0x29, 0x42, 0x29, 0x42, 0x4a, 0x4a, 0x29, 0x42,
    0x29, 0x42, 0x29, 0x42, 0x4a, 0x4a, 0x4a, 0x42, 0x29, 0x42, 0x29, 0x42,
    0x4a, 0x42, 0x49, 0x42, 0x4a, 0x4a, 0x4a, 0x4a, 0x29, 0x42, 0x4a, 0x4a,
    0x29, 0x42, 0x4a, 0x4a, 0x29, 0x42, 0x4a, 0x4a, 0x4a, 0x42, 0x29, 0x42,
    0x4a, 0x4a, 0x4a, 0x42, 0x49, 0x4a, 0x29, 0x42, 0x4a, 0x4a, 0x4a, 0x4a,
    0x4a, 0x42, 0x49, 0x42, 0x4a, 0x4a, 0x29, 0x42, 0x4a, 0x4a, 0x4a, 0x4a,
    0x4a, 0x4a, 0x49, 0x42, 0x29, 0x42, 0x4a, 0x4a, 0x49, 0x4a, 0x4a, 0x4a,
    0x25, 0x21, 0x25, 0x21, 0x25, 0x21, 0x05, 0x21, 0x05, 0x21, 0x25, 0x21,
    0x25, 0x21, 0x25, 0x21, 0x25, 0x21, 0x25, 0x21, 0x25, 0x21, 0x25, 0x21,
    0x25, 0x21, 0x25, 0x21, 0x25, 0x21, 0x25, 0x21, 0x45, 0x21, 0x26, 0x21,
    0x25, 0x21, 0x25, 0x21, 0x25, 0x29, 0x25, 0x21, 0x25, 0x21, 0x46, 0x29,
    0x25, 0x21, 0xe4, 0x18, 0x04, 0x21, 0x05, 0x21, 0x05, 0x21, 0x05, 0x21,
    0x04, 0x19, 0x04, 0x21, 0x05, 0x19, 0x05, 0x21, 0x05, 0x21, 0x25, 0x21,
    0x05, 0x21, 0x04, 0x21, 0x04, 0x19, 0x25, 0x21, 0x25, 0x21, 0x25, 0x21,
    0x25, 0x21, 0x05, 0x21, 0x25, 0x21, 0x25, 0x21, 0x25, 0x21, 0x25, 0x21,
    0x25, 0x21, 0x25, 0x21, 0x25, 0x21, 0x46, 0x29, 0x25, 0x21, 0x25, 0x21,
    0x25, 0x29, 0x46, 0x21, 0x46, 0x29, 0x25, 0x21, 0x25, 0x21, 0x46, 0x29,
    0x66, 0x29, 0x66, 0x29, 0x66, 0x29, 0x46, 0x29, 0x66, 0x29, 0x66, 0x29,
    0x66, 0x29, 0x66, 0x29, 0x66, 0x29, 0x66, 0x29, 0x86, 0x31, 0x66, 0x29,
    0x66, 0x29, 0x66, 0x29, 0x66, 0x29, 0x66, 0x29, 0x66, 0x29, 0x87, 0x31,
    0x66, 0x29, 0x66, 0x29, 0x87, 0x31, 0x66, 0x29, 0x66, 0x29, 0x87, 0x31,
    0x86, 0x31, 0x66, 0x29, 0x66, 0x29, 0x66, 0x29, 0x86, 0x29, 0x87, 0x31,
    0x87, 0x31, 0x66, 0x29, 0x86, 0x29, 0x87, 0x31, 0x66, 0x31, 0x86, 0x29,
    0x87, 0x31, 0x87, 0x31, 0x86, 0x31, 0x87, 0x31, 0x87, 0x31, 0xa7, 0x31,
    0x86, 0x29, 0x87, 0x31, 0x86, 0x29, 0x87, 0x29, 0x87, 0x31, 0xa7, 0x31,
    0x86, 0x29, 0xa7, 0x31, 0x87, 0x31, 0xa7, 0x31, 0xa7, 0x31, 0xa7, 0x31,
    0xa7, 0x31, 0xa7, 0x31, 0xc8, 0x39, 0xc8, 0x31, 0xa7, 0x31, 0xc8, 0x39,
    0xc7, 0x31, 0xa7, 0x31, 0xc8, 0x39, 0xc7, 0x31, 0xa7, 0x31, 0xa7, 0x31,
    0xc8, 0x39, 0xc8, 0x39, 0xc7, 0x31, 0xc8, 0x31, 0xc8, 0x39, 0xc8, 0x39,
    0xc7, 0x39, 0xc7, 0x31, 0xc8, 0x31, 0xc7, 0x31, 0xc7, 0x31, 0xc8, 0x39,
    0xc8, 0x39, 0xe8, 0x39, 0xc7, 0x31, 0xe8, 0x39, 0xc8, 0x39, 0xe8, 0x39,
    0xc8, 0x39, 0xe8, 0x39, 0xe8, 0x39, 0xe8, 0x39, 0xe8, 0x39, 0xe8, 0x39,
    0xe8, 0x39, 0xe8, 0x39, 0xe8, 0x39, 0xe8, 0x39, 0xe8, 0x39, 0xe8, 0x39,
    0xe8, 0x39, 0xe8, 0x39, 0xe9, 0x41, 0xe8, 0x39, 0xe8, 0x39, 0xe9, 0x39,
    0xe8, 0x41, 0x09, 0x42, 0xe8, 0x39, 0xe8, 0x39, 0xe8, 0x39, 0x08, 0x42,
    0x09, 0x42, 0x09, 0x3a, 0x09, 0x42, 0x08, 0x3a, 0x09, 0x42, 0x08, 0x3a,
    0x29, 0x42, 0x09, 0x42, 0x09, 0x42, 0x29, 0x42, 0x09, 0x42, 0x09, 0x42,
    0x29, 0x42, 0x29, 0x42, 0x09, 0x42, 0x29, 0x42, 0x29, 0x42, 0x29, 0x42,
    0x29, 0x42, 0x09, 0x42, 0x29, 0x42, 0x29, 0x42, 0x29, 0x42, 0x09, 0x42,
    0x2a, 0x42, 0x29, 0x42, 0x09, 0x42, 0x2a, 0x4a, 0x29, 0x42, 0x29, 0x42,
    0x2a, 0x42, 0x29, 0x42, 0x29, 0x42, 0x29, 0x42, 0x29, 0x42, 0x2a, 0x42,
    0x2a, 0x42, 0x4a, 0x4a, 0x29, 0x42, 0x4a, 0x42, 0x4a, 0x4a, 0x29, 0x42,
    0x29, 0x42, 0x29, 0x42, 0x2a, 0x42, 0x4a, 0x42, 0x4a, 0x4a, 0x29, 0x42,
    0x29, 0x42, 0x4a, 0x42, 0x4a, 0x4a, 0x29, 0x42, 0x4a, 0x42, 0x4a, 0x4a,
    0x29, 0x42, 0x29, 0x42, 0x2a, 0x42, 0x4a, 0x42, 0x49, 0x4a, 0x4a, 0x4a,
    0x49, 0x42, 0x4a, 0x4a, 0x29, 0x42, 0x4a, 0x4a, 0x49, 0x42, 0x4a, 0x4a,
    0x49, 0x42, 0x4a, 0x4a, 0x2a, 0x4a, 0x49, 0x42, 0x4a, 0x42, 0x4a, 0x4a,
    0x25, 0x21, 0x05, 0x21, 0x05, 0x19, 0x25, 0x21, 0x25, 0x21, 0x25, 0x21,
    0x25, 0x21, 0x25, 0x21, 0x25, 0x21, 0x25, 0x21, 0x25, 0x21, 0x26, 0x21,
    0x25, 0x21, 0x25, 0x21, 0x46, 0x29, 0x25, 0x21, 0x25, 0x21, 0x25, 0x21,
    0x46, 0x29, 0x46, 0x29, 0x46, 0x29, 0x46, 0x21, 0x26, 0x29, 0x25, 0x21,
    0x05, 0x21, 0xe4, 0x18, 0x04, 0x19, 0x05, 0x21, 0x05, 0x21, 0x04, 0x21,
    0x05, 0x21, 0x05, 0x21, 0x25, 0x21, 0x25, 0x21, 0x04, 0x19, 0x05, 0x21,
    0x25, 0x21, 0x05, 0x21, 0x25, 0x21, 0x05, 0x21, 0x05, 0x21, 0x25, 0x21,
    0x25, 0x21, 0x25, 0x21, 0x25, 0x21, 0x25, 0x21, 0x25, 0x21, 0x25, 0x21,
    0x25, 0x21, 0x25, 0x21, 0x25, 0x21, 0x25, 0x21, 0x25, 0x21, 0x25, 0x21,
    0x25, 0x21, 0x45, 0x21, 0x25, 0x21, 0x46, 0x29, 0x45, 0x21, 0x45, 0x29,
    0x66, 0x29, 0x46, 0x29, 0x66, 0x29, 0x66, 0x29, 0x66, 0x29, 0x66, 0x29,
    0x66, 0x29, 0x66, 0x29, 0x66, 0x29, 0x66, 0x29, 0x66, 0x29, 0x66, 0x29,
    0x67, 0x29, 0x66, 0x29, 0x66, 0x29, 0x66, 0x29, 0x66, 0x29, 0x66, 0x29,
    0x66, 0x29, 0x66, 0x29, 0x87, 0x31, 0x86, 0x29, 0x66, 0x29, 0x66, 0x29,
    0x87, 0x29, 0x87, 0x31, 0x86, 0x29, 0x66, 0x29, 0x87, 0x31, 0x86, 0x29,
    0x66, 0x29, 0x87, 0x29, 0x87, 0x31, 0x66, 0x29, 0x87, 0x31, 0x87, 0x31,
    0x87, 0x29, 0x86, 0x31, 0x86, 0x29, 0x87, 0x29, 0x86, 0x29, 0x86, 0x31,
    0x87, 0x29, 0x87, 0x31, 0x87, 0x31, 0x87, 0x31, 0x87, 0x31, 0x87, 0x31,
    0xa7, 0x31, 0x87, 0x31, 0xa7, 0x31, 0xc7, 0x31, 0xa8, 0x31, 0xc8, 0x39,
    0xa7, 0x31, 0xa7, 0x31, 0xc8, 0x39, 0xa7, 0x31, 0xc7, 0x39, 0xa7, 0x31,
    0xa7, 0x31, 0xc8, 0x39, 0xa7, 0x31, 0xa7, 0x31, 0xc8, 0x39, 0xc7, 0x31,
    0xc7, 0x31, 0xc8, 0x39, 0xc8, 0x39, 0xc7, 0x31, 0xc8, 0x39, 0xc8, 0x39,
    0xc8, 0x39, 0xc7, 0x31, 0xc7, 0x39, 0xc8, 0x39, 0xc8, 0x39, 0xe8, 0x39,
    0xc8, 0x39, 0xe8, 0x39, 0xe8, 0x39, 0xc7, 0x31, 0xc8, 0x39, 0xc8, 0x39,
    0xe8, 0x39, 0xe8, 0x39, 0xe8, 0x39, 0xe8, 0x39, 0xc8, 0x39, 0xe8, 0x39,
    0xe8, 0x39, 0xc8, 0x39, 0xe8, 0x39, 0xe9, 0x41, 0xe8, 0x39, 0xe8, 0x39,
    0xe8, 0x41, 0xe8, 0x39, 0xe8, 0x39, 0xe8, 0x39, 0xe8, 0x39, 0xe8, 0x39,
    0x09, 0x42, 0x08, 0x3a, 0xe9, 0x41, 0xe8, 0x39, 0x09, 0x3a, 0x08, 0x42,
    0x08, 0x3a, 0x09, 0x42, 0x09, 0x42, 0x29, 0x42, 0x09, 0x42, 0x09, 0x42,
    0x09, 0x42, 0x09, 0x42, 0x29, 0x42, 0x09, 0x3a, 0x09, 0x42, 0x29, 0x42,
    0x29, 0x42, 0x2a, 0x42, 0x29, 0x42, 0x29, 0x42, 0x09, 0x42, 0x29, 0x42,
    0x09, 0x42, 0x09, 0x42, 0x29, 0x42, 0x2a, 0x4a, 0x29, 0x42, 0x29, 0x42,
    0x09, 0x42, 0x29, 0x42, 0x29, 0x42, 0x29, 0x42, 0x29, 0x42, 0x29, 0x42,
    0x29, 0x42, 0x2a, 0x4a, 0x29, 0x42, 0x29, 0x42, 0x29, 0x42, 0x2a, 0x4a,
    0x49, 0x4a, 0x29, 0x42, 0x4a, 0x4a, 0x29, 0x42, 0x29, 0x42, 0x2a, 0x4a,
    0x4a, 0x4a, 0x29, 0x42, 0x29, 0x42, 0x4a, 0x4a, 0x49, 0x42, 0x29, 0x42,
    0x4a, 0x4a, 0x4a, 0x4a, 0x49, 0x42, 0x29, 0x42, 0x4a, 0x4a, 0x49, 0x4a,
    0x4a, 0x4a, 0x4a, 0x4a, 0x4a, 0x4a, 0x4a, 0x42, 0x29, 0x42, 0x4a, 0x4a,
    0x29, 0x42, 0x4a, 0x4a, 0x4a, 0x4a, 0x4a, 0x42, 0x29, 0x42, 0x4a, 0x4a,
    0x4a, 0x4a, 0x4a, 0x42, 0x4a, 0x4a, 0x4a, 0x4a, 0x4a, 0x42, 0x49, 0x42,
    0x05, 0x21, 0x25, 0x21, 0x25, 0x21, 0x05, 0x21, 0x05, 0x21, 0x25, 0x21,
    0x25, 0x21, 0x25, 0x21, 0x25, 0x21, 0x26, 0x21, 0x25, 0x21, 0x25, 0x29,
    0x26, 0x29, 0x25, 0x21, 0x25, 0x21, 0x46, 0x29, 0x25, 0x29, 0x46, 0x29,
    0x25, 0x21, 0x25, 0x21, 0x25, 0x21, 0x46, 0x21, 0x45, 0x29, 0x25, 0x21,
    0x25, 0x21, 0x05, 0x21, 0xe4, 0x18, 0xe4, 0x18, 0xe4, 0x18, 0xe4, 0x18,
    0x05, 0x21, 0x04, 0x19, 0x05, 0x21, 0x04, 0x21, 0x04, 0x19, 0x05, 0x19,
    0x05, 0x21, 0x25, 0x21, 0x05, 0x21, 0x05, 0x21, 0x25, 0x21, 0x25, 0x21,
    0x05, 0x21, 0x25, 0x21, 0x05, 0x21, 0x25, 0x21, 0x25, 0x21, 0x25, 0x21,
    0x25, 0x21, 0x25, 0x21, 0x25, 0x21, 0x25, 0x21, 0x26, 0x29, 0x25, 0x21,
    0x25, 0x21, 0x25, 0x21, 0x25, 0x29, 0x26, 0x21, 0x25, 0x21, 0x25, 0x21,
    0x46, 0x29, 0x66, 0x29, 0x66, 0x29, 0x66, 0x29, 0x66, 0x29, 0x46, 0x29,
    0x46, 0x29, 0x66, 0x29, 0x46, 0x29, 0x66, 0x29, 0x66, 0x29, 0x66, 0x29,
    0x67, 0x31, 0x66, 0x29, 0x66, 0x31, 0x67, 0x29, 0x66, 0x29, 0x87, 0x31,
    0x66, 0x29, 0x86, 0x29, 0x87, 0x31, 0x66, 0x29, 0x87, 0x31, 0x66, 0x29,
    0x66, 0x29, 0x87, 0x31, 0x87, 0x31, 0x86, 0x29, 0x87, 0x31, 0x87, 0x31,
    0x66, 0x29, 0x87, 0x31, 0x87, 0x31, 0x86, 0x29, 0x87, 0x29, 0x86, 0x31,
    0x86, 0x29, 0x66, 0x29, 0x87, 0x31, 0xa7, 0x31, 0x87, 0x31, 0xa7, 0x31,
    0x87, 0x31, 0x86, 0x29, 0x86, 0x31, 0xa7, 0x31, 0x87, 0x31, 0x86, 0x29,
    0xa7, 0x31, 0xa7, 0x31, 0xa7, 0x31, 0xc7, 0x31, 0xa7, 0x39, 0xc8, 0x39,
    0xa7, 0x31, 0xa7, 0x31, 0xc7, 0x31, 0xc8, 0x39, 0xa7, 0x31, 0xc8, 0x39,
    0xa7, 0x31, 0xc8, 0x39, 0xc8, 0x39, 0xc8, 0x31, 0xc8, 0x39, 0xa7, 0x31,
    0xc7, 0x31, 0xc8, 0x39, 0xa7, 0x31, 0xa7, 0x31, 0xc7, 0x31, 0xc8, 0x39,
    0xc8, 0x31, 0xc8, 0x39, 0xc8, 0x39, 0xc8, 0x39, 0xc8, 0x31, 0xc8, 0x39,
    0xc7, 0x39, 0xc8, 0x39, 0xc8, 0x39, 0xe8, 0x39, 0xe8, 0x39, 0xc8, 0x39,
    0xe8, 0x39, 0xc7, 0x31, 0xc8, 0x39, 0xc8, 0x39, 0xc8, 0x39, 0xe8, 0x39,
    0xe8, 0x39, 0xe8, 0x39, 0xe8, 0x39, 0xe8, 0x39, 0xe8, 0x39, 0xe9, 0x39,
    0xe8, 0x39, 0xe8, 0x39, 0xe8, 0x39, 0xe8, 0x39, 0xe8, 0x39, 0xe8, 0x39,
    0xe8, 0x39, 0xe8, 0x39, 0xe8, 0x39, 0x09, 0x42, 0xe8, 0x39, 0xe8, 0x39,
    0x09, 0x42, 0x09, 0x42, 0x08, 0x42, 0x09, 0x42, 0x09, 0x42, 0x29, 0x42,
    0x08, 0x3a, 0x08, 0x3a, 0x09, 0x42, 0x29, 0x42, 0x29, 0x42, 0x09, 0x42,
    0x09, 0x42, 0x29, 0x42, 0x29, 0x42, 0x29, 0x42, 0x09, 0x42, 0x29, 0x42,
    0x09, 0x42, 0x29, 0x42, 0x09, 0x42, 0x09, 0x42, 0x2a, 0x42, 0x29, 0x42,
    0x29, 0x42, 0x29, 0x42, 0x29, 0x42, 0x2a, 0x42, 0x2a, 0x4a, 0x29, 0x42,
    0x29, 0x42, 0x2a, 0x42, 0x4a, 0x4a, 0x29, 0x42, 0x29, 0x42, 0x29, 0x42,
    0x29, 0x42, 0x4a, 0x42, 0x29, 0x42, 0x29, 0x42, 0x29, 0x42, 0x29, 0x42,
    0x29, 0x42, 0x4a, 0x4a, 0x29, 0x42, 0x29, 0x4a, 0x29, 0x42, 0x4a, 0x42,
    0x4a, 0x4a, 0x4a, 0x4a, 0x2a, 0x42, 0x4a, 0x4a, 0x2a, 0x42, 0x29, 0x42,
    0x4a, 0x42, 0x29, 0x42, 0x29, 0x4a, 0x29, 0x42, 0x4a, 0x4a, 0x29, 0x42,
    0x4a, 0x42, 0x29, 0x42, 0x4a, 0x4a, 0x2a, 0x42, 0x49, 0x42, 0x29, 0x42,
    0x4a, 0x4a, 0x29, 0x42, 0x49, 0x42, 0x4a, 0x4a, 0x4a, 0x4a, 0x4a, 0x42,
    0x25, 0x21, 0x25, 0x21, 0x25, 0x21, 0x25, 0x21, 0x25, 0x21, 0x05, 0x21,
    0x25, 0x21, 0x05, 0x21, 0x05, 0x21, 0x25, 0x21, 0x25, 0x21, 0x25, 0x21,
    0x25, 0x21, 0x25, 0x21, 0x26, 0x21, 0x25, 0x21, 0x25, 0x21, 0x26, 0x21,
    0x46, 0x21, 0x25, 0x21, 0x26, 0x21, 0x46, 0x29, 0x05, 0x21, 0xe4, 0x18,
    0x25, 0x21, 0x25, 0x21, 0x05, 0x21, 0xe4, 0x20, 0xe4, 0x18, 0xe4, 0x18,
    0x05, 0x21, 0x04, 0x19, 0x05, 0x21, 0x05, 0x19, 0x04, 0x21, 0x05, 0x21,
    0x04, 0x19, 0x04, 0x21, 0x05, 0x19, 0x05, 0x21, 0x04, 0x21, 0x05, 0x21,
    0x25, 0x21, 0x05, 0x21, 0x05, 0x21, 0x25, 0x21, 0x05, 0x21, 0x25, 0x21,
    0x26, 0x29, 0x25, 0x21, 0x25, 0x21, 0x25, 0x21, 0x25, 0x21, 0x26, 0x29,
    0x25, 0x21, 0x25, 0x21, 0x25, 0x21, 0x25, 0x21, 0x25, 0x21, 0x46, 0x21,
    0x25, 0x21, 0x66, 0x29, 0x66, 0x29, 0x66, 0x29, 0x66, 0x29, 0x66, 0x29,
    0x66, 0x29, 0x66, 0x29, 0x66, 0x29, 0x66, 0x29, 0x67, 0x29, 0x66, 0x29,
    0x66, 0x29, 0x66, 0x29, 0x66, 0x29, 0x66, 0x29, 0x66, 0x29, 0x66, 0x29,
    0x66, 0x29, 0x87, 0x31, 0x66, 0x29, 0x87, 0x31, 0x86, 0x29, 0x87, 0x31,
    0x66, 0x29, 0x66, 0x29, 0x66, 0x29, 0x86, 0x29, 0x87, 0x31, 0x87, 0x31,
    0x86, 0x29, 0x86, 0x31, 0x87, 0x31, 0x86, 0x29, 0x87, 0x31, 0x87, 0x31,
    0x66, 0x29, 0x87, 0x31, 0x87, 0x31, 0x87, 0x31, 0x86, 0x29, 0x87, 0x31,
    0x87, 0x31, 0x86, 0x29, 0xa7, 0x31, 0x87, 0x31, 0x87, 0x29, 0xa7, 0x31,
    0xa7, 0x31, 0xa7, 0x31, 0xa7, 0x31, 0xa8, 0x31, 0xc7, 0x31, 0xa7, 0x31,
    0xc8, 0x39, 0xa7, 0x31, 0xa7, 0x31, 0xa7, 0x31, 0xa7, 0x31, 0xc8, 0x31,
    0xc8, 0x39, 0xc7, 0x39, 0xa7, 0x31, 0xa7, 0x31, 0xc7, 0x39, 0xc8, 0x39,
    0xc8, 0x39, 0xc8, 0x39, 0xc7, 0x39, 0xc8, 0x39, 0xc7, 0x31, 0xe8, 0x39,
    0xc8, 0x39, 0xc7, 0x31, 0xc7, 0x39, 0xc7, 0x31, 0xc8, 0x39, 0xc8, 0x39,
    0xc8, 0x31, 0xc8, 0x39, 0xe8, 0x39, 0xc8, 0x39, 0xc7, 0x31, 0xe8, 0x39,
    0xc8, 0x39, 0xe8, 0x39, 0xc8, 0x39, 0xe8, 0x39, 0xe8, 0x39, 0xe8, 0x39,
    0xc8, 0x39, 0xe8, 0x39, 0xe8, 0x39, 0xe8, 0x39, 0xe8, 0x39, 0xe8, 0x39,
    0xe8, 0x39, 0xe9, 0x41, 0x09, 0x42, 0xe8, 0x39, 0x09, 0x42, 0x09, 0x42,
    0xe8, 0x39, 0x08, 0x3a, 0x09, 0x42, 0xe8, 0x39, 0x08, 0x3a, 0xe8, 0x39,
    0x09, 0x42, 0x08, 0x3a, 0x29, 0x42, 0x09, 0x3a, 0x08, 0x3a, 0x09, 0x42,
    0x09, 0x42, 0x29, 0x42, 0x09, 0x42, 0x29, 0x42, 0x09, 0x3a, 0x29, 0x42,
    0x09, 0x42, 0x09, 0x3a, 0x09, 0x42, 0x29, 0x42, 0x09, 0x42, 0x09, 0x42,
    0x2a, 0x42, 0x29, 0x42, 0x09, 0x42, 0x29, 0x42, 0x29, 0x42, 0x2a, 0x42,
    0x29, 0x42, 0x29, 0x42, 0x2a, 0x4a, 0x29, 0x42, 0x29, 0x42, 0x29, 0x42,
    0x29, 0x42, 0x29, 0x42, 0x29, 0x42, 0x2a, 0x42, 0x2a, 0x42, 0x29, 0x42,
    0x29, 0x42, 0x4a, 0x4a, 0x29, 0x42, 0x4a, 0x4a, 0x4a, 0x4a, 0x29, 0x42,
    0x4a, 0x42, 0x4a, 0x4a, 0x2a, 0x42, 0x29, 0x42, 0x4a, 0x4a, 0x29, 0x42,
    0x49, 0x42, 0x29, 0x42, 0x4a, 0x4a, 0x29, 0x42, 0x4a, 0x4a, 0x4a, 0x4a,
    0x29, 0x42, 0x4a, 0x42, 0x4a, 0x4a, 0x29, 0x42, 0x4a, 0x42, 0x29, 0x4a,
    0x4a, 0x4a, 0x49, 0x42, 0x29, 0x42, 0x4a, 0x4a, 0x29, 0x42, 0x4a, 0x4a,
    0x29, 0x42, 0x4a, 0x4a, 0x4a, 0x42, 0x4a, 0x4a, 0x4a, 0x4a, 0x49, 0x42,
    0x25, 0x21, 0x05, 0x21, 0x05, 0x21, 0x25, 0x21, 0x25, 0x21, 0x25, 0x21,
    0x26, 0x21, 0x25, 0x21, 0x25, 0x21, 0x25, 0x21, 0x25, 0x21, 0x25, 0x21,
    0x26, 0x21, 0x46, 0x29, 0x25, 0x21, 0x45, 0x29, 0x25, 0x21, 0x25, 0x21,
    0x25, 0x21, 0x46, 0x29, 0x25, 0x21, 0x04, 0x21, 0xe4, 0x18, 0xe4, 0x18,
    0x05, 0x21, 0x45, 0x21, 0x25, 0x21, 0x46, 0x29, 0x25, 0x21, 0x05, 0x21,
    0xe4, 0x18, 0xe4, 0x18, 0xe4, 0x20, 0xe4, 0x18, 0x05, 0x21, 0x05, 0x21,
    0x04, 0x19, 0x05, 0x21, 0x04, 0x19, 0x05, 0x19, 0x04, 0x21, 0x05, 0x21,
    0x25, 0x21, 0x04, 0x19, 0x25, 0x21, 0x25, 0x21, 0x05, 0x21, 0x25, 0x21,
    0x05, 0x21, 0x25, 0x21, 0x25, 0x21, 0x25, 0x21, 0x25, 0x21, 0x25, 0x21,
    0x25, 0x21, 0x25, 0x21, 0x25, 0x21, 0x25, 0x21, 0x46, 0x29, 0x25, 0x21,
    0x25, 0x21, 0x46, 0x29, 0x66, 0x29, 0x66, 0x29, 0x66, 0x29, 0x66, 0x29,
    0x66, 0x29, 0x66, 0x29, 0x66, 0x29, 0x67, 0x31, 0x66, 0x29, 0x66, 0x29,
    0x66, 0x31, 0x87, 0x29, 0x66, 0x29, 0x66, 0x29, 0x66, 0x29, 0x87, 0x31,
    0x66, 0x29, 0x86, 0x29, 0x66, 0x31, 0x66, 0x29, 0x66, 0x29, 0x87, 0x31,
    0x86, 0x29, 0x66, 0x31, 0x87, 0x29, 0x87, 0x31, 0x86, 0x31, 0x87, 0x31,
    0x87, 0x29, 0x87, 0x31, 0x86, 0x29, 0x87, 0x31, 0x86, 0x29, 0x87, 0x29,
    0x66, 0x29, 0x87, 0x31, 0x87, 0x29, 0x87, 0x31, 0xa7, 0x31, 0x86, 0x29,
    0x87, 0x31, 0x87, 0x31, 0xa7, 0x31, 0x86, 0x29, 0xa7, 0x31, 0xa7, 0x31,
    0xa7, 0x31, 0xa7, 0x31, 0xa7, 0x39, 0xa7, 0x31, 0xa7, 0x31, 0xa7, 0x31,
    0xc8, 0x39, 0xa7, 0x31, 0xa7, 0x31, 0xc8, 0x39, 0xc7, 0x39, 0xc8, 0x31,
    0xa7, 0x31, 0xc7, 0x39, 0xc8, 0x31, 0xc8, 0x39, 0xa7, 0x31, 0xc8, 0x39,
    0xc7, 0x31, 0xa7, 0x31, 0xc8, 0x39, 0xc8, 0x31, 0xc7, 0x39, 0xc8, 0x39,
    0xc8, 0x39, 0xc7, 0x31, 0xc8, 0x39, 0xc8, 0x39, 0xc8, 0x39, 0xc7, 0x31,
    0xe8, 0x39, 0xe8, 0x39, 0xc7, 0x39, 0xc8, 0x31, 0xc8, 0x39, 0xc8, 0x39,
    0xe8, 0x39, 0xc8, 0x39, 0xc8, 0x39, 0xc8, 0x39, 0xe8, 0x39, 0xe8, 0x39,
    0xe8, 0x39, 0xe8, 0x39, 0xe8, 0x39, 0xe8, 0x39, 0xc8, 0x39, 0xe8, 0x39,
    0xc8, 0x39, 0xe8, 0x39, 0xe8, 0x39, 0xe8, 0x39, 0xe8, 0x39, 0xe8, 0x39,
    0xe8, 0x39, 0xe8, 0x39, 0x09, 0x42, 0x09, 0x42, 0xe8, 0x39, 0x09, 0x42,
    0x09, 0x42, 0x09, 0x42, 0x08, 0x3a, 0x09, 0x42, 0x09, 0x42, 0x08, 0x3a,
    0x09, 0x42, 0x09, 0x42, 0x08, 0x3a, 0x09, 0x42, 0x29, 0x42, 0x08, 0x42,
    0x09, 0x42, 0x09, 0x42, 0x29, 0x42, 0x09, 0x3a, 0x29, 0x42, 0x29, 0x42,
    0x29, 0x42, 0x09, 0x42, 0x29, 0x42, 0x29, 0x42, 0x09, 0x42, 0x09, 0x42,
    0x29, 0x42, 0x2a, 0x42, 0x09, 0x42, 0x29, 0x42, 0x29, 0x42, 0x29, 0x42,
    0x29, 0x42, 0x2a, 0x4a, 0x29, 0x42, 0x29, 0x42, 0x29, 0x42, 0x29, 0x42,
    0x2a, 0x4a, 0x29, 0x42, 0x29, 0x42, 0x4a, 0x4a, 0x29, 0x42, 0x29, 0x42,
    0x29, 0x42, 0x4a, 0x4a, 0x29, 0x42, 0x4a, 0x42, 0x4a, 0x4a, 0x29, 0x42,
    0x4a, 0x4a, 0x4a, 0x4a, 0x29, 0x42, 0x29, 0x42, 0x49, 0x42, 0x4a, 0x4a,
    0x29, 0x42, 0x4a, 0x4a, 0x4a, 0x4a, 0x49, 0x42, 0x29, 0x42, 0x2a, 0x42,
    0x29, 0x42, 0x4a, 0x4a, 0x29, 0x42, 0x4a, 0x4a, 0x4a, 0x42, 0x29, 0x42,
    0x4a, 0x4a, 0x4a, 0x42, 0x49, 0x4a, 0x29, 0x42, 0x4a, 0x4a, 0x4a, 0x4a,
    0x05, 0x21, 0x05, 0x21, 0x25, 0x21, 0x25, 0x21, 0x25, 0x21, 0x05, 0x21,
    0x25, 0x21, 0x25, 0x21, 0x25, 0x21, 0x25, 0x21, 0x25, 0x21, 0x25, 0x21,
    0x25, 0x21, 0x25, 0x21, 0x25, 0x21, 0x25, 0x21, 0x46, 0x29, 0x25, 0x21,
    0x46, 0x29, 0x25, 0x21, 0xe4, 0x20, 0x05, 0x21, 0xe4, 0x18, 0xe4, 0x18,
    0x05, 0x21, 0x46, 0x29, 0x46, 0x29, 0x25, 0x21, 0x46, 0x21, 0x25, 0x21,
    0x05, 0x21, 0xe4, 0x18, 0xe4, 0x18, 0x04, 0x21, 0x04, 0x19, 0xe4, 0x18,
    0x05, 0x21, 0x04, 0x19, 0x04, 0x21, 0x05, 0x21, 0x05, 0x19, 0x25, 0x21,
    0x25, 0x21, 0x05, 0x21, 0x05, 0x21, 0x05, 0x21, 0x25, 0x21, 0x05, 0x21,
    0x25, 0x21, 0x25, 0x21, 0x25, 0x21, 0x25, 0x21, 0x25, 0x21, 0x25, 0x21,
    0x25, 0x21, 0x25, 0x21, 0x25, 0x21, 0x25, 0x29, 0x25, 0x21, 0x25, 0x21,
    0x46, 0x29, 0x46, 0x29, 0x66, 0x29, 0x66, 0x29, 0x46, 0x29, 0x66, 0x29,
    0x46, 0x29, 0x66, 0x29, 0x66, 0x29, 0x66, 0x29, 0x66, 0x29, 0x66, 0x29,
    0x66, 0x29, 0x66, 0x31, 0x87, 0x29, 0x66, 0x31, 0x66, 0x31, 0x87, 0x31,
    0x87, 0x29, 0x66, 0x29, 0x87, 0x31, 0x87, 0x31, 0x87, 0x29, 0x66, 0x29,
    0x87, 0x31, 0x87, 0x31, 0x66, 0x29, 0x87, 0x29, 0x86, 0x31, 0x87, 0x29,
    0x87, 0x31, 0x86, 0x29, 0x87, 0x31, 0x87, 0x31, 0x86, 0x31, 0x87, 0x31,
    0x87, 0x31, 0x86, 0x31, 0x86, 0x29, 0x87, 0x31, 0x86, 0x29, 0x86, 0x29,
    0x87, 0x31, 0x87, 0x31, 0xa7, 0x31, 0xa7, 0x31, 0xa7, 0x31, 0xa7, 0x31,
    0xa7, 0x31, 0xa7, 0x31, 0xa7, 0x31, 0xc8, 0x39, 0xa7, 0x31, 0xa7, 0x31,
    0xa7, 0x31, 0xa7, 0x31, 0xc8, 0x39, 0xa7, 0x31, 0xa7, 0x31, 0xa7, 0x31,
    0xa7, 0x31, 0xc8, 0x39, 0xa7, 0x31, 0xc7, 0x31, 0xa7, 0x31, 0xc8, 0x39,
    0xc8, 0x39, 0xa7, 0x31, 0xc8, 0x39, 0xa7, 0x31, 0xa7, 0x31, 0xc8, 0x39,
    0xc8, 0x31, 0xc7, 0x31, 0xc8, 0x39, 0xc7, 0x31, 0xc8, 0x31, 0xc7, 0x39,
    0xc8, 0x39, 0xc8, 0x39, 0xe8, 0x39, 0xc7, 0x31, 0xe8, 0x39, 0xe8, 0x39,
    0xc8, 0x39, 0xe8, 0x39, 0xe8, 0x39, 0xe8, 0x39, 0xc8, 0x39, 0xe8, 0x39,
    0xe8, 0x39, 0xe8, 0x39, 0xc8, 0x39, 0xe8, 0x39, 0xc8, 0x39, 0xc8, 0x39,
    0xe8, 0x39, 0xe8, 0x39, 0xe8, 0x39, 0x09, 0x42, 0xe8, 0x39, 0xe8, 0x39,
    0xe8, 0x39, 0xe8, 0x39, 0xe8, 0x39, 0xe8, 0x39, 0x09, 0x42, 0xe8, 0x39,
    0x08, 0x3a, 0x09, 0x42, 0x09, 0x42, 0x09, 0x42, 0x08, 0x3a, 0x08, 0x3a,
    0x29, 0x42, 0x09, 0x42, 0x29, 0x42, 0x09, 0x42, 0x08, 0x42, 0x09, 0x3a,
    0x29, 0x42, 0x09, 0x42, 0x29, 0x42, 0x09, 0x42, 0x29, 0x42, 0x09, 0x42,
    0x09, 0x3a, 0x29, 0x42, 0x09, 0x42, 0x29, 0x42, 0x29, 0x42, 0x29, 0x42,
    0x09, 0x42, 0x29, 0x42, 0x29, 0x42, 0x29, 0x42, 0x29, 0x42, 0x2a, 0x42,
    0x29, 0x42, 0x29, 0x42, 0x29, 0x42, 0x29, 0x4a, 0x2a, 0x42, 0x29, 0x42,
    0x29, 0x42, 0x29, 0x42, 0x2a, 0x42, 0x29, 0x42, 0x29, 0x42, 0x4a, 0x4a,
    0x29, 0x42, 0x29, 0x42, 0x29, 0x42, 0x2a, 0x4a, 0x29, 0x42, 0x29, 0x42,
    0x29, 0x42, 0x2a, 0x42, 0x4a, 0x42, 0x29, 0x42, 0x4a, 0x4a, 0x4a, 0x4a,
    0x49, 0x42, 0x29, 0x42, 0x4a, 0x42, 0x2a, 0x4a, 0x4a, 0x4a, 0x49, 0x42,
    0x4a, 0x4a, 0x29, 0x42, 0x2a, 0x42, 0x4a, 0x4a, 0x4a, 0x4a, 0x29, 0x42,
    0x4a, 0x4a, 0x4a, 0x4a, 0x49, 0x42, 0x4a, 0x42, 0x4a, 0x4a, 0x49, 0x42,
    0x25, 0x21, 0x25, 0x21, 0x25, 0x21, 0x25, 0x21, 0x25, 0x21, 0x25, 0x21,
    0x25, 0x21, 0x25, 0x21, 0x26, 0x21, 0x25, 0x21, 0x25, 0x29, 0x25, 0x21,
    0x25, 0x21, 0x46, 0x29, 0x25, 0x21, 0x25, 0x21, 0x25, 0x21, 0x25, 0x21,
    0x05, 0x21, 0xe4, 0x18, 0xe4, 0x18, 0x05, 0x21, 0x05, 0x21, 0x04, 0x21,
    0x04, 0x21, 0x25, 0x21, 0x25, 0x21, 0x45, 0x21, 0x46, 0x29, 0x25, 0x29,
    0x25, 0x21, 0x25, 0x21, 0x05, 0x21, 0x05, 0x21, 0x04, 0x21, 0xe4, 0x18,
    0xe5, 0x20, 0x05, 0x21, 0x04, 0x21, 0x05, 0x21, 0x05, 0x21, 0x04, 0x19,
    0x04, 0x19, 0x25, 0x21, 0x05, 0x21, 0x05, 0x21, 0x25, 0x21, 0x05, 0x21,
    0x25, 0x21, 0x05, 0x21, 0x25, 0x21, 0x25, 0x21, 0x25, 0x21, 0x26, 0x29,
    0x25, 0x21, 0x25, 0x21, 0x25, 0x21, 0x25, 0x21, 0x25, 0x21, 0x25, 0x21,
    0x46, 0x29, 0x25, 0x21, 0x66, 0x29, 0x46, 0x29, 0x67, 0x29, 0x66, 0x29,
    0x66, 0x29, 0x66, 0x29, 0x46, 0x29, 0x66, 0x29, 0x66, 0x29, 0x66, 0x29,
    0x67, 0x29, 0x66, 0x29, 0x66, 0x29, 0x87, 0x29, 0x66, 0x29, 0x86, 0x29,
    0x66, 0x29, 0x87, 0x31, 0x87, 0x31, 0x86, 0x29, 0x66, 0x29, 0x66, 0x29,
    0x86, 0x29, 0x87, 0x31, 0x87, 0x31, 0x86, 0x29, 0x86, 0x29, 0x66, 0x29,
    0x87, 0x31, 0x86, 0x31, 0x66, 0x29, 0x87, 0x29, 0x86, 0x29, 0x66, 0x29,
    0x87, 0x31, 0x87, 0x31, 0x86, 0x29, 0x87, 0x31, 0x87, 0x31, 0x87, 0x31,
    0x87, 0x31, 0xa7, 0x31, 0xa7, 0x31, 0x87, 0x31, 0xa7, 0x31, 0xa7, 0x31,
    0xa7, 0x31, 0xa8, 0x39, 0xa7, 0x31, 0xa7, 0x31, 0xc8, 0x39, 0xa7, 0x31,
    0xc8, 0x39, 0xa7, 0x31, 0xa7, 0x31, 0xc8, 0x39, 0xc8, 0x39, 0xa7, 0x31,
    0xc8, 0x39, 0xc8, 0x39, 0xa7, 0x31, 0xa7, 0x31, 0xc8, 0x39, 0xc8, 0x31,
    0xc7, 0x31, 0xc8, 0x39, 0xc8, 0x39, 0xe8, 0x39, 0xc8, 0x39, 0xc7, 0x31,
    0xa7, 0x31, 0xc8, 0x39, 0xc8, 0x39, 0xc8, 0x39, 0xc8, 0x39, 0xc7, 0x31,
    0xe8, 0x39, 0xc7, 0x31, 0xc8, 0x39, 0xe8, 0x39, 0xc8, 0x39, 0xc8, 0x39,
    0xc7, 0x31, 0xe8, 0x39, 0xe8, 0x39, 0xe8, 0x39, 0xe8, 0x39, 0xc8, 0x39,
    0xe8, 0x39, 0xe8, 0x39, 0xc8, 0x39, 0xe8, 0x39, 0xe8, 0x39, 0xe8, 0x39,
    0xe8, 0x39, 0xe8, 0x39, 0xe8, 0x39, 0xe8, 0x39, 0xe8, 0x39, 0xe8, 0x39,
    0xe8, 0x39, 0xe9, 0x41, 0xe8, 0x39, 0x09, 0x42, 0xe8, 0x39, 0x08, 0x3a,
    0xe8, 0x39, 0x29, 0x42, 0x09, 0x42, 0x09, 0x42, 0x09, 0x42, 0x08, 0x3a,
    0x09, 0x42, 0x08, 0x3a, 0x29, 0x42, 0x29, 0x42, 0x09, 0x42, 0x08, 0x3a,
    0x09, 0x3a, 0x08, 0x42, 0x29, 0x42, 0x29, 0x42, 0x09, 0x42, 0x09, 0x42,
    0x29, 0x42, 0x29, 0x42, 0x09, 0x42, 0x09, 0x3a, 0x29, 0x42, 0x29, 0x42,
    0x29, 0x42, 0x29, 0x42, 0x29, 0x42, 0x29, 0x42, 0x2a, 0x4a, 0x29, 0x42,
    0x29, 0x42, 0x09, 0x42, 0x2a, 0x42, 0x29, 0x42, 0x29, 0x42, 0x4a, 0x4a,
    0x29, 0x42, 0x2a, 0x42, 0x29, 0x42, 0x29, 0x42, 0x29, 0x42, 0x4a, 0x4a,
    0x29, 0x42, 0x2a, 0x42, 0x29, 0x4a, 0x29, 0x42, 0x2a, 0x42, 0x29, 0x42,
    0x29, 0x42, 0x4a, 0x4a, 0x29, 0x42, 0x29, 0x42, 0x2a, 0x4a, 0x29, 0x42,
    0x29, 0x42, 0x29, 0x42, 0x29, 0x42, 0x29, 0x42, 0x4a, 0x4a, 0x4a, 0x4a,
    0x29, 0x42, 0x4a, 0x4a, 0x29, 0x42, 0x49, 0x42, 0x29, 0x42, 0x4a, 0x4a,
    0x49, 0x42, 0x2a, 0x4a, 0x29, 0x42, 0x4a, 0x4a, 0x29, 0x42, 0x29, 0x42,
    0x05, 0x21, 0x25, 0x21, 0x05, 0x21, 0x25, 0x21, 0x05, 0x21, 0x25, 0x21,
    0x25, 0x21, 0x25, 0x21, 0x26, 0x21, 0x25, 0x21, 0x25, 0x21, 0x25, 0x21,
    0x26, 0x21, 0x25, 0x21, 0x25, 0x21, 0x26, 0x29, 0x25, 0x21, 0x05, 0x21,
    0x05, 0x21, 0x04, 0x21, 0x04, 0x19, 0x05, 0x21, 0x04, 0x19, 0x05, 0x21,
    0x05, 0x21, 0x25, 0x21, 0x46, 0x29, 0x46, 0x29, 0x45, 0x21, 0x46, 0x29,
    0x46, 0x29, 0x45, 0x21, 0x46, 0x29, 0x05, 0x21, 0x05, 0x21, 0xe4, 0x18,
    0x04, 0x19, 0x05, 0x21, 0x04, 0x19, 0x04, 0x19, 0x05, 0x21, 0xe4, 0x18,
    0xe4, 0x20, 0x05, 0x21, 0x05, 0x21, 0x04, 0x19, 0x25, 0x21, 0x05, 0x21,
    0x05, 0x21, 0x25, 0x21, 0x05, 0x21, 0x25, 0x21, 0x25, 0x21, 0x25, 0x21,
    0x25, 0x21, 0x25, 0x21, 0x25, 0x21, 0x25, 0x21, 0x25, 0x21, 0x46, 0x29,
    0x25, 0x21, 0x25, 0x21, 0x46, 0x29, 0x66, 0x29, 0x66, 0x29, 0x66, 0x29,
    0x46, 0x29, 0x66, 0x29, 0x67, 0x29, 0x66, 0x31, 0x66, 0x29, 0x66, 0x29,
    0x66, 0x29, 0x66, 0x29, 0x66, 0x31, 0x66, 0x29, 0x66, 0x29, 0x66, 0x29,
    0x86, 0x31, 0x87, 0x31, 0x87, 0x29, 0x66, 0x29, 0x87, 0x31, 0x87, 0x31,
    0x66, 0x29, 0x66, 0x29, 0x87, 0x31, 0x87, 0x31, 0x66, 0x29, 0x87, 0x31,
    0x87, 0x31, 0x86, 0x29, 0x87, 0x31, 0x66, 0x29, 0x87, 0x31, 0x86, 0x29,
    0x87, 0x31, 0x66, 0x29, 0x87, 0x31, 0x86, 0x29, 0x86, 0x31, 0xa7, 0x31,
    0xa7, 0x31, 0xa7, 0x31, 0x87, 0x31, 0xa7, 0x31, 0x87, 0x31, 0xa7, 0x31,
    0xa7, 0x31, 0xa7, 0x31, 0xa7, 0x31, 0xa7, 0x31, 0xa7, 0x31, 0xa7, 0x31,
    0xa7, 0x31, 0xa7, 0x31, 0xa7, 0x31, 0xa7, 0x31, 0xa7, 0x31, 0xa7, 0x31,
    0xa7, 0x31, 0xc8, 0x39, 0xa7, 0x31, 0xc8, 0x39, 0xc7, 0x31, 0xa7, 0x31,
    0xc7, 0x31, 0xc7, 0x31, 0xc8, 0x39, 0xc7, 0x31, 0xc7, 0x31, 0xc8, 0x39,
    0xc8, 0x39, 0xc7, 0x39, 0xc7, 0x31, 0xc8, 0x39, 0xc8, 0x39, 0xe8, 0x39,
    0xc8, 0x39, 0xc7, 0x31, 0xc8, 0x39, 0xc7, 0x31, 0xe8, 0x39, 0xc8, 0x39,
    0xc8, 0x39, 0xe8, 0x39, 0xc7, 0x31, 0xe8, 0x39, 0xc8, 0x39, 0xc8, 0x39,
    0xe8, 0x39, 0xe8, 0x39, 0xe8, 0x39, 0xc8, 0x39, 0xe8, 0x39, 0xe8, 0x39,
    0xe8, 0x39, 0xe8, 0x39, 0xe8, 0x39, 0xe8, 0x39, 0xe9, 0x41, 0xe8, 0x39,
    0xe8, 0x39, 0xe8, 0x39, 0xe8, 0x39, 0x09, 0x42, 0x08, 0x3a, 0xe8, 0x39,
    0xe9, 0x41, 0x09, 0x3a, 0x08, 0x3a, 0x09, 0x42, 0x08, 0x42, 0x09, 0x42,
    0x29, 0x42, 0x08, 0x3a, 0x09, 0x42, 0x09, 0x42, 0x29, 0x42, 0x29, 0x42,
    0x29, 0x42, 0x09, 0x42, 0x29, 0x42, 0x09, 0x3a, 0x09, 0x42, 0x29, 0x42,
    0x29, 0x42, 0x09, 0x42, 0x29, 0x42, 0x09, 0x42, 0x29, 0x42, 0x09, 0x42,
    0x09, 0x42, 0x29, 0x42, 0x29, 0x42, 0x2a, 0x42, 0x09, 0x42, 0x29, 0x42,
    0x09, 0x42, 0x29, 0x42, 0x29, 0x42, 0x29, 0x42, 0x29, 0x42, 0x2a, 0x42,
    0x29, 0x42, 0x29, 0x42, 0x4a, 0x4a, 0x4a, 0x4a, 0x29, 0x42, 0x29, 0x42,
    0x2a, 0x42, 0x4a, 0x4a, 0x29, 0x42, 0x49, 0x42, 0x29, 0x42, 0x4a, 0x4a,
    0x4a, 0x4a, 0x29, 0x42, 0x29, 0x42, 0x4a, 0x4a, 0x4a, 0x4a, 0x4a, 0x42,
    0x4a, 0x4a, 0x4a, 0x4a, 0x4a, 0x42, 0x29, 0x42, 0x49, 0x42, 0x2a, 0x42,
    0x4a, 0x4a, 0x29, 0x42, 0x4a, 0x4a, 0x4a, 0x4a, 0x29, 0x42, 0x4a, 0x42,
    0x29, 0x42, 0x29, 0x42, 0x4a, 0x4a, 0x29, 0x42, 0x2a, 0x42, 0x4a, 0x4a,
    0x25, 0x21, 0x25, 0x21, 0x05, 0x21, 0x25, 0x21, 0x25, 0x21, 0x25, 0x21,
    0x25, 0x21, 0x26, 0x21, 0x25, 0x21, 0x25, 0x29, 0x25, 0x21, 0x25, 0x21,
    0x26, 0x29, 0x25, 0x21, 0x25, 0x21, 0x25, 0x21, 0xe5, 0x20, 0x04, 0x19,
    0xe4, 0x18, 0x05, 0x21, 0xe4, 0x18, 0xe4, 0x18, 0x05, 0x21, 0x05, 0x21,
    0x04, 0x19, 0x25, 0x21, 0x26, 0x21, 0x46, 0x29, 0x25, 0x21, 0x46, 0x29,
    0x25, 0x21, 0x46, 0x29, 0x45, 0x21, 0x25, 0x21, 0x26, 0x21, 0x25, 0x21,
    0x04, 0x21, 0xe4, 0x18, 0x05, 0x21, 0x05, 0x21, 0xe4, 0x18, 0xe4, 0x18,
    0xe4, 0x18, 0x05, 0x21, 0x04, 0x19, 0x05, 0x21, 0x04, 0x21, 0x04, 0x19,
    0x05, 0x21, 0x25, 0x21, 0x25, 0x21, 0x05, 0x21, 0x25, 0x21, 0x25, 0x21,
    0x05, 0x21, 0x25, 0x21, 0x25, 0x21, 0x25, 0x21, 0x26, 0x21, 0x25, 0x21,
    0x25, 0x21, 0x25, 0x21, 0x46, 0x29, 0x66, 0x29, 0x66, 0x29, 0x66, 0x29,
    0x66, 0x29, 0x66, 0x29, 0x66, 0x29, 0x66, 0x29, 0x66, 0x29, 0x87, 0x31,
    0x87, 0x31, 0x66, 0x29, 0x66, 0x29, 0x66, 0x29, 0x67, 0x29, 0x87, 0x31,
    0x66, 0x29, 0x66, 0x29, 0x86, 0x31, 0x86, 0x31, 0x66, 0x29, 0x87, 0x31,
    0x86, 0x31, 0x66, 0x29, 0x66, 0x29, 0x66, 0x29, 0x66, 0x31, 0x87, 0x31,
    0x86, 0x29, 0x87, 0x31, 0x87, 0x31, 0x86, 0x31, 0x87, 0x29, 0x87, 0x31,
    0x86, 0x29, 0x86, 0x29, 0x87, 0x31, 0x86, 0x29, 0xa7, 0x31, 0x87, 0x31,
    0xa7, 0x31, 0xa7, 0x31, 0xa7, 0x31, 0xa7, 0x31, 0xa7, 0x31, 0xa7, 0x31,
    0xc8, 0x39, 0xa7, 0x31, 0xa7, 0x31, 0xa7, 0x31, 0xa7, 0x31, 0xc8, 0x39,
    0xc8, 0x39, 0xc8, 0x39, 0xa7, 0x31, 0xc7, 0x31, 0xa7, 0x31, 0xa7, 0x31,
    0xc8, 0x39, 0xc7, 0x31, 0xc8, 0x39, 0xa7, 0x31, 0xa7, 0x31, 0xc8, 0x39,
    0xa7, 0x39, 0xc8, 0x39, 0xc8, 0x39, 0xc7, 0x31, 0xc8, 0x39, 0xc8, 0x39,
    0xc7, 0x31, 0xc8, 0x39, 0xc7, 0x31, 0xc7, 0x31, 0xc7, 0x31, 0xc8, 0x39,
    0xc8, 0x31, 0xc8, 0x39, 0xc8, 0x39, 0xc7, 0x31, 0xe8, 0x39, 0xc8, 0x39,
    0xc8, 0x39, 0xc8, 0x39, 0xe8, 0x39, 0xe8, 0x39, 0xc8, 0x39, 0xc8, 0x39,
    0xe8, 0x39, 0xc8, 0x39, 0xe8, 0x39, 0xc8, 0x39, 0xe8, 0x39, 0xe8, 0x39,
    0xe8, 0x39, 0xe8, 0x39, 0xe8, 0x39, 0xe8, 0x39, 0xe8, 0x39, 0xe8, 0x39,
    0x09, 0x42, 0x09, 0x3a, 0xe8, 0x39, 0xe8, 0x39, 0x09, 0x42, 0x08, 0x3a,
    0xe8, 0x39, 0x08, 0x42, 0x09, 0x42, 0x08, 0x3a, 0x09, 0x42, 0x09, 0x42,
    0x09, 0x42, 0x09, 0x42, 0x09, 0x42, 0x08, 0x3a, 0x09, 0x42, 0x09, 0x42,
    0x09, 0x42, 0x29, 0x42, 0x09, 0x42, 0x29, 0x42, 0x09, 0x42, 0x29, 0x42,
    0x09, 0x42, 0x29, 0x42, 0x29, 0x42, 0x09, 0x42, 0x29, 0x42, 0x09, 0x42,
    0x29, 0x42, 0x09, 0x42, 0x09, 0x42, 0x29, 0x42, 0x29, 0x42, 0x29, 0x42,
    0x29, 0x42, 0x29, 0x42, 0x29, 0x42, 0x2a, 0x42, 0x29, 0x42, 0x29, 0x4a,
    0x29, 0x42, 0x29, 0x42, 0x2a, 0x42, 0x29, 0x42, 0x29, 0x42, 0x29, 0x42,
    0x29, 0x42, 0x29, 0x42, 0x2a, 0x42, 0x4a, 0x4a, 0x49, 0x42, 0x29, 0x42,
    0x4a, 0x4a, 0x29, 0x42, 0x4a, 0x42, 0x29, 0x42, 0x29, 0x42, 0x4a, 0x4a,
    0x29, 0x42, 0x29, 0x42, 0x29, 0x42, 0x4a, 0x4a, 0x2a, 0x42, 0x49, 0x4a,
    0x49, 0x42, 0x29, 0x42, 0x29, 0x42, 0x4a, 0x42, 0x4a, 0x4a, 0x29, 0x42,
    0x4a, 0x4a, 0x4a, 0x42, 0x4a, 0x4a, 0x4a, 0x4a, 0x4a, 0x4a, 0x4a, 0x4a,
    0x05, 0x21, 0x05, 0x21, 0x25, 0x21, 0x25, 0x21, 0x05, 0x21, 0x25, 0x21,
    0x25, 0x21, 0x25, 0x21, 0x25, 0x21, 0x25, 0x21, 0x26, 0x21, 0x25, 0x21,
    0x25, 0x21, 0x25, 0x21, 0x05, 0x21, 0x05, 0x21, 0x04, 0x19, 0xe4, 0x18,
    0x05, 0x21, 0x04, 0x21, 0xe4, 0x18, 0xe4, 0x20, 0xe4, 0x18, 0xe4, 0x18,
    0x04, 0x21, 0x25, 0x21, 0x25, 0x21, 0x25, 0x21, 0x46, 0x29, 0x25, 0x21,
    0x45, 0x21, 0x46, 0x29, 0x25, 0x21, 0x46, 0x29, 0x45, 0x29, 0x25, 0x21,
    0x26, 0x29, 0x05, 0x21, 0x04, 0x21, 0xe4, 0x18, 0xe5, 0x20, 0x05, 0x21,
    0x05, 0x21, 0x04, 0x21, 0x04, 0x19, 0x05, 0x21, 0x05, 0x21, 0x05, 0x21,
    0x04, 0x19, 0x25, 0x21, 0x05, 0x21, 0x05, 0x21, 0x25, 0x21, 0x25, 0x21,
    0x05, 0x21, 0x05, 0x21, 0x25, 0x21, 0x25, 0x21, 0x25, 0x21, 0x25, 0x29,
    0x25, 0x21, 0x25, 0x21, 0x25, 0x21, 0x66, 0x29, 0x66, 0x29, 0x66, 0x29,
    0x66, 0x29, 0x46, 0x29, 0x66, 0x29, 0x66, 0x29, 0x66, 0x29, 0x66, 0x29,
    0x66, 0x29, 0x66, 0x29, 0x66, 0x29, 0x66, 0x29, 0x66, 0x31, 0x66, 0x29,
    0x87, 0x29, 0x87, 0x31, 0x66, 0x29, 0x66, 0x29, 0x66, 0x29, 0x87, 0x29,
    0x87, 0x31, 0x86, 0x29, 0x87, 0x31, 0x87, 0x31, 0x87, 0x29, 0x87, 0x31,
    0x86, 0x29, 0x87, 0x31, 0x66, 0x29, 0x86, 0x29, 0x67, 0x31, 0x86, 0x29,
    0x86, 0x29, 0x87, 0x31, 0x87, 0x31, 0xa7, 0x31, 0x87, 0x31, 0xa7, 0x31,
    0xa7, 0x31, 0xa7, 0x31, 0xa7, 0x31, 0xa7, 0x31, 0xa7, 0x31, 0xa7, 0x31,
    0xa7, 0x31, 0xa7, 0x31, 0xa8, 0x39, 0xa7, 0x31, 0xa7, 0x31, 0xa7, 0x31,
    0xa7, 0x31, 0xc7, 0x31, 0xa8, 0x39, 0xc8, 0x39, 0xa7, 0x31, 0xa7, 0x31,
    0xc8, 0x39, 0xc7, 0x31, 0xc8, 0x39, 0xc7, 0x39, 0xc8, 0x31, 0xa7, 0x31,
    0xa7, 0x31, 0xc8, 0x39, 0xc7, 0x31, 0xc8, 0x39, 0xc8, 0x39, 0xc7, 0x31,
    0xc7, 0x31, 0xc8, 0x39, 0xc8, 0x39, 0xc8, 0x39, 0xc8, 0x39, 0xc7, 0x31,
    0xc8, 0x39, 0xc8, 0x39, 0xc7, 0x31, 0xc8, 0x39, 0xc8, 0x39, 0xe8, 0x39,
    0xe8, 0x39, 0xc8, 0x39, 0xe8, 0x39, 0xe8, 0x39, 0xc8, 0x31, 0xe8, 0x39,
    0xe8, 0x39, 0xe8, 0x39, 0xc8, 0x39, 0xe8, 0x39, 0xe8, 0x39, 0xe8, 0x39,
    0xe9, 0x41, 0xc8, 0x39, 0xe8, 0x39, 0xe8, 0x39, 0xe8, 0x39, 0xe8, 0x39,
    0xe8, 0x39, 0xe8, 0x39, 0xe8, 0x39, 0xe8, 0x41, 0xe8, 0x39, 0xe8, 0x39,
    0xe8, 0x39, 0x09, 0x42, 0x09, 0x42, 0x09, 0x3a, 0x08, 0x3a, 0x09, 0x42,
    0x09, 0x3a, 0x09, 0x42, 0x08, 0x3a, 0x29, 0x42, 0x29, 0x42, 0x08, 0x42,
    0x09, 0x3a, 0x09, 0x42, 0x29, 0x42, 0x09, 0x42, 0x29, 0x42, 0x09, 0x3a,
    0x09, 0x3a, 0x09, 0x42, 0x29, 0x42, 0x29, 0x42, 0x29, 0x42, 0x29, 0x42,
    0x29, 0x42, 0x29, 0x42, 0x09, 0x42, 0x29, 0x42, 0x29, 0x42, 0x29, 0x42,
    0x09, 0x42, 0x2a, 0x42, 0x29, 0x42, 0x4a, 0x4a, 0x29, 0x42, 0x29, 0x42,
    0x2a, 0x42, 0x29, 0x4a, 0x29, 0x42, 0x2a, 0x42, 0x29, 0x42, 0x29, 0x42,
    0x29, 0x42, 0x2a, 0x42, 0x29, 0x42, 0x29, 0x42, 0x2a, 0x4a, 0x4a, 0x42,
    0x29, 0x42, 0x29, 0x42, 0x29, 0x42, 0x4a, 0x4a, 0x29, 0x42, 0x29, 0x42,
    0x29, 0x42, 0x29, 0x42, 0x29, 0x42, 0x29, 0x42, 0x2a, 0x42, 0x4a, 0x4a,
    0x4a, 0x4a, 0x2a, 0x42, 0x29, 0x42, 0x49, 0x4a, 0x4a, 0x4a, 0x29, 0x42,
    0x29, 0x42, 0x4a, 0x4a, 0x29, 0x42, 0x29, 0x42, 0x49, 0x42, 0x29, 0x42,
    0x05, 0x21, 0x05, 0x21, 0x25, 0x21, 0x25, 0x21, 0x25, 0x21, 0x25, 0x21,
    0x25, 0x21, 0x25, 0x21, 0x25, 0x21, 0x26, 0x21, 0x25, 0x21, 0x25, 0x21,
    0x25, 0x21, 0x05, 0x21, 0x04, 0x21, 0x05, 0x21, 0xe4, 0x18, 0x05, 0x21,
    0xe4, 0x18, 0xe4, 0x18, 0x05, 0x21, 0x05, 0x21, 0x04, 0x19, 0xe5, 0x20,
    0x05, 0x21, 0x25, 0x21, 0x25, 0x21, 0x45, 0x21, 0x46, 0x29, 0x45, 0x21,
    0x25, 0x21, 0x45, 0x21, 0x46, 0x29, 0x45, 0x21, 0x45, 0x21, 0x46, 0x29,
    0x46, 0x21, 0x45, 0x21, 0x25, 0x21, 0x05, 0x21, 0x04, 0x21, 0x05, 0x21,
    0xe4, 0x18, 0x05, 0x21, 0x05, 0x21, 0x05, 0x21, 0x04, 0x19, 0x05, 0x21,
    0x04, 0x21, 0x05, 0x19, 0x05, 0x21, 0x05, 0x21, 0x05, 0x21, 0x05, 0x21,
    0x25, 0x21, 0x25, 0x21, 0x05, 0x21, 0x25, 0x21, 0x25, 0x21, 0x25, 0x21,
    0x25, 0x21, 0x05, 0x21, 0x25, 0x21, 0x46, 0x29, 0x46, 0x29, 0x66, 0x29,
    0x66, 0x31, 0x46, 0x29, 0x66, 0x29, 0x66, 0x29, 0x46, 0x29, 0x66, 0x29,
    0x66, 0x29, 0x66, 0x29, 0x66, 0x29, 0x66, 0x29, 0x66, 0x29, 0x87, 0x31,
    0x86, 0x29, 0x66, 0x29, 0x87, 0x31, 0x87, 0x31, 0x87, 0x31, 0x86, 0x29,
    0x66, 0x29, 0x87, 0x31, 0x86, 0x29, 0x87, 0x31, 0x66, 0x29, 0x86, 0x29,
    0x66, 0x29, 0x87, 0x31, 0x66, 0x29, 0x87, 0x29, 0x87, 0x31, 0x66, 0x31,
    0x87, 0x31, 0xa7, 0x31, 0xa7, 0x31, 0xa7, 0x31, 0xa7, 0x31, 0x87, 0x31,
    0xa7, 0x31, 0xa7, 0x31, 0x87, 0x31, 0xa7, 0x31, 0xa7, 0x31, 0xa7, 0x31,
    0xa7, 0x31, 0xa7, 0x31, 0xa7, 0x31, 0xa7, 0x31, 0xa7, 0x31, 0xa7, 0x31,
    0xa7, 0x31, 0xa7, 0x31, 0xc7, 0x31, 0xa7, 0x31, 0xc8, 0x39, 0xa7, 0x31,
    0xa7, 0x31, 0xa7, 0x31, 0xc8, 0x39, 0xa7, 0x31, 0xc7, 0x31, 0xc8, 0x39,
    0xc7, 0x31, 0xc8, 0x31, 0xc8, 0x39, 0xc7, 0x31, 0xc8, 0x39, 0xa7, 0x31,
    0xc8, 0x39, 0xa7, 0x31, 0xc8, 0x39, 0xc8, 0x39, 0xc8, 0x39, 0xc7, 0x31,
    0xc7, 0x39, 0xc8, 0x39, 0xc7, 0x31, 0xc8, 0x39, 0xe8, 0x39, 0xe8, 0x39,
    0xc7, 0x31, 0xc8, 0x39, 0xc7, 0x31, 0xc8, 0x39, 0xc8, 0x39, 0xe8, 0x39,
    0xc8, 0x39, 0xc8, 0x39, 0xe8, 0x39, 0xc8, 0x39, 0xe8, 0x39, 0xe8, 0x39,
    0xe8, 0x39, 0xc8, 0x39, 0xe8, 0x39, 0xe8, 0x39, 0xc8, 0x39, 0xe8, 0x39,
    0xe8, 0x39, 0xe8, 0x39, 0xe8, 0x39, 0xe8, 0x39, 0xe8, 0x39, 0xe9, 0x39,
    0x08, 0x42, 0x09, 0x3a, 0x09, 0x42, 0x08, 0x42, 0x08, 0x3a, 0x09, 0x42,
    0x08, 0x42, 0x08, 0x3a, 0x08, 0x3a, 0x09, 0x42, 0x09, 0x42, 0x09, 0x3a,
    0x29, 0x42, 0x08, 0x3a, 0x09, 0x42, 0x29, 0x42, 0x09, 0x42, 0x08, 0x42,
    0x29, 0x42, 0x09, 0x42, 0x09, 0x42, 0x29, 0x42, 0x09, 0x42, 0x2a, 0x42,
    0x29, 0x42, 0x09, 0x42, 0x29, 0x42, 0x09, 0x42, 0x2a, 0x42, 0x29, 0x42,
    0x29, 0x42, 0x29, 0x42, 0x2a, 0x4a, 0x29, 0x42, 0x29, 0x42, 0x2a, 0x42,
    0x29, 0x42, 0x29, 0x42, 0x29, 0x42, 0x29, 0x42, 0x2a, 0x42, 0x2a, 0x4a,
    0x29, 0x42, 0x29, 0x42, 0x29, 0x4a, 0x29, 0x42, 0x29, 0x42, 0x2a, 0x42,
    0x29, 0x42, 0x29, 0x42, 0x29, 0x42, 0x2a, 0x42, 0x29, 0x42, 0x29, 0x42,
    0x4a, 0x4a, 0x29, 0x42, 0x2a, 0x42, 0x29, 0x42, 0x29, 0x42, 0x29, 0x42,
    0x29, 0x42, 0x29, 0x42, 0x29, 0x42, 0x2a, 0x42, 0x29, 0x42, 0x4a, 0x4a,
    0x4a, 0x42, 0x29, 0x42, 0x4a, 0x4a, 0x4a, 0x42, 0x4a, 0x4a, 0x4a, 0x42,
    0x25, 0x21, 0x25, 0x21, 0x25, 0x21, 0x25, 0x21, 0x25, 0x21, 0x25, 0x21,
    0x05, 0x21, 0x25, 0x21, 0x26, 0x21, 0x25, 0x29, 0x25, 0x29, 0x25, 0x21,
    0xe5, 0x20, 0xe4, 0x18, 0xe4, 0x18, 0xe4, 0x18, 0x04, 0x21, 0x05, 0x21,
    0x05, 0x21, 0xe4, 0x18, 0x05, 0x21, 0xe4, 0x18, 0xe4, 0x18, 0x05, 0x21,
    0xe4, 0x18, 0x05, 0x21, 0x45, 0x29, 0x46, 0x29, 0x25, 0x21, 0x25, 0x21,
    0x25, 0x21, 0x46, 0x29, 0x46, 0x29, 0x25, 0x21, 0x46, 0x21, 0x25, 0x29,
    0x46, 0x29, 0x46, 0x29, 0x46, 0x21, 0x46, 0x29, 0x25, 0x21, 0x05, 0x21,
    0x04, 0x19, 0x05, 0x21, 0x04, 0x21, 0x04, 0x19, 0x05, 0x21, 0x05, 0x21,
    0x05, 0x21, 0x04, 0x19, 0x04, 0x19, 0x04, 0x19, 0x04, 0x19, 0x05, 0x21,
    0x05, 0x21, 0x05, 0x21, 0x05, 0x21, 0x25, 0x21, 0x25, 0x21, 0x25, 0x21,
    0x25, 0x21, 0x25, 0x21, 0x25, 0x21, 0x25, 0x21, 0x66, 0x29, 0x66, 0x29,
    0x66, 0x29, 0x66, 0x29, 0x66, 0x29, 0x66, 0x29, 0x66, 0x29, 0x66, 0x29,
    0x66, 0x29, 0x66, 0x29, 0x67, 0x31, 0x66, 0x29, 0x87, 0x29, 0x87, 0x31,
    0x66, 0x29, 0x66, 0x29, 0x87, 0x31, 0x66, 0x29, 0x66, 0x29, 0x87, 0x31,
    0x86, 0x29, 0x66, 0x29, 0x66, 0x29, 0x86, 0x29, 0x87, 0x31, 0x66, 0x29,
    0x87, 0x31, 0x87, 0x31, 0x86, 0x31, 0x87, 0x31, 0x66, 0x29, 0x87, 0x31,
    0xa7, 0x31, 0xa7, 0x31, 0x87, 0x31, 0x87, 0x31, 0xa7, 0x31, 0xa7, 0x31,
    0xa7, 0x31, 0xa7, 0x31, 0xa7, 0x31, 0xa7, 0x31, 0xa7, 0x31, 0xa7, 0x31,
    0xa7, 0x31, 0xa7, 0x31, 0xa7, 0x31, 0xa7, 0x39, 0xa8, 0x31, 0xc8, 0x39,
    0xa7, 0x31, 0xc8, 0x39, 0xa7, 0x31, 0xa7, 0x31, 0xa7, 0x31, 0xc8, 0x39,
    0xc7, 0x31, 0xc8, 0x39, 0xa7, 0x31, 0xc8, 0x31, 0xa7, 0x39, 0xa7, 0x31,
    0xa8, 0x39, 0xc7, 0x39, 0xa7, 0x31, 0xc8, 0x39, 0xc7, 0x31, 0xc8, 0x39,
    0xc8, 0x39, 0xc8, 0x39, 0xc7, 0x31, 0xc7, 0x31, 0xc8, 0x39, 0xc7, 0x31,
    0xc8, 0x39, 0xc8, 0x39, 0xc8, 0x31, 0xe8, 0x39, 0xc7, 0x39, 0xc8, 0x31,
    0xc8, 0x39, 0xe8, 0x39, 0xc8, 0x39, 0xc7, 0x39, 0xe8, 0x39, 0xe8, 0x39,
    0xc8, 0x39, 0xe8, 0x39, 0xe8, 0x39, 0xc8, 0x39, 0xc8, 0x39, 0xe8, 0x39,
    0xe8, 0x39, 0xe8, 0x39, 0xe8, 0x39, 0xe8, 0x39, 0xe8, 0x39, 0xe8, 0x39,
    0xe8, 0x39, 0xe8, 0x41, 0xe8, 0x39, 0xe8, 0x39, 0xe9, 0x39, 0xe8, 0x39,
    0xe8, 0x39, 0xe8, 0x39, 0x08, 0x3a, 0x08, 0x3a, 0x09, 0x42, 0x09, 0x42,
    0x09, 0x42, 0x09, 0x42, 0x09, 0x42, 0x09, 0x42, 0x08, 0x3a, 0x09, 0x42,
    0x29, 0x42, 0x08, 0x42, 0x09, 0x42, 0x29, 0x42, 0x08, 0x3a, 0x09, 0x42,
    0x29, 0x42, 0x29, 0x42, 0x09, 0x3a, 0x09, 0x42, 0x29, 0x42, 0x09, 0x42,
    0x09, 0x42, 0x29, 0x42, 0x09, 0x42, 0x29, 0x42, 0x09, 0x42, 0x29, 0x42,
    0x29, 0x42, 0x29, 0x42, 0x2a, 0x42, 0x29, 0x42, 0x29, 0x42, 0x29, 0x42,
    0x29, 0x42, 0x29, 0x42, 0x29, 0x42, 0x29, 0x42, 0x29, 0x42, 0x29, 0x42,
    0x2a, 0x4a, 0x4a, 0x42, 0x2a, 0x42, 0x29, 0x42, 0x29, 0x42, 0x29, 0x42,
    0x29, 0x4a, 0x2a, 0x4a, 0x2a, 0x42, 0x29, 0x42, 0x29, 0x4a, 0x29, 0x42,
    0x2a, 0x42, 0x4a, 0x4a, 0x29, 0x42, 0x29, 0x4a, 0x4a, 0x4a, 0x29, 0x42,
    0x4a, 0x4a, 0x29, 0x42, 0x4a, 0x4a, 0x29, 0x42, 0x29, 0x42, 0x4a, 0x4a,
    0x29, 0x42, 0x29, 0x42, 0x29, 0x42, 0x4a, 0x4a, 0x29, 0x42, 0x29, 0x42,
    0x05, 0x21, 0x25, 0x21, 0x05, 0x21, 0x05, 0x21, 0x25, 0x21, 0x05, 0x21,
    0x26, 0x21, 0x26, 0x21, 0x25, 0x21, 0x25, 0x21, 0x05, 0x21, 0xe4, 0x18,
    0x05, 0x21, 0x05, 0x21, 0x05, 0x21, 0x04, 0x21, 0x04, 0x19, 0x05, 0x21,
    0x04, 0x19, 0x05, 0x21, 0x05, 0x21, 0xe4, 0x18, 0x04, 0x21, 0x04, 0x19,
    0xe4, 0x18, 0x05, 0x21, 0x46, 0x21, 0x25, 0x21, 0x25, 0x21, 0x26, 0x21,
    0x46, 0x29, 0x25, 0x21, 0x25, 0x21, 0x46, 0x29, 0x25, 0x21, 0x25, 0x21,
    0x46, 0x29, 0x25, 0x21, 0x46, 0x29, 0x45, 0x29, 0x45, 0x21, 0x25, 0x21,
    0x25, 0x21, 0x05, 0x21, 0x04, 0x19, 0x05, 0x21, 0x04, 0x19, 0x04, 0x21,
    0x04, 0x19, 0x05, 0x21, 0x05, 0x21, 0x25, 0x21, 0x05, 0x21, 0x05, 0x21,
    0x04, 0x21, 0x04, 0x19, 0x05, 0x21, 0x05, 0x21, 0x05, 0x21, 0x05, 0x21,
    0x25, 0x21, 0x25, 0x21, 0x25, 0x21, 0x25, 0x21, 0x46, 0x29, 0x66, 0x29,
    0x66, 0x29, 0x66, 0x29, 0x66, 0x29, 0x66, 0x29, 0x66, 0x29, 0x66, 0x29,
    0x66, 0x29, 0x66, 0x29, 0x66, 0x29, 0x66, 0x29, 0x66, 0x31, 0x87, 0x31,
    0x86, 0x29, 0x87, 0x31, 0x66, 0x29, 0x86, 0x29, 0x87, 0x31, 0x66, 0x29,
    0x66, 0x29, 0x87, 0x31, 0x87, 0x31, 0x66, 0x29, 0x87, 0x31, 0x87, 0x31,
    0x86, 0x29, 0x87, 0x31, 0x87, 0x29, 0x86, 0x29, 0x87, 0x31, 0xa7, 0x31,
    0xa7, 0x31, 0xa7, 0x31, 0xa7, 0x31, 0xa7, 0x31, 0xa7, 0x31, 0xa7, 0x31,
    0x87, 0x31, 0x87, 0x31, 0xa7, 0x31, 0xa7, 0x31, 0x87, 0x31, 0xa7, 0x31,
    0xa7, 0x31, 0xa7, 0x31, 0xa7, 0x31, 0xc8, 0x39, 0xa7, 0x31, 0xa7, 0x31,
    0xa7, 0x31, 0xa7, 0x31, 0xa8, 0x39, 0xa7, 0x31, 0xc8, 0x39, 0xa7, 0x31,
    0xa7, 0x31, 0xc8, 0x39, 0xc7, 0x39, 0xc8, 0x31, 0xc8, 0x39, 0xc8, 0x39,
    0xc7, 0x31, 0xc8, 0x39, 0xa7, 0x31, 0xa7, 0x31, 0xc8, 0x39, 0xc7, 0x31,
    0xc7, 0x31, 0xc8, 0x39, 0xc8, 0x39, 0xc7, 0x31, 0xc8, 0x39, 0xe8, 0x39,
    0xc8, 0x39, 0xc8, 0x39, 0xc8, 0x39, 0xc7, 0x31, 0xc8, 0x39, 0xc7, 0x31,
    0xe8, 0x39, 0xe8, 0x39, 0xc7, 0x31, 0xe8, 0x39, 0xc8, 0x31, 0xc7, 0x39,
    0xc8, 0x31, 0xe8, 0x39, 0xc7, 0x39, 0xe8, 0x39, 0xc8, 0x39, 0xe8, 0x39,
    0xe8, 0x39, 0xe8, 0x39, 0xc8, 0x39, 0xe8, 0x39, 0xe8, 0x39, 0xe8, 0x39,
    0xe9, 0x39, 0xe8, 0x39, 0xe8, 0x41, 0xe9, 0x39, 0xe8, 0x39, 0xe8, 0x41,
    0xe8, 0x39, 0xe8, 0x39, 0x09, 0x42, 0x09, 0x42, 0x08, 0x3a, 0x09, 0x42,
    0x09, 0x3a, 0x08, 0x3a, 0x09, 0x42, 0x08, 0x42, 0x08, 0x3a, 0x29, 0x42,
    0x29, 0x42, 0x09, 0x42, 0x08, 0x3a, 0x09, 0x42, 0x08, 0x3a, 0x09, 0x3a,
    0x09, 0x42, 0x08, 0x42, 0x09, 0x3a, 0x09, 0x42, 0x29, 0x42, 0x29, 0x42,
    0x29, 0x42, 0x09, 0x42, 0x29, 0x42, 0x29, 0x42, 0x09, 0x42, 0x09, 0x42,
    0x29, 0x42, 0x29, 0x42, 0x29, 0x42, 0x09, 0x42, 0x29, 0x42, 0x29, 0x42,
    0x29, 0x42, 0x29, 0x42, 0x2a, 0x42, 0x29, 0x42, 0x29, 0x42, 0x29, 0x42,
    0x29, 0x42, 0x29, 0x42, 0x29, 0x42, 0x4a, 0x4a, 0x29, 0x42, 0x2a, 0x42,
    0x29, 0x42, 0x29, 0x42, 0x29, 0x42, 0x4a, 0x4a, 0x4a, 0x4a, 0x29, 0x42,
    0x29, 0x42, 0x4a, 0x4a, 0x29, 0x42, 0x4a, 0x42, 0x29, 0x42, 0x4a, 0x4a,
    0x29, 0x42, 0x29, 0x42, 0x2a, 0x42, 0x29, 0x42, 0x29, 0x42, 0x2a, 0x42,
    0x29, 0x42, 0x4a, 0x4a, 0x29, 0x42, 0x49, 0x42, 0x29, 0x42, 0x2a, 0x4a,
    0x05, 0x21, 0x25, 0x21, 0x25, 0x21, 0x25, 0x21, 0x25, 0x21, 0x25, 0x21,
    0x25, 0x21, 0x25, 0x21, 0x05, 0x21, 0x05, 0x21, 0xe4, 0x18, 0x04, 0x21,
    0x04, 0x21, 0xe4, 0x18, 0xe4, 0x18, 0x05, 0x21, 0xe4, 0x18, 0x05, 0x21,
    0x04, 0x21, 0x05, 0x21, 0x04, 0x21, 0xe4, 0x18, 0xe5, 0x20, 0xe4, 0x18,
    0x05, 0x21, 0x05, 0x21, 0x45, 0x29, 0x45, 0x21, 0x46, 0x29, 0x46, 0x29,
    0x45, 0x29, 0x25, 0x21, 0x45, 0x21, 0x46, 0x29, 0x46, 0x29, 0x45, 0x21,
    0x46, 0x29, 0x45, 0x21, 0x46, 0x29, 0x46, 0x29, 0x45, 0x21, 0x46, 0x21,
    0x46, 0x29, 0x25, 0x21, 0x05, 0x21, 0x05, 0x21, 0x05, 0x21, 0xe4, 0x18,
    0x05, 0x21, 0x04, 0x21, 0x05, 0x21, 0x05, 0x21, 0x05, 0x21, 0x04, 0x19,
    0x05, 0x19, 0x05, 0x21, 0x05, 0x21, 0x05, 0x21, 0x05, 0x21, 0x05, 0x21,
    0x05, 0x21, 0x25, 0x21, 0x25, 0x21, 0x25, 0x21, 0x26, 0x29, 0x66, 0x29,
    0x66, 0x29, 0x46, 0x29, 0x66, 0x29, 0x66, 0x29, 0x67, 0x29, 0x67, 0x31,
    0x66, 0x29, 0x66, 0x29, 0x87, 0x31, 0x66, 0x29, 0x86, 0x29, 0x66, 0x29,
    0x66, 0x29, 0x87, 0x31, 0x66, 0x29, 0x87, 0x31, 0x86, 0x29, 0x87, 0x31,
    0x66, 0x29, 0x66, 0x29, 0x87, 0x31, 0x66, 0x31, 0x87, 0x31, 0x86, 0x29,
    0x86, 0x29, 0x86, 0x31, 0x87, 0x31, 0x87, 0x29, 0x87, 0x31, 0x87, 0x31,
    0x86, 0x29, 0xa7, 0x31, 0x87, 0x31, 0xa7, 0x31, 0xa7, 0x31, 0x87, 0x31,
    0xa7, 0x31, 0x87, 0x31, 0xa7, 0x31, 0xa7, 0x31, 0xa7, 0x31, 0xa7, 0x31,
    0xa7, 0x31, 0xa7, 0x31, 0xa7, 0x31, 0xa7, 0x31, 0xc7, 0x39, 0xa7, 0x31,
    0xa7, 0x31, 0xa7, 0x31, 0xc8, 0x39, 0xc7, 0x31, 0xa7, 0x31, 0xa8, 0x39,
    0xc8, 0x31, 0xa7, 0x31, 0xa7, 0x31, 0xa7, 0x31, 0xc7, 0x39, 0xc8, 0x31,
    0xc8, 0x39, 0xc7, 0x31, 0xc8, 0x39, 0xc8, 0x31, 0xa7, 0x31, 0xc8, 0x39,
    0xc8, 0x39, 0xc8, 0x39, 0xc7, 0x31, 0xc8, 0x31, 0xc8, 0x39, 0xc7, 0x39,
    0xc8, 0x31, 0xc7, 0x39, 0xc8, 0x39, 0xc8, 0x31, 0xc8, 0x39, 0xc8, 0x39,
    0xc8, 0x39, 0xc8, 0x39, 0xc8, 0x39, 0xc8, 0x39, 0xc8, 0x39, 0xe8, 0x39,
    0xe8, 0x39, 0xc8, 0x31, 0xc8, 0x39, 0xe8, 0x39, 0xe8, 0x39, 0xc8, 0x31,
    0xc8, 0x39, 0xc8, 0x39, 0xc8, 0x39, 0xe8, 0x39, 0xe8, 0x39, 0xe8, 0x39,
    0xe8, 0x39, 0xe8, 0x39, 0xe8, 0x39, 0xe8, 0x39, 0xe8, 0x39, 0xe8, 0x39,
    0xe8, 0x39, 0xe8, 0x39, 0x09, 0x42, 0x08, 0x3a, 0x08, 0x42, 0x09, 0x42,
    0x08, 0x3a, 0x08, 0x42, 0x09, 0x42, 0x09, 0x3a, 0x08, 0x3a, 0x09, 0x42,
    0x09, 0x42, 0x29, 0x42, 0x09, 0x3a, 0x09, 0x42, 0x29, 0x42, 0x29, 0x42,
    0x08, 0x42, 0x29, 0x42, 0x08, 0x3a, 0x29, 0x42, 0x09, 0x42, 0x29, 0x42,
    0x29, 0x42, 0x09, 0x42, 0x29, 0x42, 0x2a, 0x42, 0x29, 0x42, 0x09, 0x42,
    0x29, 0x42, 0x29, 0x42, 0x29, 0x42, 0x29, 0x42, 0x29, 0x42, 0x2a, 0x42,
    0x29, 0x42, 0x29, 0x42, 0x2a, 0x4a, 0x29, 0x42, 0x2a, 0x4a, 0x29, 0x42,
    0x29, 0x42, 0x29, 0x42, 0x29, 0x42, 0x2a, 0x4a, 0x29, 0x42, 0x29, 0x42,
    0x4a, 0x4a, 0x29, 0x42, 0x29, 0x42, 0x4a, 0x42, 0x29, 0x42, 0x29, 0x42,
    0x29, 0x42, 0x4a, 0x42, 0x29, 0x42, 0x29, 0x42, 0x29, 0x42, 0x29, 0x42,
    0x2a, 0x42, 0x29, 0x42, 0x4a, 0x4a, 0x4a, 0x4a, 0x29, 0x42, 0x4a, 0x42,
    0x4a, 0x4a, 0x29, 0x42, 0x2a, 0x42, 0x29, 0x42, 0x4a, 0x4a, 0x29, 0x42,
    0x05, 0x21, 0x05, 0x21, 0x25, 0x21, 0x05, 0x21, 0x25, 0x21, 0x05, 0x21,
    0x25, 0x21, 0x05, 0x21, 0xe4, 0x20, 0x04, 0x21, 0xe5, 0x18, 0xe4, 0x18,
    0x05, 0x21, 0x05, 0x21, 0xe4, 0x18, 0x05, 0x21, 0x04, 0x19, 0xe4, 0x20,
    0xe5, 0x18, 0x05, 0x21, 0x04, 0x19, 0x05, 0x21, 0x05, 0x21, 0xe4, 0x18,
    0x05, 0x21, 0xe4, 0x18, 0x46, 0x29, 0x46, 0x29, 0x25, 0x21, 0x45, 0x21,
    0x25, 0x21, 0x46, 0x29, 0x46, 0x29, 0x45, 0x21, 0x45, 0x21, 0x25, 0x21,
    0x46, 0x29, 0x45, 0x21, 0x45, 0x21, 0x25, 0x21, 0x46, 0x29, 0x46, 0x29,
    0x45, 0x29, 0x45, 0x21, 0x46, 0x29, 0x25, 0x21, 0x05, 0x21, 0x05, 0x21,
    0x05, 0x21, 0x04, 0x19, 0x04, 0x19, 0xe4, 0x18, 0x05, 0x21, 0x04, 0x19,
    0x05, 0x21, 0x05, 0x21, 0x04, 0x19, 0x04, 0x19, 0x25, 0x21, 0x05, 0x21,
    0x05, 0x21, 0x05, 0x21, 0x05, 0x21, 0x05, 0x21, 0x25, 0x21, 0x46, 0x29,
    0x66, 0x29, 0x66, 0x29, 0x66, 0x29, 0x66, 0x29, 0x66, 0x29, 0x66, 0x29,
    0x66, 0x29, 0x66, 0x29, 0x66, 0x29, 0x66, 0x29, 0x67, 0x29, 0x87, 0x31,
    0x86, 0x31, 0x87, 0x29, 0x87, 0x31, 0x66, 0x29, 0x66, 0x29, 0x87, 0x31,
    0x87, 0x31, 0x66, 0x29, 0x86, 0x29, 0x87, 0x29, 0x86, 0x29, 0x87, 0x31,
    0x66, 0x29, 0x87, 0x31, 0x87, 0x31, 0x87, 0x31, 0xa7, 0x31, 0x87, 0x31,
    0xa7, 0x31, 0xa7, 0x31, 0x87, 0x31, 0x87, 0x31, 0x87, 0x31, 0xa7, 0x31,
    0xa7, 0x31, 0xa7, 0x31, 0xa7, 0x31, 0xa7, 0x31, 0x87, 0x31, 0xa7, 0x31,
    0x87, 0x31, 0x87, 0x31, 0xa7, 0x31, 0xa7, 0x31, 0xa8, 0x31, 0xa7, 0x31,
    0xa7, 0x31, 0xa7, 0x31, 0xa7, 0x31, 0xa7, 0x31, 0xc7, 0x31, 0xc8, 0x39,
    0xc7, 0x39, 0xa7, 0x31, 0xa8, 0x31, 0xa7, 0x39, 0xc7, 0x31, 0xa7, 0x31,
    0xa7, 0x31, 0xa7, 0x39, 0xc8, 0x39, 0xc8, 0x39, 0xa7, 0x31, 0xc8, 0x39,
    0xc7, 0x31, 0xc7, 0x39, 0xc7, 0x31, 0xa7, 0x31, 0xc8, 0x39, 0xc8, 0x31,
    0xc8, 0x39, 0xc7, 0x31, 0xe8, 0x39, 0xc7, 0x39, 0xc8, 0x39, 0xc7, 0x31,
    0xe8, 0x39, 0xc7, 0x31, 0xc8, 0x39, 0xc8, 0x39, 0xc7, 0x31, 0xc8, 0x39,
    0xe8, 0x39, 0xe8, 0x39, 0xe8, 0x39, 0xe8, 0x39, 0xc8, 0x39, 0xc8, 0x39,
    0xe8, 0x39, 0xe8, 0x39, 0xe8, 0x39, 0xe8, 0x39, 0xe8, 0x39, 0xe8, 0x39,
    0xe8, 0x39, 0xe8, 0x39, 0xe9, 0x41, 0xe8, 0x39, 0xe8, 0x39, 0xe8, 0x39,
    0xe8, 0x39, 0xe8, 0x39, 0xe9, 0x39, 0x09, 0x42, 0x08, 0x3a, 0x09, 0x3a,
    0x09, 0x42, 0x08, 0x3a, 0x29, 0x42, 0x09, 0x42, 0x09, 0x42, 0x09, 0x42,
    0x08, 0x3a, 0x09, 0x42, 0x29, 0x42, 0x08, 0x42, 0x09, 0x42, 0x29, 0x42,
    0x09, 0x42, 0x09, 0x42, 0x29, 0x42, 0x09, 0x42, 0x09, 0x3a, 0x29, 0x42,
    0x09, 0x42, 0x29, 0x42, 0x29, 0x42, 0x29, 0x42, 0x29, 0x42, 0x29, 0x42,
    0x29, 0x42, 0x29, 0x42, 0x09, 0x42, 0x09, 0x42, 0x29, 0x42, 0x09, 0x42,
    0x2a, 0x4a, 0x29, 0x42, 0x29, 0x42, 0x29, 0x42, 0x29, 0x42, 0x2a, 0x42,
    0x29, 0x42, 0x2a, 0x4a, 0x29, 0x42, 0x29, 0x42, 0x29, 0x42, 0x29, 0x42,
    0x4a, 0x4a, 0x29, 0x42, 0x29, 0x42, 0x29, 0x42, 0x29, 0x42, 0x4a, 0x4a,
    0x29, 0x42, 0x29, 0x42, 0x2a, 0x4a, 0x2a, 0x4a, 0x29, 0x42, 0x2a, 0x42,
    0x4a, 0x4a, 0x29, 0x42, 0x49, 0x42, 0x29, 0x42, 0x29, 0x42, 0x4a, 0x4a,
    0x29, 0x42, 0x29, 0x4a, 0x4a, 0x42, 0x29, 0x42, 0x4a, 0x4a, 0x29, 0x42,
    0x25, 0x21, 0x05, 0x21, 0x25, 0x21, 0x25, 0x21, 0x25, 0x21, 0x05, 0x21,
    0x05, 0x21, 0x04, 0x19, 0x05, 0x21, 0x04, 0x19, 0x05, 0x21, 0xe4, 0x18,
    0x05, 0x21, 0x05, 0x21, 0x04, 0x21, 0x05, 0x21, 0xe4, 0x18, 0xe4, 0x18,
    0x04, 0x21, 0x05, 0x21, 0x05, 0x21, 0x05, 0x21, 0x04, 0x21, 0x04, 0x21,
    0x04, 0x19, 0x05, 0x21, 0x25, 0x21, 0x45, 0x21, 0x25, 0x21, 0x46, 0x29,
    0x25, 0x21, 0x25, 0x21, 0x46, 0x29, 0x26, 0x21, 0x25, 0x21, 0x46, 0x29,
    0x46, 0x29, 0x46, 0x29, 0x46, 0x21, 0x45, 0x29, 0x46, 0x29, 0x46, 0x29,
    0x45, 0x21, 0x46, 0x29, 0x46, 0x21, 0x46, 0x29, 0x45, 0x29, 0x25, 0x21,
    0x05, 0x21, 0x05, 0x21, 0x05, 0x21, 0x05, 0x21, 0x05, 0x21, 0x04, 0x21,
    0x05, 0x21, 0x05, 0x19, 0x25, 0x21, 0x25, 0x21, 0x05, 0x21, 0x04, 0x19,
    0x04, 0x19, 0x05, 0x21, 0x25, 0x21, 0x05, 0x21, 0x05, 0x21, 0x45, 0x21,
    0x66, 0x29, 0x66, 0x29, 0x66, 0x29, 0x66, 0x29, 0x66, 0x29, 0x66, 0x29,
    0x66, 0x29, 0x66, 0x31, 0x66, 0x29, 0x87, 0x31, 0x66, 0x29, 0x86, 0x31,
    0x66, 0x29, 0x87, 0x29, 0x66, 0x29, 0x66, 0x31, 0x66, 0x29, 0x87, 0x29,
    0x66, 0x29, 0x87, 0x31, 0x66, 0x29, 0x66, 0x29, 0x87, 0x31, 0x87, 0x31,
    0x87, 0x31, 0x87, 0x29, 0x87, 0x31, 0x86, 0x29, 0xa7, 0x31, 0xa7, 0x31,
    0x87, 0x31, 0xa7, 0x31, 0xa7, 0x31, 0x87, 0x31, 0xa7, 0x31, 0xa7, 0x31,
    0x87, 0x31, 0x87, 0x31, 0xa7, 0x31, 0xa7, 0x31, 0xa7, 0x31, 0xa7, 0x31,
    0x87, 0x31, 0xa7, 0x31, 0xa7, 0x31, 0xa7, 0x31, 0xa7, 0x31, 0xa7, 0x31,
    0xa8, 0x39, 0xa7, 0x31, 0xc8, 0x39, 0xa7, 0x39, 0xc8, 0x31, 0xa7, 0x31,
    0xa7, 0x39, 0xa7, 0x31, 0xa7, 0x31, 0xc8, 0x39, 0xa8, 0x31, 0xa7, 0x31,
    0xc8, 0x39, 0xc7, 0x31, 0xa7, 0x31, 0xc7, 0x31, 0xc7, 0x39, 0xc8, 0x31,
    0xc7, 0x31, 0xc8, 0x39, 0xc8, 0x39, 0xc7, 0x39, 0xc8, 0x39, 0xa7, 0x31,
    0xc7, 0x31, 0xe8, 0x39, 0xc7, 0x31, 0xc8, 0x39, 0xe8, 0x39, 0xc7, 0x39,
    0xc8, 0x31, 0xe8, 0x39, 0xe8, 0x39, 0xc8, 0x39, 0xc8, 0x31, 0xc7, 0x39,
    0xc8, 0x39, 0xe8, 0x39, 0xe8, 0x39, 0xc8, 0x39, 0xe8, 0x39, 0xc8, 0x39,
    0xe8, 0x39, 0xe8, 0x39, 0xe8, 0x39, 0xe8, 0x39, 0xe8, 0x39, 0xe8, 0x39,
    0xe8, 0x39, 0xe8, 0x39, 0xe8, 0x39, 0xe8, 0x41, 0xe8, 0x39, 0xe8, 0x39,
    0xe8, 0x39, 0xe8, 0x41, 0x09, 0x42, 0x09, 0x3a, 0x08, 0x42, 0x09, 0x42,
    0x09, 0x42, 0x09, 0x42, 0x08, 0x3a, 0x09, 0x42, 0x08, 0x3a, 0x08, 0x3a,
    0x08, 0x3a, 0x09, 0x42, 0x29, 0x42, 0x08, 0x3a, 0x09, 0x42, 0x09, 0x42,
    0x08, 0x3a, 0x09, 0x3a, 0x09, 0x42, 0x29, 0x42, 0x29, 0x42, 0x29, 0x42,
    0x09, 0x3a, 0x09, 0x42, 0x29, 0x42, 0x09, 0x3a, 0x29, 0x42, 0x29, 0x42,
    0x09, 0x42, 0x09, 0x42, 0x29, 0x42, 0x09, 0x42, 0x09, 0x42, 0x29, 0x42,
    0x29, 0x42, 0x29, 0x42, 0x29, 0x42, 0x29, 0x42, 0x29, 0x42, 0x29, 0x42,
    0x29, 0x42, 0x29, 0x42, 0x29, 0x42, 0x2a, 0x42, 0x4a, 0x4a, 0x4a, 0x42,
    0x2a, 0x42, 0x2a, 0x4a, 0x29, 0x42, 0x29, 0x42, 0x29, 0x42, 0x2a, 0x42,
    0x29, 0x42, 0x29, 0x42, 0x29, 0x42, 0x4a, 0x42, 0x29, 0x42, 0x29, 0x42,
    0x29, 0x42, 0x29, 0x42, 0x29, 0x42, 0x29, 0x42, 0x29, 0x42, 0x29, 0x42,
    0x2a, 0x42, 0x4a, 0x4a, 0x29, 0x42, 0x4a, 0x4a, 0x29, 0x42, 0x29, 0x42,
    0x25, 0x21, 0x05, 0x19, 0x25, 0x21, 0x05, 0x21, 0x05, 0x19, 0x05, 0x19,
    0x05, 0x21, 0x04, 0x21, 0xe4, 0x18, 0xe4, 0x18, 0x04, 0x21, 0xe4, 0x18,
    0x05, 0x21, 0x04, 0x19, 0x05, 0x21, 0xe4, 0x18, 0x05, 0x21, 0x05, 0x21,
    0x04, 0x19, 0x04, 0x21, 0x05, 0x19, 0x04, 0x19, 0x05, 0x21, 0x05, 0x21,
    0x04, 0x19, 0x05, 0x21, 0x25, 0x21, 0x25, 0x21, 0x26, 0x29, 0x46, 0x29,
    0x45, 0x21, 0x46, 0x29, 0x45, 0x29, 0x45, 0x21, 0x25, 0x29, 0x46, 0x29,
    0x45, 0x21, 0x25, 0x21, 0x46, 0x29, 0x46, 0x21, 0x46, 0x29, 0x45, 0x21,
    0x46, 0x29, 0x46, 0x29, 0x45, 0x21, 0x45, 0x21, 0x46, 0x29, 0x46, 0x21,
    0x45, 0x21, 0x05, 0x21, 0x04, 0x21, 0x05, 0x21, 0x05, 0x19, 0x25, 0x21,
    0x04, 0x21, 0x05, 0x21, 0x05, 0x21, 0x04, 0x19, 0x05, 0x21, 0x25, 0x21,
    0x05, 0x21, 0x25, 0x21, 0x04, 0x19, 0x05, 0x21, 0x05, 0x21, 0x25, 0x21,
    0x66, 0x29, 0x66, 0x29, 0x66, 0x29, 0x66, 0x29, 0x66, 0x29, 0x46, 0x29,
    0x67, 0x31, 0x46, 0x29, 0x86, 0x29, 0x66, 0x29, 0x67, 0x31, 0x86, 0x29,
    0x87, 0x31, 0x66, 0x29, 0x86, 0x29, 0x87, 0x31, 0x87, 0x31, 0x66, 0x29,
    0x86, 0x29, 0x87, 0x31, 0x87, 0x31, 0x66, 0x29, 0x87, 0x31, 0x87, 0x31,
    0x86, 0x29, 0xa7, 0x31, 0x87, 0x31, 0x86, 0x31, 0xa7, 0x31, 0xa7, 0x31,
    0x87, 0x31, 0xa7, 0x31, 0x87, 0x31, 0x87, 0x31, 0xa7, 0x31, 0x87, 0x29,
    0xa7, 0x31, 0xa7, 0x31, 0xa7, 0x31, 0xa7, 0x31, 0xa7, 0x31, 0xa7, 0x31,
    0xa7, 0x31, 0xa7, 0x31, 0x87, 0x31, 0xa7, 0x31, 0xa7, 0x39, 0xa7, 0x31,
    0xa7, 0x31, 0xa7, 0x31, 0xa7, 0x31, 0xa7, 0x31, 0xc8, 0x39, 0xa7, 0x31,
    0xa7, 0x31, 0xc8, 0x31, 0xa7, 0x31, 0xa7, 0x31, 0xa7, 0x31, 0xc8, 0x39,
    0xc8, 0x39, 0xa7, 0x31, 0xc8, 0x31, 0xa7, 0x39, 0xa7, 0x31, 0xa8, 0x31,
    0xc8, 0x39, 0xc8, 0x39, 0xc8, 0x39, 0xc8, 0x31, 0xc8, 0x39, 0xc8, 0x39,
    0xc8, 0x39, 0xc8, 0x39, 0xc8, 0x39, 0xc7, 0x31, 0xc7, 0x31, 0xc8, 0x39,
    0xc8, 0x39, 0xc8, 0x39, 0xc7, 0x39, 0xe8, 0x39, 0xe8, 0x39, 0xc7, 0x31,
    0xc8, 0x39, 0xe8, 0x39, 0xe8, 0x39, 0xe8, 0x39, 0xe8, 0x39, 0xe8, 0x39,
    0xe8, 0x39, 0xe8, 0x39, 0xc8, 0x39, 0xe8, 0x39, 0xe8, 0x39, 0xe8, 0x39,
    0xc8, 0x39, 0xe8, 0x39, 0xe8, 0x39, 0xe8, 0x39, 0xe8, 0x39, 0xe9, 0x39,
    0xe8, 0x39, 0x08, 0x42, 0x09, 0x3a, 0x09, 0x42, 0x08, 0x42, 0x08, 0x3a,
    0x09, 0x42, 0x09, 0x42, 0x09, 0x42, 0x08, 0x3a, 0x09, 0x42, 0x09, 0x42,
    0x29, 0x42, 0x09, 0x42, 0x09, 0x42, 0x29, 0x42, 0x09, 0x42, 0x29, 0x42,
    0x08, 0x3a, 0x09, 0x42, 0x29, 0x42, 0x09, 0x42, 0x08, 0x42, 0x09, 0x42,
    0x29, 0x42, 0x09, 0x42, 0x09, 0x42, 0x09, 0x42, 0x09, 0x42, 0x2a, 0x42,
    0x09, 0x42, 0x09, 0x42, 0x2a, 0x42, 0x29, 0x42, 0x29, 0x42, 0x29, 0x42,
    0x29, 0x42, 0x2a, 0x42, 0x29, 0x42, 0x09, 0x42, 0x2a, 0x42, 0x09, 0x42,
    0x29, 0x42, 0x29, 0x42, 0x29, 0x42, 0x29, 0x42, 0x29, 0x42, 0x29, 0x42,
    0x29, 0x42, 0x49, 0x42, 0x29, 0x42, 0x2a, 0x4a, 0x29, 0x42, 0x2a, 0x4a,
    0x2a, 0x42, 0x29, 0x42, 0x29, 0x42, 0x29, 0x42, 0x29, 0x42, 0x2a, 0x4a,
    0x29, 0x42, 0x29, 0x42, 0x2a, 0x42, 0x2a, 0x4a, 0x2a, 0x4a, 0x29, 0x42,
    0x29, 0x42, 0x29, 0x42, 0x29, 0x42, 0x29, 0x42, 0x29, 0x42, 0x29, 0x42,
    0x25, 0x21, 0x05, 0x21, 0x25, 0x21, 0x05, 0x21, 0x04, 0x21, 0x04, 0x21,
    0x05, 0x21, 0x05, 0x21, 0x05, 0x21, 0xe4, 0x18, 0xe4, 0x18, 0xe4, 0x20,
    0x05, 0x21, 0x05, 0x19, 0x04, 0x21, 0x05, 0x21, 0x05, 0x21, 0x05, 0x21,
    0x05, 0x21, 0x04, 0x19, 0xe4, 0x20, 0xe4, 0x18, 0x05, 0x21, 0x05, 0x21,
    0xe4, 0x18, 0x04, 0x21, 0x05, 0x21, 0x25, 0x21, 0x45, 0x21, 0x46, 0x29,
    0x25, 0x21, 0x25, 0x21, 0x46, 0x21, 0x25, 0x21, 0x25, 0x21, 0x25, 0x21,
    0x25, 0x21, 0x46, 0x29, 0x45, 0x29, 0x45, 0x21, 0x45, 0x21, 0x46, 0x29,
    0x45, 0x21, 0x45, 0x21, 0x46, 0x29, 0x45, 0x29, 0x46, 0x29, 0x46, 0x29,
    0x45, 0x29, 0x46, 0x29, 0x45, 0x21, 0x04, 0x21, 0x05, 0x19, 0x05, 0x21,
    0x04, 0x19, 0x05, 0x21, 0x05, 0x21, 0x04, 0x19, 0x05, 0x21, 0x25, 0x21,
    0x05, 0x21, 0x05, 0x21, 0x05, 0x19, 0x25, 0x21, 0x04, 0x21, 0x25, 0x21,
    0x46, 0x29, 0x46, 0x29, 0x66, 0x29, 0x66, 0x29, 0x66, 0x29, 0x66, 0x29,
    0x66, 0x29, 0x66, 0x29, 0x66, 0x29, 0x67, 0x29, 0x86, 0x29, 0x66, 0x29,
    0x66, 0x29, 0x67, 0x31, 0x86, 0x29, 0x66, 0x29, 0x86, 0x31, 0x87, 0x31,
    0x66, 0x29, 0x86, 0x29, 0x66, 0x29, 0x87, 0x31, 0x86, 0x31, 0x87, 0x31,
    0x86, 0x29, 0x87, 0x31, 0x87, 0x31, 0x86, 0x29, 0x87, 0x31, 0x87, 0x31,
    0x87, 0x31, 0x86, 0x29, 0x87, 0x31, 0xa7, 0x31, 0xa7, 0x31, 0x87, 0x31,
    0xa7, 0x31, 0xa7, 0x31, 0xa7, 0x31, 0xa7, 0x31, 0xa7, 0x31, 0x87, 0x31,
    0xa7, 0x31, 0xa7, 0x31, 0xa7, 0x31, 0xa7, 0x31, 0xa8, 0x39, 0xa7, 0x31,
    0xa7, 0x31, 0xa7, 0x31, 0xa7, 0x31, 0xa7, 0x31, 0xa7, 0x31, 0xa7, 0x31,
    0xa7, 0x31, 0xa7, 0x39, 0xa7, 0x31, 0xc8, 0x39, 0xa7, 0x31, 0xc7, 0x31,
    0xa7, 0x31, 0xc7, 0x39, 0xc8, 0x39, 0xc8, 0x39, 0xc8, 0x31, 0xa7, 0x31,
    0xc7, 0x39, 0xc8, 0x39, 0xc7, 0x31, 0xc7, 0x31, 0xc8, 0x39, 0xc7, 0x39,
    0xc8, 0x39, 0xc8, 0x31, 0xc7, 0x39, 0xc8, 0x39, 0xc8, 0x39, 0xc8, 0x39,
    0xc8, 0x31, 0xc8, 0x39, 0xc8, 0x39, 0xc8, 0x31, 0xe8, 0x39, 0xc8, 0x39,
    0xc8, 0x39, 0xc8, 0x39, 0xe8, 0x39, 0xe8, 0x39, 0xe8, 0x39, 0xe8, 0x39,
    0xc8, 0x39, 0xe8, 0x39, 0xc8, 0x39, 0xe8, 0x39, 0xc8, 0x39, 0xe8, 0x39,
    0xc8, 0x39, 0xe8, 0x39, 0xe9, 0x39, 0xe8, 0x39, 0xe8, 0x39, 0xe8, 0x39,
    0xe8, 0x39, 0xe9, 0x39, 0xe8, 0x39, 0x09, 0x42, 0x09, 0x42, 0x08, 0x3a,
    0x08, 0x3a, 0xe8, 0x39, 0x09, 0x42, 0x08, 0x3a, 0x09, 0x42, 0x09, 0x42,
    0x08, 0x3a, 0x09, 0x42, 0x09, 0x42, 0x08, 0x3a, 0x09, 0x42, 0x09, 0x42,
    0x09, 0x42, 0x09, 0x42, 0x29, 0x42, 0x08, 0x42, 0x09, 0x3a, 0x09, 0x3a,
    0x08, 0x42, 0x29, 0x42, 0x09, 0x3a, 0x29, 0x42, 0x09, 0x42, 0x29, 0x42,
    0x29, 0x42, 0x29, 0x42, 0x09, 0x42, 0x09, 0x42, 0x29, 0x42, 0x09, 0x42,
    0x29, 0x42, 0x29, 0x42, 0x29, 0x42, 0x29, 0x42, 0x09, 0x42, 0x29, 0x42,
    0x29, 0x42, 0x2a, 0x42, 0x29, 0x42, 0x29, 0x42, 0x29, 0x42, 0x29, 0x42,
    0x29, 0x4a, 0x29, 0x42, 0x2a, 0x42, 0x29, 0x42, 0x29, 0x42, 0x29, 0x42,
    0x29, 0x42, 0x29, 0x42, 0x2a, 0x4a, 0x4a, 0x4a, 0x29, 0x42, 0x29, 0x42,
    0x29, 0x42, 0x2a, 0x42, 0x29, 0x42, 0x29, 0x42, 0x29, 0x42, 0x29, 0x42,
    0x2a, 0x42, 0x29, 0x42, 0x29, 0x42, 0x2a, 0x42, 0x2a, 0x42, 0x29, 0x42,
    0x05, 0x21, 0x05, 0x21, 0x04, 0x19, 0xe4, 0x18, 0x05, 0x21, 0xe4, 0x18,
    0xe4, 0x18, 0x05, 0x21, 0xe4, 0x18, 0x05, 0x21, 0x05, 0x21, 0x04, 0x19,
    0x05, 0x21, 0x04, 0x21, 0x05, 0x21, 0x04, 0x19, 0x04, 0x19, 0x04, 0x19,
    0x05, 0x21, 0x05, 0x21, 0x05, 0x21, 0xe4, 0x18, 0x05, 0x21, 0x04, 0x21,
    0x05, 0x19, 0x05, 0x21, 0x05, 0x21, 0x25, 0x21, 0x45, 0x21, 0x25, 0x21,
    0x46, 0x29, 0x46, 0x29, 0x25, 0x21, 0x26, 0x29, 0x25, 0x21, 0x46, 0x29,
    0x46, 0x21, 0x45, 0x29, 0x25, 0x21, 0x46, 0x29, 0x46, 0x29, 0x46, 0x29,
    0x46, 0x29, 0x45, 0x21, 0x46, 0x29, 0x46, 0x29, 0x45, 0x21, 0x46, 0x21,
    0x46, 0x29, 0x66, 0x29, 0x46, 0x21, 0x46, 0x29, 0x25, 0x21, 0x25, 0x21,
    0x04, 0x19, 0x05, 0x21, 0x25, 0x21, 0x05, 0x21, 0x04, 0x19, 0x05, 0x21,
    0x25, 0x21, 0x04, 0x21, 0x04, 0x19, 0x25, 0x21, 0x05, 0x21, 0x05, 0x19,
    0x45, 0x21, 0x46, 0x29, 0x46, 0x29, 0x66, 0x29, 0x66, 0x29, 0x66, 0x29,
    0x66, 0x29, 0x66, 0x29, 0x66, 0x29, 0x87, 0x31, 0x87, 0x31, 0x66, 0x29,
    0x86, 0x31, 0x87, 0x31, 0x87, 0x29, 0x87, 0x31, 0x86, 0x29, 0x66, 0x29,
    0x67, 0x31, 0x87, 0x31, 0x87, 0x31, 0x87, 0x31, 0x86, 0x29, 0x87, 0x29,
    0x87, 0x31, 0x86, 0x31, 0x87, 0x29, 0x87, 0x31, 0xa7, 0x31, 0x86, 0x29,
    0x86, 0x31, 0x87, 0x31, 0xa7, 0x31, 0xa7, 0x31, 0x86, 0x29, 0x87, 0x31,
    0x87, 0x31, 0x87, 0x31, 0x87, 0x31, 0xa7, 0x31, 0x87, 0x31, 0xa7, 0x31,
    0xa7, 0x31, 0xa7, 0x31, 0xa7, 0x31, 0x87, 0x31, 0xa7, 0x31, 0xa7, 0x31,
    0xa7, 0x31, 0xa8, 0x39, 0xa7, 0x31, 0xa7, 0x31, 0xa7, 0x31, 0xa8, 0x31,
    0xc8, 0x39, 0xa7, 0x31, 0xc8, 0x31, 0xc7, 0x39, 0xc7, 0x39, 0xa8, 0x31,
    0xc7, 0x31, 0xa7, 0x31, 0xa7, 0x31, 0xa7, 0x31, 0xc8, 0x39, 0xc7, 0x31,
    0xc8, 0x39, 0xc8, 0x39, 0xc7, 0x31, 0xc8, 0x39, 0xc7, 0x31, 0xe8, 0x39,
    0xc7, 0x31, 0xc8, 0x39, 0xc8, 0x31, 0xc8, 0x39, 0xc7, 0x31, 0xc7, 0x31,
    0xc7, 0x39, 0xc8, 0x39, 0xc8, 0x31, 0xc7, 0x39, 0xe8, 0x39, 0xc8, 0x39,
    0xe8, 0x39, 0xc8, 0x39, 0xe8, 0x39, 0xe8, 0x39, 0xc8, 0x39, 0xc8, 0x39,
    0xc8, 0x39, 0xc8, 0x39, 0xe8, 0x39, 0xe8, 0x39, 0xe8, 0x39, 0xe8, 0x39,
    0xe8, 0x39, 0xe8, 0x39, 0xc8, 0x39, 0xe8, 0x39, 0xe8, 0x39, 0xe8, 0x39,
    0xe8, 0x39, 0xe8, 0x41, 0xe8, 0x39, 0x08, 0x3a, 0x09, 0x42, 0x09, 0x42,
    0x08, 0x3a, 0x09, 0x42, 0xe8, 0x39, 0x09, 0x42, 0x09, 0x42, 0x08, 0x3a,
    0x09, 0x42, 0x08, 0x3a, 0x08, 0x3a, 0x08, 0x3a, 0x09, 0x42, 0x29, 0x42,
    0x29, 0x42, 0x08, 0x3a, 0x09, 0x42, 0x29, 0x42, 0x09, 0x42, 0x29, 0x42,
    0x09, 0x42, 0x09, 0x42, 0x29, 0x42, 0x29, 0x42, 0x09, 0x3a, 0x29, 0x42,
    0x09, 0x42, 0x29, 0x42, 0x29, 0x42, 0x29, 0x42, 0x09, 0x42, 0x29, 0x42,
    0x09, 0x42, 0x09, 0x42, 0x2a, 0x42, 0x29, 0x42, 0x29, 0x42, 0x29, 0x42,
    0x29, 0x42, 0x29, 0x42, 0x2a, 0x42, 0x29, 0x42, 0x29, 0x42, 0x29, 0x42,
    0x2a, 0x42, 0x29, 0x42, 0x29, 0x42, 0x29, 0x42, 0x29, 0x42, 0x29, 0x42,
    0x29, 0x42, 0x29, 0x42, 0x29, 0x42, 0x29, 0x42, 0x2a, 0x42, 0x29, 0x42,
    0x29, 0x42, 0x2a, 0x4a, 0x49, 0x4a, 0x29, 0x42, 0x29, 0x42, 0x29, 0x42,
    0x2a, 0x4a, 0x29, 0x42, 0x29, 0x42, 0x29, 0x42, 0x29, 0x42, 0x29, 0x42,
    0x05, 0x21, 0x05, 0x21, 0x04, 0x21, 0x04, 0x19, 0x05, 0x21, 0xe4, 0x18,
    0x05, 0x21, 0x04, 0x21, 0x04, 0x21, 0x05, 0x21, 0x05, 0x21, 0xe4, 0x18,
    0xe4, 0x18, 0x05, 0x21, 0x05, 0x21, 0x04, 0x21, 0xe4, 0x18, 0x05, 0x21,
    0x04, 0x21, 0x05, 0x21, 0x04, 0x21, 0x05, 0x21, 0x04, 0x19, 0x05, 0x21,
    0x05, 0x21, 0x04, 0x19, 0x05, 0x21, 0x46, 0x29, 0x25, 0x21, 0x25, 0x21,
    0x45, 0x21, 0x25, 0x21, 0x46, 0x29, 0x25, 0x21, 0x46, 0x29, 0x46, 0x29,
    0x45, 0x21, 0x25, 0x21, 0x46, 0x29, 0x46, 0x21, 0x46, 0x29, 0x25, 0x21,
    0x46, 0x29, 0x46, 0x29, 0x25, 0x21, 0x46, 0x21, 0x46, 0x29, 0x46, 0x29,
    0x45, 0x21, 0x46, 0x29, 0x46, 0x29, 0x45, 0x21, 0x46, 0x29, 0x45, 0x29,
    0x25, 0x21, 0x05, 0x21, 0x04, 0x19, 0x05, 0x21, 0x04, 0x21, 0x05, 0x19,
    0x05, 0x21, 0x04, 0x19, 0x05, 0x21, 0x25, 0x21, 0x05, 0x21, 0x05, 0x21,
    0x25, 0x21, 0x66, 0x29, 0x66, 0x29, 0x66, 0x29, 0x66, 0x29, 0x67, 0x31,
    0x66, 0x29, 0x66, 0x29, 0x66, 0x29, 0x66, 0x29, 0x66, 0x31, 0x87, 0x31,
    0x66, 0x29, 0x66, 0x29, 0x66, 0x29, 0x66, 0x29, 0x66, 0x29, 0x87, 0x29,
    0x86, 0x29, 0x87, 0x31, 0x86, 0x29, 0x87, 0x31, 0x87, 0x31, 0x87, 0x31,
    0x87, 0x31, 0x86, 0x29, 0x87, 0x31, 0xa7, 0x31, 0x87, 0x31, 0x87, 0x31,
    0x87, 0x29, 0x87, 0x31, 0x86, 0x29, 0x86, 0x31, 0xa7, 0x31, 0xa7, 0x31,
    0x87, 0x31, 0xa7, 0x31, 0x87, 0x31, 0xa7, 0x31, 0xa7, 0x31, 0xa7, 0x31,
    0xa7, 0x31, 0xa7, 0x31, 0x87, 0x31, 0xa7, 0x31, 0xa7, 0x31, 0xa7, 0x31,
    0xa7, 0x31, 0xa7, 0x31, 0xa7, 0x31, 0xa7, 0x31, 0xa7, 0x31, 0xc8, 0x39,
    0xa7, 0x31, 0xa7, 0x31, 0xc8, 0x31, 0xc8, 0x39, 0xc7, 0x39, 0xc8, 0x39,
    0xc8, 0x39, 0xc8, 0x39, 0xa7, 0x31, 0xa7, 0x31, 0xc7, 0x31, 0xc8, 0x39,
    0xc8, 0x39, 0xc7, 0x31, 0xc8, 0x39, 0xa7, 0x31, 0xc8, 0x31, 0xc8, 0x39,
    0xa7, 0x31, 0xc7, 0x31, 0xe8, 0x39, 0xc7, 0x31, 0xc8, 0x39, 0xc8, 0x39,
    0xc7, 0x31, 0xc8, 0x39, 0xc7, 0x31, 0xc7, 0x39, 0xc8, 0x39, 0xc7, 0x31,
    0xc7, 0x31, 0xc8, 0x39, 0xc8, 0x39, 0xe8, 0x39, 0xc8, 0x39, 0xe8, 0x39,
    0xe8, 0x39, 0xe8, 0x39, 0xc8, 0x39, 0xe8, 0x39, 0xc8, 0x39, 0xe8, 0x39,
    0x09, 0x42, 0xe8, 0x39, 0xc8, 0x39, 0xe8, 0x39, 0xe9, 0x41, 0xe8, 0x39,
    0xe8, 0x39, 0xe8, 0x39, 0xe8, 0x39, 0x08, 0x3a, 0x09, 0x42, 0x09, 0x42,
    0x09, 0x3a, 0x09, 0x42, 0x09, 0x42, 0x08, 0x3a, 0x08, 0x3a, 0x09, 0x42,
    0x09, 0x42, 0x09, 0x42, 0x09, 0x42, 0x09, 0x42, 0x08, 0x3a, 0x29, 0x42,
    0x08, 0x3a, 0x09, 0x42, 0x09, 0x42, 0x09, 0x42, 0x08, 0x42, 0x08, 0x3a,
    0x09, 0x42, 0x09, 0x42, 0x08, 0x42, 0x09, 0x42, 0x29, 0x42, 0x09, 0x42,
    0x09, 0x42, 0x29, 0x42, 0x29, 0x42, 0x29, 0x42, 0x29, 0x42, 0x2a, 0x42,
    0x09, 0x42, 0x29, 0x42, 0x09, 0x42, 0x09, 0x42, 0x09, 0x42, 0x2a, 0x42,
    0x29, 0x42, 0x29, 0x42, 0x09, 0x42, 0x2a, 0x4a, 0x29, 0x42, 0x2a, 0x42,
    0x09, 0x42, 0x09, 0x42, 0x29, 0x42, 0x2a, 0x42, 0x29, 0x42, 0x2a, 0x42,
    0x29, 0x42, 0x29, 0x42, 0x2a, 0x42, 0x29, 0x42, 0x29, 0x42, 0x29, 0x42,
    0x29, 0x42, 0x4a, 0x42, 0x29, 0x42, 0x2a, 0x42, 0x29, 0x42, 0x29, 0x42,
    0x2a, 0x42, 0x29, 0x4a, 0x29, 0x42, 0x4a, 0x4a, 0x29, 0x4a, 0x2a, 0x42,
    0x04, 0x19, 0x05, 0x21, 0xe4, 0x18, 0x05, 0x21, 0x05, 0x21, 0xe4, 0x18,
    0x04, 0x19, 0xe5, 0x20, 0x05, 0x21, 0x05, 0x19, 0xe4, 0x18, 0x04, 0x21,
    0x05, 0x21, 0x04, 0x19, 0x05, 0x19, 0xe5, 0x20, 0x05, 0x21, 0x05, 0x21,
    0x05, 0x21, 0xe4, 0x18, 0xe4, 0x18, 0x05, 0x21, 0x05, 0x21, 0x04, 0x19,
    0x05, 0x21, 0x05, 0x21, 0x04, 0x21, 0x45, 0x21, 0x26, 0x21, 0x46, 0x29,
    0x25, 0x21, 0x45, 0x21, 0x45, 0x29, 0x46, 0x21, 0x25, 0x21, 0x45, 0x29,
    0x46, 0x21, 0x46, 0x29, 0x46, 0x29, 0x45, 0x21, 0x45, 0x21, 0x45, 0x29,
    0x46, 0x21, 0x46, 0x29, 0x45, 0x29, 0x45, 0x21, 0x45, 0x29, 0x46, 0x29,
    0x45, 0x21, 0x46, 0x29, 0x46, 0x29, 0x66, 0x29, 0x46, 0x21, 0x46, 0x29,
    0x66, 0x29, 0x45, 0x21, 0x05, 0x21, 0x04, 0x19, 0x05, 0x21, 0x05, 0x21,
    0x05, 0x21, 0x25, 0x21, 0x05, 0x19, 0x05, 0x21, 0x25, 0x21, 0x25, 0x21,
    0x05, 0x21, 0x66, 0x29, 0x46, 0x29, 0x66, 0x29, 0x66, 0x29, 0x66, 0x29,
    0x66, 0x29, 0x66, 0x29, 0x67, 0x31, 0x86, 0x29, 0x87, 0x29, 0x86, 0x29,
    0x66, 0x29, 0x87, 0x31, 0x87, 0x31, 0x86, 0x31, 0x87, 0x31, 0x87, 0x31,
    0x87, 0x31, 0xa7, 0x31, 0x86, 0x29, 0x87, 0x31, 0xa7, 0x31, 0x86, 0x29,
    0x86, 0x29, 0x87, 0x31, 0xa7, 0x31, 0x86, 0x31, 0xa7, 0x31, 0x87, 0x31,
    0xa7, 0x31, 0xa7, 0x31, 0x87, 0x31, 0xa7, 0x31, 0x87, 0x31, 0xa7, 0x31,
    0xa7, 0x31, 0xa7, 0x31, 0xa7, 0x31, 0xa7, 0x31, 0xa7, 0x31, 0xa7, 0x31,
    0xa7, 0x31, 0xa7, 0x31, 0xa7, 0x31, 0xa7, 0x31, 0xa7, 0x31, 0xa7, 0x31,
    0xa7, 0x31, 0xa8, 0x31, 0xa7, 0x31, 0xa7, 0x31, 0xa7, 0x39, 0xc8, 0x39,
    0xc7, 0x31, 0xa7, 0x31, 0xa7, 0x31, 0xa7, 0x31, 0xa7, 0x31, 0xc8, 0x31,
    0xc8, 0x39, 0xa7, 0x31, 0xc7, 0x31, 0xc8, 0x39, 0xc8, 0x39, 0xc7, 0x31,
    0xa7, 0x31, 0xa7, 0x31, 0xa7, 0x31, 0xa7, 0x39, 0xc8, 0x39, 0xc7, 0x31,
    0xc8, 0x39, 0xc8, 0x39, 0xc8, 0x39, 0xc8, 0x39, 0xc8, 0x39, 0xc8, 0x31,
    0xc8, 0x39, 0xc8, 0x39, 0xc7, 0x31, 0xc8, 0x39, 0xc8, 0x39, 0xe8, 0x39,
    0xc8, 0x39, 0xe8, 0x39, 0xc7, 0x31, 0xc8, 0x39, 0xe8, 0x39, 0xe7, 0x39,
    0xc8, 0x39, 0xe8, 0x39, 0xe8, 0x39, 0xe8, 0x39, 0xc8, 0x39, 0xe8, 0x39,
    0xe8, 0x39, 0xc8, 0x39, 0xe8, 0x39, 0xe8, 0x39, 0xe8, 0x39, 0xe8, 0x39,
    0xe8, 0x39, 0xe8, 0x39, 0x09, 0x42, 0xe9, 0x39, 0x09, 0x42, 0xe8, 0x39,
    0x08, 0x42, 0x09, 0x42, 0x09, 0x42, 0x08, 0x3a, 0x09, 0x42, 0x08, 0x3a,
    0x09, 0x42, 0x08, 0x42, 0x09, 0x3a, 0x09, 0x42, 0x09, 0x42, 0x08, 0x3a,
    0x09, 0x42, 0x09, 0x42, 0x08, 0x3a, 0x29, 0x42, 0x29, 0x42, 0x09, 0x3a,
    0x09, 0x42, 0x29, 0x3a, 0x08, 0x3a, 0x09, 0x42, 0x29, 0x42, 0x09, 0x3a,
    0x09, 0x42, 0x29, 0x42, 0x29, 0x42, 0x29, 0x42, 0x2a, 0x42, 0x09, 0x42,
    0x29, 0x42, 0x29, 0x42, 0x29, 0x42, 0x29, 0x42, 0x29, 0x42, 0x29, 0x42,
    0x29, 0x42, 0x09, 0x42, 0x29, 0x42, 0x29, 0x42, 0x29, 0x42, 0x29, 0x42,
    0x29, 0x42, 0x29, 0x42, 0x2a, 0x42, 0x29, 0x42, 0x09, 0x42, 0x29, 0x42,
    0x29, 0x42, 0x2a, 0x4a, 0x29, 0x42, 0x29, 0x42, 0x29, 0x42, 0x29, 0x42,
    0x29, 0x42, 0x2a, 0x42, 0x4a, 0x4a, 0x29, 0x42, 0x2a, 0x42, 0x4a, 0x4a,
    0x29, 0x42, 0x29, 0x42, 0x29, 0x42, 0x2a, 0x42, 0x29, 0x42, 0x29, 0x42,
    0x04, 0x21, 0x05, 0x21, 0x05, 0x19, 0x04, 0x21, 0x05, 0x21, 0xe4, 0x18,
    0x05, 0x21, 0x04, 0x19, 0x04, 0x21, 0xe4, 0x18, 0x05, 0x21, 0x04, 0x19,
    0x05, 0x21, 0xe4, 0x20, 0x04, 0x19, 0x05, 0x21, 0x04, 0x21, 0xe4, 0x18,
    0xe4, 0x18, 0xe4, 0x18, 0x05, 0x21, 0x05, 0x21, 0x05, 0x21, 0x04, 0x21,
    0xe4, 0x18, 0x05, 0x21, 0x05, 0x21, 0x25, 0x21, 0x45, 0x21, 0x46, 0x29,
    0x26, 0x29, 0x25, 0x21, 0x46, 0x29, 0x46, 0x21, 0x45, 0x29, 0x45, 0x21,
    0x25, 0x21, 0x46, 0x29, 0x25, 0x21, 0x46, 0x29, 0x25, 0x21, 0x46, 0x29,
    0x25, 0x21, 0x46, 0x29, 0x46, 0x21, 0x25, 0x21, 0x46, 0x29, 0x46, 0x29,
    0x45, 0x21, 0x45, 0x21, 0x46, 0x29, 0x45, 0x21, 0x45, 0x21, 0x46, 0x29,
    0x46, 0x29, 0x46, 0x29, 0x46, 0x21, 0x25, 0x21, 0x05, 0x21, 0x04, 0x19,
    0x05, 0x21, 0x04, 0x21, 0x25, 0x21, 0x05, 0x21, 0x04, 0x21, 0x25, 0x21,
    0x05, 0x21, 0x25, 0x21, 0x66, 0x29, 0x66, 0x29, 0x66, 0x29, 0x66, 0x29,
    0x46, 0x29, 0x67, 0x31, 0x86, 0x29, 0x66, 0x29, 0x66, 0x29, 0x87, 0x31,
    0x87, 0x31, 0x86, 0x29, 0x66, 0x29, 0x67, 0x29, 0x86, 0x31, 0x86, 0x29,
    0x87, 0x31, 0x87, 0x31, 0x86, 0x29, 0x86, 0x29, 0xa7, 0x31, 0x87, 0x31,
    0x86, 0x29, 0x87, 0x31, 0xa7, 0x31, 0x87, 0x29, 0xa7, 0x31, 0xa7, 0x31,
    0xa7, 0x31, 0x87, 0x31, 0x87, 0x31, 0xa7, 0x31, 0xa7, 0x31, 0x87, 0x31,
    0x86, 0x31, 0x87, 0x29, 0x87, 0x31, 0xa7, 0x31, 0xa7, 0x31, 0xa7, 0x31,
    0x87, 0x31, 0x87, 0x31, 0xa7, 0x31, 0xa7, 0x31, 0x87, 0x31, 0xa7, 0x31,
    0xa8, 0x39, 0xa7, 0x39, 0xa7, 0x31, 0xa7, 0x31, 0xa7, 0x31, 0xc8, 0x31,
    0xa7, 0x31, 0xa7, 0x31, 0xa7, 0x39, 0xa7, 0x31, 0xa7, 0x31, 0xc8, 0x39,
    0xc7, 0x31, 0xa7, 0x31, 0xc8, 0x39, 0xa7, 0x31, 0xc8, 0x39, 0xc7, 0x39,
    0xa7, 0x31, 0xc8, 0x39, 0xc7, 0x31, 0xc8, 0x39, 0xc8, 0x39, 0xa7, 0x31,
    0xc7, 0x31, 0xa7, 0x31, 0xc7, 0x39, 0xc7, 0x31, 0xc7, 0x31, 0xc7, 0x39,
    0xc8, 0x39, 0xc7, 0x31, 0xc7, 0x31, 0xc8, 0x39, 0xc8, 0x39, 0xc8, 0x31,
    0xc8, 0x39, 0xc7, 0x31, 0xc8, 0x39, 0xc8, 0x39, 0xe8, 0x39, 0xc8, 0x31,
    0xc8, 0x39, 0xe8, 0x39, 0xe8, 0x39, 0xc8, 0x39, 0xe8, 0x39, 0xc8, 0x39,
    0xe8, 0x39, 0xe8, 0x39, 0xe8, 0x39, 0xe8, 0x39, 0xe8, 0x39, 0xe8, 0x39,
    0xe8, 0x39, 0xe8, 0x39, 0xe8, 0x39, 0x09, 0x42, 0xe8, 0x39, 0x08, 0x3a,
    0x09, 0x42, 0x09, 0x42, 0x08, 0x3a, 0x09, 0x42, 0x08, 0x3a, 0xe8, 0x39,
    0x09, 0x42, 0x08, 0x3a, 0x29, 0x42, 0x09, 0x42, 0x29, 0x42, 0x09, 0x42,
    0x08, 0x42, 0x29, 0x42, 0x09, 0x3a, 0x08, 0x42, 0x09, 0x42, 0x08, 0x3a,
    0x29, 0x42, 0x08, 0x42, 0x29, 0x42, 0x09, 0x42, 0x29, 0x42, 0x08, 0x42,
    0x09, 0x42, 0x09, 0x42, 0x09, 0x42, 0x09, 0x42, 0x29, 0x42, 0x29, 0x42,
    0x09, 0x42, 0x29, 0x42, 0x29, 0x42, 0x29, 0x42, 0x09, 0x42, 0x29, 0x42,
    0x2a, 0x42, 0x29, 0x42, 0x2a, 0x4a, 0x29, 0x42, 0x29, 0x42, 0x29, 0x42,
    0x09, 0x42, 0x29, 0x42, 0x29, 0x42, 0x29, 0x42, 0x29, 0x42, 0x29, 0x42,
    0x29, 0x42, 0x29, 0x42, 0x29, 0x42, 0x2a, 0x42, 0x09, 0x42, 0x29, 0x42,
    0x29, 0x42, 0x29, 0x42, 0x29, 0x4a, 0x29, 0x42, 0x29, 0x42, 0x4a, 0x4a,
    0x29, 0x42, 0x29, 0x42, 0x2a, 0x42, 0x29, 0x42, 0x29, 0x42, 0x29, 0x42,
    0x04, 0x21, 0xe4, 0x18, 0x05, 0x21, 0x04, 0x21, 0x05, 0x21, 0xe4, 0x18,
    0x04, 0x21, 0x05, 0x21, 0x05, 0x21, 0x05, 0x21, 0x05, 0x21, 0x05, 0x21,
    0x04, 0x19, 0xe4, 0x20, 0x05, 0x21, 0x05, 0x21, 0x05, 0x21, 0x05, 0x21,
    0x04, 0x21, 0x05, 0x21, 0x04, 0x19, 0x04, 0x19, 0x05, 0x21, 0x05, 0x21,
    0x04, 0x19, 0x05, 0x21, 0x04, 0x21, 0x25, 0x21, 0x25, 0x21, 0x25, 0x21,
    0x25, 0x21, 0x25, 0x21, 0x25, 0x21, 0x25, 0x21, 0x46, 0x29, 0x25, 0x21,
    0x25, 0x21, 0x25, 0x21, 0x45, 0x21, 0x46, 0x29, 0x25, 0x21, 0x46, 0x29,
    0x45, 0x21, 0x25, 0x21, 0x46, 0x29, 0x45, 0x21, 0x46, 0x29, 0x46, 0x29,
    0x25, 0x21, 0x46, 0x29, 0x46, 0x29, 0x46, 0x29, 0x46, 0x29, 0x45, 0x21,
    0x46, 0x29, 0x46, 0x29, 0x66, 0x29, 0x46, 0x29, 0x46, 0x29, 0x25, 0x21,
    0x25, 0x21, 0x04, 0x19, 0x25, 0x21, 0x25, 0x21, 0x05, 0x21, 0x05, 0x21,
    0x05, 0x21, 0x25, 0x21, 0x66, 0x29, 0x66, 0x29, 0x66, 0x29, 0x66, 0x29,
    0x46, 0x29, 0x66, 0x29, 0x86, 0x29, 0x67, 0x31, 0x66, 0x31, 0x66, 0x29,
    0x66, 0x29, 0x87, 0x31, 0x87, 0x31, 0x66, 0x29, 0x87, 0x29, 0x87, 0x31,
    0x86, 0x29, 0x87, 0x31, 0x87, 0x31, 0x87, 0x31, 0x86, 0x29, 0x87, 0x31,
    0x87, 0x31, 0x86, 0x29, 0x87, 0x31, 0x86, 0x31, 0x86, 0x29, 0x86, 0x29,
    0x87, 0x31, 0xa7, 0x31, 0x86, 0x29, 0x86, 0x29, 0x87, 0x31, 0xa7, 0x31,
    0x87, 0x31, 0x87, 0x31, 0x87, 0x31, 0xa7, 0x31, 0xa7, 0x31, 0x87, 0x31,
    0xa7, 0x31, 0xa7, 0x31, 0xa7, 0x31, 0xa7, 0x31, 0xa7, 0x31, 0xa7, 0x31,
    0xa7, 0x31, 0xa7, 0x31, 0xa7, 0x31, 0xa7, 0x31, 0xa7, 0x31, 0xa7, 0x31,
    0xa8, 0x39, 0xc7, 0x39, 0xa7, 0x31, 0xa7, 0x31, 0xa7, 0x31, 0xa7, 0x31,
    0xc8, 0x39, 0xc8, 0x39, 0xc7, 0x31, 0xa7, 0x31, 0xa7, 0x31, 0xa7, 0x31,
    0xa8, 0x31, 0xc8, 0x39, 0xc7, 0x31, 0xc8, 0x31, 0xc8, 0x39, 0xa7, 0x31,
    0xc8, 0x39, 0xc8, 0x39, 0xc8, 0x39, 0xa7, 0x31, 0xc8, 0x39, 0xc8, 0x39,
    0xc8, 0x39, 0xc8, 0x31, 0xc8, 0x39, 0xc7, 0x39, 0xc8, 0x39, 0xc7, 0x31,
    0xc8, 0x39, 0xc8, 0x39, 0xc7, 0x31, 0xc8, 0x39, 0xe8, 0x39, 0xe8, 0x39,
    0xc8, 0x39, 0xe8, 0x39, 0xe8, 0x39, 0xc8, 0x39, 0xc7, 0x31, 0xc8, 0x39,
    0xc8, 0x39, 0xe8, 0x39, 0xe8, 0x39, 0xe8, 0x39, 0xe8, 0x39, 0xe8, 0x39,
    0xe8, 0x39, 0xe8, 0x39, 0xe8, 0x39, 0xe8, 0x39, 0x08, 0x3a, 0x08, 0x42,
    0x09, 0x42, 0x08, 0x3a, 0x08, 0x3a, 0xe9, 0x39, 0x08, 0x42, 0xe8, 0x39,
    0x09, 0x3a, 0x08, 0x42, 0x09, 0x42, 0x08, 0x3a, 0x09, 0x42, 0x08, 0x3a,
    0x09, 0x3a, 0x29, 0x42, 0x09, 0x42, 0x09, 0x3a, 0x08, 0x42, 0x09, 0x42,
    0x09, 0x42, 0x29, 0x42, 0x09, 0x42, 0x09, 0x42, 0x29, 0x42, 0x09, 0x3a,
    0x29, 0x42, 0x29, 0x42, 0x29, 0x42, 0x09, 0x42, 0x29, 0x42, 0x29, 0x42,
    0x29, 0x42, 0x09, 0x42, 0x09, 0x42, 0x2a, 0x42, 0x29, 0x42, 0x09, 0x42,
    0x09, 0x42, 0x29, 0x42, 0x29, 0x42, 0x29, 0x42, 0x29, 0x42, 0x2a, 0x42,
    0x29, 0x42, 0x29, 0x42, 0x09, 0x42, 0x09, 0x42, 0x29, 0x42, 0x09, 0x42,
    0x09, 0x42, 0x29, 0x42, 0x09, 0x42, 0x29, 0x42, 0x29, 0x42, 0x29, 0x42,
    0x09, 0x42, 0x29, 0x42, 0x29, 0x42, 0x09, 0x42, 0x29, 0x42, 0x29, 0x42,
    0x29, 0x42, 0x29, 0x42, 0x2a, 0x4a, 0x29, 0x42, 0x29, 0x42, 0x2a, 0x42,
    0x05, 0x19, 0xe4, 0x18, 0x04, 0x21, 0x05, 0x21, 0x05, 0x19, 0xe4, 0x18,
    0xe4, 0x18, 0x05, 0x21, 0x05, 0x21, 0x04, 0x19, 0x05, 0x21, 0x04, 0x21,
    0x05, 0x21, 0xe4, 0x18, 0x05, 0x21, 0x04, 0x19, 0x04, 0x19, 0x04, 0x19,
    0x05, 0x21, 0x05, 0x21, 0x05, 0x21, 0x04, 0x19, 0x04, 0x21, 0x05, 0x21,
    0xe4, 0x18, 0xe4, 0x18, 0x05, 0x21, 0x25, 0x21, 0x25, 0x21, 0x46, 0x29,
    0x45, 0x21, 0x25, 0x21, 0x46, 0x29, 0x25, 0x21, 0x26, 0x21, 0x46, 0x29,
    0x45, 0x29, 0x26, 0x21, 0x46, 0x29, 0x45, 0x29, 0x46, 0x21, 0x45, 0x29,
    0x46, 0x29, 0x46, 0x29, 0x46, 0x29, 0x46, 0x29, 0x45, 0x21, 0x46, 0x29,
    0x46, 0x29, 0x46, 0x29, 0x46, 0x29, 0x45, 0x21, 0x46, 0x29, 0x46, 0x29,
    0x45, 0x21, 0x46, 0x29, 0x45, 0x21, 0x46, 0x29, 0x66, 0x29, 0x66, 0x29,
    0x66, 0x29, 0x25, 0x21, 0x25, 0x21, 0x05, 0x21, 0x25, 0x21, 0x04, 0x21,
    0x25, 0x21, 0x05, 0x21, 0x25, 0x21, 0x66, 0x29, 0x66, 0x29, 0x66, 0x29,
    0x66, 0x29, 0x66, 0x29, 0x87, 0x31, 0x66, 0x29, 0x66, 0x29, 0x87, 0x29,
    0x86, 0x29, 0x87, 0x31, 0x66, 0x29, 0x86, 0x31, 0x87, 0x31, 0x87, 0x31,
    0x87, 0x31, 0x86, 0x29, 0x66, 0x29, 0x87, 0x31, 0x87, 0x31, 0x86, 0x31,
    0x87, 0x31, 0xa7, 0x31, 0x66, 0x29, 0x87, 0x31, 0x87, 0x31, 0xa7, 0x31,
    0xa7, 0x31, 0x87, 0x31, 0x86, 0x31, 0x87, 0x29, 0x87, 0x31, 0xa7, 0x31,
    0x86, 0x29, 0xa7, 0x31, 0xa7, 0x31, 0xa7, 0x31, 0x87, 0x31, 0xa7, 0x31,
    0xa7, 0x31, 0xa7, 0x31, 0xa7, 0x31, 0xa7, 0x39, 0xa8, 0x31, 0xa7, 0x31,
    0xa7, 0x31, 0xc8, 0x39, 0xa7, 0x31, 0xc8, 0x39, 0xa7, 0x31, 0xa7, 0x31,
    0xa7, 0x31, 0xa7, 0x31, 0xa7, 0x31, 0xc8, 0x39, 0xc8, 0x39, 0xa7, 0x31,
    0xa7, 0x31, 0xc8, 0x39, 0xa7, 0x31, 0xa7, 0x31, 0xc8, 0x39, 0xc8, 0x39,
    0xc8, 0x39, 0xc8, 0x39, 0xc7, 0x39, 0xc7, 0x31, 0xc8, 0x39, 0xc7, 0x39,
    0xc8, 0x31, 0xc8, 0x39, 0xc7, 0x31, 0xc8, 0x39, 0xc8, 0x31, 0xc8, 0x39,
    0xc7, 0x31, 0xc8, 0x39, 0xe8, 0x39, 0xc7, 0x31, 0xc7, 0x31, 0xe8, 0x39,
    0xc7, 0x31, 0xc8, 0x39, 0xc7, 0x31, 0xe8, 0x39, 0xe8, 0x39, 0xe8, 0x39,
    0xc7, 0x31, 0xc8, 0x39, 0xe8, 0x39, 0xe8, 0x39, 0xe8, 0x39, 0xc8, 0x39,
    0xe8, 0x39, 0xe8, 0x39, 0xe8, 0x39, 0xe8, 0x39, 0xe8, 0x39, 0xe8, 0x39,
    0xe8, 0x41, 0xe8, 0x39, 0xe8, 0x39, 0x09, 0x42, 0x09, 0x42, 0xe8, 0x39,
    0x09, 0x42, 0x08, 0x3a, 0x09, 0x42, 0x09, 0x42, 0x09, 0x42, 0x09, 0x42,
    0x08, 0x3a, 0x09, 0x3a, 0x09, 0x42, 0x08, 0x3a, 0x09, 0x42, 0x08, 0x3a,
    0x09, 0x42, 0x09, 0x42, 0x08, 0x42, 0x09, 0x42, 0x09, 0x3a, 0x29, 0x42,
    0x08, 0x3a, 0x08, 0x3a, 0x09, 0x42, 0x29, 0x42, 0x08, 0x3a, 0x09, 0x42,
    0x29, 0x42, 0x29, 0x42, 0x09, 0x42, 0x09, 0x3a, 0x29, 0x42, 0x09, 0x42,
    0x09, 0x42, 0x29, 0x42, 0x09, 0x42, 0x29, 0x42, 0x29, 0x42, 0x29, 0x42,
    0x09, 0x42, 0x09, 0x42, 0x29, 0x42, 0x09, 0x42, 0x09, 0x42, 0x29, 0x42,
    0x29, 0x42, 0x2a, 0x4a, 0x29, 0x42, 0x29, 0x42, 0x2a, 0x42, 0x29, 0x42,
    0x29, 0x42, 0x29, 0x42, 0x29, 0x42, 0x29, 0x42, 0x29, 0x42, 0x09, 0x42,
    0x2a, 0x4a, 0x29, 0x42, 0x29, 0x42, 0x29, 0x42, 0x29, 0x42, 0x29, 0x42,
    0x29, 0x42, 0x29, 0x42, 0x29, 0x42, 0x29, 0x42, 0x29, 0x42, 0x09, 0x42,
    0xe4, 0x20, 0x05, 0x21, 0xe4, 0x18, 0x05, 0x21, 0x04, 0x21, 0xe4, 0x18,
    0xe4, 0x18, 0x04, 0x21, 0x05, 0x21, 0x04, 0x19, 0x04, 0x21, 0x04, 0x19,
    0xe4, 0x18, 0x05, 0x21, 0x05, 0x21, 0x05, 0x21, 0x04, 0x21, 0x05, 0x19,
    0xe4, 0x18, 0x04, 0x21, 0xe4, 0x18, 0xe4, 0x18, 0xe4, 0x18, 0x05, 0x21,
    0x04, 0x21, 0x05, 0x21, 0xe4, 0x18, 0x25, 0x21, 0x26, 0x29, 0x25, 0x21,
    0x46, 0x29, 0x45, 0x29, 0x25, 0x21, 0x46, 0x29, 0x45, 0x29, 0x25, 0x21,
    0x25, 0x21, 0x46, 0x29, 0x45, 0x21, 0x25, 0x21, 0x46, 0x29, 0x46, 0x29,
    0x46, 0x21, 0x45, 0x21, 0x25, 0x21, 0x46, 0x29, 0x45, 0x21, 0x45, 0x21,
    0x46, 0x29, 0x46, 0x29, 0x45, 0x21, 0x46, 0x29, 0x45, 0x21, 0x46, 0x29,
    0x46, 0x29, 0x45, 0x21, 0x66, 0x29, 0x46, 0x29, 0x45, 0x21, 0x66, 0x29,
    0x66, 0x29, 0x46, 0x29, 0x45, 0x21, 0x25, 0x21, 0x05, 0x21, 0x05, 0x19,
    0x05, 0x19, 0x05, 0x21, 0x25, 0x21, 0x66, 0x29, 0x46, 0x29, 0x66, 0x29,
    0x66, 0x29, 0x67, 0x31, 0x87, 0x31, 0x86, 0x29, 0x66, 0x29, 0x87, 0x31,
    0x87, 0x31, 0x66, 0x29, 0x87, 0x31, 0x86, 0x29, 0x66, 0x29, 0x86, 0x29,
    0x87, 0x31, 0x87, 0x31, 0xa7, 0x31, 0x86, 0x29, 0x87, 0x31, 0x87, 0x29,
    0x87, 0x31, 0x87, 0x31, 0x86, 0x29, 0x87, 0x31, 0x87, 0x31, 0x87, 0x31,
    0x86, 0x29, 0x87, 0x31, 0x87, 0x31, 0x87, 0x31, 0x87, 0x31, 0x87, 0x31,
    0xa7, 0x31, 0x86, 0x31, 0x86, 0x29, 0xa7, 0x31, 0xa7, 0x31, 0x87, 0x31,
    0xa7, 0x31, 0xa7, 0x31, 0x87, 0x31, 0xa7, 0x31, 0xa7, 0x31, 0xa7, 0x31,
    0xa7, 0x31, 0xa7, 0x31, 0xa7, 0x31, 0xa7, 0x31, 0xa7, 0x31, 0xc8, 0x39,
    0xa7, 0x31, 0xa7, 0x31, 0xa8, 0x31, 0xc8, 0x39, 0xc7, 0x31, 0xa7, 0x31,
    0xa7, 0x31, 0xa7, 0x31, 0xc8, 0x39, 0xa7, 0x31, 0xc8, 0x39, 0xa7, 0x31,
    0xc7, 0x31, 0xc8, 0x39, 0xc7, 0x31, 0xc8, 0x39, 0xc7, 0x31, 0xc8, 0x39,
    0xc7, 0x31, 0xc8, 0x39, 0xa7, 0x31, 0xc7, 0x31, 0xc7, 0x39, 0xc7, 0x31,
    0xc8, 0x39, 0xc8, 0x39, 0xc7, 0x31, 0xc8, 0x39, 0xc8, 0x39, 0xe8, 0x39,
    0xc8, 0x39, 0xc8, 0x39, 0xe8, 0x39, 0xc8, 0x39, 0xe8, 0x39, 0xc7, 0x39,
    0xe8, 0x39, 0xe8, 0x39, 0xe8, 0x39, 0xe8, 0x39, 0xc8, 0x39, 0xe8, 0x39,
    0xe8, 0x39, 0xc8, 0x39, 0xc8, 0x39, 0xe8, 0x39, 0xe8, 0x39, 0xe8, 0x39,
    0xc8, 0x39, 0xe8, 0x39, 0xe8, 0x39, 0xe8, 0x39, 0xe8, 0x39, 0xe8, 0x39,
    0x09, 0x42, 0xe8, 0x39, 0x08, 0x3a, 0x08, 0x42, 0xe8, 0x39, 0x09, 0x42,
    0x09, 0x42, 0xe8, 0x39, 0x08, 0x42, 0x09, 0x42, 0x09, 0x42, 0x09, 0x42,
    0x09, 0x42, 0x09, 0x42, 0x08, 0x3a, 0x09, 0x42, 0x09, 0x42, 0x08, 0x3a,
    0x09, 0x42, 0x08, 0x3a, 0x09, 0x42, 0x29, 0x42, 0x29, 0x42, 0x09, 0x42,
    0x09, 0x42, 0x08, 0x3a, 0x09, 0x42, 0x09, 0x3a, 0x08, 0x42, 0x09, 0x42,
    0x09, 0x3a, 0x09, 0x42, 0x29, 0x42, 0x09, 0x42, 0x29, 0x42, 0x09, 0x42,
    0x29, 0x42, 0x29, 0x42, 0x09, 0x42, 0x09, 0x42, 0x09, 0x42, 0x09, 0x42,
    0x29, 0x42, 0x29, 0x42, 0x29, 0x42, 0x29, 0x42, 0x09, 0x42, 0x29, 0x42,
    0x2a, 0x42, 0x09, 0x42, 0x29, 0x42, 0x2a, 0x42, 0x29, 0x42, 0x29, 0x42,
    0x29, 0x42, 0x29, 0x42, 0x29, 0x42, 0x2a, 0x42, 0x09, 0x42, 0x2a, 0x42,
    0x29, 0x42, 0x09, 0x42, 0x09, 0x42, 0x09, 0x3a, 0xe8, 0x39, 0xe8, 0x39,
    0x04, 0x21, 0x05, 0x19, 0xe4, 0x18, 0x05, 0x21, 0x05, 0x21, 0x05, 0x21,
    0x05, 0x21, 0x04, 0x19, 0xe4, 0x18, 0x05, 0x21, 0x05, 0x21, 0x05, 0x21,
    0x04, 0x19, 0x05, 0x21, 0x04, 0x19, 0x05, 0x21, 0x05, 0x21, 0x05, 0x21,
    0x04, 0x21, 0x05, 0x21, 0x05, 0x19, 0xe4, 0x20, 0x05, 0x21, 0x05, 0x21,
    0x04, 0x19, 0xe4, 0x18, 0x05, 0x21, 0x05, 0x21, 0x45, 0x21, 0x45, 0x21,
    0x25, 0x21, 0x46, 0x29, 0x46, 0x21, 0x25, 0x21, 0x46, 0x29, 0x45, 0x21,
    0x46, 0x21, 0x25, 0x21, 0x46, 0x29, 0x25, 0x21, 0x46, 0x21, 0x25, 0x21,
    0x25, 0x21, 0x45, 0x29, 0x46, 0x29, 0x45, 0x21, 0x46, 0x29, 0x46, 0x29,
    0x45, 0x21, 0x45, 0x21, 0x46, 0x29, 0x45, 0x29, 0x46, 0x21, 0x45, 0x21,
    0x46, 0x29, 0x46, 0x29, 0x45, 0x29, 0x66, 0x29, 0x46, 0x29, 0x46, 0x29,
    0x46, 0x29, 0x66, 0x29, 0x46, 0x29, 0x46, 0x29, 0x45, 0x21, 0x25, 0x21,
    0x05, 0x21, 0x25, 0x21, 0x25, 0x21, 0x45, 0x29, 0x66, 0x29, 0x66, 0x29,
    0x87, 0x31, 0x66, 0x29, 0x66, 0x29, 0x66, 0x29, 0x66, 0x29, 0x87, 0x31,
    0x87, 0x31, 0x86, 0x29, 0x87, 0x31, 0x86, 0x29, 0x87, 0x31, 0x66, 0x29,
    0x86, 0x29, 0x86, 0x31, 0x87, 0x31, 0x86, 0x29, 0x86, 0x31, 0x87, 0x29,
    0x87, 0x31, 0x86, 0x29, 0x87, 0x31, 0xa7, 0x31, 0xa7, 0x31, 0x87, 0x29,
    0x87, 0x31, 0x86, 0x29, 0x87, 0x31, 0x86, 0x29, 0xa7, 0x31, 0xa7, 0x31,
    0x87, 0x31, 0xa7, 0x31, 0xa7, 0x31, 0xa7, 0x31, 0x87, 0x31, 0x87, 0x31,
    0xa7, 0x31, 0x87, 0x31, 0x87, 0x31, 0xa7, 0x31, 0xa7, 0x31, 0x87, 0x31,
    0xa7, 0x39, 0xa8, 0x31, 0xa7, 0x31, 0xa7, 0x31, 0xa7, 0x31, 0xa7, 0x31,
    0xa7, 0x31, 0xa7, 0x31, 0xa7, 0x31, 0xa7, 0x31, 0xc7, 0x39, 0xa7, 0x31,
    0xa8, 0x31, 0xa7, 0x31, 0xa7, 0x31, 0xa7, 0x31, 0xc8, 0x31, 0xc7, 0x31,
    0xc8, 0x39, 0xa7, 0x31, 0xa7, 0x31, 0xa8, 0x31, 0xc8, 0x39, 0xa7, 0x31,
    0xc7, 0x31, 0xc8, 0x39, 0xa7, 0x31, 0xc8, 0x39, 0xc8, 0x39, 0xc8, 0x39,
    0xc8, 0x39, 0xe8, 0x39, 0xc8, 0x39, 0xc8, 0x31, 0xc7, 0x31, 0xc8, 0x39,
    0xc7, 0x31, 0xc8, 0x39, 0xe8, 0x39, 0xc8, 0x39, 0xc8, 0x39, 0xc8, 0x31,
    0xc8, 0x39, 0xc8, 0x39, 0xc7, 0x31, 0xc8, 0x39, 0xe8, 0x39, 0xe8, 0x39,
    0xe8, 0x39, 0xc8, 0x39, 0xc8, 0x39, 0xe8, 0x39, 0xe8, 0x39, 0xe8, 0x39,
    0xe8, 0x39, 0xe8, 0x39, 0xe8, 0x39, 0xe8, 0x39, 0xe9, 0x39, 0x09, 0x42,
    0x08, 0x3a, 0xe8, 0x39, 0x09, 0x42, 0x09, 0x3a, 0x08, 0x3a, 0x08, 0x3a,
    0x09, 0x42, 0xe8, 0x39, 0x09, 0x42, 0x09, 0x3a, 0x08, 0x42, 0x08, 0x3a,
    0x09, 0x3a, 0x08, 0x3a, 0x09, 0x42, 0x09, 0x42, 0x29, 0x42, 0x09, 0x42,
    0x09, 0x42, 0x09, 0x42, 0x08, 0x3a, 0x09, 0x42, 0x09, 0x42, 0x29, 0x42,
    0x09, 0x42, 0x08, 0x42, 0x09, 0x3a, 0x09, 0x42, 0x09, 0x42, 0x09, 0x42,
    0x09, 0x3a, 0x29, 0x42, 0x29, 0x42, 0x29, 0x42, 0x29, 0x42, 0x09, 0x42,
    0x09, 0x42, 0x29, 0x42, 0x29, 0x42, 0x09, 0x42, 0x29, 0x42, 0x09, 0x42,
    0x09, 0x42, 0x09, 0x42, 0x09, 0x42, 0x29, 0x42, 0x09, 0x42, 0x29, 0x42,
    0x29, 0x42, 0x29, 0x42, 0x29, 0x42, 0x29, 0x42, 0x29, 0x42, 0x29, 0x42,
    0x29, 0x42, 0x2a, 0x4a, 0x2a, 0x42, 0x09, 0x42, 0x09, 0x42, 0x09, 0x42,
    0xe8, 0x39, 0xe8, 0x39, 0xe8, 0x39, 0xe8, 0x41, 0x09, 0x42, 0x08, 0x3a,
    0xe4, 0x18, 0xe4, 0x20, 0x05, 0x21, 0x04, 0x21, 0x04, 0x19, 0x05, 0x21,
    0x05, 0x21, 0x04, 0x21, 0xe4, 0x18, 0x05, 0x21, 0x05, 0x21, 0xe4, 0x18,
    0x05, 0x21, 0x04, 0x21, 0x05, 0x21, 0x04, 0x19, 0xe4, 0x18, 0x04, 0x21,
    0x05, 0x21, 0x05, 0x21, 0x05, 0x21, 0x05, 0x21, 0xe4, 0x18, 0x05, 0x21,
    0x05, 0x21, 0x04, 0x21, 0x05, 0x21, 0x05, 0x21, 0x45, 0x29, 0x26, 0x21,
    0x25, 0x21, 0x25, 0x21, 0x25, 0x21, 0x46, 0x29, 0x25, 0x21, 0x46, 0x29,
    0x25, 0x21, 0x46, 0x29, 0x45, 0x29, 0x25, 0x21, 0x46, 0x29, 0x45, 0x29,
    0x46, 0x29, 0x46, 0x21, 0x45, 0x29, 0x46, 0x29, 0x46, 0x21, 0x46, 0x29,
    0x45, 0x21, 0x45, 0x21, 0x46, 0x29, 0x46, 0x29, 0x46, 0x29, 0x45, 0x21,
    0x46, 0x29, 0x46, 0x29, 0x46, 0x29, 0x45, 0x21, 0x46, 0x21, 0x46, 0x29,
    0x46, 0x29, 0x66, 0x29, 0x46, 0x29, 0x45, 0x21, 0x66, 0x29, 0x66, 0x29,
    0x45, 0x21, 0x05, 0x21, 0x05, 0x21, 0x25, 0x21, 0x66, 0x29, 0x66, 0x29,
    0x66, 0x29, 0x86, 0x31, 0x87, 0x31, 0x66, 0x29, 0x86, 0x29, 0x66, 0x29,
    0x86, 0x29, 0x87, 0x31, 0x87, 0x31, 0x87, 0x31, 0x87, 0x31, 0x87, 0x29,
    0x66, 0x29, 0x86, 0x29, 0x87, 0x31, 0x87, 0x29, 0x66, 0x29, 0x86, 0x31,
    0x87, 0x31, 0x87, 0x31, 0x86, 0x29, 0x87, 0x31, 0x86, 0x31, 0x87, 0x31,
    0x86, 0x29, 0x87, 0x31, 0xa7, 0x31, 0xa7, 0x31, 0xa7, 0x31, 0x87, 0x31,
    0xa7, 0x31, 0xa7, 0x31, 0x87, 0x31, 0x87, 0x31, 0xa7, 0x31, 0xa7, 0x31,
    0xa7, 0x31, 0xa7, 0x31, 0xa7, 0x31, 0xa7, 0x31, 0xa7, 0x31, 0xa7, 0x31,
    0xa7, 0x31, 0xa7, 0x31, 0xc8, 0x39, 0xa7, 0x31, 0xa7, 0x31, 0xa7, 0x31,
    0xa7, 0x31, 0xa8, 0x39, 0xc7, 0x31, 0xa7, 0x31, 0xa8, 0x39, 0xc8, 0x39,
    0xa7, 0x31, 0xc7, 0x39, 0xa7, 0x31, 0xa7, 0x31, 0xc8, 0x39, 0xa7, 0x39,
    0xc8, 0x39, 0xc8, 0x39, 0xa7, 0x31, 0xa7, 0x31, 0xc8, 0x39, 0xc8, 0x39,
    0xc7, 0x39, 0xc8, 0x31, 0xc8, 0x39, 0xc7, 0x31, 0xa7, 0x31, 0xc8, 0x39,
    0xc7, 0x31, 0xe8, 0x39, 0xc7, 0x39, 0xc7, 0x31, 0xc8, 0x39, 0xc7, 0x31,
    0xc8, 0x39, 0xc8, 0x39, 0xe8, 0x39, 0xe8, 0x39, 0xc8, 0x39, 0xe8, 0x39,
    0xc8, 0x39, 0xc7, 0x31, 0xc8, 0x39, 0xe8, 0x39, 0xc8, 0x39, 0xc8, 0x39,
    0xe8, 0x39, 0xc8, 0x39, 0xe8, 0x39, 0xc8, 0x39, 0xe8, 0x39, 0xe8, 0x39,
    0xe8, 0x39, 0xc8, 0x39, 0xc8, 0x39, 0xe8, 0x41, 0x09, 0x42, 0x09, 0x42,
    0x09, 0x42, 0x09, 0x42, 0xe8, 0x39, 0x09, 0x42, 0x09, 0x42, 0x08, 0x42,
    0x09, 0x42, 0x09, 0x3a, 0x08, 0x3a, 0x09, 0x42, 0x08, 0x3a, 0x09, 0x42,
    0x08, 0x42, 0x09, 0x42, 0x09, 0x42, 0x08, 0x3a, 0x09, 0x42, 0x08, 0x3a,
    0x09, 0x42, 0x09, 0x42, 0x08, 0x3a, 0x09, 0x3a, 0x08, 0x42, 0x09, 0x3a,
    0x08, 0x3a, 0x29, 0x42, 0x09, 0x42, 0x29, 0x42, 0x28, 0x42, 0x29, 0x42,
    0x29, 0x42, 0x09, 0x42, 0x29, 0x42, 0x09, 0x42, 0x09, 0x42, 0x29, 0x42,
    0x29, 0x42, 0x29, 0x42, 0x29, 0x42, 0x29, 0x42, 0x09, 0x42, 0x29, 0x42,
    0x29, 0x42, 0x29, 0x42, 0x29, 0x42, 0x09, 0x42, 0x29, 0x42, 0x29, 0x42,
    0x29, 0x42, 0x09, 0x42, 0x2a, 0x4a, 0x29, 0x42, 0x2a, 0x42, 0x09, 0x42,
    0x09, 0x42, 0x09, 0x42, 0xe8, 0x39, 0xe8, 0x39, 0xe8, 0x39, 0x08, 0x42,
    0xe8, 0x39, 0xe8, 0x39, 0x09, 0x42, 0x09, 0x42, 0xe8, 0x39, 0xe8, 0x39,
    0x04, 0x19, 0x05, 0x21, 0x05, 0x21, 0x05, 0x21, 0xe4, 0x18, 0x04, 0x19,
    0x05, 0x21, 0x05, 0x21, 0x04, 0x19, 0x05, 0x21, 0x04, 0x19, 0x05, 0x21,
    0x05, 0x21, 0xe4, 0x18, 0x05, 0x21, 0x05, 0x21, 0x05, 0x21, 0x05, 0x21,
    0x04, 0x19, 0x04, 0x19, 0x04, 0x21, 0x04, 0x19, 0x05, 0x21, 0x05, 0x21,
    0x04, 0x19, 0x05, 0x21, 0x05, 0x21, 0x04, 0x19, 0x25, 0x21, 0x25, 0x21,
    0x25, 0x21, 0x25, 0x29, 0x25, 0x21, 0x25, 0x21, 0x25, 0x21, 0x25, 0x21,
    0x45, 0x29, 0x46, 0x29, 0x25, 0x21, 0x46, 0x29, 0x45, 0x21, 0x46, 0x29,
    0x25, 0x21, 0x46, 0x21, 0x45, 0x21, 0x46, 0x29, 0x45, 0x21, 0x46, 0x29,
    0x45, 0x29, 0x46, 0x29, 0x45, 0x21, 0x45, 0x21, 0x46, 0x29, 0x46, 0x29,
    0x46, 0x29, 0x66, 0x29, 0x45, 0x21, 0x46, 0x29, 0x45, 0x21, 0x45, 0x21,
    0x45, 0x21, 0x66, 0x29, 0x66, 0x29, 0x46, 0x29, 0x46, 0x29, 0x66, 0x29,
    0x46, 0x29, 0x46, 0x29, 0x25, 0x21, 0x25, 0x21, 0x66, 0x29, 0x66, 0x29,
    0x87, 0x31, 0x87, 0x31, 0x87, 0x29, 0x87, 0x31, 0x66, 0x29, 0x66, 0x29,
    0x87, 0x31, 0x66, 0x29, 0x87, 0x31, 0x86, 0x29, 0x87, 0x31, 0x87, 0x31,
    0x87, 0x31, 0x87, 0x31, 0x87, 0x31, 0x87, 0x31, 0x87, 0x31, 0x86, 0x29,
    0x87, 0x31, 0xa7, 0x31, 0x87, 0x31, 0x86, 0x29, 0xa7, 0x31, 0x87, 0x31,
    0x87, 0x31, 0xa7, 0x31, 0x86, 0x29, 0x86, 0x29, 0x87, 0x31, 0x87, 0x31,
    0x87, 0x31, 0xa7, 0x31, 0xa7, 0x31, 0xa7, 0x31, 0x87, 0x31, 0x87, 0x31,
    0xa7, 0x31, 0x87, 0x31, 0x87, 0x31, 0xa7, 0x31, 0xa7, 0x31, 0xa7, 0x31,
    0xa7, 0x31, 0xa7, 0x31, 0xa7, 0x31, 0xa7, 0x39, 0xc8, 0x39, 0xa7, 0x31,
    0xa7, 0x31, 0xa7, 0x31, 0xa7, 0x31, 0xc8, 0x39, 0xc7, 0x31, 0xa7, 0x31,
    0xc8, 0x31, 0xa7, 0x31, 0xa7, 0x31, 0xa7, 0x31, 0xc7, 0x39, 0xa7, 0x31,
    0xc8, 0x31, 0xc7, 0x31, 0xc7, 0x39, 0xc7, 0x31, 0xa7, 0x31, 0xa7, 0x31,
    0xc8, 0x39, 0xa7, 0x31, 0xc8, 0x39, 0xc7, 0x31, 0xc7, 0x31, 0xc8, 0x39,
    0xc7, 0x31, 0xc8, 0x39, 0xc8, 0x31, 0xc8, 0x39, 0xc7, 0x39, 0xc8, 0x31,
    0xc8, 0x39, 0xc8, 0x39, 0xc7, 0x31, 0xc7, 0x31, 0xc8, 0x39, 0xe8, 0x39,
    0xc7, 0x31, 0xc8, 0x39, 0xc7, 0x31, 0xe8, 0x39, 0xe8, 0x39, 0xe8, 0x39,
    0xc8, 0x39, 0xe8, 0x39, 0xe8, 0x39, 0xe8, 0x39, 0xe8, 0x39, 0xe8, 0x39,
    0xe8, 0x39, 0xe9, 0x39, 0xe8, 0x39, 0xe8, 0x39, 0x08, 0x3a, 0x08, 0x3a,
    0x09, 0x3a, 0x08, 0x42, 0x08, 0x3a, 0x09, 0x42, 0xe8, 0x39, 0xe8, 0x39,
    0x09, 0x42, 0x08, 0x42, 0xe8, 0x39, 0x09, 0x42, 0x09, 0x3a, 0xe8, 0x39,
    0x09, 0x42, 0x08, 0x3a, 0x09, 0x42, 0x08, 0x42, 0x08, 0x3a, 0x09, 0x42,
    0x09, 0x42, 0x08, 0x3a, 0x09, 0x42, 0x09, 0x42, 0x09, 0x42, 0x08, 0x3a,
    0x08, 0x3a, 0x09, 0x42, 0x09, 0x42, 0x29, 0x42, 0x09, 0x3a, 0x08, 0x3a,
    0x29, 0x42, 0x09, 0x42, 0x09, 0x42, 0x09, 0x3a, 0x09, 0x3a, 0x09, 0x42,
    0x09, 0x42, 0x09, 0x3a, 0x29, 0x42, 0x09, 0x42, 0x09, 0x42, 0x29, 0x42,
    0x29, 0x42, 0x2a, 0x42, 0x29, 0x42, 0x29, 0x42, 0x29, 0x42, 0x09, 0x42,
    0x09, 0x42, 0x2a, 0x42, 0x09, 0x42, 0x09, 0x42, 0xe8, 0x41, 0xe8, 0x39,
    0xe9, 0x39, 0x08, 0x3a, 0x09, 0x42, 0xe8, 0x39, 0xe8, 0x39, 0x09, 0x42,
    0x09, 0x42, 0x08, 0x3a, 0x09, 0x3a, 0x08, 0x3a, 0xe8, 0x39, 0x09, 0x42,
    0x05, 0x21, 0x04, 0x19, 0x04, 0x21, 0xe4, 0x18, 0x05, 0x21, 0x05, 0x21,
    0x05, 0x21, 0x04, 0x19, 0x05, 0x21, 0xe4, 0x18, 0x04, 0x21, 0x05, 0x21,
    0x05, 0x21, 0x04, 0x19, 0x04, 0x21, 0xe4, 0x18, 0x04, 0x21, 0x05, 0x19,
    0xe5, 0x20, 0x05, 0x21, 0x05, 0x21, 0x05, 0x21, 0x04, 0x19, 0x05, 0x21,
    0x04, 0x21, 0x05, 0x21, 0x04, 0x19, 0x05, 0x21, 0x25, 0x21, 0x25, 0x21,
    0x46, 0x29, 0x46, 0x21, 0x25, 0x21, 0x25, 0x21, 0x25, 0x21, 0x46, 0x29,
    0x25, 0x21, 0x46, 0x21, 0x46, 0x29, 0x25, 0x21, 0x25, 0x21, 0x25, 0x21,
    0x46, 0x29, 0x45, 0x29, 0x46, 0x21, 0x25, 0x29, 0x25, 0x21, 0x46, 0x29,
    0x46, 0x21, 0x46, 0x29, 0x46, 0x29, 0x45, 0x21, 0x46, 0x29, 0x45, 0x21,
    0x45, 0x21, 0x46, 0x29, 0x66, 0x29, 0x46, 0x29, 0x46, 0x29, 0x46, 0x29,
    0x46, 0x29, 0x46, 0x29, 0x66, 0x29, 0x46, 0x29, 0x46, 0x29, 0x66, 0x29,
    0x66, 0x29, 0x66, 0x29, 0x66, 0x29, 0x45, 0x21, 0x46, 0x29, 0x66, 0x29,
    0x87, 0x31, 0x86, 0x29, 0x86, 0x29, 0x87, 0x31, 0x87, 0x31, 0x87, 0x31,
    0x86, 0x29, 0x86, 0x31, 0x86, 0x29, 0x86, 0x29, 0x87, 0x31, 0x86, 0x29,
    0x86, 0x31, 0x86, 0x29, 0x86, 0x29, 0x86, 0x31, 0x87, 0x31, 0x87, 0x29,
    0x86, 0x29, 0x86, 0x29, 0x87, 0x31, 0x87, 0x31, 0x86, 0x29, 0x86, 0x29,
    0xa7, 0x31, 0xa7, 0x31, 0x87, 0x31, 0x87, 0x31, 0xa7, 0x31, 0x87, 0x31,
    0x86, 0x29, 0xa7, 0x31, 0xa7, 0x31, 0x87, 0x31, 0xa7, 0x31, 0xa7, 0x31,
    0x87, 0x31, 0x87, 0x31, 0xa7, 0x31, 0x87, 0x31, 0xa7, 0x31, 0xa7, 0x31,
    0x87, 0x31, 0xa7, 0x31, 0xa7, 0x31, 0xa7, 0x31, 0xa7, 0x31, 0xa7, 0x31,
    0xa7, 0x31, 0xa8, 0x31, 0xa7, 0x31, 0xa7, 0x31, 0xa7, 0x31, 0xa7, 0x31,
    0xc8, 0x39, 0xa7, 0x31, 0xa7, 0x31, 0xa7, 0x31, 0xc8, 0x31, 0xa7, 0x31,
    0xa7, 0x31, 0xa7, 0x31, 0xc8, 0x39, 0xa7, 0x31, 0xc8, 0x31, 0xc8, 0x39,
    0xc7, 0x31, 0xc8, 0x39, 0xc8, 0x39, 0xc8, 0x39, 0xc8, 0x39, 0xc7, 0x31,
    0xa7, 0x31, 0xc8, 0x39, 0xc8, 0x39, 0xc8, 0x39, 0xc8, 0x39, 0xc8, 0x39,
    0xc8, 0x39, 0xe8, 0x39, 0xc8, 0x39, 0xe8, 0x39, 0xc7, 0x31, 0xc8, 0x39,
    0xc8, 0x39, 0xc8, 0x39, 0xe8, 0x39, 0xe8, 0x39, 0xc8, 0x39, 0xe8, 0x39,
    0xe8, 0x39, 0xc8, 0x39, 0xc8, 0x39, 0xe8, 0x39, 0xc8, 0x39, 0xc8, 0x39,
    0xc8, 0x39, 0xe8, 0x39, 0xe8, 0x39, 0xe8, 0x39, 0xe9, 0x39, 0xe8, 0x39,
    0xe8, 0x39, 0x08, 0x3a, 0xe8, 0x39, 0xe9, 0x39, 0x08, 0x42, 0x09, 0x3a,
    0x09, 0x42, 0x08, 0x3a, 0xe8, 0x39, 0x09, 0x42, 0xe8, 0x39, 0x09, 0x42,
    0x08, 0x3a, 0x09, 0x42, 0x08, 0x3a, 0x09, 0x42, 0x08, 0x3a, 0x09, 0x3a,
    0x08, 0x42, 0x08, 0x42, 0x09, 0x42, 0x08, 0x3a, 0x09, 0x42, 0x09, 0x42,
    0x09, 0x42, 0x08, 0x42, 0x29, 0x42, 0x29, 0x42, 0x09, 0x42, 0x09, 0x42,
    0x08, 0x3a, 0x09, 0x42, 0x08, 0x3a, 0x29, 0x42, 0x09, 0x42, 0x09, 0x42,
    0x29, 0x42, 0x09, 0x3a, 0x09, 0x42, 0x09, 0x42, 0x29, 0x42, 0x29, 0x42,
    0x29, 0x42, 0x29, 0x42, 0x09, 0x42, 0x09, 0x42, 0x09, 0x3a, 0x09, 0x42,
    0xe8, 0x39, 0xe8, 0x39, 0xe8, 0x39, 0xe8, 0x39, 0x09, 0x3a, 0xe8, 0x39,
    0xe8, 0x39, 0xe8, 0x39, 0xe8, 0x39, 0xe8, 0x39, 0xe8, 0x39, 0x09, 0x3a,
    0xe8, 0x39, 0xe8, 0x39, 0xe8, 0x39, 0x08, 0x42, 0xe8, 0x39, 0x09, 0x42,
    0x05, 0x21, 0x05, 0x21, 0x04, 0x19, 0x05, 0x21, 0xe4, 0x18, 0xe4, 0x20,
    0x05, 0x21, 0x05, 0x21, 0x05, 0x21, 0x05, 0x21, 0xe4, 0x18, 0x04, 0x21,
    0x04, 0x19, 0xe4, 0x18, 0x05, 0x21, 0x05, 0x21, 0xe4, 0x18, 0x04, 0x21,
    0xe4, 0x18, 0x05, 0x21, 0x05, 0x21, 0x04, 0x19, 0x05, 0x21, 0x05, 0x21,
    0x05, 0x21, 0xe4, 0x18, 0x05, 0x21, 0x05, 0x21, 0x25, 0x21, 0x25, 0x21,
    0x25, 0x21, 0x46, 0x29, 0x45, 0x29, 0x46, 0x21, 0x46, 0x29, 0x25, 0x21,
    0x46, 0x29, 0x45, 0x21, 0x45, 0x29, 0x25, 0x21, 0x25, 0x21, 0x46, 0x29,
    0x25, 0x21, 0x45, 0x21, 0x46, 0x29, 0x46, 0x21, 0x45, 0x29, 0x45, 0x21,
    0x45, 0x21, 0x46, 0x29, 0x46, 0x29, 0x45, 0x21, 0x46, 0x29, 0x46, 0x29,
    0x45, 0x21, 0x46, 0x29, 0x45, 0x21, 0x45, 0x21, 0x45, 0x29, 0x46, 0x29,
    0x46, 0x29, 0x66, 0x29, 0x46, 0x29, 0x66, 0x29, 0x45, 0x21, 0x66, 0x29,
    0x66, 0x29, 0x66, 0x29, 0x66, 0x29, 0x46, 0x29, 0x66, 0x29, 0x46, 0x29,
    0x25, 0x21, 0x46, 0x29, 0x46, 0x29, 0x66, 0x29, 0x66, 0x29, 0x86, 0x29,
    0x67, 0x29, 0x87, 0x31, 0x87, 0x31, 0x66, 0x29, 0x87, 0x29, 0x87, 0x31,
    0x86, 0x29, 0x87, 0x29, 0x87, 0x31, 0x87, 0x31, 0x86, 0x29, 0x87, 0x31,
    0x87, 0x31, 0x86, 0x29, 0x87, 0x31, 0x87, 0x31, 0x87, 0x31, 0x86, 0x29,
    0x87, 0x31, 0xa7, 0x31, 0x87, 0x31, 0x86, 0x29, 0x87, 0x31, 0x86, 0x29,
    0x87, 0x31, 0x87, 0x31, 0x87, 0x31, 0xa7, 0x31, 0xa7, 0x31, 0xa7, 0x31,
    0xa7, 0x31, 0x86, 0x31, 0xa7, 0x31, 0xa7, 0x31, 0x87, 0x31, 0x87, 0x31,
    0xa7, 0x31, 0xa7, 0x31, 0xa7, 0x31, 0xa7, 0x31, 0xa7, 0x31, 0xa7, 0x31,
    0xa7, 0x31, 0xa7, 0x31, 0xa7, 0x31, 0xa7, 0x39, 0xa7, 0x31, 0xa7, 0x31,
    0xa7, 0x31, 0xc8, 0x39, 0xa7, 0x39, 0xc8, 0x39, 0xa7, 0x31, 0xa7, 0x39,
    0xa7, 0x31, 0xc8, 0x39, 0xa7, 0x31, 0xc8, 0x39, 0xa7, 0x31, 0xc8, 0x39,
    0xa7, 0x31, 0xc8, 0x39, 0xc8, 0x39, 0xc7, 0x31, 0xc8, 0x39, 0xa7, 0x31,
    0xc8, 0x39, 0xc7, 0x31, 0xc7, 0x31, 0xc8, 0x39, 0xc7, 0x31, 0xc7, 0x31,
    0xc8, 0x39, 0xc7, 0x39, 0xc8, 0x31, 0xc8, 0x39, 0xc8, 0x39, 0xc7, 0x31,
    0xc8, 0x39, 0xc7, 0x31, 0xc8, 0x39, 0xc8, 0x39, 0xc7, 0x31, 0xe8, 0x39,
    0xe8, 0x39, 0xe8, 0x39, 0xe8, 0x39, 0xc8, 0x39, 0xc8, 0x31, 0xc8, 0x39,
    0xe8, 0x39, 0xe8, 0x39, 0xe8, 0x41, 0xc8, 0x39, 0x09, 0x42, 0xe8, 0x41,
    0x09, 0x42, 0x09, 0x42, 0xe8, 0x39, 0xe8, 0x39, 0xe8, 0x39, 0x09, 0x42,
    0xe8, 0x39, 0x09, 0x42, 0x09, 0x42, 0x08, 0x42, 0x08, 0x42, 0x09, 0x42,
    0x09, 0x3a, 0x08, 0x3a, 0x09, 0x42, 0x09, 0x42, 0x09, 0x42, 0x08, 0x3a,
    0x09, 0x3a, 0x09, 0x42, 0x09, 0x3a, 0x09, 0x42, 0x08, 0x42, 0x29, 0x42,
    0x09, 0x42, 0x09, 0x42, 0x08, 0x3a, 0x08, 0x3a, 0x09, 0x42, 0x09, 0x42,
    0x09, 0x42, 0x09, 0x42, 0x29, 0x42, 0x09, 0x42, 0x29, 0x42, 0x08, 0x3a,
    0x09, 0x42, 0x09, 0x42, 0x09, 0x42, 0x29, 0x42, 0x09, 0x42, 0x29, 0x42,
    0x09, 0x42, 0x09, 0x3a, 0x09, 0x3a, 0xe8, 0x39, 0x09, 0x3a, 0xe8, 0x39,
    0x09, 0x42, 0x09, 0x42, 0xe8, 0x39, 0x08, 0x42, 0x09, 0x3a, 0xe8, 0x39,
    0x08, 0x42, 0x09, 0x42, 0x08, 0x42, 0xe8, 0x39, 0xe8, 0x39, 0xe8, 0x41,
    0xe8, 0x39, 0x09, 0x42, 0x09, 0x42, 0xe8, 0x39, 0xe9, 0x39, 0xe8, 0x39,
    0x05, 0x21, 0xe4, 0x18, 0xe4, 0x20, 0x05, 0x21, 0x05, 0x21, 0x04, 0x21,
    0x04, 0x19, 0x04, 0x19, 0x04, 0x21, 0x05, 0x21, 0xe4, 0x18, 0x05, 0x21,
    0x05, 0x21, 0x05, 0x21, 0x05, 0x21, 0x05, 0x19, 0x05, 0x21, 0x04, 0x21,
    0x05, 0x21, 0xe4, 0x18, 0x04, 0x21, 0x04, 0x21, 0x05, 0x21, 0x04, 0x19,
    0x05, 0x21, 0x04, 0x21, 0xe4, 0x18, 0x05, 0x21, 0x25, 0x21, 0x45, 0x29,
    0x25, 0x21, 0x25, 0x21, 0x25, 0x21, 0x25, 0x21, 0x46, 0x29, 0x25, 0x21,
    0x45, 0x21, 0x46, 0x29, 0x25, 0x21, 0x46, 0x29, 0x46, 0x29, 0x25, 0x21,
    0x25, 0x21, 0x25, 0x21, 0x25, 0x21, 0x46, 0x29, 0x46, 0x29, 0x46, 0x29,
    0x46, 0x29, 0x45, 0x21, 0x45, 0x21, 0x46, 0x29, 0x46, 0x29, 0x46, 0x29,
    0x46, 0x29, 0x46, 0x29, 0x46, 0x21, 0x46, 0x29, 0x46, 0x21, 0x45, 0x21,
    0x45, 0x21, 0x46, 0x29, 0x66, 0x29, 0x46, 0x29, 0x45, 0x29, 0x46, 0x29,
    0x46, 0x29, 0x46, 0x29, 0x66, 0x29, 0x46, 0x29, 0x66, 0x29, 0x66, 0x29,
    0x25, 0x21, 0x25, 0x21, 0x25, 0x21, 0x25, 0x21, 0x25, 0x21, 0x25, 0x21,
    0x25, 0x21, 0x25, 0x21, 0x46, 0x29, 0x46, 0x29, 0x66, 0x29, 0x66, 0x29,
    0x66, 0x29, 0x87, 0x31, 0x87, 0x31, 0x87, 0x31, 0xa7, 0x31, 0x87, 0x31,
    0x87, 0x31, 0x87, 0x31, 0xa7, 0x31, 0x87, 0x31, 0x87, 0x31, 0xa7, 0x31,
    0x87, 0x31, 0x87, 0x31, 0x87, 0x31, 0xa7, 0x31, 0x87, 0x31, 0xa7, 0x31,
    0xa7, 0x31, 0xa7, 0x31, 0x86, 0x29, 0xa7, 0x31, 0xa7, 0x31, 0x87, 0x29,
    0xa7, 0x31, 0x87, 0x31, 0xa7, 0x31, 0xa7, 0x31, 0xa7, 0x31, 0xa7, 0x31,
    0xa7, 0x31, 0xc8, 0x39, 0xa7, 0x31, 0xa7, 0x31, 0xa7, 0x31, 0xa8, 0x39,
    0xa7, 0x31, 0xa7, 0x39, 0xc8, 0x39, 0xa7, 0x31, 0xa7, 0x31, 0xc8, 0x39,
    0xa7, 0x31, 0xa7, 0x31, 0xc8, 0x39, 0xa7, 0x31, 0xa7, 0x31, 0xc8, 0x39,
    0xc8, 0x39, 0xa7, 0x31, 0xc8, 0x39, 0xc7, 0x31, 0xa7, 0x39, 0xc8, 0x39,
    0xc7, 0x31, 0xa7, 0x31, 0xa7, 0x31, 0xc7, 0x31, 0xc8, 0x39, 0xc8, 0x39,
    0xc8, 0x39, 0xc8, 0x39, 0xc7, 0x31, 0xc8, 0x39, 0xc8, 0x39, 0xc7, 0x31,
    0xc8, 0x39, 0xc7, 0x31, 0xe8, 0x39, 0xc8, 0x39, 0xc8, 0x39, 0xc8, 0x39,
    0xe8, 0x39, 0xe8, 0x39, 0xc8, 0x39, 0xc8, 0x39, 0xc7, 0x31, 0xc8, 0x39,
    0xe8, 0x39, 0xe8, 0x39, 0xc8, 0x39, 0xc8, 0x39, 0xe8, 0x39, 0xc8, 0x39,
    0xe8, 0x39, 0xe8, 0x39, 0xe8, 0x39, 0xe8, 0x39, 0xe8, 0x39, 0x09, 0x3a,
    0xe8, 0x39, 0x08, 0x42, 0x09, 0x3a, 0x09, 0x42, 0xe8, 0x39, 0x08, 0x42,
    0xe8, 0x39, 0x09, 0x3a, 0x09, 0x3a, 0x08, 0x3a, 0x09, 0x3a, 0x09, 0x42,
    0x08, 0x42, 0x09, 0x42, 0x09, 0x42, 0xe8, 0x39, 0x09, 0x42, 0x08, 0x3a,
    0x08, 0x42, 0x09, 0x42, 0x08, 0x3a, 0x08, 0x3a, 0x09, 0x42, 0x09, 0x3a,
    0x09, 0x42, 0x09, 0x42, 0x09, 0x3a, 0x08, 0x42, 0x08, 0x3a, 0x09, 0x42,
    0x09, 0x42, 0x29, 0x42, 0x08, 0x42, 0x09, 0x42, 0x09, 0x42, 0x29, 0x42,
    0x08, 0x42, 0x09, 0x42, 0x29, 0x42, 0x09, 0x3a, 0x09, 0x3a, 0xe8, 0x39,
    0xe9, 0x39, 0x08, 0x3a, 0xe8, 0x41, 0xe8, 0x39, 0xe8, 0x39, 0x09, 0x42,
    0xe8, 0x39, 0xe8, 0x39, 0xe8, 0x39, 0x09, 0x42, 0xe8, 0x39, 0xe8, 0x39,
    0x09, 0x42, 0xe9, 0x39, 0x09, 0x42, 0x09, 0x3a, 0x09, 0x42, 0xe8, 0x39,
    0xe8, 0x39, 0xe8, 0x39, 0x09, 0x42, 0xe8, 0x39, 0xe8, 0x39, 0xe8, 0x39,
    0xe4, 0x18, 0x05, 0x21, 0x04, 0x19, 0x05, 0x21, 0x05, 0x19, 0x05, 0x21,
    0x05, 0x21, 0x05, 0x21, 0x04, 0x19, 0xe4, 0x18, 0x05, 0x21, 0x05, 0x21,
    0x04, 0x21, 0x04, 0x19, 0x05, 0x21, 0xe4, 0x18, 0x04, 0x21, 0x05, 0x21,
    0x05, 0x19, 0x04, 0x21, 0x05, 0x21, 0x05, 0x19, 0xe4, 0x18, 0x05, 0x21,
    0x04, 0x21, 0x04, 0x19, 0x04, 0x19, 0x05, 0x21, 0x25, 0x21, 0x25, 0x21,
    0x26, 0x21, 0x25, 0x21, 0x25, 0x29, 0x26, 0x21, 0x25, 0x21, 0x25, 0x21,
    0x46, 0x29, 0x46, 0x21, 0x46, 0x29, 0x25, 0x21, 0x46, 0x21, 0x45, 0x21,
    0x26, 0x29, 0x46, 0x29, 0x45, 0x21, 0x25, 0x21, 0x46, 0x29, 0x46, 0x21,
    0x25, 0x21, 0x46, 0x29, 0x25, 0x21, 0x46, 0x29, 0x46, 0x29, 0x45, 0x21,
    0x45, 0x21, 0x46, 0x29, 0x45, 0x29, 0x46, 0x29, 0x46, 0x29, 0x45, 0x21,
    0x45, 0x21, 0x45, 0x21, 0x46, 0x29, 0x46, 0x21, 0x66, 0x29, 0x66, 0x29,
    0x66, 0x29, 0x46, 0x29, 0x46, 0x29, 0x66, 0x29, 0x46, 0x29, 0x46, 0x29,
    0x66, 0x29, 0x45, 0x21, 0x25, 0x21, 0x46, 0x29, 0x25, 0x21, 0x25, 0x21,
    0x25, 0x21, 0x25, 0x21, 0x45, 0x21, 0x45, 0x29, 0x25, 0x21, 0x46, 0x29,
    0x25, 0x21, 0x66, 0x29, 0x46, 0x29, 0x66, 0x29, 0x46, 0x29, 0x66, 0x29,
    0x66, 0x29, 0x86, 0x29, 0x86, 0x29, 0x86, 0x29, 0x87, 0x31, 0xa7, 0x31,
    0x86, 0x29, 0x86, 0x31, 0xa7, 0x31, 0x87, 0x29, 0x87, 0x31, 0xa7, 0x31,
    0x86, 0x29, 0xa7, 0x31, 0x87, 0x31, 0x87, 0x31, 0x86, 0x29, 0x87, 0x31,
    0x87, 0x31, 0xa7, 0x31, 0xa7, 0x31, 0xa7, 0x31, 0xa7, 0x31, 0xa7, 0x31,
    0x87, 0x31, 0xa7, 0x31, 0xa7, 0x31, 0xa7, 0x31, 0xa7, 0x31, 0xa8, 0x39,
    0xa7, 0x31, 0xa7, 0x31, 0xc8, 0x31, 0xa7, 0x31, 0xa7, 0x31, 0xa7, 0x31,
    0xa7, 0x31, 0xa7, 0x31, 0xa7, 0x31, 0xa8, 0x31, 0xc7, 0x31, 0xc8, 0x31,
    0xa7, 0x31, 0xc7, 0x39, 0xc8, 0x39, 0xc8, 0x31, 0xa7, 0x31, 0xc8, 0x39,
    0xc7, 0x31, 0xc8, 0x39, 0xc7, 0x31, 0xc8, 0x39, 0xc8, 0x39, 0xc8, 0x39,
    0xc7, 0x31, 0xc7, 0x31, 0xa7, 0x31, 0xc8, 0x39, 0xc8, 0x39, 0xc7, 0x31,
    0xc8, 0x39, 0xe8, 0x39, 0xc7, 0x31, 0xc7, 0x39, 0xc8, 0x39, 0xc7, 0x31,
    0xc7, 0x31, 0xc7, 0x31, 0xe8, 0x39, 0xe8, 0x39, 0xc8, 0x39, 0xc8, 0x39,
    0xc8, 0x39, 0xc7, 0x31, 0xe8, 0x39, 0xe8, 0x39, 0xe8, 0x39, 0xe8, 0x39,
    0xc8, 0x39, 0xe8, 0x39, 0xe8, 0x39, 0xe8, 0x39, 0xe8, 0x39, 0x08, 0x3a,
    0x09, 0x42, 0x08, 0x3a, 0xe8, 0x39, 0x09, 0x42, 0xe8, 0x39, 0x09, 0x42,
    0x09, 0x42, 0xe8, 0x39, 0x08, 0x3a, 0xe8, 0x41, 0xe8, 0x39, 0x09, 0x3a,
    0x08, 0x42, 0x09, 0x42, 0xe8, 0x39, 0x08, 0x3a, 0x09, 0x42, 0x08, 0x3a,
    0x09, 0x3a, 0x08, 0x42, 0xe8, 0x39, 0x29, 0x42, 0x08, 0x3a, 0x09, 0x42,
    0x29, 0x42, 0x08, 0x42, 0x09, 0x42, 0x09, 0x42, 0x09, 0x3a, 0x29, 0x42,
    0x08, 0x3a, 0x09, 0x42, 0x09, 0x3a, 0x08, 0x3a, 0x29, 0x42, 0x08, 0x3a,
    0x09, 0x42, 0xe8, 0x39, 0xe8, 0x39, 0xe8, 0x39, 0xe8, 0x39, 0xe8, 0x39,
    0xe8, 0x39, 0xe8, 0x39, 0x09, 0x42, 0xe8, 0x39, 0xe8, 0x39, 0xe8, 0x39,
    0xe8, 0x39, 0x08, 0x3a, 0xe8, 0x39, 0xe8, 0x39, 0x09, 0x42, 0xe8, 0x39,
    0xe8, 0x39, 0x08, 0x3a, 0xe8, 0x39, 0xe8, 0x39, 0xe8, 0x39, 0xe8, 0x39,
    0xe8, 0x39, 0xe8, 0x39, 0xe8, 0x39, 0xe8, 0x39, 0xe8, 0x39, 0xe8, 0x39,
    0x04, 0x21, 0x05, 0x21, 0x04, 0x19, 0x04, 0x21, 0x04, 0x21, 0x04, 0x21,
    0x05, 0x21, 0x05, 0x21, 0xe4, 0x18, 0xe4, 0x20, 0x05, 0x21, 0x04, 0x19,
    0xe4, 0x18, 0x05, 0x21, 0x05, 0x21, 0x04, 0x21, 0x05, 0x21, 0x05, 0x21,
    0x05, 0x21, 0x04, 0x19, 0xe4, 0x18, 0x05, 0x21, 0x04, 0x19, 0x05, 0x21,
    0x05, 0x21, 0x05, 0x21, 0x05, 0x21, 0xe4, 0x18, 0x05, 0x21, 0x45, 0x21,
    0x25, 0x21, 0x46, 0x29, 0x45, 0x21, 0x25, 0x21, 0x25, 0x21, 0x25, 0x21,
    0x25, 0x21, 0x25, 0x29, 0x45, 0x21, 0x46, 0x29, 0x45, 0x29, 0x25, 0x21,
    0x46, 0x29, 0x45, 0x21, 0x46, 0x29, 0x46, 0x29, 0x25, 0x21, 0x45, 0x29,
    0x45, 0x29, 0x46, 0x29, 0x45, 0x21, 0x45, 0x21, 0x45, 0x21, 0x46, 0x29,
    0x46, 0x29, 0x45, 0x21, 0x45, 0x21, 0x46, 0x29, 0x46, 0x29, 0x46, 0x29,
    0x46, 0x29, 0x46, 0x29, 0x46, 0x29, 0x46, 0x29, 0x66, 0x29, 0x46, 0x29,
    0x46, 0x21, 0x66, 0x29, 0x46, 0x29, 0x66, 0x29, 0x46, 0x29, 0x46, 0x29,
    0x66, 0x29, 0x66, 0x29, 0x46, 0x29, 0x25, 0x21, 0x25, 0x21, 0x25, 0x21,
    0x26, 0x29, 0x46, 0x29, 0x46, 0x29, 0x46, 0x29, 0x25, 0x21, 0x25, 0x21,
    0x45, 0x29, 0x45, 0x21, 0x25, 0x21, 0x45, 0x21, 0x45, 0x21, 0x25, 0x21,
    0x45, 0x21, 0x46, 0x29, 0x45, 0x21, 0x45, 0x21, 0x46, 0x29, 0x46, 0x21,
    0x46, 0x29, 0x66, 0x29, 0x66, 0x29, 0x86, 0x29, 0x86, 0x29, 0x87, 0x31,
    0x87, 0x31, 0xa7, 0x31, 0xa7, 0x31, 0xa7, 0x31, 0xa7, 0x31, 0xa7, 0x31,
    0xa7, 0x31, 0x87, 0x31, 0xa7, 0x31, 0x87, 0x31, 0xa7, 0x31, 0xa7, 0x31,
    0xa7, 0x31, 0xa7, 0x31, 0x87, 0x31, 0xa7, 0x31, 0xa7, 0x31, 0xa7, 0x31,
    0xc8, 0x39, 0xa7, 0x31, 0xa7, 0x31, 0xa7, 0x31, 0xa7, 0x31, 0xa7, 0x31,
    0xa8, 0x31, 0xa7, 0x31, 0xa7, 0x31, 0xa7, 0x31, 0xa7, 0x31, 0xa7, 0x31,
    0xa7, 0x31, 0xc8, 0x39, 0xa7, 0x31, 0xc8, 0x31, 0xc7, 0x39, 0xc7, 0x31,
    0xa7, 0x31, 0xa7, 0x31, 0xc8, 0x39, 0xc8, 0x39, 0xc7, 0x31, 0xc7, 0x39,
    0xc8, 0x31, 0xa7, 0x31, 0xc8, 0x39, 0xa7, 0x31, 0xc8, 0x31, 0xc8, 0x39,
    0xe8, 0x39, 0xc8, 0x39, 0xc8, 0x39, 0xc8, 0x31, 0xc8, 0x39, 0xc8, 0x39,
    0xe8, 0x39, 0xc8, 0x39, 0xc8, 0x39, 0xc7, 0x31, 0xc8, 0x39, 0xc7, 0x31,
    0xe8, 0x39, 0xe8, 0x39, 0xe8, 0x39, 0xc8, 0x39, 0xc8, 0x39, 0xc7, 0x39,
    0xe8, 0x39, 0xc8, 0x39, 0xe8, 0x39, 0xc8, 0x39, 0xe8, 0x39, 0xe8, 0x39,
    0xe9, 0x41, 0xe8, 0x39, 0x08, 0x3a, 0xe8, 0x39, 0xe8, 0x39, 0x08, 0x3a,
    0xe8, 0x39, 0xe8, 0x41, 0x09, 0x42, 0xe8, 0x39, 0x08, 0x3a, 0x09, 0x42,
    0x08, 0x3a, 0x09, 0x42, 0x08, 0x3a, 0x09, 0x42, 0x09, 0x42, 0x08, 0x3a,
    0x09, 0x42, 0x09, 0x42, 0x09, 0x3a, 0x09, 0x42, 0x08, 0x42, 0x09, 0x42,
    0x09, 0x3a, 0x08, 0x3a, 0x08, 0x42, 0x09, 0x42, 0x09, 0x3a, 0x08, 0x42,
    0x08, 0x42, 0x08, 0x3a, 0x08, 0x3a, 0x08, 0x3a, 0xe8, 0x39, 0xe8, 0x39,
    0xe8, 0x39, 0xe8, 0x39, 0xe8, 0x39, 0xe8, 0x39, 0xe8, 0x39, 0xe8, 0x39,
    0x09, 0x42, 0xe8, 0x39, 0xe8, 0x39, 0xe8, 0x39, 0xe8, 0x39, 0xe8, 0x39,
    0xe8, 0x39, 0xe9, 0x41, 0xe8, 0x39, 0x09, 0x42, 0xe8, 0x39, 0x08, 0x42,
    0xe8, 0x39, 0xe8, 0x39, 0xe8, 0x39, 0xe8, 0x39, 0xe8, 0x39, 0xe8, 0x39,
    0xe8, 0x39, 0xe8, 0x39, 0xe8, 0x39, 0xe8, 0x39, 0xe8, 0x39, 0x09, 0x42,
    0x05, 0x21, 0x05, 0x21, 0xe4, 0x18, 0x05, 0x19, 0x05, 0x21, 0x04, 0x19,
    0x05, 0x21, 0x05, 0x21, 0x05, 0x21, 0x05, 0x21, 0x05, 0x21, 0x05, 0x21,
    0x05, 0x21, 0x04, 0x19, 0x05, 0x21, 0x05, 0x21, 0xe4, 0x18, 0x04, 0x19,
    0xe4, 0x20, 0x05, 0x21, 0x05, 0x21, 0x05, 0x21, 0x05, 0x21, 0x04, 0x21,
    0x04, 0x19, 0xe5, 0x20, 0xe4, 0x18, 0x05, 0x21, 0x05, 0x21, 0x25, 0x21,
    0x45, 0x29, 0x25, 0x21, 0x25, 0x21, 0x25, 0x21, 0x46, 0x29, 0x25, 0x21,
    0x25, 0x21, 0x45, 0x21, 0x46, 0x29, 0x25, 0x21, 0x46, 0x21, 0x25, 0x21,
    0x25, 0x21, 0x46, 0x29, 0x25, 0x21, 0x45, 0x21, 0x46, 0x29, 0x25, 0x21,
    0x46, 0x21, 0x46, 0x29, 0x25, 0x21, 0x46, 0x29, 0x46, 0x29, 0x25, 0x21,
    0x46, 0x29, 0x46, 0x29, 0x46, 0x21, 0x46, 0x29, 0x45, 0x29, 0x45, 0x21,
    0x46, 0x29, 0x46, 0x29, 0x45, 0x21, 0x45, 0x21, 0x66, 0x29, 0x66, 0x29,
    0x45, 0x21, 0x45, 0x29, 0x66, 0x29, 0x46, 0x21, 0x45, 0x29, 0x66, 0x29,
    0x46, 0x29, 0x66, 0x29, 0x66, 0x29, 0x25, 0x29, 0x25, 0x21, 0x25, 0x21,
    0x25, 0x21, 0x45, 0x21, 0x25, 0x21, 0x25, 0x21, 0x25, 0x21, 0x46, 0x29,
    0x46, 0x29, 0x46, 0x29, 0x25, 0x21, 0x25, 0x21, 0x46, 0x29, 0x25, 0x21,
    0x46, 0x29, 0x46, 0x29, 0x46, 0x29, 0x46, 0x29, 0x46, 0x29, 0x46, 0x29,
    0x45, 0x21, 0x46, 0x29, 0x46, 0x29, 0x46, 0x29, 0x45, 0x21, 0x46, 0x29,
    0x46, 0x29, 0x66, 0x29, 0x66, 0x29, 0x66, 0x29, 0x66, 0x29, 0x86, 0x31,
    0x86, 0x29, 0x87, 0x29, 0x87, 0x31, 0x87, 0x31, 0xa7, 0x31, 0xa7, 0x31,
    0xa7, 0x31, 0xa8, 0x39, 0xa7, 0x31, 0xa7, 0x31, 0xa7, 0x31, 0xa7, 0x31,
    0xa7, 0x31, 0xa7, 0x31, 0x87, 0x31, 0xa7, 0x31, 0xa7, 0x31, 0xa7, 0x31,
    0xa7, 0x31, 0xa7, 0x39, 0xc8, 0x39, 0xa7, 0x31, 0xc8, 0x39, 0xc7, 0x39,
    0xa7, 0x31, 0xa7, 0x31, 0xc8, 0x39, 0xc8, 0x39, 0xc8, 0x39, 0xa7, 0x31,
    0xc8, 0x39, 0xc8, 0x39, 0xc8, 0x39, 0xa7, 0x31, 0xc7, 0x31, 0xc8, 0x39,
    0xc8, 0x39, 0xc8, 0x39, 0xa7, 0x31, 0xc7, 0x39, 0xc8, 0x39, 0xc7, 0x31,
    0xc7, 0x31, 0xc8, 0x39, 0xc7, 0x39, 0xc7, 0x31, 0xe8, 0x39, 0xc8, 0x39,
    0xc8, 0x31, 0xe8, 0x39, 0xc8, 0x39, 0xc7, 0x31, 0xc8, 0x39, 0xc8, 0x39,
    0xc8, 0x39, 0xe8, 0x39, 0xe8, 0x39, 0xe8, 0x39, 0xe8, 0x39, 0xe8, 0x39,
    0xc8, 0x39, 0xc8, 0x31, 0xe8, 0x39, 0xc8, 0x39, 0xe8, 0x39, 0x08, 0x3a,
    0xe8, 0x39, 0xe9, 0x41, 0xe8, 0x39, 0x09, 0x42, 0x09, 0x42, 0x09, 0x3a,
    0xe8, 0x39, 0xe8, 0x39, 0x09, 0x3a, 0x09, 0x42, 0x09, 0x42, 0x09, 0x42,
    0x09, 0x42, 0x08, 0x3a, 0x09, 0x3a, 0x08, 0x42, 0xe8, 0x39, 0x09, 0x3a,
    0x09, 0x42, 0xe8, 0x39, 0x08, 0x3a, 0x09, 0x42, 0xe8, 0x39, 0x08, 0x3a,
    0x09, 0x42, 0x09, 0x42, 0x08, 0x3a, 0x09, 0x42, 0x08, 0x3a, 0xe8, 0x39,
    0xe8, 0x39, 0xe8, 0x39, 0xe8, 0x39, 0xe8, 0x39, 0xe9, 0x41, 0xe8, 0x39,
    0x08, 0x3a, 0xe8, 0x39, 0xe8, 0x39, 0xe8, 0x39, 0xe8, 0x39, 0xe8, 0x39,
    0x08, 0x42, 0xe8, 0x39, 0xe8, 0x39, 0xe8, 0x39, 0xe8, 0x39, 0xe8, 0x39,
    0xe8, 0x39, 0xe8, 0x39, 0xe8, 0x39, 0x09, 0x3a, 0xe8, 0x39, 0xe8, 0x39,
    0x09, 0x42, 0xe8, 0x39, 0xe8, 0x39, 0xe8, 0x39, 0xe8, 0x41, 0xe8, 0x39,
    0xe8, 0x39, 0xe9, 0x39, 0xe8, 0x41, 0xe8, 0x39, 0xe8, 0x39, 0xe8, 0x39,
    0x04, 0x19, 0xe4, 0x18, 0xe4, 0x20, 0x05, 0x21, 0x05, 0x21, 0x05, 0x21,
    0x04, 0x19, 0x05, 0x21, 0x04, 0x19, 0x05, 0x21, 0x04, 0x21, 0x04, 0x19,
    0xe4, 0x18, 0x05, 0x21, 0x05, 0x21, 0x04, 0x19, 0x05, 0x21, 0x05, 0x21,
    0x04, 0x19, 0x05, 0x21, 0x04, 0x21, 0x05, 0x21, 0x05, 0x21, 0x04, 0x19,
    0xe4, 0x18, 0xe4, 0x18, 0x04, 0x21, 0x05, 0x21, 0x05, 0x21, 0x25, 0x21,
    0x46, 0x29, 0x26, 0x21, 0x25, 0x21, 0x25, 0x29, 0x46, 0x29, 0x25, 0x21,
    0x25, 0x21, 0x46, 0x29, 0x25, 0x21, 0x25, 0x21, 0x46, 0x29, 0x25, 0x21,
    0x45, 0x21, 0x46, 0x29, 0x25, 0x21, 0x25, 0x21, 0x46, 0x29, 0x46, 0x29,
    0x45, 0x21, 0x46, 0x29, 0x46, 0x29, 0x45, 0x21, 0x46, 0x29, 0x46, 0x29,
    0x45, 0x21, 0x45, 0x21, 0x45, 0x29, 0x46, 0x29, 0x46, 0x21, 0x46, 0x29,
    0x45, 0x21, 0x45, 0x21, 0x45, 0x29, 0x66, 0x29, 0x46, 0x29, 0x46, 0x29,
    0x66, 0x29, 0x46, 0x29, 0x46, 0x29, 0x45, 0x21, 0x46, 0x29, 0x45, 0x21,
    0x46, 0x29, 0x46, 0x21, 0x46, 0x29, 0x46, 0x29, 0x46, 0x29, 0x25, 0x21,
    0x25, 0x21, 0x46, 0x29, 0x25, 0x21, 0x25, 0x21, 0x46, 0x21, 0x46, 0x29,
    0x25, 0x21, 0x46, 0x29, 0x46, 0x29, 0x66, 0x29, 0x46, 0x29, 0x46, 0x29,
    0x46, 0x29, 0x46, 0x29, 0x46, 0x29, 0x45, 0x21, 0x45, 0x29, 0x46, 0x29,
    0x45, 0x21, 0x46, 0x29, 0x46, 0x29, 0x46, 0x29, 0x66, 0x29, 0x66, 0x29,
    0x66, 0x29, 0x66, 0x29, 0x66, 0x29, 0x46, 0x29, 0x66, 0x29, 0x66, 0x29,
    0x66, 0x29, 0x66, 0x29, 0x66, 0x29, 0x66, 0x29, 0x66, 0x29, 0x66, 0x29,
    0x86, 0x29, 0x87, 0x31, 0x87, 0x31, 0x87, 0x31, 0xa7, 0x31, 0xa7, 0x31,
    0xc8, 0x39, 0xa7, 0x31, 0xa7, 0x31, 0xa8, 0x39, 0xa7, 0x31, 0xa7, 0x31,
    0xa7, 0x39, 0xc8, 0x31, 0xa7, 0x31, 0xa7, 0x31, 0xa7, 0x31, 0xa7, 0x31,
    0xa7, 0x31, 0xc8, 0x31, 0xc7, 0x31, 0xc7, 0x39, 0xa7, 0x31, 0xc8, 0x31,
    0xc8, 0x39, 0xc7, 0x31, 0xa7, 0x31, 0xc8, 0x39, 0xc8, 0x39, 0xc7, 0x31,
    0xc8, 0x39, 0xc7, 0x31, 0xc8, 0x39, 0xc8, 0x39, 0xc8, 0x39, 0xa7, 0x31,
    0xc7, 0x39, 0xc8, 0x39, 0xe8, 0x39, 0xc7, 0x31, 0xc8, 0x39, 0xc8, 0x39,
    0xe8, 0x39, 0xc7, 0x39, 0xc8, 0x39, 0xe8, 0x39, 0xc8, 0x39, 0xe8, 0x39,
    0xc8, 0x39, 0xc7, 0x31, 0xc7, 0x31, 0xe8, 0x39, 0xc8, 0x39, 0xe8, 0x39,
    0xe8, 0x39, 0xe8, 0x39, 0xc8, 0x39, 0xe8, 0x39, 0xc8, 0x39, 0xe8, 0x39,
    0xe8, 0x39, 0xe8, 0x39, 0x09, 0x42, 0x08, 0x3a, 0xe8, 0x39, 0x09, 0x42,
    0x08, 0x42, 0xe8, 0x39, 0xe8, 0x39, 0xe8, 0x39, 0x09, 0x42, 0x08, 0x3a,
    0xe8, 0x39, 0x09, 0x42, 0x09, 0x42, 0x09, 0x42, 0x08, 0x3a, 0x09, 0x42,
    0x08, 0x42, 0x08, 0x3a, 0xe8, 0x39, 0x09, 0x42, 0x09, 0x42, 0x08, 0x3a,
    0x08, 0x3a, 0x08, 0x3a, 0xe8, 0x39, 0xe8, 0x39, 0xe8, 0x39, 0xe8, 0x39,
    0xe9, 0x39, 0xe8, 0x39, 0xe8, 0x39, 0xe9, 0x41, 0xe8, 0x39, 0xe8, 0x39,
    0xe8, 0x39, 0xe8, 0x39, 0xe9, 0x39, 0xe8, 0x41, 0xe8, 0x39, 0xe8, 0x39,
    0xe8, 0x39, 0xe8, 0x39, 0xe8, 0x39, 0xe8, 0x39, 0xe9, 0x41, 0xe8, 0x39,
    0xe8, 0x39, 0x09, 0x42, 0xe8, 0x39, 0xe8, 0x39, 0xe8, 0x39, 0xe8, 0x39,
    0xe8, 0x39, 0xe8, 0x39, 0xe8, 0x39, 0xe8, 0x39, 0xe8, 0x39, 0xe8, 0x39,
    0xe8, 0x39, 0xe8, 0x39, 0xe8, 0x39, 0xe9, 0x41, 0xe8, 0x39, 0xe8, 0x39,
    0xe4, 0x20, 0x05, 0x21, 0x05, 0x21, 0x04, 0x19, 0x05, 0x21, 0xe4, 0x18,
    0x04, 0x19, 0x04, 0x21, 0x04, 0x19, 0x05, 0x21, 0xe4, 0x18, 0x05, 0x21,
    0x05, 0x21, 0x04, 0x21, 0x04, 0x19, 0x05, 0x21, 0x04, 0x21, 0x04, 0x21,
    0x05, 0x21, 0x04, 0x19, 0xe4, 0x18, 0x04, 0x21, 0x04, 0x21, 0x05, 0x21,
    0x05, 0x19, 0x05, 0x21, 0x05, 0x21, 0x04, 0x21, 0x05, 0x19, 0x25, 0x21,
    0x25, 0x21, 0x25, 0x21, 0x25, 0x21, 0x46, 0x29, 0x25, 0x21, 0x25, 0x21,
    0x46, 0x29, 0x25, 0x21, 0x25, 0x21, 0x46, 0x29, 0x46, 0x29, 0x25, 0x21,
    0x46, 0x29, 0x45, 0x21, 0x46, 0x29, 0x25, 0x21, 0x46, 0x29, 0x45, 0x21,
    0x46, 0x29, 0x46, 0x29, 0x25, 0x21, 0x46, 0x29, 0x46, 0x29, 0x46, 0x29,
    0x45, 0x21, 0x66, 0x29, 0x46, 0x29, 0x45, 0x21, 0x46, 0x29, 0x46, 0x29,
    0x45, 0x21, 0x46, 0x29, 0x46, 0x29, 0x45, 0x21, 0x66, 0x29, 0x66, 0x29,
    0x46, 0x29, 0x66, 0x29, 0x66, 0x29, 0x46, 0x29, 0x45, 0x21, 0x66, 0x29,
    0x66, 0x29, 0x46, 0x29, 0x45, 0x21, 0x66, 0x29, 0x66, 0x29, 0x46, 0x29,
    0x25, 0x21, 0x25, 0x21, 0x25, 0x21, 0x25, 0x21, 0x25, 0x21, 0x45, 0x21,
    0x46, 0x29, 0x45, 0x21, 0x46, 0x29, 0x45, 0x21, 0x45, 0x21, 0x46, 0x29,
    0x46, 0x29, 0x45, 0x21, 0x45, 0x21, 0x46, 0x29, 0x46, 0x21, 0x66, 0x29,
    0x66, 0x29, 0x66, 0x29, 0x46, 0x29, 0x45, 0x29, 0x66, 0x29, 0x46, 0x29,
    0x46, 0x29, 0x66, 0x29, 0x66, 0x29, 0x66, 0x29, 0x46, 0x29, 0x66, 0x29,
    0x66, 0x29, 0x66, 0x29, 0x66, 0x29, 0x66, 0x29, 0x66, 0x29, 0x66, 0x29,
    0x66, 0x29, 0x66, 0x29, 0x66, 0x29, 0x66, 0x29, 0x66, 0x29, 0x87, 0x31,
    0x87, 0x31, 0x87, 0x31, 0x87, 0x31, 0x87, 0x31, 0xa7, 0x31, 0xa7, 0x31,
    0xa7, 0x31, 0xa7, 0x31, 0xa7, 0x31, 0xa8, 0x39, 0xa7, 0x31, 0xa7, 0x31,
    0xc8, 0x39, 0xa7, 0x31, 0xc8, 0x39, 0xa7, 0x31, 0xa7, 0x31, 0xc7, 0x39,
    0xa7, 0x31, 0xa7, 0x31, 0xc8, 0x39, 0xc8, 0x39, 0xc7, 0x31, 0xc8, 0x31,
    0xc7, 0x39, 0xc7, 0x31, 0xc8, 0x39, 0xc8, 0x39, 0xc7, 0x31, 0xc8, 0x39,
    0xa8, 0x31, 0xc8, 0x31, 0xc7, 0x31, 0xc8, 0x39, 0xc8, 0x31, 0xc7, 0x39,
    0xc8, 0x39, 0xc7, 0x31, 0xc8, 0x39, 0xc8, 0x39, 0xc7, 0x31, 0xc8, 0x39,
    0xe8, 0x39, 0xc8, 0x39, 0xc8, 0x39, 0xc8, 0x39, 0xc8, 0x39, 0xe8, 0x39,
    0xe8, 0x39, 0xe8, 0x39, 0xc8, 0x39, 0xe8, 0x39, 0xe8, 0x39, 0xe8, 0x39,
    0xe8, 0x39, 0x09, 0x42, 0x09, 0x42, 0x08, 0x3a, 0x08, 0x42, 0x09, 0x42,
    0xe8, 0x39, 0x09, 0x42, 0xe8, 0x39, 0x09, 0x42, 0x08, 0x3a, 0x08, 0x3a,
    0x09, 0x42, 0xe8, 0x39, 0xe8, 0x39, 0x09, 0x42, 0x09, 0x42, 0x08, 0x3a,
    0xe9, 0x41, 0xe8, 0x39, 0xe8, 0x39, 0xe8, 0x39, 0x08, 0x3a, 0xe8, 0x39,
    0xe8, 0x39, 0xe8, 0x39, 0xe8, 0x39, 0xe8, 0x39, 0xe8, 0x39, 0xe8, 0x39,
    0xe8, 0x39, 0xe8, 0x39, 0xe8, 0x39, 0xe8, 0x39, 0xe8, 0x39, 0xe8, 0x39,
    0xe8, 0x41, 0xe9, 0x39, 0xe8, 0x39, 0xe8, 0x39, 0xe8, 0x39, 0xe9, 0x39,
    0xe8, 0x39, 0xe8, 0x39, 0xe8, 0x39, 0xe8, 0x39, 0xe8, 0x39, 0xe8, 0x41,
    0xe8, 0x39, 0xe8, 0x39, 0xe8, 0x39, 0xe8, 0x39, 0xe8, 0x41, 0xe9, 0x39,
    0xe8, 0x39, 0xe8, 0x39, 0xe8, 0x39, 0xe9, 0x41, 0xe9, 0x41, 0xe8, 0x39,
    0xe9, 0x39, 0xe8, 0x39, 0xe8, 0x39, 0xe8, 0x39, 0xe8, 0x39, 0xe8, 0x39,
    0xe4, 0x18, 0x05, 0x21, 0x04, 0x19, 0xe4, 0x18, 0x05, 0x21, 0x05, 0x21,
    0x05, 0x21, 0x05, 0x21, 0xe4, 0x18, 0x05, 0x21, 0x05, 0x21, 0x05, 0x21,
    0x05, 0x21, 0x04, 0x19, 0x04, 0x21, 0x05, 0x21, 0x05, 0x21, 0xe4, 0x18,
    0x05, 0x21, 0x05, 0x21, 0xe4, 0x18, 0x05, 0x21, 0xe4, 0x18, 0x05, 0x21,
    0x05, 0x21, 0x04, 0x21, 0x05, 0x21, 0x04, 0x19, 0x05, 0x21, 0x25, 0x21,
    0x25, 0x21, 0x45, 0x29, 0x46, 0x21, 0x45, 0x21, 0x25, 0x21, 0x25, 0x21,
    0x25, 0x21, 0x46, 0x29, 0x46, 0x29, 0x45, 0x21, 0x25, 0x21, 0x46, 0x29,
    0x25, 0x21, 0x46, 0x29, 0x25, 0x21, 0x46, 0x29, 0x25, 0x21, 0x45, 0x21,
    0x46, 0x29, 0x46, 0x29, 0x45, 0x21, 0x45, 0x21, 0x45, 0x21, 0x25, 0x21,
    0x46, 0x29, 0x46, 0x29, 0x46, 0x29, 0x46, 0x29, 0x46, 0x29, 0x66, 0x29,
    0x46, 0x21, 0x46, 0x29, 0x45, 0x21, 0x46, 0x29, 0x46, 0x29, 0x46, 0x29,
    0x45, 0x21, 0x46, 0x29, 0x46, 0x29, 0x66, 0x29, 0x66, 0x29, 0x46, 0x29,
    0x66, 0x29, 0x46, 0x29, 0x45, 0x29, 0x66, 0x29, 0x46, 0x29, 0x66, 0x29,
    0x46, 0x29, 0x25, 0x21, 0x46, 0x29, 0x46, 0x29, 0x46, 0x29, 0x25, 0x21,
    0x45, 0x29, 0x46, 0x29, 0x46, 0x21, 0x45, 0x29, 0x45, 0x21, 0x46, 0x29,
    0x46, 0x29, 0x45, 0x21, 0x45, 0x21, 0x46, 0x29, 0x46, 0x29, 0x46, 0x29,
    0x45, 0x29, 0x66, 0x29, 0x46, 0x21, 0x46, 0x29, 0x66, 0x29, 0x66, 0x29,
    0x46, 0x29, 0x46, 0x29, 0x66, 0x29, 0x66, 0x29, 0x66, 0x29, 0x66, 0x29,
    0x66, 0x29, 0x66, 0x31, 0x66, 0x29, 0x66, 0x29, 0x66, 0x29, 0x67, 0x31,
    0x66, 0x29, 0x66, 0x29, 0x87, 0x31, 0x66, 0x29, 0x66, 0x29, 0x66, 0x29,
    0x86, 0x29, 0x66, 0x29, 0x86, 0x29, 0x87, 0x31, 0x66, 0x29, 0x87, 0x31,
    0x87, 0x31, 0x86, 0x29, 0x87, 0x31, 0x87, 0x31, 0x87, 0x29, 0x87, 0x31,
    0xa7, 0x31, 0xa7, 0x31, 0xa7, 0x31, 0xa7, 0x31, 0xa7, 0x31, 0xa8, 0x31,
    0xc7, 0x39, 0xc7, 0x31, 0xc8, 0x39, 0xa7, 0x31, 0xc7, 0x31, 0xc8, 0x39,
    0xc8, 0x39, 0xc7, 0x31, 0xc8, 0x31, 0xc8, 0x39, 0xa7, 0x31, 0xc8, 0x39,
    0xc7, 0x31, 0xc7, 0x39, 0xc8, 0x39, 0xc8, 0x39, 0xc7, 0x31, 0xe8, 0x39,
    0xc8, 0x39, 0xc8, 0x39, 0xc7, 0x31, 0xe8, 0x39, 0xc7, 0x31, 0xc8, 0x39,
    0xe8, 0x39, 0xc8, 0x39, 0xe8, 0x39, 0xe8, 0x39, 0xc8, 0x39, 0xe8, 0x39,
    0xc8, 0x39, 0xe8, 0x39, 0xe8, 0x39, 0xe8, 0x39, 0xe8, 0x39, 0xe8, 0x39,
    0x08, 0x42, 0xe8, 0x39, 0xe8, 0x39, 0x09, 0x42, 0xe8, 0x39, 0xe8, 0x39,
    0xe8, 0x39, 0x08, 0x3a, 0x09, 0x42, 0xe8, 0x39, 0x09, 0x42, 0xe8, 0x41,
    0x08, 0x3a, 0xe8, 0x39, 0x09, 0x42, 0xe8, 0x39, 0x08, 0x3a, 0xe8, 0x39,
    0xe8, 0x39, 0x09, 0x42, 0xe8, 0x39, 0xe8, 0x39, 0xe8, 0x39, 0xe9, 0x41,
    0xe8, 0x39, 0xe9, 0x39, 0xc8, 0x39, 0xe8, 0x39, 0xe8, 0x39, 0xe8, 0x39,
    0xe8, 0x39, 0xe9, 0x41, 0xe8, 0x39, 0xe8, 0x39, 0x09, 0x3a, 0xe8, 0x39,
    0xe8, 0x39, 0xe8, 0x39, 0xe8, 0x39, 0xe8, 0x39, 0xe8, 0x39, 0xe8, 0x39,
    0xe9, 0x41, 0xe8, 0x39, 0xe8, 0x39, 0xe9, 0x39, 0xe8, 0x39, 0xe8, 0x39,
    0xe9, 0x39, 0xe8, 0x39, 0xe8, 0x41, 0xe8, 0x39, 0xe8, 0x39, 0x09, 0x42,
    0xe8, 0x39, 0xe8, 0x39, 0xe8, 0x39, 0xe8, 0x39, 0xe8, 0x39, 0xe8, 0x39,
    0x08, 0x42, 0xe8, 0x39, 0xe8, 0x39, 0xe8, 0x39, 0xe8, 0x39, 0xe8, 0x39,
    0x05, 0x21, 0xe4, 0x18, 0x05, 0x21, 0x04, 0x21, 0x04, 0x21, 0x05, 0x19,
    0x05, 0x21, 0x04, 0x21, 0x05, 0x21, 0x04, 0x21, 0x04, 0x21, 0x04, 0x19,
    0x05, 0x21, 0x05, 0x21, 0xe4, 0x18, 0x05, 0x21, 0xe4, 0x18, 0x05, 0x21,
    0x04, 0x19, 0xe4, 0x18, 0x05, 0x21, 0xe4, 0x18, 0x05, 0x19, 0x05, 0x21,
    0x04, 0x21, 0xe4, 0x18, 0x04, 0x19, 0x05, 0x21, 0x04, 0x21, 0x25, 0x21,
    0x25, 0x21, 0x26, 0x21, 0x45, 0x29, 0x26, 0x29, 0x25, 0x21, 0x25, 0x21,
    0x46, 0x29, 0x25, 0x21, 0x45, 0x21, 0x25, 0x21, 0x46, 0x29, 0x25, 0x21,
    0x25, 0x21, 0x46, 0x29, 0x45, 0x21, 0x25, 0x21, 0x46, 0x29, 0x45, 0x21,
    0x46, 0x29, 0x46, 0x29, 0x46, 0x29, 0x45, 0x21, 0x46, 0x29, 0x46, 0x29,
    0x46, 0x21, 0x45, 0x29, 0x45, 0x21, 0x45, 0x21, 0x45, 0x21, 0x46, 0x29,
    0x46, 0x29, 0x45, 0x21, 0x46, 0x29, 0x46, 0x29, 0x46, 0x29, 0x66, 0x29,
    0x46, 0x29, 0x66, 0x29, 0x66, 0x29, 0x46, 0x29, 0x46, 0x29, 0x46, 0x29,
    0x66, 0x29, 0x66, 0x29, 0x46, 0x29, 0x46, 0x29, 0x66, 0x29, 0x46, 0x29,
    0x66, 0x29, 0x46, 0x29, 0x45, 0x21, 0x25, 0x21, 0x25, 0x21, 0x25, 0x21,
    0x46, 0x29, 0x46, 0x21, 0x45, 0x21, 0x25, 0x21, 0x46, 0x29, 0x46, 0x29,
    0x46, 0x29, 0x46, 0x29, 0x46, 0x29, 0x46, 0x29, 0x45, 0x29, 0x46, 0x21,
    0x46, 0x29, 0x46, 0x29, 0x46, 0x21, 0x45, 0x21, 0x66, 0x29, 0x66, 0x29,
    0x66, 0x29, 0x66, 0x29, 0x66, 0x29, 0x46, 0x29, 0x66, 0x29, 0x66, 0x29,
    0x46, 0x29, 0x67, 0x29, 0x66, 0x29, 0x87, 0x31, 0x87, 0x31, 0x66, 0x29,
    0x66, 0x29, 0x87, 0x31, 0x66, 0x29, 0x66, 0x29, 0x87, 0x31, 0x66, 0x29,
    0x66, 0x29, 0x87, 0x31, 0x87, 0x31, 0x86, 0x29, 0x86, 0x29, 0x87, 0x31,
    0x66, 0x29, 0x87, 0x31, 0x86, 0x29, 0x86, 0x31, 0x87, 0x31, 0x87, 0x31,
    0x86, 0x31, 0x87, 0x31, 0x87, 0x31, 0x87, 0x31, 0x87, 0x31, 0x87, 0x31,
    0xa7, 0x31, 0x87, 0x31, 0xa7, 0x31, 0xa7, 0x31, 0xa7, 0x31, 0xa7, 0x31,
    0xa7, 0x31, 0xc8, 0x39, 0xa7, 0x31, 0xc7, 0x31, 0xc7, 0x39, 0xc8, 0x31,
    0xa7, 0x31, 0xa7, 0x31, 0xc8, 0x39, 0xc8, 0x39, 0xc7, 0x31, 0xc8, 0x39,
    0xc7, 0x31, 0xc8, 0x39, 0xc8, 0x39, 0xc8, 0x31, 0xc8, 0x39, 0xe8, 0x39,
    0xc8, 0x39, 0xc7, 0x31, 0xe8, 0x39, 0xa7, 0x31, 0xe8, 0x39, 0xc8, 0x39,
    0xc8, 0x39, 0xc8, 0x39, 0xe8, 0x39, 0xe8, 0x39, 0xc8, 0x39, 0xe8, 0x39,
    0xe8, 0x39, 0x09, 0x42, 0xe8, 0x39, 0xe8, 0x39, 0xe9, 0x39, 0x09, 0x3a,
    0x08, 0x42, 0xe8, 0x39, 0x09, 0x42, 0x09, 0x42, 0x08, 0x3a, 0xe9, 0x39,
    0x09, 0x42, 0xe8, 0x39, 0xe8, 0x39, 0xe8, 0x39, 0xe8, 0x39, 0xe8, 0x39,
    0xe8, 0x39, 0xe8, 0x39, 0xe8, 0x39, 0xe8, 0x39, 0xe8, 0x39, 0xe8, 0x39,
    0xe8, 0x39, 0xc8, 0x39, 0xe8, 0x39, 0xe8, 0x39, 0xe8, 0x39, 0xe9, 0x41,
    0xe8, 0x39, 0xe8, 0x39, 0xe8, 0x39, 0xe8, 0x39, 0xe8, 0x41, 0xe8, 0x39,
    0xe8, 0x39, 0xe8, 0x41, 0xe8, 0x39, 0xe9, 0x39, 0xe8, 0x39, 0xe8, 0x41,
    0xe8, 0x39, 0xe8, 0x39, 0xe8, 0x39, 0xe8, 0x39, 0xe9, 0x41, 0xe8, 0x39,
    0xe8, 0x39, 0xe8, 0x39, 0xe8, 0x39, 0xe8, 0x39, 0xe8, 0x39, 0xe8, 0x39,
    0xe8, 0x39, 0xe8, 0x39, 0xe8, 0x39, 0xe8, 0x39, 0xe8, 0x39, 0xe8, 0x39,
    0xe8, 0x39, 0xe8, 0x39, 0xe8, 0x39, 0xe8, 0x39, 0xc8, 0x39, 0xe8, 0x39,
    0x04, 0x21, 0x05, 0x21, 0x05, 0x19, 0x04, 0x21, 0x05, 0x21, 0x04, 0x19,
    0x05, 0x21, 0x04, 0x21, 0x05, 0x19, 0x05, 0x21, 0x04, 0x19, 0x04, 0x19,
    0xe4, 0x18, 0x05, 0x21, 0x05, 0x21, 0x04, 0x19, 0x05, 0x21, 0x05, 0x21,
    0x04, 0x19, 0x05, 0x21, 0x05, 0x21, 0x05, 0x21, 0x04, 0x21, 0x05, 0x21,
    0xe4, 0x18, 0x05, 0x21, 0x05, 0x21, 0xe4, 0x18, 0x05, 0x21, 0x25, 0x21,
    0x25, 0x21, 0x25, 0x21, 0x25, 0x21, 0x25, 0x21, 0x46, 0x29, 0x25, 0x21,
    0x25, 0x21, 0x25, 0x21, 0x46, 0x29, 0x46, 0x29, 0x25, 0x21, 0x45, 0x21,
    0x25, 0x21, 0x25, 0x21, 0x46, 0x29, 0x25, 0x21, 0x45, 0x21, 0x46, 0x29,
    0x25, 0x21, 0x46, 0x29, 0x45, 0x21, 0x46, 0x29, 0x25, 0x21, 0x45, 0x29,
    0x46, 0x29, 0x25, 0x21, 0x46, 0x29, 0x46, 0x29, 0x45, 0x21, 0x46, 0x29,
    0x46, 0x29, 0x46, 0x29, 0x45, 0x29, 0x46, 0x21, 0x45, 0x21, 0x46, 0x29,
    0x66, 0x29, 0x66, 0x29, 0x45, 0x21, 0x46, 0x21, 0x66, 0x29, 0x45, 0x29,
    0x66, 0x29, 0x66, 0x29, 0x66, 0x29, 0x46, 0x29, 0x66, 0x29, 0x45, 0x21,
    0x46, 0x29, 0x46, 0x29, 0x46, 0x29, 0x45, 0x21, 0x25, 0x21, 0x46, 0x29,
    0x25, 0x21, 0x45, 0x29, 0x25, 0x21, 0x46, 0x29, 0x46, 0x29, 0x45, 0x21,
    0x45, 0x21, 0x46, 0x29, 0x45, 0x21, 0x46, 0x21, 0x45, 0x29, 0x45, 0x21,
    0x66, 0x29, 0x66, 0x29, 0x66, 0x29, 0x66, 0x29, 0x46, 0x29, 0x66, 0x29,
    0x66, 0x29, 0x66, 0x29, 0x46, 0x29, 0x66, 0x29, 0x66, 0x29, 0x66, 0x29,
    0x66, 0x29, 0x66, 0x29, 0x66, 0x29, 0x66, 0x29, 0x66, 0x29, 0x66, 0x29,
    0x66, 0x29, 0x86, 0x29, 0x66, 0x29, 0x66, 0x29, 0x66, 0x29, 0x87, 0x31,
    0x87, 0x31, 0x86, 0x29, 0x87, 0x31, 0x87, 0x31, 0x87, 0x31, 0x87, 0x31,
    0x87, 0x31, 0x86, 0x29, 0x87, 0x31, 0x87, 0x29, 0x87, 0x31, 0x87, 0x31,
    0x86, 0x29, 0x87, 0x31, 0x87, 0x31, 0x87, 0x31, 0x87, 0x31, 0x87, 0x31,
    0xa7, 0x31, 0x87, 0x31, 0x87, 0x31, 0xa7, 0x31, 0xa7, 0x31, 0xa7, 0x31,
    0x87, 0x31, 0xa7, 0x31, 0xa7, 0x31, 0xa7, 0x31, 0xa7, 0x31, 0xa7, 0x31,
    0xc8, 0x39, 0xa7, 0x31, 0xa7, 0x31, 0xc7, 0x31, 0xc8, 0x39, 0xc8, 0x39,
    0xc8, 0x31, 0xc7, 0x39, 0xc8, 0x39, 0xc7, 0x31, 0xc8, 0x39, 0xc8, 0x39,
    0xc7, 0x31, 0xc7, 0x31, 0xc8, 0x39, 0xc8, 0x39, 0xc7, 0x31, 0xe8, 0x39,
    0xc8, 0x31, 0xe8, 0x39, 0xe8, 0x39, 0xe8, 0x39, 0xe8, 0x39, 0xc8, 0x39,
    0xe8, 0x39, 0x09, 0x3a, 0x08, 0x42, 0xe8, 0x39, 0xe8, 0x39, 0xe8, 0x39,
    0xe9, 0x39, 0x08, 0x3a, 0xe8, 0x39, 0x08, 0x3a, 0xe8, 0x39, 0xe8, 0x39,
    0xe8, 0x39, 0xc8, 0x39, 0xe8, 0x39, 0xe8, 0x39, 0xe8, 0x39, 0xe8, 0x39,
    0xe8, 0x39, 0xe8, 0x39, 0xc8, 0x39, 0xe8, 0x39, 0xe8, 0x39, 0xe8, 0x39,
    0xe8, 0x41, 0xe8, 0x39, 0xe8, 0x39, 0xe8, 0x41, 0xe8, 0x39, 0xe8, 0x39,
    0xe8, 0x39, 0xe8, 0x39, 0x09, 0x42, 0xe8, 0x39, 0xe8, 0x39, 0xe8, 0x39,
    0xe8, 0x39, 0xe8, 0x39, 0xe8, 0x39, 0xe8, 0x39, 0xe8, 0x39, 0xe8, 0x39,
    0xe8, 0x39, 0xe8, 0x39, 0xe9, 0x41, 0xe8, 0x39, 0xe8, 0x39, 0xe8, 0x39,
    0xe8, 0x39, 0xe8, 0x39, 0xe8, 0x39, 0x09, 0x42, 0xe8, 0x39, 0xc8, 0x39,
    0xe8, 0x39, 0xe8, 0x39, 0xe8, 0x39, 0xe9, 0x41, 0xe8, 0x39, 0xe8, 0x39,
    0xe8, 0x39, 0xe8, 0x39, 0xe9, 0x41, 0xe8, 0x39, 0xe8, 0x39, 0xe8, 0x39,
    0x04, 0x19, 0x05, 0x21, 0x04, 0x21, 0xe5, 0x18, 0xe4, 0x18, 0x04, 0x21,
    0x05, 0x21, 0xe4, 0x18, 0x05, 0x21, 0xe4, 0x18, 0xe5, 0x20, 0x05, 0x21,
    0x04, 0x21, 0xe4, 0x18, 0x05, 0x21, 0x05, 0x21, 0x04, 0x21, 0xe4, 0x18,
    0x05, 0x21, 0x05, 0x21, 0x04, 0x21, 0x04, 0x19, 0x05, 0x21, 0x05, 0x21,
    0x04, 0x19, 0x04, 0x21, 0x05, 0x21, 0x05, 0x21, 0x04, 0x19, 0x05, 0x21,
    0x46, 0x29, 0x45, 0x21, 0x25, 0x21, 0x46, 0x29, 0x25, 0x21, 0x25, 0x21,
    0x46, 0x21, 0x25, 0x29, 0x25, 0x21, 0x46, 0x21, 0x45, 0x29, 0x26, 0x29,
    0x46, 0x29, 0x25, 0x21, 0x46, 0x29, 0x46, 0x29, 0x45, 0x29, 0x25, 0x21,
    0x46, 0x21, 0x45, 0x29, 0x45, 0x21, 0x46, 0x29, 0x46, 0x29, 0x46, 0x21,
    0x45, 0x21, 0x46, 0x29, 0x46, 0x29, 0x46, 0x29, 0x46, 0x29, 0x66, 0x29,
    0x46, 0x29, 0x66, 0x29, 0x66, 0x29, 0x66, 0x29, 0x45, 0x21, 0x46, 0x29,
    0x46, 0x29, 0x45, 0x21, 0x66, 0x29, 0x66, 0x29, 0x46, 0x29, 0x45, 0x21,
    0x46, 0x21, 0x46, 0x29, 0x46, 0x21, 0x66, 0x29, 0x45, 0x21, 0x46, 0x29,
    0x66, 0x29, 0x46, 0x29, 0x46, 0x29, 0x46, 0x29, 0x46, 0x29, 0x45, 0x21,
    0x25, 0x21, 0x26, 0x29, 0x45, 0x21, 0x46, 0x21, 0x46, 0x29, 0x45, 0x29,
    0x46, 0x29, 0x46, 0x29, 0x46, 0x29, 0x45, 0x21, 0x46, 0x29, 0x46, 0x29,
    0x46, 0x29, 0x46, 0x29, 0x45, 0x29, 0x66, 0x29, 0x46, 0x29, 0x66, 0x29,
    0x46, 0x29, 0x66, 0x29, 0x66, 0x29, 0x66, 0x29, 0x46, 0x29, 0x66, 0x29,
    0x66, 0x29, 0x46, 0x29, 0x66, 0x29, 0x66, 0x29, 0x66, 0x29, 0x66, 0x29,
    0x87, 0x31, 0x66, 0x29, 0x66, 0x29, 0x66, 0x29, 0x87, 0x31, 0x86, 0x29,
    0x66, 0x29, 0x87, 0x31, 0x86, 0x29, 0x87, 0x31, 0x86, 0x29, 0x66, 0x29,
    0x87, 0x31, 0x87, 0x31, 0x87, 0x31, 0x86, 0x29, 0x87, 0x31, 0xa7, 0x31,
    0x87, 0x31, 0x86, 0x29, 0x86, 0x29, 0x87, 0x29, 0xa7, 0x31, 0x87, 0x31,
    0xa7, 0x31, 0xa7, 0x31, 0xa7, 0x31, 0xa7, 0x31, 0xa7, 0x31, 0x87, 0x31,
    0x87, 0x31, 0x87, 0x31, 0xa7, 0x31, 0x87, 0x31, 0xa7, 0x31, 0xa7, 0x31,
    0xa7, 0x31, 0xa7, 0x31, 0xa7, 0x31, 0xa7, 0x31, 0xc7, 0x31, 0xa7, 0x31,
    0xc7, 0x31, 0xc7, 0x31, 0xc8, 0x39, 0xc7, 0x31, 0xc8, 0x39, 0xc8, 0x39,
    0xc8, 0x39, 0xc7, 0x31, 0xc8, 0x39, 0xc8, 0x39, 0xe8, 0x39, 0xc7, 0x31,
    0xc7, 0x39, 0xe8, 0x39, 0xe8, 0x39, 0xc8, 0x39, 0xe8, 0x39, 0xc8, 0x39,
    0xe8, 0x39, 0xe8, 0x39, 0xe8, 0x39, 0xe8, 0x39, 0x09, 0x42, 0xe8, 0x39,
    0xe8, 0x39, 0xe8, 0x39, 0xc8, 0x39, 0xe8, 0x39, 0xc8, 0x39, 0xe8, 0x39,
    0xe8, 0x39, 0xe8, 0x39, 0xe8, 0x39, 0xe8, 0x39, 0xe8, 0x39, 0xc8, 0x39,
    0xc8, 0x39, 0xe8, 0x39, 0x09, 0x42, 0xe8, 0x39, 0xe8, 0x39, 0xe9, 0x39,
    0xe8, 0x39, 0xe8, 0x39, 0xe8, 0x39, 0xe8, 0x39, 0xe8, 0x39, 0xe8, 0x39,
    0xe8, 0x39, 0xe8, 0x39, 0xe8, 0x39, 0xe8, 0x39, 0xe8, 0x39, 0xe8, 0x39,
    0xe9, 0x39, 0xe8, 0x39, 0xe8, 0x39, 0xe8, 0x39, 0xe8, 0x39, 0xe8, 0x39,
    0xe8, 0x39, 0xe8, 0x39, 0xe8, 0x39, 0xe8, 0x39, 0xe8, 0x39, 0xe8, 0x41,
    0xe8, 0x39, 0xe8, 0x39, 0xe8, 0x39, 0xe8, 0x39, 0xe8, 0x39, 0xe8, 0x39,
    0xc8, 0x39, 0xe8, 0x39, 0xe8, 0x39, 0xe8, 0x39, 0xe8, 0x39, 0xc8, 0x39,
    0xc8, 0x39, 0xe8, 0x39, 0xe8, 0x39, 0xe8, 0x39, 0xe8, 0x39, 0xc8, 0x39,
    0x05, 0x21, 0x04, 0x19, 0x04, 0x21, 0x05, 0x21, 0x05, 0x21, 0x05, 0x21,
    0xe4, 0x18, 0x05, 0x21, 0xe4, 0x18, 0x04, 0x19, 0x05, 0x21, 0x05, 0x21,
    0x05, 0x21, 0x04, 0x21, 0x05, 0x19, 0xe4, 0x18, 0x04, 0x21, 0x05, 0x21,
    0x05, 0x19, 0xe4, 0x18, 0x04, 0x21, 0x05, 0x21, 0x04, 0x19, 0x05, 0x21,
    0x04, 0x21, 0xe4, 0x18, 0x05, 0x19, 0x05, 0x21, 0x04, 0x21, 0x05, 0x21,
    0x25, 0x21, 0x25, 0x21, 0x25, 0x21, 0x25, 0x21, 0x46, 0x29, 0x45, 0x21,
    0x25, 0x21, 0x25, 0x21, 0x46, 0x29, 0x25, 0x21, 0x25, 0x21, 0x25, 0x21,
    0x46, 0x29, 0x46, 0x29, 0x45, 0x21, 0x25, 0x21, 0x46, 0x29, 0x46, 0x29,
    0x46, 0x29, 0x46, 0x29, 0x46, 0x29, 0x45, 0x21, 0x25, 0x21, 0x46, 0x29,
    0x46, 0x29, 0x45, 0x21, 0x25, 0x21, 0x45, 0x21, 0x45, 0x21, 0x45, 0x29,
    0x45, 0x21, 0x46, 0x21, 0x46, 0x29, 0x46, 0x29, 0x45, 0x29, 0x46, 0x21,
    0x46, 0x29, 0x45, 0x29, 0x66, 0x29, 0x46, 0x29, 0x46, 0x29, 0x66, 0x29,
    0x45, 0x21, 0x46, 0x29, 0x66, 0x29, 0x46, 0x29, 0x66, 0x29, 0x46, 0x29,
    0x66, 0x29, 0x66, 0x29, 0x66, 0x29, 0x46, 0x21, 0x66, 0x29, 0x46, 0x29,
    0x46, 0x29, 0x46, 0x29, 0x25, 0x21, 0x45, 0x21, 0x46, 0x29, 0x46, 0x21,
    0x45, 0x21, 0x46, 0x29, 0x46, 0x29, 0x45, 0x21, 0x46, 0x29, 0x46, 0x21,
    0x66, 0x29, 0x46, 0x29, 0x46, 0x29, 0x66, 0x29, 0x66, 0x29, 0x66, 0x29,
    0x46, 0x29, 0x46, 0x29, 0x66, 0x29, 0x46, 0x29, 0x46, 0x29, 0x66, 0x29,
    0x66, 0x29, 0x66, 0x29, 0x66, 0x29, 0x66, 0x31, 0x66, 0x29, 0x66, 0x29,
    0x66, 0x29, 0x67, 0x31, 0x66, 0x29, 0x66, 0x29, 0x67, 0x31, 0x86, 0x29,
    0x66, 0x29, 0x66, 0x29, 0x87, 0x31, 0x66, 0x29, 0x87, 0x31, 0x86, 0x29,
    0x66, 0x29, 0x86, 0x29, 0x86, 0x29, 0x87, 0x31, 0x86, 0x29, 0x87, 0x31,
    0x86, 0x29, 0x87, 0x31, 0x87, 0x31, 0x87, 0x31, 0x86, 0x31, 0x87, 0x29,
    0xa7, 0x31, 0x87, 0x31, 0x87, 0x31, 0xa7, 0x31, 0xa7, 0x31, 0xa7, 0x31,
    0x87, 0x31, 0x87, 0x31, 0xa7, 0x31, 0xa7, 0x31, 0xa7, 0x31, 0xa7, 0x31,
    0xa7, 0x31, 0xa8, 0x39, 0xa7, 0x31, 0xa7, 0x31, 0xa7, 0x31, 0xa7, 0x31,
    0xa7, 0x31, 0xa8, 0x39, 0xa7, 0x31, 0xa7, 0x31, 0xc7, 0x31, 0xa7, 0x31,
    0xc8, 0x39, 0xc7, 0x31, 0xc7, 0x31, 0xc8, 0x39, 0xc8, 0x31, 0xc8, 0x39,
    0xc8, 0x39, 0xc7, 0x31, 0xc8, 0x39, 0xe8, 0x39, 0xe8, 0x39, 0xe8, 0x39,
    0xe8, 0x39, 0xe8, 0x39, 0xe8, 0x39, 0xe8, 0x39, 0xe8, 0x39, 0xe8, 0x39,
    0xe8, 0x39, 0xc8, 0x39, 0xe8, 0x39, 0xe8, 0x39, 0xe8, 0x39, 0xc8, 0x39,
    0xe8, 0x39, 0xe8, 0x39, 0xe8, 0x39, 0xe8, 0x39, 0xe8, 0x39, 0xc8, 0x39,
    0xe8, 0x39, 0xe8, 0x39, 0xe8, 0x39, 0xe8, 0x39, 0xe8, 0x39, 0xe8, 0x39,
    0xc8, 0x39, 0xe8, 0x39, 0xe8, 0x39, 0xe8, 0x39, 0xe9, 0x39, 0xe8, 0x39,
    0xe8, 0x39, 0xe8, 0x39, 0xe8, 0x39, 0xe8, 0x39, 0xe8, 0x39, 0xe8, 0x39,
    0xc8, 0x39, 0xe8, 0x39, 0xe8, 0x39, 0xc8, 0x39, 0xe8, 0x39, 0xc8, 0x39,
    0xe8, 0x39, 0xe8, 0x39, 0xe8, 0x39, 0xe8, 0x39, 0xe8, 0x39, 0xe8, 0x39,
    0xe8, 0x39, 0xe8, 0x39, 0xe8, 0x39, 0xc8, 0x39, 0xe8, 0x39, 0xe8, 0x39,
    0xe8, 0x39, 0xe8, 0x39, 0xe8, 0x39, 0xe8, 0x39, 0xe8, 0x39, 0xe8, 0x39,
    0xe8, 0x39, 0xe8, 0x39, 0xe8, 0x39, 0xe8, 0x39, 0xe8, 0x39, 0xe8, 0x39,
    0xe4, 0x20, 0x05, 0x19, 0x05, 0x21, 0xe4, 0x18, 0x05, 0x21, 0x05, 0x21,
    0x04, 0x21, 0x05, 0x21, 0x04, 0x21, 0xe4, 0x18, 0x04, 0x19, 0x05, 0x21,
    0x04, 0x19, 0x05, 0x21, 0x05, 0x21, 0x04, 0x19, 0x05, 0x21, 0x05, 0x21,
    0x04, 0x21, 0x05, 0x21, 0x05, 0x21, 0x04, 0x21, 0x05, 0x21, 0x05, 0x19,
    0x05, 0x21, 0x04, 0x21, 0x05, 0x21, 0x05, 0x21, 0x05, 0x21, 0x05, 0x21,
    0x25, 0x21, 0x25, 0x21, 0x26, 0x29, 0x25, 0x21, 0x46, 0x21, 0x25, 0x29,
    0x25, 0x21, 0x46, 0x29, 0x45, 0x21, 0x25, 0x21, 0x46, 0x29, 0x25, 0x21,
    0x25, 0x21, 0x45, 0x21, 0x46, 0x21, 0x25, 0x21, 0x46, 0x29, 0x46, 0x29,
    0x25, 0x21, 0x25, 0x21, 0x46, 0x29, 0x45, 0x21, 0x46, 0x29, 0x45, 0x21,
    0x45, 0x21, 0x46, 0x29, 0x46, 0x29, 0x46, 0x29, 0x46, 0x21, 0x46, 0x29,
    0x46, 0x29, 0x45, 0x21, 0x45, 0x21, 0x46, 0x29, 0x46, 0x29, 0x45, 0x21,
    0x66, 0x29, 0x46, 0x29, 0x46, 0x29, 0x66, 0x29, 0x66, 0x29, 0x46, 0x29,
    0x46, 0x29, 0x66, 0x29, 0x46, 0x29, 0x66, 0x29, 0x46, 0x29, 0x46, 0x21,
    0x66, 0x29, 0x66, 0x29, 0x66, 0x29, 0x45, 0x29, 0x46, 0x29, 0x46, 0x29,
    0x45, 0x21, 0x46, 0x29, 0x46, 0x29, 0x25, 0x21, 0x46, 0x29, 0x45, 0x21,
    0x25, 0x21, 0x45, 0x21, 0x46, 0x29, 0x46, 0x29, 0x45, 0x21, 0x66, 0x29,
    0x66, 0x29, 0x45, 0x21, 0x46, 0x21, 0x45, 0x21, 0x46, 0x29, 0x66, 0x29,
    0x45, 0x21, 0x46, 0x29, 0x66, 0x29, 0x66, 0x29, 0x66, 0x29, 0x46, 0x29,
    0x66, 0x29, 0x66, 0x29, 0x66, 0x29, 0x67, 0x29, 0x87, 0x31, 0x66, 0x29,
    0x87, 0x31, 0x66, 0x29, 0x66, 0x29, 0x87, 0x31, 0x87, 0x31, 0x66, 0x29,
    0x87, 0x31, 0x86, 0x29, 0x66, 0x29, 0x87, 0x31, 0x86, 0x29, 0x86, 0x29,
    0x67, 0x31, 0x87, 0x31, 0xa7, 0x31, 0x87, 0x31, 0x87, 0x31, 0x87, 0x31,
    0x86, 0x31, 0xa7, 0x31, 0x87, 0x31, 0xa7, 0x31, 0xa7, 0x31, 0x86, 0x31,
    0x86, 0x29, 0x87, 0x31, 0x87, 0x31, 0x87, 0x31, 0xa7, 0x31, 0xa7, 0x31,
    0xa7, 0x31, 0xa7, 0x31, 0x87, 0x31, 0x87, 0x31, 0xa7, 0x31, 0xa7, 0x31,
    0xa7, 0x31, 0xa7, 0x39, 0xa7, 0x31, 0xc8, 0x39, 0xa7, 0x31, 0xa7, 0x31,
    0xa8, 0x39, 0xc7, 0x31, 0xa7, 0x31, 0xa7, 0x31, 0xa7, 0x31, 0xc8, 0x39,
    0xc7, 0x31, 0xc8, 0x39, 0xa7, 0x31, 0xc7, 0x39, 0xc7, 0x31, 0xc7, 0x39,
    0xa7, 0x31, 0xc8, 0x31, 0xa7, 0x31, 0xa7, 0x31, 0xa7, 0x31, 0xa7, 0x31,
    0xc8, 0x39, 0xe8, 0x39, 0xe8, 0x39, 0xc8, 0x39, 0xc8, 0x39, 0xc8, 0x39,
    0xe8, 0x39, 0xc8, 0x39, 0xc8, 0x39, 0xe8, 0x39, 0xe8, 0x39, 0xe8, 0x39,
    0xe8, 0x39, 0xe8, 0x39, 0xe8, 0x39, 0xe8, 0x39, 0xe8, 0x39, 0xe8, 0x39,
    0xe8, 0x39, 0xc8, 0x39, 0xc8, 0x39, 0xc8, 0x39, 0xc8, 0x39, 0xe8, 0x39,
    0xe8, 0x39, 0xe8, 0x39, 0xe8, 0x39, 0xe8, 0x39, 0xe8, 0x39, 0xc8, 0x39,
    0xe8, 0x39, 0xe8, 0x39, 0xe8, 0x39, 0xe8, 0x39, 0xe8, 0x39, 0xe9, 0x41,
    0xc8, 0x39, 0xe8, 0x39, 0xe8, 0x39, 0xe8, 0x41, 0xe8, 0x39, 0xe8, 0x39,
    0xe8, 0x39, 0xe8, 0x39, 0xe8, 0x39, 0xe8, 0x39, 0xe8, 0x39, 0xe8, 0x39,
    0xc8, 0x39, 0xe8, 0x39, 0xe9, 0x39, 0xe8, 0x39, 0xc8, 0x39, 0xe8, 0x39,
    0xe8, 0x39, 0xe8, 0x39, 0xc8, 0x39, 0xe8, 0x39, 0xe8, 0x39, 0xc8, 0x39,
    0xe8, 0x39, 0xe8, 0x39, 0xe9, 0x41, 0xe8, 0x39, 0xe8, 0x39, 0xe8, 0x39,
    0x05, 0x21, 0x04, 0x21, 0xe4, 0x18, 0x04, 0x21, 0x04, 0x19, 0x04, 0x19,
    0x05, 0x21, 0x05, 0x21, 0x05, 0x21, 0x05, 0x21, 0x05, 0x21, 0xe4, 0x18,
    0x05, 0x21, 0x04, 0x21, 0x05, 0x21, 0xe4, 0x18, 0x04, 0x21, 0x05, 0x21,
    0x04, 0x19, 0x04, 0x21, 0x05, 0x21, 0xe4, 0x18, 0x04, 0x19, 0x05, 0x21,
    0x04, 0x21, 0x05, 0x21, 0x05, 0x19, 0x04, 0x19, 0x04, 0x21, 0x05, 0x21,
    0x25, 0x21, 0x45, 0x21, 0x25, 0x21, 0x46, 0x29, 0x45, 0x21, 0x25, 0x21,
    0x25, 0x21, 0x25, 0x21, 0x25, 0x21, 0x46, 0x29, 0x25, 0x21, 0x45, 0x21,
    0x46, 0x29, 0x46, 0x29, 0x25, 0x21, 0x45, 0x29, 0x45, 0x21, 0x25, 0x21,
    0x45, 0x21, 0x46, 0x21, 0x46, 0x29, 0x45, 0x21, 0x25, 0x21, 0x46, 0x29,
    0x45, 0x21, 0x46, 0x29, 0x46, 0x29, 0x25, 0x21, 0x46, 0x29, 0x46, 0x29,
    0x46, 0x29, 0x45, 0x21, 0x46, 0x29, 0x46, 0x29, 0x45, 0x21, 0x46, 0x29,
    0x46, 0x29, 0x66, 0x29, 0x46, 0x29, 0x66, 0x29, 0x66, 0x29, 0x66, 0x29,
    0x46, 0x29, 0x46, 0x29, 0x66, 0x29, 0x66, 0x29, 0x66, 0x29, 0x66, 0x29,
    0x66, 0x29, 0x46, 0x29, 0x66, 0x29, 0x66, 0x29, 0x66, 0x29, 0x46, 0x29,
    0x46, 0x29, 0x45, 0x21, 0x45, 0x21, 0x46, 0x29, 0x46, 0x29, 0x46, 0x29,
    0x25, 0x21, 0x45, 0x29, 0x46, 0x29, 0x46, 0x29, 0x46, 0x29, 0x46, 0x29,
    0x46, 0x29, 0x66, 0x29, 0x46, 0x29, 0x45, 0x29, 0x46, 0x29, 0x66, 0x29,
    0x66, 0x29, 0x46, 0x29, 0x46, 0x29, 0x66, 0x29, 0x66, 0x29, 0x46, 0x29,
    0x66, 0x29, 0x66, 0x29, 0x66, 0x29, 0x66, 0x29, 0x66, 0x29, 0x66, 0x29,
    0x66, 0x29, 0x66, 0x29, 0x87, 0x31, 0x86, 0x29, 0x66, 0x29, 0x66, 0x29,
    0x87, 0x31, 0x86, 0x29, 0x87, 0x31, 0x86, 0x29, 0x87, 0x31, 0x66, 0x29,
    0x86, 0x29, 0x87, 0x31, 0x86, 0x29, 0x66, 0x29, 0x86, 0x29, 0x87, 0x31,
    0xa7, 0x31, 0x87, 0x29, 0x86, 0x29, 0x87, 0x31, 0x87, 0x31, 0x87, 0x31,
    0x87, 0x31, 0xa7, 0x31, 0x86, 0x31, 0xa7, 0x31, 0x87, 0x29, 0x87, 0x31,
    0xa7, 0x31, 0xa7, 0x31, 0xa7, 0x31, 0xa7, 0x31, 0xa7, 0x31, 0xa7, 0x31,
    0xa7, 0x31, 0xa7, 0x31, 0xa7, 0x31, 0xa7, 0x31, 0xa7, 0x31, 0xa8, 0x39,
    0xa7, 0x31, 0xc7, 0x31, 0xa7, 0x31, 0xc8, 0x39, 0xc7, 0x39, 0xa7, 0x31,
    0xc8, 0x39, 0xc8, 0x31, 0xa7, 0x31, 0xa7, 0x31, 0xa7, 0x31, 0x87, 0x31,
    0x87, 0x31, 0x87, 0x31, 0x87, 0x31, 0x87, 0x31, 0x66, 0x29, 0x87, 0x31,
    0xc8, 0x39, 0xe8, 0x39, 0xc8, 0x39, 0xe8, 0x39, 0xe8, 0x39, 0xe8, 0x39,
    0xe8, 0x39, 0xe8, 0x39, 0xc8, 0x39, 0xe8, 0x39, 0xe8, 0x39, 0xe8, 0x39,
    0xe8, 0x39, 0xc8, 0x39, 0xe8, 0x39, 0xe8, 0x39, 0xe8, 0x39, 0xc8, 0x39,
    0xe8, 0x39, 0xe8, 0x39, 0xe8, 0x39, 0xe8, 0x39, 0xe8, 0x39, 0xe8, 0x39,
    0xe8, 0x39, 0xe8, 0x39, 0xc8, 0x39, 0xe8, 0x39, 0xe8, 0x39, 0xe8, 0x39,
    0xe8, 0x39, 0xe8, 0x39, 0xe8, 0x39, 0xe8, 0x39, 0xe8, 0x39, 0xe8, 0x39,
    0xe8, 0x39, 0xe8, 0x39, 0xe8, 0x39, 0xe8, 0x39, 0xe8, 0x39, 0xe8, 0x39,
    0xc8, 0x39, 0xe8, 0x39, 0xe8, 0x39, 0xe9, 0x41, 0xe8, 0x39, 0xe8, 0x39,
    0xe8, 0x39, 0xc8, 0x39, 0xc8, 0x39, 0xe8, 0x39, 0xe8, 0x39, 0xe8, 0x39,
    0xc8, 0x39, 0xe8, 0x39, 0xe8, 0x39, 0xe8, 0x39, 0xe8, 0x39, 0xc8, 0x39,
    0xe8, 0x39, 0xe8, 0x39, 0xc8, 0x39, 0xc8, 0x39, 0xc8, 0x39, 0xe8, 0x39,
    0x05, 0x21, 0xe4, 0x18, 0x05, 0x21, 0x05, 0x21, 0x05, 0x21, 0xe4, 0x18,
    0x04, 0x19, 0x05, 0x21, 0x05, 0x21, 0x04, 0x19, 0xe4, 0x20, 0x05, 0x21,
    0x04, 0x19, 0x05, 0x21, 0x05, 0x21, 0x04, 0x19, 0x05, 0x21, 0x05, 0x19,
    0x05, 0x21, 0xe4, 0x18, 0x05, 0x19, 0x05, 0x21, 0x05, 0x21, 0x05, 0x21,
    0x04, 0x19, 0x05, 0x21, 0x04, 0x19, 0x05, 0x21, 0x05, 0x21, 0x04, 0x19,
    0x25, 0x21, 0x25, 0x21, 0x46, 0x29, 0x25, 0x21, 0x25, 0x29, 0x46, 0x21,
    0x46, 0x29, 0x25, 0x21, 0x25, 0x21, 0x25, 0x21, 0x25, 0x21, 0x25, 0x21,
    0x45, 0x21, 0x46, 0x29, 0x46, 0x29, 0x46, 0x29, 0x45, 0x21, 0x46, 0x21,
    0x25, 0x29, 0x45, 0x29, 0x46, 0x21, 0x25, 0x21, 0x46, 0x29, 0x46, 0x29,
    0x45, 0x29, 0x46, 0x21, 0x25, 0x21, 0x45, 0x29, 0x45, 0x21, 0x46, 0x29,
    0x45, 0x21, 0x46, 0x29, 0x46, 0x29, 0x46, 0x29, 0x46, 0x29, 0x45, 0x21,
    0x46, 0x21, 0x45, 0x21, 0x46, 0x29, 0x46, 0x29, 0x46, 0x29, 0x45, 0x21,
    0x45, 0x21, 0x46, 0x29, 0x66, 0x29, 0x46, 0x29, 0x46, 0x29, 0x66, 0x29,
    0x46, 0x29, 0x46, 0x29, 0x66, 0x29, 0x66, 0x29, 0x66, 0x29, 0x46, 0x29,
    0x46, 0x21, 0x66, 0x29, 0x45, 0x29, 0x45, 0x21, 0x25, 0x21, 0x46, 0x29,
    0x45, 0x21, 0x26, 0x21, 0x46, 0x29, 0x46, 0x21, 0x45, 0x21, 0x45, 0x29,
    0x45, 0x21, 0x46, 0x29, 0x66, 0x29, 0x66, 0x29, 0x45, 0x21, 0x46, 0x29,
    0x66, 0x29, 0x66, 0x29, 0x45, 0x21, 0x46, 0x29, 0x46, 0x29, 0x66, 0x29,
    0x66, 0x29, 0x66, 0x29, 0x46, 0x29, 0x66, 0x29, 0x66, 0x29, 0x66, 0x29,
    0x66, 0x29, 0x66, 0x29, 0x66, 0x29, 0x66, 0x29, 0x66, 0x29, 0x66, 0x29,
    0x86, 0x29, 0x67, 0x31, 0x87, 0x31, 0x66, 0x29, 0x66, 0x29, 0x87, 0x31,
    0x87, 0x31, 0x87, 0x31, 0x87, 0x31, 0x86, 0x29, 0x87, 0x31, 0x86, 0x29,
    0x87, 0x31, 0x87, 0x31, 0x87, 0x31, 0x86, 0x29, 0xa7, 0x31, 0xa7, 0x31,
    0x87, 0x29, 0xa7, 0x31, 0x86, 0x29, 0x87, 0x31, 0xa7, 0x31, 0xa7, 0x31,
    0x87, 0x31, 0xa7, 0x31, 0xa7, 0x31, 0xa7, 0x31, 0x87, 0x31, 0xa7, 0x31,
    0xa7, 0x31, 0xa7, 0x31, 0xc8, 0x39, 0xa7, 0x31, 0xa7, 0x31, 0xa7, 0x31,
    0xa7, 0x31, 0xa7, 0x31, 0xa7, 0x31, 0x87, 0x31, 0x87, 0x31, 0x87, 0x31,
    0x87, 0x31, 0x86, 0x29, 0x87, 0x31, 0x87, 0x31, 0x87, 0x31, 0x86, 0x29,
    0x86, 0x29, 0x87, 0x31, 0x86, 0x31, 0x87, 0x31, 0xa7, 0x31, 0x87, 0x29,
    0xe8, 0x39, 0xe8, 0x39, 0xc8, 0x39, 0xc8, 0x39, 0xc8, 0x39, 0xe8, 0x39,
    0xc8, 0x39, 0xc8, 0x39, 0xe8, 0x39, 0xc8, 0x39, 0xe8, 0x39, 0xe8, 0x39,
    0xc8, 0x39, 0xe8, 0x39, 0xc8, 0x39, 0xe8, 0x39, 0xc8, 0x39, 0xe8, 0x39,
    0xe8, 0x39, 0xe8, 0x39, 0xe8, 0x39, 0xc8, 0x39, 0xe8, 0x39, 0xe8, 0x39,
    0xe8, 0x39, 0xe8, 0x39, 0xc8, 0x39, 0xc8, 0x39, 0xe8, 0x39, 0xe8, 0x41,
    0xe8, 0x39, 0xe9, 0x41, 0xe8, 0x39, 0xe8, 0x39, 0xe8, 0x39, 0xe8, 0x39,
    0xe8, 0x39, 0xc8, 0x39, 0xe8, 0x39, 0xe8, 0x39, 0xe8, 0x39, 0xe9, 0x39,
    0xe8, 0x39, 0xe8, 0x39, 0xe8, 0x39, 0xe8, 0x39, 0xe8, 0x39, 0xe8, 0x39,
    0xe8, 0x39, 0xe8, 0x39, 0xe8, 0x39, 0xe8, 0x41, 0xe8, 0x39, 0xc8, 0x39,
    0xe8, 0x39, 0xe9, 0x41, 0xe8, 0x39, 0xe8, 0x39, 0xc8, 0x39, 0xc8, 0x39,
    0xe8, 0x39, 0xe8, 0x39, 0xc8, 0x39, 0xe8, 0x39, 0xe8, 0x39, 0xc8, 0x39,
    0x04, 0x21, 0x05, 0x19, 0xe4, 0x18, 0x05, 0x21, 0x05, 0x21, 0x05, 0x21,
    0x05, 0x21, 0x05, 0x21, 0x04, 0x19, 0x04, 0x21, 0x05, 0x21, 0xe4, 0x18,
    0xe4, 0x18, 0x05, 0x21, 0x05, 0x21, 0xe4, 0x18, 0xe4, 0x18, 0x05, 0x21,
    0x04, 0x21, 0x05, 0x21, 0x05, 0x21, 0x04, 0x21, 0xe4, 0x18, 0xe4, 0x18,
    0x05, 0x21, 0x04, 0x21, 0x05, 0x21, 0x05, 0x21, 0x05, 0x21, 0x04, 0x19,
    0x05, 0x21, 0x25, 0x21, 0x46, 0x29, 0x45, 0x21, 0x25, 0x21, 0x25, 0x21,
    0x25, 0x21, 0x25, 0x21, 0x25, 0x21, 0x46, 0x29, 0x25, 0x21, 0x25, 0x21,
    0x25, 0x21, 0x25, 0x21, 0x25, 0x21, 0x25, 0x21, 0x26, 0x21, 0x25, 0x21,
    0x25, 0x21, 0x25, 0x21, 0x46, 0x29, 0x45, 0x29, 0x46, 0x29, 0x46, 0x29,
    0x46, 0x29, 0x25, 0x21, 0x46, 0x29, 0x45, 0x21, 0x45, 0x21, 0x46, 0x21,
    0x46, 0x29, 0x66, 0x29, 0x46, 0x29, 0x46, 0x29, 0x66, 0x29, 0x45, 0x21,
    0x45, 0x29, 0x46, 0x29, 0x46, 0x21, 0x45, 0x21, 0x66, 0x29, 0x66, 0x29,
    0x66, 0x29, 0x45, 0x21, 0x46, 0x29, 0x66, 0x29, 0x66, 0x29, 0x45, 0x29,
    0x66, 0x29, 0x46, 0x29, 0x66, 0x29, 0x66, 0x29, 0x66, 0x29, 0x66, 0x29,
    0x66, 0x29, 0x46, 0x29, 0x46, 0x29, 0x46, 0x29, 0x46, 0x21, 0x46, 0x29,
    0x45, 0x29, 0x45, 0x21, 0x45, 0x21, 0x46, 0x29, 0x45, 0x21, 0x45, 0x21,
    0x46, 0x29, 0x46, 0x29, 0x46, 0x29, 0x66, 0x29, 0x66, 0x29, 0x66, 0x29,
    0x66, 0x29, 0x66, 0x29, 0x66, 0x29, 0x66, 0x29, 0x46, 0x21, 0x46, 0x29,
    0x66, 0x29, 0x66, 0x29, 0x66, 0x29, 0x66, 0x29, 0x66, 0x29, 0x87, 0x31,
    0x66, 0x29, 0x87, 0x31, 0x66, 0x29, 0x87, 0x31, 0x66, 0x29, 0x87, 0x31,
    0x66, 0x29, 0x66, 0x29, 0x87, 0x31, 0x66, 0x29, 0x66, 0x29, 0x87, 0x31,
    0x66, 0x29, 0x86, 0x29, 0x87, 0x31, 0x66, 0x29, 0x87, 0x31, 0x86, 0x29,
    0x87, 0x31, 0x86, 0x29, 0x87, 0x31, 0x87, 0x31, 0x87, 0x31, 0xa7, 0x31,
    0x86, 0x29, 0x87, 0x31, 0x87, 0x31, 0xa7, 0x31, 0x87, 0x31, 0xa7, 0x31,
    0xa7, 0x31, 0xa7, 0x31, 0x87, 0x31, 0xa7, 0x31, 0xa7, 0x31, 0xa7, 0x31,
    0x87, 0x31, 0x87, 0x31, 0x87, 0x31, 0xa7, 0x31, 0x87, 0x31, 0xa7, 0x31,
    0x87, 0x31, 0x87, 0x31, 0x87, 0x31, 0x87, 0x31, 0x86, 0x29, 0x87, 0x31,
    0x86, 0x29, 0x86, 0x31, 0x87, 0x31, 0x87, 0x31, 0x86, 0x29, 0x87, 0x31,
    0x87, 0x31, 0x86, 0x29, 0x87, 0x29, 0x87, 0x31, 0x87, 0x31, 0xa7, 0x31,
    0xc8, 0x39, 0xc8, 0x39, 0xc8, 0x39, 0xe8, 0x39, 0xe8, 0x39, 0xe8, 0x39,
    0xc8, 0x39, 0xe8, 0x39, 0xc8, 0x39, 0xe8, 0x39, 0xe8, 0x39, 0xe8, 0x39,
    0xc8, 0x39, 0xe8, 0x39, 0xe8, 0x39, 0xe9, 0x39, 0xe8, 0x39, 0xc8, 0x39,
    0xc8, 0x39, 0xe8, 0x39, 0xe8, 0x39, 0xc8, 0x39, 0xc8, 0x39, 0xe8, 0x39,
    0xe8, 0x39, 0xe8, 0x39, 0xc8, 0x39, 0xe8, 0x39, 0xe8, 0x39, 0xe8, 0x39,
    0xe8, 0x39, 0xe8, 0x39, 0xe8, 0x39, 0xe8, 0x39, 0xe8, 0x39, 0xe8, 0x39,
    0xe8, 0x39, 0xe8, 0x39, 0xe8, 0x39, 0xe8, 0x39, 0xc8, 0x39, 0xe8, 0x39,
    0xe8, 0x39, 0xe8, 0x39, 0xc8, 0x39, 0xc8, 0x39, 0xe8, 0x39, 0xe8, 0x39,
    0xe8, 0x39, 0xe8, 0x39, 0xe8, 0x39, 0x09, 0x3a, 0xe8, 0x39, 0xc8, 0x39,
    0xc8, 0x39, 0xc8, 0x39, 0xc8, 0x39, 0xe8, 0x39, 0xe8, 0x39, 0xe8, 0x39,
    0xe8, 0x39, 0xc8, 0x39, 0xe8, 0x39, 0xc8, 0x39, 0xc8, 0x39, 0xe8, 0x39,
    0x05, 0x21, 0x04, 0x19, 0x04, 0x21, 0x05, 0x21, 0x04, 0x19, 0x04, 0x21,
    0x04, 0x21, 0x05, 0x19, 0xe4, 0x18, 0x05, 0x21, 0x05, 0x21, 0x04, 0x19,
    0x05, 0x21, 0xe4, 0x18, 0x04, 0x21, 0x25, 0x21, 0x05, 0x21, 0x04, 0x21,
    0xe4, 0x18, 0x05, 0x21, 0x05, 0x21, 0x04, 0x21, 0x04, 0x19, 0x05, 0x21,
    0x05, 0x21, 0x04, 0x19, 0x05, 0x21, 0x04, 0x19, 0x05, 0x21, 0xe4, 0x20,
    0x25, 0x21, 0x46, 0x21, 0x25, 0x21, 0x46, 0x29, 0x25, 0x21, 0x25, 0x21,
    0x46, 0x29, 0x25, 0x21, 0x25, 0x21, 0x46, 0x29, 0x25, 0x21, 0x26, 0x29,
    0x46, 0x29, 0x45, 0x21, 0x25, 0x29, 0x25, 0x21, 0x46, 0x29, 0x45, 0x29,
    0x46, 0x29, 0x46, 0x21, 0x25, 0x21, 0x45, 0x21, 0x46, 0x29, 0x46, 0x21,
    0x66, 0x29, 0x25, 0x21, 0x46, 0x29, 0x46, 0x29, 0x46, 0x29, 0x25, 0x21,
    0x45, 0x21, 0x45, 0x29, 0x45, 0x21, 0x46, 0x21, 0x46, 0x29, 0x46, 0x29,
    0x45, 0x29, 0x46, 0x29, 0x45, 0x29, 0x46, 0x29, 0x66, 0x29, 0x66, 0x29,
    0x46, 0x29, 0x46, 0x29, 0x45, 0x21, 0x66, 0x29, 0x46, 0x29, 0x66, 0x29,
    0x66, 0x29, 0x66, 0x29, 0x66, 0x29, 0x66, 0x29, 0x46, 0x29, 0x66, 0x29,
    0x66, 0x29, 0x66, 0x29, 0x66, 0x29, 0x46, 0x29, 0x46, 0x29, 0x46, 0x29,
    0x45, 0x21, 0x25, 0x21, 0x46, 0x29, 0x46, 0x29, 0x46, 0x29, 0x46, 0x29,
    0x46, 0x29, 0x46, 0x29, 0x45, 0x21, 0x46, 0x21, 0x46, 0x29, 0x46, 0x29,
    0x46, 0x29, 0x46, 0x29, 0x46, 0x29, 0x66, 0x29, 0x45, 0x29, 0x66, 0x29,
    0x66, 0x29, 0x66, 0x29, 0x66, 0x29, 0x66, 0x29, 0x67, 0x31, 0x66, 0x29,
    0x66, 0x29, 0x66, 0x29, 0x66, 0x29, 0x87, 0x31, 0x86, 0x29, 0x66, 0x29,
    0x66, 0x29, 0x66, 0x29, 0x66, 0x29, 0x86, 0x29, 0x87, 0x31, 0x66, 0x29,
    0x66, 0x29, 0x86, 0x29, 0x87, 0x31, 0x87, 0x31, 0x86, 0x29, 0x87, 0x31,
    0x86, 0x29, 0x86, 0x29, 0x87, 0x31, 0x86, 0x29, 0x86, 0x29, 0x87, 0x31,
    0x86, 0x31, 0xa7, 0x31, 0x87, 0x31, 0x86, 0x29, 0xa7, 0x31, 0x87, 0x31,
    0xa7, 0x31, 0x87, 0x31, 0x86, 0x31, 0x87, 0x31, 0x86, 0x29, 0x87, 0x31,
    0x87, 0x31, 0x87, 0x31, 0x87, 0x31, 0x87, 0x31, 0x87, 0x31, 0x87, 0x29,
    0x87, 0x31, 0x86, 0x31, 0x87, 0x31, 0x86, 0x29, 0x87, 0x29, 0x86, 0x29,
    0x87, 0x31, 0x87, 0x29, 0x87, 0x31, 0x86, 0x29, 0x87, 0x31, 0x87, 0x31,
    0x87, 0x31, 0x87, 0x31, 0x86, 0x29, 0x86, 0x31, 0x86, 0x29, 0x86, 0x29,
    0xc8, 0x39, 0xc8, 0x39, 0xe8, 0x39, 0xc8, 0x31, 0xc8, 0x39, 0xc8, 0x39,
    0xe8, 0x39, 0xc8, 0x39, 0xc8, 0x39, 0xc8, 0x39, 0xc8, 0x39, 0xe8, 0x39,
    0xe8, 0x39, 0xc8, 0x39, 0xc8, 0x39, 0xc8, 0x39, 0xe8, 0x39, 0xc8, 0x39,
    0xc8, 0x39, 0xe8, 0x39, 0xe8, 0x39, 0xe8, 0x39, 0xe8, 0x39, 0xe8, 0x39,
    0xe8, 0x39, 0xc8, 0x39, 0xe8, 0x39, 0xe8, 0x39, 0xe8, 0x39, 0xc8, 0x39,
    0xc8, 0x39, 0xc8, 0x39, 0xe8, 0x39, 0xc8, 0x39, 0xe8, 0x39, 0xe8, 0x39,
    0xc8, 0x39, 0xc8, 0x39, 0xe8, 0x39, 0xe8, 0x39, 0xe8, 0x39, 0xc8, 0x39,
    0xe8, 0x39, 0xc8, 0x39, 0xe8, 0x39, 0xc8, 0x39, 0xe8, 0x39, 0xc8, 0x39,
    0xc8, 0x39, 0xe8, 0x39, 0xc8, 0x39, 0xe8, 0x39, 0xc8, 0x39, 0xe8, 0x39,
    0xe8, 0x39, 0xc8, 0x39, 0xe8, 0x39, 0xc8, 0x39, 0xe8, 0x39, 0xc8, 0x39,
    0xc8, 0x39, 0xe8, 0x39, 0xe8, 0x39, 0xc8, 0x39, 0xe8, 0x39, 0xe8, 0x39,
    0x05, 0x21, 0x05, 0x21, 0x05, 0x21, 0xe4, 0x18, 0x05, 0x21, 0x04, 0x19,
    0xe4, 0x18, 0x05, 0x21, 0x05, 0x21, 0x05, 0x21, 0x04, 0x21, 0x05, 0x21,
    0x05, 0x21, 0x05, 0x21, 0x04, 0x21, 0x05, 0x21, 0x05, 0x21, 0xe4, 0x18,
    0xe4, 0x18, 0x05, 0x21, 0x04, 0x19, 0x05, 0x21, 0x05, 0x21, 0x05, 0x21,
    0xe4, 0x18, 0x05, 0x21, 0x05, 0x21, 0x04, 0x19, 0x04, 0x21, 0x05, 0x21,
    0x05, 0x21, 0x25, 0x21, 0x46, 0x29, 0x25, 0x21, 0x26, 0x29, 0x25, 0x29,
    0x46, 0x21, 0x25, 0x21, 0x25, 0x21, 0x25, 0x21, 0x25, 0x21, 0x46, 0x29,
    0x46, 0x29, 0x46, 0x21, 0x45, 0x21, 0x46, 0x29, 0x25, 0x21, 0x46, 0x29,
    0x25, 0x21, 0x25, 0x21, 0x25, 0x21, 0x25, 0x29, 0x46, 0x21, 0x45, 0x29,
    0x45, 0x21, 0x46, 0x29, 0x46, 0x21, 0x45, 0x29, 0x25, 0x21, 0x46, 0x29,
    0x46, 0x29, 0x46, 0x29, 0x45, 0x29, 0x46, 0x21, 0x45, 0x29, 0x45, 0x21,
    0x46, 0x21, 0x66, 0x29, 0x46, 0x29, 0x66, 0x29, 0x66, 0x29, 0x45, 0x21,
    0x46, 0x29, 0x46, 0x29, 0x66, 0x29, 0x66, 0x29, 0x66, 0x29, 0x45, 0x21,
    0x66, 0x29, 0x66, 0x29, 0x66, 0x29, 0x46, 0x29, 0x45, 0x21, 0x46, 0x29,
    0x66, 0x29, 0x66, 0x29, 0x66, 0x29, 0x66, 0x29, 0x46, 0x29, 0x45, 0x21,
    0x46, 0x29, 0x46, 0x29, 0x46, 0x29, 0x25, 0x21, 0x45, 0x21, 0x46, 0x29,
    0x45, 0x21, 0x46, 0x29, 0x45, 0x29, 0x66, 0x29, 0x46, 0x29, 0x45, 0x21,
    0x66, 0x29, 0x45, 0x21, 0x66, 0x29, 0x66, 0x29, 0x46, 0x29, 0x66, 0x29,
    0x66, 0x29, 0x46, 0x29, 0x46, 0x29, 0x66, 0x29, 0x66, 0x29, 0x66, 0x29,
    0x66, 0x29, 0x66, 0x29, 0x66, 0x29, 0x66, 0x29, 0x66, 0x29, 0x66, 0x29,
    0x66, 0x29, 0x87, 0x31, 0x87, 0x31, 0x66, 0x29, 0x87, 0x31, 0x87, 0x31,
    0x86, 0x29, 0x66, 0x29, 0x66, 0x29, 0x87, 0x31, 0x86, 0x29, 0x66, 0x29,
    0x87, 0x31, 0x87, 0x31, 0x87, 0x31, 0x87, 0x31, 0x86, 0x29, 0x86, 0x29,
    0x87, 0x31, 0x86, 0x29, 0x86, 0x29, 0x87, 0x31, 0x86, 0x29, 0x86, 0x29,
    0x86, 0x29, 0x87, 0x31, 0x66, 0x29, 0x87, 0x31, 0x86, 0x29, 0x87, 0x31,
    0x87, 0x31, 0x86, 0x29, 0x87, 0x31, 0x86, 0x29, 0x86, 0x31, 0x87, 0x31,
    0x87, 0x29, 0x86, 0x31, 0x87, 0x31, 0x87, 0x31, 0x87, 0x31, 0x87, 0x31,
    0x87, 0x31, 0x87, 0x31, 0x86, 0x31, 0x87, 0x31, 0x87, 0x29, 0x86, 0x31,
    0x87, 0x31, 0x87, 0x31, 0x87, 0x31, 0x87, 0x31, 0x87, 0x31, 0x86, 0x29,
    0xc8, 0x39, 0xc8, 0x31, 0xc7, 0x31, 0xc8, 0x39, 0xc8, 0x39, 0xc8, 0x39,
    0xc8, 0x31, 0xc8, 0x39, 0xc8, 0x31, 0xc8, 0x31, 0xe8, 0x39, 0xc8, 0x39,
    0xe8, 0x39, 0xc8, 0x39, 0xc8, 0x39, 0xe8, 0x39, 0xc8, 0x39, 0xe8, 0x39,
    0xe8, 0x39, 0xe8, 0x39, 0xc8, 0x39, 0xe8, 0x39, 0xe8, 0x39, 0xe8, 0x39,
    0xc8, 0x39, 0xe8, 0x39, 0xe8, 0x39, 0xc8, 0x39, 0xc8, 0x39, 0xe8, 0x39,
    0xe8, 0x39, 0xe9, 0x39, 0xc8, 0x39, 0xe8, 0x39, 0xc8, 0x39, 0xe8, 0x39,
    0xe8, 0x39, 0xe8, 0x39, 0xe8, 0x39, 0xc8, 0x39, 0xe8, 0x39, 0xc8, 0x39,
    0xe8, 0x39, 0xc8, 0x39, 0xe8, 0x39, 0xe8, 0x39, 0xc8, 0x39, 0xe8, 0x39,
    0xc8, 0x39, 0xe8, 0x39, 0xc8, 0x39, 0xc8, 0x39, 0xc8, 0x39, 0xe8, 0x39,
    0xc8, 0x39, 0xe8, 0x39, 0xc8, 0x39, 0xc8, 0x39, 0xe8, 0x39, 0xe8, 0x39,
    0xc8, 0x39, 0xe8, 0x39, 0xc8, 0x39, 0xe8, 0x39, 0xe8, 0x39, 0xe8, 0x39,
    0xe4, 0x18, 0x04, 0x21, 0xe4, 0x18, 0x05, 0x21, 0x05, 0x21, 0x05, 0x21,
    0x04, 0x21, 0x05, 0x21, 0x04, 0x21, 0x04, 0x19, 0x05, 0x21, 0x04, 0x21,
    0xe4, 0x18, 0x04, 0x19, 0x05, 0x21, 0x05, 0x21, 0x04, 0x19, 0x05, 0x21,
    0x05, 0x21, 0x04, 0x19, 0x05, 0x21, 0x04, 0x19, 0x05, 0x21, 0x04, 0x21,
    0x05, 0x21, 0x05, 0x21, 0x04, 0x21, 0x05, 0x19, 0x04, 0x19, 0x05, 0x19,
    0x05, 0x21, 0x25, 0x21, 0x25, 0x21, 0x25, 0x21, 0x25, 0x21, 0x25, 0x21,
    0x45, 0x29, 0x25, 0x21, 0x26, 0x29, 0x25, 0x21, 0x25, 0x21, 0x25, 0x21,
    0x25, 0x21, 0x25, 0x21, 0x26, 0x29, 0x25, 0x21, 0x46, 0x21, 0x45, 0x29,
    0x25, 0x21, 0x46, 0x29, 0x46, 0x29, 0x45, 0x21, 0x46, 0x29, 0x46, 0x29,
    0x45, 0x21, 0x46, 0x29, 0x25, 0x21, 0x45, 0x21, 0x46, 0x29, 0x46, 0x29,
    0x45, 0x21, 0x46, 0x29, 0x46, 0x29, 0x46, 0x29, 0x46, 0x29, 0x45, 0x21,
    0x46, 0x29, 0x66, 0x29, 0x46, 0x21, 0x45, 0x21, 0x46, 0x29, 0x46, 0x29,
    0x66, 0x29, 0x46, 0x29, 0x45, 0x21, 0x46, 0x29, 0x46, 0x29, 0x66, 0x29,
    0x66, 0x29, 0x46, 0x29, 0x66, 0x29, 0x66, 0x29, 0x46, 0x29, 0x46, 0x29,
    0x66, 0x29, 0x66, 0x29, 0x66, 0x29, 0x66, 0x29, 0x66, 0x29, 0x46, 0x29,
    0x45, 0x21, 0x45, 0x21, 0x45, 0x29, 0x45, 0x21, 0x46, 0x29, 0x46, 0x29,
    0x66, 0x29, 0x45, 0x21, 0x66, 0x29, 0x66, 0x29, 0x46, 0x29, 0x46, 0x29,
    0x46, 0x29, 0x66, 0x29, 0x46, 0x29, 0x66, 0x29, 0x66, 0x29, 0x46, 0x29,
    0x46, 0x29, 0x66, 0x29, 0x66, 0x29, 0x66, 0x29, 0x66, 0x29, 0x66, 0x29,
    0x66, 0x29, 0x66, 0x29, 0x66, 0x29, 0x66, 0x29, 0x67, 0x31, 0x87, 0x31,
    0x87, 0x31, 0x66, 0x29, 0x66, 0x29, 0x66, 0x29, 0x86, 0x29, 0x87, 0x31,
    0x87, 0x31, 0x87, 0x31, 0x66, 0x29, 0x87, 0x31, 0x66, 0x29, 0x87, 0x31,
    0x86, 0x31, 0x66, 0x29, 0x87, 0x29, 0x87, 0x31, 0x87, 0x31, 0x87, 0x31,
    0x87, 0x29, 0x86, 0x29, 0x87, 0x31, 0x87, 0x31, 0x87, 0x31, 0x87, 0x31,
    0x87, 0x31, 0x87, 0x29, 0x87, 0x31, 0x86, 0x29, 0x66, 0x29, 0x87, 0x31,
    0x86, 0x29, 0xa7, 0x31, 0x86, 0x29, 0x87, 0x31, 0x87, 0x31, 0x86, 0x29,
    0x86, 0x29, 0x87, 0x31, 0x87, 0x31, 0x86, 0x29, 0x86, 0x29, 0xa7, 0x31,
    0x87, 0x31, 0x87, 0x31, 0xa7, 0x31, 0x87, 0x29, 0x87, 0x31, 0x86, 0x29,
    0x86, 0x29, 0xa7, 0x31, 0x87, 0x29, 0x87, 0x31, 0x87, 0x31, 0x86, 0x29,
    0xc8, 0x39, 0xc7, 0x39, 0xc8, 0x39, 0xc8, 0x31, 0xc7, 0x31, 0xc8, 0x39,
    0xc8, 0x39, 0xe8, 0x39, 0xe8, 0x39, 0xe8, 0x39, 0xc8, 0x39, 0xe8, 0x39,
    0xc8, 0x39, 0xc8, 0x39, 0xe8, 0x39, 0xe8, 0x39, 0xc8, 0x39, 0xc8, 0x39,
    0xe8, 0x39, 0xe8, 0x39, 0xc8, 0x39, 0xc8, 0x39, 0xe8, 0x39, 0xc8, 0x39,
    0xe8, 0x39, 0xc8, 0x39, 0xe9, 0x39, 0xe8, 0x39, 0xe8, 0x39, 0xe8, 0x39,
    0xe8, 0x39, 0xe8, 0x39, 0xe8, 0x39, 0xe8, 0x39, 0xe8, 0x39, 0xe8, 0x39,
    0xe8, 0x39, 0xe8, 0x39, 0xe8, 0x39, 0xe8, 0x39, 0xe8, 0x39, 0xe8, 0x39,
    0xe8, 0x39, 0xc8, 0x39, 0xe8, 0x39, 0xc8, 0x39, 0xe8, 0x39, 0xc8, 0x39,
    0xe8, 0x39, 0xc8, 0x39, 0xe8, 0x39, 0xe8, 0x39, 0xe8, 0x39, 0xc8, 0x39,
    0xc8, 0x39, 0xe8, 0x39, 0xe8, 0x39, 0xc8, 0x39, 0xc8, 0x39, 0xe8, 0x39,
    0xc8, 0x39, 0xe8, 0x39, 0xc8, 0x39, 0xc8, 0x39, 0xe8, 0x39, 0xe8, 0x39,
    0x04, 0x21, 0x05, 0x19, 0x05, 0x21, 0x04, 0x19, 0x05, 0x21, 0xe4, 0x18,
    0x05, 0x21, 0xe4, 0x18, 0x05, 0x19, 0x04, 0x21, 0x05, 0x19, 0x05, 0x21,
    0x04, 0x19, 0x05, 0x21, 0x04, 0x19, 0xe4, 0x18, 0x05, 0x21, 0x04, 0x19,
    0x05, 0x21, 0x04, 0x21, 0x05, 0x21, 0xe4, 0x20, 0xe4, 0x18, 0x05, 0x19,
    0x05, 0x21, 0x04, 0x21, 0x05, 0x21, 0x05, 0x21, 0x05, 0x21, 0x05, 0x21,
    0x04, 0x19, 0x25, 0x21, 0x25, 0x21, 0x25, 0x21, 0x25, 0x21, 0x46, 0x21,
    0x25, 0x21, 0x25, 0x21, 0x25, 0x21, 0x25, 0x21, 0x25, 0x21, 0x25, 0x21,
    0x25, 0x21, 0x25, 0x21, 0x46, 0x29, 0x45, 0x21, 0x25, 0x21, 0x46, 0x29,
    0x45, 0x21, 0x46, 0x29, 0x45, 0x21, 0x25, 0x21, 0x46, 0x29, 0x46, 0x29,
    0x25, 0x21, 0x46, 0x29, 0x46, 0x29, 0x45, 0x21, 0x46, 0x29, 0x45, 0x21,
    0x46, 0x21, 0x45, 0x21, 0x46, 0x29, 0x46, 0x21, 0x66, 0x29, 0x66, 0x29,
    0x46, 0x29, 0x46, 0x29, 0x46, 0x29, 0x66, 0x29, 0x45, 0x29, 0x46, 0x29,
    0x66, 0x29, 0x46, 0x29, 0x46, 0x29, 0x66, 0x29, 0x46, 0x29, 0x46, 0x29,
    0x66, 0x29, 0x66, 0x29, 0x46, 0x29, 0x66, 0x29, 0x46, 0x29, 0x46, 0x29,
    0x66, 0x29, 0x46, 0x29, 0x66, 0x29, 0x66, 0x29, 0x66, 0x29, 0x66, 0x29,
    0x66, 0x29, 0x46, 0x29, 0x25, 0x21, 0x25, 0x21, 0x46, 0x29, 0x45, 0x21,
    0x46, 0x29, 0x46, 0x29, 0x45, 0x21, 0x46, 0x29, 0x46, 0x29, 0x66, 0x29,
    0x46, 0x29, 0x46, 0x29, 0x66, 0x29, 0x66, 0x29, 0x46, 0x29, 0x66, 0x29,
    0x66, 0x29, 0x66, 0x29, 0x66, 0x29, 0x66, 0x29, 0x66, 0x29, 0x66, 0x29,
    0x66, 0x29, 0x66, 0x29, 0x66, 0x29, 0x67, 0x31, 0x66, 0x29, 0x66, 0x29,
    0x66, 0x29, 0x66, 0x29, 0x66, 0x29, 0x87, 0x31, 0x66, 0x29, 0x66, 0x29,
    0x66, 0x29, 0x87, 0x31, 0x87, 0x31, 0x86, 0x29, 0x87, 0x31, 0x87, 0x29,
    0x86, 0x29, 0x66, 0x29, 0x87, 0x31, 0x86, 0x31, 0x86, 0x29, 0x87, 0x31,
    0x87, 0x31, 0x86, 0x29, 0x87, 0x31, 0x66, 0x29, 0x86, 0x31, 0x86, 0x29,
    0x86, 0x29, 0x87, 0x31, 0x86, 0x29, 0x86, 0x31, 0x87, 0x31, 0x87, 0x29,
    0x66, 0x29, 0x87, 0x31, 0x86, 0x29, 0x87, 0x31, 0x87, 0x31, 0xa7, 0x31,
    0xa7, 0x31, 0xa7, 0x31, 0x87, 0x31, 0x87, 0x29, 0x86, 0x31, 0xa7, 0x31,
    0x87, 0x31, 0x86, 0x29, 0x87, 0x31, 0x86, 0x31, 0x86, 0x29, 0x87, 0x31,
    0x87, 0x31, 0xa7, 0x31, 0xa7, 0x31, 0x86, 0x29, 0x86, 0x29, 0x87, 0x31,
    0xe8, 0x39, 0xc8, 0x39, 0xc8, 0x39, 0xc8, 0x39, 0xc8, 0x39, 0xc8, 0x39,
    0xc7, 0x31, 0xc8, 0x39, 0xe8, 0x39, 0xc7, 0x39, 0xc8, 0x39, 0xe8, 0x39,
    0xe8, 0x39, 0xc8, 0x31, 0xc8, 0x39, 0xc8, 0x39, 0xe8, 0x39, 0xc8, 0x39,
    0xe8, 0x39, 0xc8, 0x39, 0xe8, 0x39, 0xe8, 0x39, 0xc8, 0x39, 0xc8, 0x39,
    0xc8, 0x39, 0xe8, 0x39, 0xc8, 0x39, 0xe8, 0x39, 0xc8, 0x39, 0xe8, 0x39,
    0xe8, 0x39, 0xe8, 0x39, 0xe8, 0x39, 0xe8, 0x39, 0xe8, 0x39, 0xe9, 0x39,
    0xc8, 0x39, 0xe9, 0x39, 0xe9, 0x41, 0xc8, 0x39, 0xc8, 0x39, 0xe8, 0x39,
    0xe8, 0x39, 0xe8, 0x39, 0xe8, 0x39, 0xe8, 0x39, 0xe8, 0x39, 0xe8, 0x39,
    0xe8, 0x39, 0xe8, 0x39, 0xe8, 0x39, 0xc8, 0x39, 0xc8, 0x39, 0xc7, 0x39,
    0xe8, 0x39, 0xe8, 0x39, 0xc8, 0x39, 0xc7, 0x31, 0xe8, 0x39, 0xe8, 0x39,
    0xc8, 0x39, 0xe8, 0x39, 0xe8, 0x39, 0xe8, 0x39, 0xc8, 0x31, 0xe8, 0x39,
    0xe4, 0x18, 0xe4, 0x20, 0x05, 0x21, 0x04, 0x21, 0xe4, 0x18, 0x05, 0x21,
    0x05, 0x21, 0x04, 0x19, 0x05, 0x21, 0x05, 0x21, 0x04, 0x21, 0x05, 0x19,
    0x05, 0x21, 0x04, 0x21, 0x05, 0x21, 0x05, 0x21, 0x04, 0x21, 0x05, 0x21,
    0x04, 0x21, 0x05, 0x21, 0xe4, 0x18, 0x05, 0x21, 0x05, 0x21, 0x05, 0x19,
    0x04, 0x19, 0x04, 0x21, 0x05, 0x21, 0x04, 0x19, 0x04, 0x21, 0x05, 0x21,
    0x04, 0x21, 0x25, 0x21, 0x25, 0x21, 0x25, 0x29, 0x26, 0x21, 0x25, 0x21,
    0x25, 0x29, 0x46, 0x29, 0x46, 0x21, 0x25, 0x29, 0x46, 0x21, 0x46, 0x29,
    0x25, 0x21, 0x45, 0x29, 0x46, 0x29, 0x46, 0x29, 0x46, 0x29, 0x25, 0x21,
    0x25, 0x21, 0x46, 0x29, 0x46, 0x29, 0x25, 0x21, 0x45, 0x21, 0x46, 0x29,
    0x45, 0x21, 0x25, 0x21, 0x45, 0x21, 0x46, 0x29, 0x45, 0x29, 0x46, 0x29,
    0x45, 0x21, 0x46, 0x29, 0x66, 0x29, 0x66, 0x29, 0x45, 0x29, 0x45, 0x21,
    0x46, 0x29, 0x45, 0x29, 0x45, 0x21, 0x46, 0x29, 0x46, 0x29, 0x46, 0x21,
    0x66, 0x29, 0x45, 0x29, 0x46, 0x21, 0x46, 0x29, 0x66, 0x29, 0x66, 0x29,
    0x46, 0x29, 0x45, 0x21, 0x66, 0x29, 0x46, 0x29, 0x66, 0x29, 0x66, 0x29,
    0x66, 0x29, 0x46, 0x29, 0x66, 0x29, 0x66, 0x29, 0x46, 0x29, 0x46, 0x29,
    0x66, 0x29, 0x66, 0x29, 0x66, 0x29, 0x46, 0x29, 0x46, 0x29, 0x46, 0x21,
    0x45, 0x29, 0x46, 0x29, 0x46, 0x29, 0x46, 0x29, 0x45, 0x21, 0x45, 0x21,
    0x46, 0x29, 0x66, 0x29, 0x45, 0x21, 0x66, 0x29, 0x46, 0x29, 0x46, 0x29,
    0x66, 0x29, 0x66, 0x29, 0x66, 0x29, 0x66, 0x29, 0x66, 0x29, 0x46, 0x29,
    0x67, 0x31, 0x66, 0x29, 0x66, 0x29, 0x87, 0x31, 0x86, 0x29, 0x86, 0x29,
    0x87, 0x31, 0x66, 0x29, 0x66, 0x29, 0x66, 0x29, 0x87, 0x31, 0x86, 0x29,
    0x66, 0x29, 0x87, 0x31, 0x86, 0x29, 0x86, 0x31, 0x87, 0x29, 0x66, 0x29,
    0x66, 0x29, 0x87, 0x31, 0x86, 0x31, 0x86, 0x29, 0x66, 0x29, 0x87, 0x31,
    0x87, 0x31, 0x66, 0x29, 0x66, 0x29, 0x87, 0x31, 0x87, 0x31, 0x87, 0x29,
    0x86, 0x31, 0x87, 0x31, 0x86, 0x29, 0x66, 0x29, 0x87, 0x31, 0x86, 0x31,
    0x66, 0x29, 0x87, 0x31, 0x87, 0x31, 0x86, 0x29, 0x86, 0x29, 0x87, 0x31,
    0x87, 0x31, 0x86, 0x29, 0x86, 0x29, 0x87, 0x31, 0x66, 0x29, 0x86, 0x29,
    0x87, 0x31, 0x86, 0x29, 0x87, 0x31, 0x87, 0x31, 0x86, 0x29, 0x87, 0x31,
    0x86, 0x29, 0x66, 0x29, 0x87, 0x31, 0xa7, 0x31, 0x87, 0x31, 0x86, 0x29,
    0xc8, 0x39, 0xc8, 0x39, 0xc7, 0x31, 0xc7, 0x31, 0xc8, 0x39, 0xc7, 0x31,
    0xe8, 0x39, 0xc8, 0x39, 0xc8, 0x31, 0xc8, 0x39, 0xc8, 0x31, 0xc7, 0x31,
    0xc8, 0x39, 0xc8, 0x31, 0xe8, 0x39, 0xc8, 0x31, 0xc8, 0x39, 0xc8, 0x39,
    0xe8, 0x39, 0xc8, 0x39, 0xe8, 0x39, 0xe8, 0x39, 0xe8, 0x39, 0xe8, 0x39,
    0xe8, 0x39, 0xc8, 0x39, 0xc8, 0x39, 0xe8, 0x39, 0xe8, 0x39, 0xc8, 0x39,
    0xc8, 0x39, 0xc8, 0x39, 0xc8, 0x39, 0xe9, 0x39, 0xc8, 0x39, 0xe8, 0x39,
    0xe8, 0x39, 0xe8, 0x39, 0xe8, 0x39, 0xc8, 0x39, 0xe8, 0x39, 0xe8, 0x39,
    0xe8, 0x39, 0xe8, 0x39, 0xe8, 0x39, 0xe8, 0x39, 0xe8, 0x39, 0xe8, 0x39,
    0xe8, 0x39, 0xc8, 0x39, 0xe8, 0x39, 0xc8, 0x39, 0xe8, 0x39, 0xe8, 0x39,
    0xe8, 0x39, 0xc8, 0x39, 0xc8, 0x31, 0xe8, 0x39, 0xe8, 0x39, 0xc8, 0x31,
    0xc7, 0x39, 0xe8, 0x39, 0xc8, 0x31, 0xe8, 0x39, 0xc8, 0x39, 0xc8, 0x39,
    0x05, 0x21, 0xe4, 0x18, 0x05, 0x21, 0x05, 0x21, 0x04, 0x21, 0x05, 0x21,
    0x04, 0x21, 0xe4, 0x18, 0x05, 0x21, 0x04, 0x21, 0xe4, 0x20, 0x04, 0x19,
    0x05, 0x21, 0x05, 0x21, 0x04, 0x19, 0x05, 0x21, 0x04, 0x21, 0xe4, 0x18,
    0x05, 0x19, 0xe4, 0x18, 0x05, 0x21, 0x05, 0x21, 0x04, 0x21, 0x05, 0x21,
    0x04, 0x19, 0x05, 0x21, 0x05, 0x21, 0xe4, 0x18, 0x05, 0x21, 0x05, 0x19,
    0x05, 0x21, 0x25, 0x21, 0x25, 0x21, 0x25, 0x21, 0x46, 0x29, 0x25, 0x21,
    0x25, 0x21, 0x25, 0x21, 0x25, 0x21, 0x25, 0x21, 0x46, 0x29, 0x46, 0x29,
    0x25, 0x21, 0x25, 0x21, 0x25, 0x21, 0x45, 0x21, 0x45, 0x21, 0x46, 0x29,
    0x46, 0x21, 0x25, 0x21, 0x46, 0x29, 0x25, 0x21, 0x25, 0x21, 0x46, 0x29,
    0x46, 0x29, 0x45, 0x21, 0x46, 0x29, 0x25, 0x21, 0x46, 0x29, 0x46, 0x21,
    0x45, 0x29, 0x45, 0x29, 0x25, 0x21, 0x46, 0x29, 0x46, 0x29, 0x46, 0x29,
    0x46, 0x21, 0x46, 0x29, 0x45, 0x21, 0x46, 0x29, 0x46, 0x29, 0x66, 0x29,
    0x66, 0x29, 0x66, 0x29, 0x66, 0x29, 0x46, 0x29, 0x66, 0x29, 0x66, 0x29,
    0x46, 0x29, 0x66, 0x29, 0x66, 0x29, 0x66, 0x29, 0x66, 0x29, 0x66, 0x29,
    0x46, 0x29, 0x66, 0x29, 0x46, 0x29, 0x66, 0x29, 0x66, 0x29, 0x66, 0x29,
    0x66, 0x29, 0x66, 0x29, 0x66, 0x29, 0x66, 0x29, 0x46, 0x29, 0x46, 0x21,
    0x46, 0x29, 0x46, 0x29, 0x46, 0x21, 0x45, 0x21, 0x46, 0x29, 0x66, 0x29,
    0x46, 0x29, 0x46, 0x29, 0x45, 0x21, 0x46, 0x21, 0x66, 0x29, 0x66, 0x29,
    0x66, 0x29, 0x66, 0x29, 0x66, 0x29, 0x66, 0x29, 0x67, 0x29, 0x66, 0x29,
    0x66, 0x29, 0x66, 0x29, 0x66, 0x29, 0x87, 0x31, 0x66, 0x29, 0x66, 0x29,
    0x87, 0x31, 0x87, 0x31, 0x86, 0x29, 0x66, 0x29, 0x87, 0x31, 0x87, 0x31,
    0x87, 0x31, 0x87, 0x31, 0x86, 0x29, 0x66, 0x29, 0x66, 0x29, 0x66, 0x31,
    0x87, 0x31, 0x66, 0x29, 0x87, 0x29, 0x87, 0x31, 0x87, 0x29, 0x87, 0x31,
    0x86, 0x29, 0x87, 0x31, 0x86, 0x29, 0x87, 0x31, 0x87, 0x31, 0x66, 0x29,
    0x87, 0x31, 0x87, 0x29, 0x66, 0x29, 0x66, 0x29, 0x87, 0x31, 0x87, 0x31,
    0x86, 0x29, 0x87, 0x29, 0x87, 0x31, 0x66, 0x29, 0x86, 0x29, 0x87, 0x31,
    0x86, 0x29, 0x87, 0x31, 0x86, 0x29, 0x87, 0x31, 0x87, 0x29, 0x86, 0x31,
    0x87, 0x31, 0x86, 0x29, 0x87, 0x31, 0x87, 0x31, 0x86, 0x29, 0x87, 0x31,
    0x86, 0x29, 0x87, 0x31, 0x87, 0x31, 0x86, 0x31, 0x86, 0x29, 0x87, 0x31,
    0xc8, 0x31, 0xc8, 0x39, 0xc7, 0x31, 0xc8, 0x39, 0xc8, 0x39, 0xc8, 0x31,
    0xc8, 0x39, 0xc8, 0x39, 0xc7, 0x31, 0xc8, 0x31, 0xc8, 0x39, 0xc8, 0x39,
    0xc8, 0x39, 0xc8, 0x39, 0xc8, 0x39, 0xc8, 0x39, 0xe8, 0x39, 0xc8, 0x31,
    0xc8, 0x31, 0xc8, 0x39, 0xe8, 0x39, 0xc8, 0x39, 0xe8, 0x39, 0xc8, 0x31,
    0xe8, 0x39, 0xc8, 0x39, 0xc8, 0x39, 0xe8, 0x39, 0xe8, 0x39, 0xc8, 0x39,
    0xe8, 0x39, 0xe8, 0x39, 0xe8, 0x39, 0xe8, 0x39, 0xe8, 0x39, 0xc8, 0x39,
    0xc8, 0x39, 0xe8, 0x39, 0xe8, 0x39, 0xc8, 0x39, 0xe8, 0x39, 0xe8, 0x39,
    0xc8, 0x39, 0xe8, 0x39, 0xe9, 0x39, 0xc8, 0x39, 0xe9, 0x39, 0xe8, 0x39,
    0xe8, 0x39, 0xc8, 0x39, 0xe8, 0x39, 0xe8, 0x39, 0xe8, 0x39, 0xe8, 0x39,
    0xe8, 0x39, 0xe8, 0x39, 0xc8, 0x31, 0xe8, 0x39, 0xc8, 0x39, 0xc8, 0x39,
    0xe8, 0x39, 0xe8, 0x39, 0xe8, 0x39, 0xc8, 0x39, 0xc7, 0x39, 0xe8, 0x39,
    0x05, 0x21, 0x05, 0x21, 0x04, 0x19, 0x04, 0x19, 0x05, 0x21, 0x05, 0x21,
    0x05, 0x19, 0x05, 0x21, 0x04, 0x19, 0x05, 0x21, 0xe4, 0x18, 0x05, 0x21,
    0x05, 0x21, 0x04, 0x21, 0xe4, 0x18, 0x05, 0x19, 0x05, 0x21, 0x05, 0x21,
    0x04, 0x19, 0x04, 0x21, 0x05, 0x21, 0x04, 0x19, 0x05, 0x21, 0x05, 0x21,
    0x05, 0x21, 0x04, 0x21, 0x05, 0x21, 0x04, 0x19, 0x05, 0x21, 0x05, 0x21,
    0x05, 0x19, 0x05, 0x21, 0x25, 0x21, 0x25, 0x21, 0x25, 0x21, 0x45, 0x21,
    0x46, 0x29, 0x25, 0x21, 0x25, 0x21, 0x45, 0x29, 0x25, 0x21, 0x25, 0x21,
    0x25, 0x21, 0x25, 0x21, 0x46, 0x29, 0x25, 0x21, 0x25, 0x21, 0x25, 0x29,
    0x45, 0x21, 0x25, 0x21, 0x25, 0x21, 0x45, 0x21, 0x46, 0x29, 0x25, 0x21,
    0x25, 0x21, 0x46, 0x29, 0x46, 0x29, 0x25, 0x21, 0x46, 0x29, 0x46, 0x29,
    0x45, 0x21, 0x46, 0x21, 0x46, 0x29, 0x46, 0x29, 0x45, 0x21, 0x66, 0x29,
    0x46, 0x29, 0x46, 0x29, 0x46, 0x29, 0x45, 0x21, 0x66, 0x29, 0x45, 0x21,
    0x46, 0x29, 0x46, 0x29, 0x66, 0x29, 0x66, 0x29, 0x46, 0x29, 0x66, 0x29,
    0x45, 0x21, 0x46, 0x29, 0x46, 0x29, 0x66, 0x29, 0x45, 0x21, 0x46, 0x29,
    0x66, 0x29, 0x66, 0x29, 0x46, 0x29, 0x66, 0x29, 0x46, 0x29, 0x66, 0x29,
    0x66, 0x29, 0x66, 0x29, 0x66, 0x29, 0x66, 0x29, 0x66, 0x29, 0x66, 0x29,
    0x46, 0x29, 0x45, 0x21, 0x45, 0x29, 0x46, 0x29, 0x66, 0x29, 0x66, 0x29,
    0x66, 0x29, 0x66, 0x29, 0x66, 0x29, 0x66, 0x29, 0x66, 0x29, 0x66, 0x29,
    0x66, 0x29, 0x66, 0x29, 0x87, 0x31, 0x66, 0x29, 0x87, 0x31, 0x66, 0x29,
    0x86, 0x31, 0x87, 0x31, 0x66, 0x29, 0x66, 0x29, 0x66, 0x29, 0x66, 0x29,
    0x87, 0x31, 0x86, 0x29, 0x66, 0x29, 0x87, 0x31, 0x66, 0x29, 0x86, 0x29,
    0x87, 0x31, 0x86, 0x29, 0x67, 0x29, 0x87, 0x31, 0x86, 0x31, 0x66, 0x29,
    0x87, 0x31, 0x86, 0x29, 0x87, 0x31, 0x87, 0x31, 0x86, 0x29, 0x86, 0x31,
    0x87, 0x31, 0x66, 0x29, 0x86, 0x29, 0x87, 0x31, 0x86, 0x29, 0x86, 0x29,
    0x87, 0x31, 0x87, 0x31, 0x87, 0x31, 0x87, 0x31, 0x87, 0x31, 0x66, 0x29,
    0x86, 0x29, 0x87, 0x31, 0x87, 0x31, 0x86, 0x31, 0x87, 0x29, 0x87, 0x31,
    0x66, 0x29, 0x66, 0x29, 0x87, 0x31, 0x86, 0x29, 0x66, 0x29, 0x87, 0x31,
    0x87, 0x31, 0x86, 0x29, 0x86, 0x29, 0x86, 0x29, 0x66, 0x29, 0x87, 0x31,
    0x66, 0x29, 0x86, 0x29, 0x87, 0x29, 0x87, 0x31, 0x86, 0x29, 0x86, 0x31,
    0xc7, 0x31, 0xc8, 0x31, 0xc8, 0x39, 0xa7, 0x31, 0xc7, 0x31, 0xc8, 0x31,
    0xc8, 0x39, 0xc7, 0x39, 0xc7, 0x31, 0xc8, 0x39, 0xc8, 0x39, 0xc7, 0x31,
    0xc8, 0x39, 0xc7, 0x31, 0xc7, 0x31, 0xc8, 0x39, 0xe8, 0x39, 0xe8, 0x39,
    0xc8, 0x39, 0xe8, 0x39, 0xc8, 0x39, 0xc8, 0x39, 0xc8, 0x39, 0xc8, 0x39,
    0xe8, 0x39, 0xe8, 0x39, 0xe8, 0x39, 0xc8, 0x31, 0xe8, 0x39, 0xe8, 0x39,
    0xe8, 0x39, 0xe8, 0x39, 0xe8, 0x39, 0xe8, 0x39, 0xe8, 0x39, 0xc8, 0x39,
    0xc8, 0x39, 0xe8, 0x39, 0xe8, 0x39, 0xe8, 0x39, 0xe8, 0x39, 0xe8, 0x39,
    0xe8, 0x39, 0xe8, 0x39, 0xe8, 0x39, 0xe8, 0x39, 0xe8, 0x39, 0xe9, 0x39,
    0xc8, 0x39, 0xe8, 0x39, 0xe8, 0x39, 0xc8, 0x39, 0xe8, 0x39, 0xe8, 0x39,
    0xe8, 0x39, 0xe8, 0x39, 0xc8, 0x39, 0xe8, 0x39, 0xe8, 0x39, 0xe8, 0x39,
    0xe8, 0x39, 0xe8, 0x39, 0xe8, 0x39, 0xe8, 0x39, 0xc8, 0x39, 0xc7, 0x31,
    0x04, 0x21, 0x05, 0x21, 0x05, 0x21, 0x04, 0x19, 0x04, 0x21, 0x04, 0x19,
    0x05, 0x21, 0x04, 0x21, 0xe4, 0x18, 0x05, 0x21, 0x05, 0x21, 0x05, 0x21,
    0x05, 0x21, 0xe4, 0x18, 0x04, 0x21, 0x05, 0x21, 0x05, 0x21, 0x04, 0x21,
    0x05, 0x21, 0x05, 0x21, 0x05, 0x21, 0x04, 0x21, 0x05, 0x19, 0x05, 0x21,
    0x04, 0x19, 0x05, 0x19, 0x04, 0x21, 0x05, 0x21, 0x04, 0x21, 0x04, 0x21,
    0x05, 0x21, 0x25, 0x21, 0x25, 0x21, 0x25, 0x21, 0x25, 0x21, 0x25, 0x21,
    0x26, 0x29, 0x46, 0x29, 0x25, 0x21, 0x26, 0x21, 0x25, 0x21, 0x45, 0x29,
    0x25, 0x21, 0x26, 0x21, 0x25, 0x21, 0x25, 0x21, 0x46, 0x29, 0x26, 0x21,
    0x25, 0x21, 0x45, 0x29, 0x26, 0x21, 0x25, 0x21, 0x45, 0x29, 0x46, 0x21,
    0x25, 0x21, 0x46, 0x29, 0x45, 0x21, 0x46, 0x29, 0x45, 0x21, 0x46, 0x29,
    0x46, 0x29, 0x45, 0x21, 0x46, 0x29, 0x46, 0x29, 0x46, 0x29, 0x45, 0x21,
    0x46, 0x29, 0x45, 0x21, 0x46, 0x29, 0x45, 0x21, 0x45, 0x21, 0x46, 0x29,
    0x46, 0x29, 0x45, 0x21, 0x45, 0x21, 0x46, 0x29, 0x45, 0x21, 0x45, 0x21,
    0x46, 0x29, 0x66, 0x29, 0x66, 0x29, 0x46, 0x29, 0x66, 0x29, 0x46, 0x29,
    0x45, 0x21, 0x66, 0x29, 0x66, 0x29, 0x66, 0x29, 0x66, 0x29, 0x46, 0x29,
    0x66, 0x29, 0x66, 0x29, 0x66, 0x29, 0x46, 0x29, 0x66, 0x29, 0x66, 0x29,
    0x66, 0x29, 0x46, 0x29, 0x66, 0x29, 0x66, 0x29, 0x86, 0x29, 0x66, 0x29,
    0x66, 0x29, 0x66, 0x29, 0x66, 0x29, 0x66, 0x29, 0x86, 0x29, 0x66, 0x29,
    0x66, 0x29, 0x66, 0x29, 0x66, 0x29, 0x86, 0x31, 0x86, 0x29, 0x66, 0x29,
    0x66, 0x29, 0x87, 0x31, 0x87, 0x29, 0x66, 0x29, 0x66, 0x29, 0x66, 0x29,
    0x66, 0x29, 0x66, 0x29, 0x66, 0x29, 0x66, 0x29, 0x87, 0x31, 0x66, 0x29,
    0x66, 0x29, 0x66, 0x29, 0x66, 0x29, 0x66, 0x29, 0x87, 0x29, 0x87, 0x31,
    0x66, 0x29, 0x66, 0x29, 0x66, 0x29, 0x86, 0x31, 0x66, 0x29, 0x87, 0x31,
    0x66, 0x29, 0x66, 0x29, 0x66, 0x29, 0x87, 0x31, 0x86, 0x29, 0x86, 0x29,
    0x87, 0x31, 0x86, 0x31, 0x87, 0x29, 0x87, 0x31, 0x86, 0x29, 0x86, 0x29,
    0x87, 0x31, 0x86, 0x29, 0x87, 0x31, 0x87, 0x31, 0x87, 0x31, 0x86, 0x29,
    0x87, 0x31, 0x87, 0x31, 0x87, 0x31, 0x87, 0x31, 0x86, 0x29, 0x87, 0x31,
    0x87, 0x29, 0x87, 0x31, 0x87, 0x31, 0x87, 0x31, 0x87, 0x29, 0x86, 0x31,
    0x66, 0x29, 0x87, 0x31, 0x87, 0x31, 0x87, 0x31, 0x87, 0x31, 0x86, 0x29,
    0xa7, 0x31, 0xc8, 0x39, 0xc8, 0x39, 0xc8, 0x31, 0xc8, 0x39, 0xc7, 0x39,
    0xc8, 0x39, 0xc7, 0x31, 0xc8, 0x39, 0xc8, 0x39, 0xc7, 0x31, 0xc7, 0x31,
    0xc8, 0x39, 0xc8, 0x39, 0xc7, 0x31, 0xc8, 0x39, 0xc8, 0x39, 0xe8, 0x39,
    0xc7, 0x39, 0xe8, 0x39, 0xe8, 0x39, 0xc8, 0x31, 0xc8, 0x39, 0xe8, 0x39,
    0xe8, 0x39, 0xc8, 0x39, 0xc8, 0x39, 0xc8, 0x39, 0xc8, 0x39, 0xe8, 0x39,
    0xc8, 0x39, 0xc8, 0x39, 0xc8, 0x39, 0xc8, 0x39, 0xc8, 0x39, 0xc8, 0x39,
    0xe8, 0x39, 0xe8, 0x39, 0xc8, 0x39, 0xe8, 0x39, 0xe8, 0x39, 0xc8, 0x39,
    0xc8, 0x39, 0xc8, 0x39, 0xe8, 0x39, 0xe8, 0x39, 0xe8, 0x39, 0xe8, 0x39,
    0xe8, 0x39, 0xe8, 0x39, 0xe8, 0x39, 0xe8, 0x39, 0xe8, 0x39, 0xe8, 0x39,
    0xc8, 0x39, 0xe8, 0x39, 0xe8, 0x39, 0xc8, 0x39, 0xe8, 0x39, 0xe8, 0x39,
    0xe8, 0x39, 0xe8, 0x39, 0xe8, 0x39, 0xe8, 0x39, 0xe8, 0x39, 0xe8, 0x39,
    0x05, 0x21, 0x04, 0x19, 0x05, 0x21, 0x05, 0x21, 0x05, 0x21, 0x05, 0x21,
    0x04, 0x19, 0x05, 0x21, 0x04, 0x21, 0x05, 0x21, 0x04, 0x19, 0x04, 0x21,
    0x05, 0x19, 0x05, 0x21, 0x05, 0x21, 0x05, 0x21, 0x04, 0x19, 0x05, 0x21,
    0x05, 0x21, 0x04, 0x19, 0x05, 0x21, 0x05, 0x21, 0x04, 0x19, 0x04, 0x21,
    0x04, 0x19, 0x05, 0x21, 0x05, 0x21, 0x05, 0x21, 0x04, 0x19, 0x04, 0x19,
    0x05, 0x21, 0x25, 0x21, 0x25, 0x21, 0x25, 0x21, 0x25, 0x21, 0x25, 0x21,
    0x46, 0x29, 0x25, 0x21, 0x25, 0x21, 0x25, 0x21, 0x46, 0x29, 0x46, 0x21,
    0x25, 0x21, 0x25, 0x21, 0x25, 0x21, 0x46, 0x29, 0x45, 0x21, 0x46, 0x29,
    0x46, 0x29, 0x46, 0x29, 0x46, 0x29, 0x25, 0x21, 0x46, 0x29, 0x45, 0x21,
    0x46, 0x29, 0x45, 0x29, 0x25, 0x21, 0x46, 0x29, 0x46, 0x29, 0x45, 0x21,
    0x46, 0x29, 0x46, 0x29, 0x45, 0x21, 0x46, 0x29, 0x66, 0x29, 0x46, 0x29,
    0x46, 0x29, 0x45, 0x21, 0x46, 0x29, 0x46, 0x29, 0x46, 0x29, 0x46, 0x29,
    0x46, 0x21, 0x46, 0x29, 0x45, 0x21, 0x66, 0x29, 0x46, 0x29, 0x45, 0x21,
    0x46, 0x29, 0x46, 0x29, 0x66, 0x29, 0x46, 0x29, 0x66, 0x29, 0x66, 0x29,
    0x46, 0x29, 0x66, 0x29, 0x46, 0x29, 0x66, 0x29, 0x46, 0x29, 0x66, 0x29,
    0x66, 0x29, 0x66, 0x29, 0x66, 0x29, 0x66, 0x29, 0x66, 0x29, 0x66, 0x29,
    0x66, 0x29, 0x66, 0x29, 0x66, 0x29, 0x86, 0x29, 0x66, 0x29, 0x66, 0x29,
    0x66, 0x29, 0x66, 0x29, 0x66, 0x29, 0x67, 0x31, 0x66, 0x29, 0x66, 0x29,
    0x66, 0x29, 0x66, 0x29, 0x66, 0x29, 0x67, 0x29, 0x66, 0x29, 0x87, 0x31,
    0x66, 0x29, 0x66, 0x29, 0x87, 0x31, 0x86, 0x31, 0x66, 0x29, 0x67, 0x31,
    0x66, 0x29, 0x87, 0x31, 0x87, 0x31, 0x86, 0x29, 0x87, 0x31, 0x66, 0x29,
    0x87, 0x31, 0x66, 0x29, 0x86, 0x31, 0x66, 0x29, 0x87, 0x31, 0x86, 0x29,
    0x66, 0x29, 0x66, 0x29, 0x87, 0x31, 0x66, 0x29, 0x66, 0x29, 0x87, 0x29,
    0x66, 0x29, 0x66, 0x29, 0x87, 0x31, 0x87, 0x31, 0x87, 0x31, 0x87, 0x31,
    0x66, 0x29, 0x86, 0x29, 0x86, 0x31, 0x87, 0x29, 0x66, 0x29, 0x87, 0x31,
    0x87, 0x31, 0x86, 0x29, 0x86, 0x29, 0x66, 0x29, 0x66, 0x29, 0x87, 0x31,
    0x86, 0x29, 0x87, 0x31, 0x86, 0x29, 0x86, 0x31, 0x66, 0x29, 0x87, 0x31,
    0x86, 0x29, 0x66, 0x29, 0x87, 0x31, 0x87, 0x31, 0x66, 0x29, 0x66, 0x29,
    0x87, 0x31, 0x87, 0x31, 0x86, 0x29, 0x86, 0x29, 0x66, 0x29, 0x87, 0x31,
    0xa7, 0x31, 0xc8, 0x39, 0xc7, 0x39, 0xc8, 0x39, 0xc8, 0x31, 0xc8, 0x39,
    0xc8, 0x39, 0xc8, 0x39, 0xc8, 0x39, 0xc8, 0x39, 0xc8, 0x39, 0xa7, 0x31,
    0xc8, 0x31, 0xc8, 0x39, 0xc8, 0x39, 0xc8, 0x31, 0xc8, 0x31, 0xc8, 0x39,
    0xc8, 0x31, 0xc8, 0x39, 0xc8, 0x39, 0xc8, 0x31, 0xc8, 0x39, 0xc8, 0x31,
    0xc8, 0x39, 0xc8, 0x39, 0xe8, 0x39, 0xc8, 0x39, 0xc8, 0x39, 0xc8, 0x31,
    0xc8, 0x39, 0xc8, 0x39, 0xe8, 0x39, 0xc8, 0x39, 0xe8, 0x39, 0xe8, 0x39,
    0xe8, 0x39, 0xe8, 0x39, 0xc8, 0x39, 0xc8, 0x39, 0xe8, 0x39, 0xc8, 0x39,
    0xc8, 0x39, 0xc8, 0x39, 0xe8, 0x39, 0xc8, 0x39, 0xe8, 0x39, 0xc8, 0x39,
    0xc8, 0x39, 0xc8, 0x39, 0xc8, 0x39, 0xe8, 0x39, 0xc8, 0x39, 0xe8, 0x39,
    0xe8, 0x39, 0xe8, 0x39, 0xe8, 0x39, 0xe8, 0x39, 0xc8, 0x39, 0xe8, 0x39,
    0xc8, 0x39, 0xe8, 0x39, 0xc8, 0x39, 0xe8, 0x39, 0xe8, 0x39, 0xc8, 0x39,
    0x05, 0x21, 0x05, 0x21, 0x04, 0x21, 0x04, 0x19, 0x05, 0x21, 0x05, 0x21,
    0x05, 0x21, 0x04, 0x19, 0x05, 0x21, 0x04, 0x19, 0x05, 0x21, 0xe4, 0x18,
    0x04, 0x21, 0x05, 0x21, 0x05, 0x21, 0x04, 0x21, 0xe4, 0x18, 0x05, 0x21,
    0x04, 0x21, 0x05, 0x19, 0xe4, 0x18, 0x05, 0x21, 0x05, 0x21, 0x04, 0x21,
    0x05, 0x21, 0x05, 0x21, 0x05, 0x19, 0x04, 0x21, 0x05, 0x21, 0x05, 0x21,
    0x05, 0x21, 0x05, 0x21, 0x25, 0x21, 0x25, 0x21, 0x25, 0x21, 0x25, 0x21,
    0x25, 0x21, 0x25, 0x21, 0x45, 0x21, 0x45, 0x29, 0x25, 0x21, 0x25, 0x21,
    0x46, 0x29, 0x25, 0x21, 0x25, 0x21, 0x25, 0x21, 0x46, 0x29, 0x25, 0x21,
    0x25, 0x21, 0x45, 0x21, 0x45, 0x29, 0x25, 0x21, 0x26, 0x21, 0x25, 0x21,
    0x25, 0x21, 0x46, 0x29, 0x45, 0x21, 0x25, 0x21, 0x46, 0x29, 0x45, 0x21,
    0x25, 0x21, 0x45, 0x21, 0x46, 0x29, 0x25, 0x21, 0x45, 0x21, 0x46, 0x29,
    0x46, 0x29, 0x45, 0x21, 0x46, 0x29, 0x46, 0x29, 0x46, 0x29, 0x45, 0x29,
    0x66, 0x29, 0x66, 0x29, 0x46, 0x29, 0x46, 0x29, 0x66, 0x29, 0x66, 0x29,
    0x46, 0x29, 0x46, 0x29, 0x45, 0x21, 0x46, 0x29, 0x66, 0x29, 0x66, 0x29,
    0x46, 0x29, 0x66, 0x29, 0x66, 0x29, 0x66, 0x29, 0x66, 0x29, 0x66, 0x29,
    0x66, 0x29, 0x46, 0x29, 0x66, 0x29, 0x66, 0x29, 0x66, 0x29, 0x66, 0x29,
    0x66, 0x29, 0x66, 0x29, 0x46, 0x29, 0x66, 0x29, 0x46, 0x29, 0x66, 0x29,
    0x66, 0x29, 0x46, 0x29, 0x66, 0x29, 0x66, 0x29, 0x66, 0x29, 0x66, 0x29,
    0x66, 0x29, 0x67, 0x31, 0x66, 0x29, 0x66, 0x29, 0x87, 0x31, 0x66, 0x29,
    0x66, 0x29, 0x87, 0x31, 0x66, 0x29, 0x66, 0x29, 0x67, 0x29, 0x66, 0x29,
    0x66, 0x29, 0x86, 0x31, 0x67, 0x29, 0x86, 0x31, 0x66, 0x29, 0x66, 0x29,
    0x66, 0x29, 0x67, 0x31, 0x87, 0x29, 0x86, 0x31, 0x66, 0x29, 0x87, 0x31,
    0x66, 0x29, 0x87, 0x31, 0x87, 0x31, 0x86, 0x29, 0x87, 0x31, 0x87, 0x31,
    0x86, 0x29, 0x66, 0x31, 0x87, 0x29, 0x66, 0x29, 0x66, 0x29, 0x87, 0x31,
    0x66, 0x29, 0x87, 0x31, 0x87, 0x31, 0x87, 0x31, 0x66, 0x29, 0x86, 0x29,
    0x87, 0x31, 0x67, 0x31, 0x86, 0x31, 0x87, 0x29, 0x87, 0x31, 0x87, 0x31,
    0x86, 0x31, 0x87, 0x29, 0x86, 0x29, 0x87, 0x31, 0x87, 0x29, 0x86, 0x29,
    0x87, 0x31, 0x87, 0x31, 0x86, 0x29, 0x86, 0x29, 0x87, 0x31, 0x86, 0x29,
    0x86, 0x29, 0x87, 0x31, 0x87, 0x31, 0x66, 0x29, 0x87, 0x31, 0x66, 0x29,
    0xa7, 0x31, 0xc8, 0x39, 0xc8, 0x39, 0xa7, 0x31, 0xc7, 0x31, 0xc7, 0x31,
    0xc7, 0x31, 0xc8, 0x39, 0xc8, 0x31, 0xc8, 0x31, 0xc8, 0x39, 0xc8, 0x39,
    0xc8, 0x39, 0xc7, 0x31, 0xc7, 0x39, 0xc8, 0x39, 0xc7, 0x39, 0xc7, 0x31,
    0xc8, 0x39, 0xc7, 0x31, 0xc8, 0x39, 0xc8, 0x39, 0xc7, 0x31, 0xc8, 0x39,
    0xc8, 0x31, 0xc8, 0x39, 0xe8, 0x39, 0xe8, 0x39, 0xc8, 0x31, 0xc8, 0x39,
    0xe8, 0x39, 0xc8, 0x31, 0xc8, 0x39, 0xc8, 0x39, 0xe8, 0x39, 0xe8, 0x39,
    0xc8, 0x39, 0xe8, 0x39, 0xe8, 0x39, 0xc8, 0x39, 0xe8, 0x39, 0xe8, 0x39,
    0xe8, 0x39, 0xe8, 0x39, 0xe8, 0x39, 0xc8, 0x39, 0xe8, 0x39, 0xe8, 0x39,
    0xc8, 0x39, 0xe9, 0x39, 0xe8, 0x39, 0xc8, 0x39, 0xc8, 0x39, 0xc8, 0x39,
    0xe8, 0x39, 0xc8, 0x39, 0xe8, 0x39, 0xe8, 0x39, 0xe8, 0x39, 0xe8, 0x39,
    0xe8, 0x39, 0xe8, 0x39, 0xe8, 0x39, 0xc8, 0x39, 0xe8, 0x39, 0xe8, 0x39,
    0xe4, 0x18, 0x05, 0x21, 0x05, 0x21, 0x04, 0x21, 0xe4, 0x18, 0x05, 0x21,
    0x04, 0x19, 0xe4, 0x20, 0x05, 0x21, 0x05, 0x21, 0x25, 0x21, 0x05, 0x21,
    0x05, 0x21, 0x04, 0x19, 0x05, 0x21, 0x04, 0x19, 0x05, 0x21, 0x04, 0x19,
    0x04, 0x21, 0x05, 0x21, 0x05, 0x21, 0x04, 0x21, 0x05, 0x21, 0x05, 0x19,
    0x04, 0x21, 0x05, 0x21, 0x05, 0x21, 0x05, 0x21, 0x05, 0x19, 0x04, 0x21,
    0x04, 0x21, 0x05, 0x21, 0x25, 0x21, 0x25, 0x21, 0x25, 0x29, 0x26, 0x21,
    0x25, 0x21, 0x46, 0x29, 0x25, 0x21, 0x46, 0x21, 0x25, 0x29, 0x25, 0x21,
    0x25, 0x21, 0x25, 0x29, 0x25, 0x21, 0x25, 0x21, 0x25, 0x21, 0x25, 0x21,
    0x46, 0x29, 0x25, 0x21, 0x25, 0x21, 0x46, 0x29, 0x46, 0x29, 0x45, 0x29,
    0x46, 0x21, 0x25, 0x21, 0x46, 0x29, 0x46, 0x21, 0x45, 0x29, 0x25, 0x21,
    0x46, 0x29, 0x46, 0x29, 0x46, 0x29, 0x46, 0x29, 0x46, 0x29, 0x45, 0x21,
    0x66, 0x29, 0x45, 0x21, 0x46, 0x29, 0x45, 0x21, 0x45, 0x21, 0x45, 0x21,
    0x46, 0x29, 0x45, 0x21, 0x46, 0x29, 0x46, 0x29, 0x45, 0x21, 0x46, 0x29,
    0x46, 0x29, 0x46, 0x29, 0x66, 0x29, 0x45, 0x21, 0x46, 0x29, 0x46, 0x21,
    0x66, 0x29, 0x45, 0x29, 0x46, 0x29, 0x46, 0x29, 0x66, 0x29, 0x66, 0x29,
    0x66, 0x29, 0x66, 0x29, 0x67, 0x31, 0x66, 0x29, 0x66, 0x29, 0x66, 0x29,
    0x66, 0x29, 0x66, 0x29, 0x46, 0x29, 0x66, 0x29, 0x46, 0x29, 0x66, 0x29,
    0x66, 0x29, 0x87, 0x31, 0x66, 0x29, 0x66, 0x29, 0x66, 0x29, 0x66, 0x29,
    0x66, 0x29, 0x67, 0x31, 0x66, 0x29, 0x66, 0x29, 0x66, 0x29, 0x66, 0x29,
    0x66, 0x29, 0x66, 0x29, 0x66, 0x29, 0x66, 0x29, 0x66, 0x29, 0x87, 0x31,
    0x66, 0x29, 0x66, 0x29, 0x66, 0x29, 0x66, 0x29, 0x67, 0x29, 0x86, 0x29,
    0x66, 0x29, 0x66, 0x29, 0x66, 0x29, 0x67, 0x29, 0x66, 0x29, 0x66, 0x29,
    0x87, 0x31, 0x87, 0x31, 0x86, 0x29, 0x66, 0x29, 0x67, 0x29, 0x86, 0x31,
    0x66, 0x29, 0x87, 0x31, 0x66, 0x29, 0x86, 0x31, 0x66, 0x29, 0x86, 0x29,
    0x87, 0x31, 0x86, 0x29, 0x87, 0x31, 0x87, 0x31, 0x86, 0x29, 0x86, 0x31,
    0x66, 0x29, 0x66, 0x29, 0x87, 0x31, 0x87, 0x31, 0x86, 0x29, 0x87, 0x31,
    0x66, 0x29, 0x86, 0x29, 0x87, 0x31, 0x87, 0x31, 0x86, 0x31, 0x87, 0x31,
    0x66, 0x29, 0x87, 0x31, 0x87, 0x31, 0x87, 0x31, 0x66, 0x29, 0x87, 0x31,
    0x87, 0x31, 0x86, 0x29, 0x87, 0x31, 0x87, 0x31, 0x86, 0x29, 0x66, 0x29,
    0xa7, 0x31, 0xa7, 0x31, 0xa7, 0x31, 0xc8, 0x31, 0xa8, 0x39, 0xc7, 0x39,
    0xc8, 0x31, 0xc7, 0x31, 0xc7, 0x39, 0xc7, 0x31, 0xc8, 0x39, 0xc7, 0x31,
    0xc7, 0x31, 0xc8, 0x31, 0xc8, 0x39, 0xc8, 0x39, 0xc7, 0x31, 0xc8, 0x39,
    0xe8, 0x39, 0xc8, 0x39, 0xc8, 0x39, 0xc8, 0x31, 0xc7, 0x31, 0xc8, 0x39,
    0xc8, 0x39, 0xc7, 0x31, 0xc8, 0x31, 0xc8, 0x39, 0xe8, 0x39, 0xc7, 0x31,
    0xc8, 0x31, 0xe8, 0x39, 0xe8, 0x39, 0xc8, 0x39, 0xc8, 0x31, 0xc8, 0x39,
    0xc8, 0x39, 0xc8, 0x39, 0xe8, 0x39, 0xc8, 0x31, 0xc8, 0x39, 0xe8, 0x39,
    0xe8, 0x39, 0xc8, 0x39, 0xe8, 0x39, 0xe9, 0x39, 0xc8, 0x39, 0xe8, 0x39,
    0xe8, 0x39, 0xe8, 0x39, 0xe8, 0x39, 0xe8, 0x39, 0xe8, 0x39, 0xe8, 0x39,
    0xc8, 0x39, 0xe8, 0x39, 0xe8, 0x39, 0xc8, 0x39, 0xe8, 0x39, 0xe8, 0x39,
    0xc8, 0x39, 0xc8, 0x39, 0xe8, 0x39, 0xc8, 0x39, 0xe8, 0x39, 0xc8, 0x39,
    0x04, 0x21, 0x05, 0x21, 0xe4, 0x18, 0x05, 0x21, 0x04, 0x19, 0x05, 0x21,
    0xe4, 0x18, 0x05, 0x21, 0x04, 0x21, 0xe4, 0x18, 0x04, 0x19, 0x05, 0x21,
    0xe4, 0x18, 0x05, 0x21, 0x04, 0x19, 0x05, 0x21, 0x05, 0x21, 0x05, 0x21,
    0xe4, 0x18, 0x05, 0x21, 0x05, 0x21, 0x25, 0x21, 0xe4, 0x18, 0x04, 0x19,
    0x05, 0x21, 0x04, 0x21, 0x04, 0x19, 0x05, 0x19, 0x25, 0x21, 0x04, 0x19,
    0x05, 0x21, 0x04, 0x19, 0x25, 0x21, 0x25, 0x21, 0x25, 0x21, 0x25, 0x21,
    0x25, 0x21, 0x25, 0x21, 0x46, 0x29, 0x25, 0x21, 0x46, 0x21, 0x46, 0x29,
    0x25, 0x21, 0x46, 0x29, 0x25, 0x21, 0x25, 0x21, 0x25, 0x21, 0x46, 0x29,
    0x45, 0x21, 0x25, 0x21, 0x25, 0x21, 0x46, 0x29, 0x46, 0x29, 0x45, 0x21,
    0x45, 0x21, 0x46, 0x29, 0x46, 0x29, 0x25, 0x21, 0x46, 0x29, 0x46, 0x29,
    0x46, 0x21, 0x46, 0x29, 0x45, 0x21, 0x66, 0x29, 0x45, 0x21, 0x45, 0x21,
    0x46, 0x29, 0x46, 0x29, 0x45, 0x21, 0x46, 0x21, 0x45, 0x29, 0x46, 0x29,
    0x46, 0x29, 0x66, 0x29, 0x66, 0x29, 0x66, 0x29, 0x46, 0x29, 0x66, 0x29,
    0x46, 0x21, 0x66, 0x29, 0x66, 0x29, 0x46, 0x29, 0x45, 0x21, 0x66, 0x29,
    0x66, 0x29, 0x46, 0x29, 0x46, 0x21, 0x66, 0x29, 0x46, 0x29, 0x46, 0x29,
    0x66, 0x29, 0x66, 0x29, 0x66, 0x29, 0x66, 0x29, 0x66, 0x29, 0x67, 0x31,
    0x66, 0x29, 0x86, 0x29, 0x46, 0x29, 0x66, 0x29, 0x46, 0x29, 0x66, 0x29,
    0x87, 0x29, 0x66, 0x29, 0x66, 0x29, 0x87, 0x31, 0x66, 0x29, 0x46, 0x29,
    0x66, 0x29, 0x66, 0x29, 0x66, 0x29, 0x66, 0x29, 0x46, 0x29, 0x66, 0x29,
    0x67, 0x31, 0x66, 0x29, 0x66, 0x29, 0x66, 0x29, 0x66, 0x31, 0x87, 0x29,
    0x87, 0x31, 0x66, 0x29, 0x66, 0x29, 0x87, 0x31, 0x87, 0x31, 0x66, 0x29,
    0x86, 0x31, 0x67, 0x29, 0x86, 0x31, 0x66, 0x29, 0x66, 0x29, 0x66, 0x29,
    0x86, 0x29, 0x66, 0x29, 0x87, 0x31, 0x86, 0x29, 0x66, 0x29, 0x87, 0x31,
    0x87, 0x31, 0x86, 0x29, 0x66, 0x29, 0x87, 0x29, 0x66, 0x29, 0x67, 0x31,
    0x66, 0x29, 0x87, 0x31, 0x86, 0x29, 0x87, 0x31, 0x87, 0x31, 0x66, 0x29,
    0x87, 0x31, 0x87, 0x29, 0x86, 0x29, 0x87, 0x31, 0x66, 0x29, 0x66, 0x29,
    0x87, 0x31, 0x86, 0x31, 0x87, 0x31, 0x87, 0x31, 0x87, 0x31, 0x86, 0x29,
    0x66, 0x29, 0x87, 0x31, 0x86, 0x29, 0x87, 0x31, 0x66, 0x29, 0x86, 0x29,
    0x87, 0x31, 0x66, 0x29, 0x66, 0x29, 0x87, 0x31, 0x87, 0x31, 0x87, 0x31,
    0x87, 0x31, 0xc8, 0x31, 0xc7, 0x31, 0xa7, 0x31, 0xa8, 0x31, 0xa7, 0x31,
    0xc8, 0x39, 0xc8, 0x39, 0xc8, 0x39, 0xc7, 0x31, 0xc8, 0x39, 0xc8, 0x39,
    0xc7, 0x31, 0xc8, 0x39, 0xc8, 0x39, 0xc7, 0x31, 0xc8, 0x39, 0xc8, 0x39,
    0xc7, 0x31, 0xc7, 0x39, 0xc8, 0x39, 0xc7, 0x31, 0xc8, 0x39, 0xc8, 0x39,
    0xc8, 0x39, 0xc8, 0x39, 0xc8, 0x39, 0xe8, 0x39, 0xc8, 0x39, 0xc8, 0x39,
    0xc7, 0x39, 0xc8, 0x39, 0xc8, 0x31, 0xc8, 0x39, 0xe8, 0x39, 0xc8, 0x31,
    0xc8, 0x39, 0xc8, 0x39, 0xe8, 0x39, 0xc8, 0x39, 0xc8, 0x39, 0xc8, 0x39,
    0xc8, 0x39, 0xc8, 0x39, 0xc8, 0x39, 0xe8, 0x39, 0xc8, 0x39, 0xc8, 0x39,
    0xc8, 0x39, 0xc8, 0x39, 0xc8, 0x39, 0xe8, 0x39, 0xc8, 0x31, 0xc8, 0x39,
    0xe8, 0x39, 0xc8, 0x31, 0xc8, 0x39, 0xe8, 0x39, 0xc8, 0x39, 0xe8, 0x39,
    0xc8, 0x39, 0xe8, 0x39, 0xe8, 0x39, 0xe8, 0x39, 0xe8, 0x39, 0xc8, 0x39,
    0x05, 0x21, 0x04, 0x19, 0x05, 0x21, 0x05, 0x21, 0x05, 0x21, 0x04, 0x21,
    0x05, 0x19, 0x05, 0x21, 0x05, 0x21, 0x04, 0x19, 0x05, 0x21, 0x05, 0x21,
    0x04, 0x21, 0x04, 0x21, 0x05, 0x21, 0x04, 0x21, 0xe4, 0x18, 0x05, 0x19,
    0x05, 0x21, 0x04, 0x19, 0x04, 0x19, 0x05, 0x21, 0x04, 0x21, 0x05, 0x21,
    0x05, 0x21, 0x05, 0x21, 0x05, 0x19, 0x04, 0x19, 0xe4, 0x20, 0x05, 0x21,
    0x05, 0x21, 0x05, 0x21, 0x25, 0x21, 0x25, 0x21, 0x46, 0x29, 0x25, 0x21,
    0x25, 0x21, 0x46, 0x29, 0x25, 0x21, 0x25, 0x21, 0x45, 0x29, 0x25, 0x21,
    0x46, 0x29, 0x46, 0x21, 0x25, 0x21, 0x46, 0x29, 0x25, 0x21, 0x25, 0x21,
    0x25, 0x21, 0x46, 0x29, 0x45, 0x21, 0x25, 0x21, 0x46, 0x29, 0x46, 0x21,
    0x25, 0x21, 0x25, 0x29, 0x25, 0x21, 0x45, 0x21, 0x46, 0x29, 0x25, 0x21,
    0x45, 0x29, 0x46, 0x21, 0x45, 0x21, 0x45, 0x29, 0x46, 0x21, 0x46, 0x29,
    0x45, 0x21, 0x46, 0x29, 0x46, 0x29, 0x46, 0x29, 0x46, 0x29, 0x46, 0x21,
    0x45, 0x21, 0x46, 0x29, 0x25, 0x21, 0x45, 0x21, 0x46, 0x29, 0x46, 0x29,
    0x45, 0x29, 0x46, 0x21, 0x46, 0x29, 0x46, 0x29, 0x46, 0x29, 0x66, 0x29,
    0x46, 0x29, 0x46, 0x29, 0x66, 0x29, 0x45, 0x21, 0x66, 0x29, 0x46, 0x29,
    0x46, 0x29, 0x66, 0x29, 0x66, 0x29, 0x66, 0x29, 0x66, 0x29, 0x66, 0x29,
    0x67, 0x29, 0x86, 0x31, 0x46, 0x29, 0x66, 0x29, 0x66, 0x29, 0x46, 0x29,
    0x66, 0x29, 0x46, 0x29, 0x66, 0x29, 0x66, 0x29, 0x66, 0x29, 0x66, 0x29,
    0x66, 0x29, 0x66, 0x29, 0x66, 0x31, 0x66, 0x29, 0x66, 0x29, 0x66, 0x29,
    0x66, 0x29, 0x66, 0x29, 0x66, 0x29, 0x66, 0x29, 0x66, 0x29, 0x66, 0x29,
    0x66, 0x29, 0x86, 0x31, 0x67, 0x29, 0x66, 0x29, 0x66, 0x29, 0x66, 0x29,
    0x66, 0x29, 0x87, 0x31, 0x86, 0x29, 0x66, 0x29, 0x67, 0x31, 0x87, 0x31,
    0x66, 0x29, 0x86, 0x29, 0x66, 0x29, 0x87, 0x31, 0x87, 0x31, 0x86, 0x29,
    0x87, 0x31, 0x87, 0x29, 0x87, 0x31, 0x87, 0x31, 0x87, 0x31, 0x86, 0x29,
    0x87, 0x31, 0x86, 0x29, 0x87, 0x31, 0x66, 0x29, 0x86, 0x29, 0x67, 0x29,
    0x66, 0x29, 0x66, 0x29, 0x87, 0x31, 0x87, 0x31, 0x86, 0x29, 0x66, 0x29,
    0x87, 0x31, 0x66, 0x29, 0x86, 0x29, 0x87, 0x29, 0x86, 0x29, 0x86, 0x31,
    0x87, 0x31, 0x86, 0x29, 0x66, 0x29, 0x87, 0x31, 0x86, 0x31, 0x66, 0x29,
    0x87, 0x31, 0x86, 0x29, 0x87, 0x31, 0x86, 0x29, 0x87, 0x31, 0x66, 0x29,
    0xa7, 0x31, 0xa7, 0x31, 0xc8, 0x39, 0xa7, 0x31, 0xc8, 0x39, 0xc8, 0x39,
    0xa7, 0x31, 0xc7, 0x31, 0xc8, 0x39, 0xa7, 0x31, 0xa7, 0x31, 0xc8, 0x39,
    0xc8, 0x39, 0xc8, 0x31, 0xc7, 0x31, 0xc8, 0x39, 0xc8, 0x31, 0xc8, 0x39,
    0xc8, 0x39, 0xc8, 0x31, 0xc8, 0x39, 0xc8, 0x39, 0xc7, 0x31, 0xc8, 0x39,
    0xc8, 0x31, 0xc8, 0x39, 0xc7, 0x31, 0xc8, 0x31, 0xc8, 0x39, 0xc8, 0x39,
    0xc8, 0x39, 0xc7, 0x31, 0xe8, 0x39, 0xc7, 0x31, 0xc8, 0x31, 0xc8, 0x39,
    0xe8, 0x39, 0xe8, 0x39, 0xc8, 0x31, 0xe8, 0x39, 0xe8, 0x39, 0xc8, 0x31,
    0xe8, 0x39, 0xe8, 0x39, 0xc8, 0x31, 0xc8, 0x39, 0xc8, 0x31, 0xe8, 0x39,
    0xc8, 0x31, 0xc8, 0x39, 0xc8, 0x39, 0xe8, 0x39, 0xc8, 0x39, 0xe8, 0x39,
    0xe8, 0x39, 0xe8, 0x39, 0xe8, 0x39, 0xe8, 0x39, 0xe8, 0x39, 0xe8, 0x39,
    0xc8, 0x39, 0xe8, 0x39, 0xc8, 0x39, 0xe8, 0x39, 0xc8, 0x39, 0xe8, 0x39,
    0x04, 0x19, 0x05, 0x21, 0x04, 0x19, 0x05, 0x21, 0x04, 0x19, 0x05, 0x21,
    0x04, 0x21, 0x04, 0x19, 0x05, 0x21, 0xe4, 0x20, 0x05, 0x21, 0x05, 0x19,
    0x04, 0x21, 0xe4, 0x18, 0xe5, 0x18, 0x05, 0x21, 0x04, 0x21, 0x04, 0x21,
    0x05, 0x21, 0x04, 0x21, 0xe4, 0x18, 0x05, 0x21, 0x05, 0x21, 0x04, 0x19,
    0x04, 0x19, 0x05, 0x21, 0x05, 0x21, 0x05, 0x21, 0x25, 0x21, 0x04, 0x19,
    0x04, 0x19, 0xe4, 0x20, 0x25, 0x21, 0x25, 0x21, 0x25, 0x21, 0x25, 0x21,
    0x25, 0x21, 0x25, 0x21, 0x25, 0x21, 0x25, 0x21, 0x25, 0x21, 0x25, 0x21,
    0x45, 0x21, 0x26, 0x29, 0x25, 0x21, 0x45, 0x29, 0x25, 0x21, 0x46, 0x29,
    0x46, 0x29, 0x46, 0x29, 0x25, 0x21, 0x46, 0x29, 0x25, 0x21, 0x45, 0x29,
    0x26, 0x21, 0x46, 0x29, 0x25, 0x21, 0x25, 0x21, 0x46, 0x29, 0x46, 0x29,
    0x45, 0x21, 0x45, 0x29, 0x26, 0x29, 0x46, 0x29, 0x45, 0x21, 0x46, 0x29,
    0x25, 0x21, 0x45, 0x21, 0x46, 0x29, 0x45, 0x21, 0x46, 0x29, 0x46, 0x29,
    0x45, 0x21, 0x46, 0x29, 0x46, 0x29, 0x45, 0x21, 0x46, 0x29, 0x45, 0x21,
    0x45, 0x29, 0x66, 0x29, 0x66, 0x29, 0x66, 0x29, 0x45, 0x21, 0x66, 0x29,
    0x66, 0x29, 0x45, 0x21, 0x45, 0x29, 0x46, 0x29, 0x66, 0x29, 0x66, 0x29,
    0x46, 0x29, 0x66, 0x29, 0x66, 0x29, 0x66, 0x29, 0x66, 0x29, 0x66, 0x29,
    0x66, 0x29, 0x66, 0x29, 0x46, 0x29, 0x46, 0x29, 0x46, 0x29, 0x66, 0x29,
    0x46, 0x29, 0x46, 0x29, 0x66, 0x29, 0x66, 0x29, 0x66, 0x29, 0x66, 0x29,
    0x66, 0x29, 0x67, 0x29, 0x66, 0x29, 0x66, 0x29, 0x67, 0x29, 0x66, 0x29,
    0x66, 0x29, 0x66, 0x29, 0x66, 0x29, 0x66, 0x29, 0x66, 0x29, 0x66, 0x29,
    0x66, 0x29, 0x87, 0x31, 0x66, 0x29, 0x86, 0x29, 0x66, 0x29, 0x66, 0x29,
    0x66, 0x29, 0x67, 0x31, 0x66, 0x29, 0x87, 0x31, 0x66, 0x29, 0x66, 0x29,
    0x66, 0x29, 0x87, 0x31, 0x66, 0x29, 0x66, 0x29, 0x66, 0x29, 0x66, 0x29,
    0x66, 0x29, 0x87, 0x31, 0x66, 0x29, 0x86, 0x31, 0x86, 0x29, 0x87, 0x31,
    0x66, 0x29, 0x86, 0x29, 0x66, 0x29, 0x66, 0x29, 0x87, 0x31, 0x87, 0x31,
    0x66, 0x29, 0x87, 0x31, 0x87, 0x31, 0x86, 0x31, 0x87, 0x29, 0x66, 0x29,
    0x86, 0x29, 0x87, 0x31, 0x87, 0x29, 0x66, 0x29, 0x66, 0x29, 0x87, 0x31,
    0x87, 0x29, 0x87, 0x31, 0x86, 0x31, 0x86, 0x29, 0x87, 0x29, 0x87, 0x31,
    0x87, 0x31, 0x87, 0x31, 0x86, 0x29, 0x87, 0x31, 0x66, 0x29, 0x86, 0x29,
    0x87, 0x31, 0xa7, 0x31, 0xa7, 0x39, 0xc8, 0x39, 0xa7, 0x31, 0xc8, 0x39,
    0xa7, 0x31, 0xc8, 0x31, 0xc8, 0x39, 0xc8, 0x39, 0xa7, 0x31, 0xa7, 0x31,
    0xc8, 0x39, 0xc7, 0x31, 0xc8, 0x39, 0xc8, 0x39, 0xa7, 0x31, 0xc8, 0x39,
    0xc8, 0x39, 0xc7, 0x31, 0xc7, 0x31, 0xc8, 0x31, 0xc8, 0x39, 0xc8, 0x39,
    0xc7, 0x31, 0xe8, 0x39, 0xc8, 0x39, 0xc7, 0x31, 0xc7, 0x31, 0xe8, 0x39,
    0xc8, 0x39, 0xc8, 0x31, 0xc8, 0x39, 0xc8, 0x39, 0xc8, 0x39, 0xc8, 0x39,
    0xc8, 0x39, 0xc7, 0x31, 0xc8, 0x39, 0xc8, 0x39, 0xc8, 0x39, 0xc8, 0x39,
    0xc8, 0x39, 0xc8, 0x39, 0xc8, 0x39, 0xe8, 0x39, 0xc8, 0x39, 0xc8, 0x31,
    0xc8, 0x39, 0xc8, 0x39, 0xe8, 0x39, 0xe8, 0x39, 0xc8, 0x31, 0xc8, 0x39,
    0xe8, 0x39, 0xc8, 0x39, 0xc8, 0x39, 0xc8, 0x39, 0xe8, 0x39, 0xc8, 0x39,
    0xc8, 0x31, 0xe8, 0x39, 0xc8, 0x39, 0xc8, 0x39, 0xe8, 0x39, 0xe8, 0x39,
    0xe4, 0x18, 0x05, 0x21, 0x04, 0x21, 0xe4, 0x18, 0x05, 0x21, 0x05, 0x21,
    0xe4, 0x18, 0x05, 0x21, 0x05, 0x21, 0x05, 0x21, 0x04, 0x19, 0x05, 0x21,
    0x05, 0x21, 0x05, 0x21, 0x05, 0x21, 0x04, 0x19, 0x05, 0x21, 0x05, 0x21,
    0x04, 0x19, 0xe4, 0x18, 0xe4, 0x20, 0x05, 0x21, 0x05, 0x21, 0x05, 0x19,
    0x04, 0x21, 0x05, 0x21, 0x04, 0x21, 0x05, 0x21, 0x04, 0x19, 0x05, 0x21,
    0x05, 0x21, 0x05, 0x19, 0x05, 0x21, 0x25, 0x21, 0x25, 0x21, 0x25, 0x21,
    0x25, 0x21, 0x25, 0x21, 0x26, 0x29, 0x25, 0x21, 0x26, 0x21, 0x25, 0x29,
    0x46, 0x29, 0x45, 0x21, 0x25, 0x21, 0x46, 0x29, 0x46, 0x21, 0x25, 0x21,
    0x25, 0x21, 0x46, 0x29, 0x25, 0x21, 0x46, 0x29, 0x25, 0x21, 0x45, 0x29,
    0x45, 0x21, 0x46, 0x21, 0x45, 0x29, 0x25, 0x21, 0x45, 0x21, 0x46, 0x29,
    0x25, 0x21, 0x46, 0x21, 0x25, 0x21, 0x25, 0x21, 0x46, 0x29, 0x45, 0x29,
    0x46, 0x29, 0x46, 0x29, 0x66, 0x29, 0x46, 0x29, 0x46, 0x29, 0x46, 0x29,
    0x46, 0x29, 0x45, 0x21, 0x45, 0x29, 0x46, 0x29, 0x46, 0x29, 0x46, 0x29,
    0x66, 0x29, 0x45, 0x21, 0x46, 0x29, 0x46, 0x29, 0x45, 0x21, 0x46, 0x29,
    0x66, 0x29, 0x66, 0x29, 0x46, 0x29, 0x66, 0x29, 0x46, 0x29, 0x66, 0x29,
    0x66, 0x29, 0x66, 0x29, 0x46, 0x29, 0x66, 0x29, 0x66, 0x29, 0x67, 0x31,
    0x66, 0x29, 0x66, 0x29, 0x66, 0x29, 0x46, 0x29, 0x66, 0x29, 0x66, 0x29,
    0x46, 0x29, 0x66, 0x29, 0x66, 0x29, 0x66, 0x29, 0x66, 0x29, 0x66, 0x29,
    0x67, 0x31, 0x86, 0x29, 0x87, 0x31, 0x66, 0x29, 0x66, 0x29, 0x86, 0x31,
    0x66, 0x29, 0x66, 0x29, 0x66, 0x29, 0x67, 0x31, 0x66, 0x29, 0x87, 0x31,
    0x67, 0x29, 0x66, 0x29, 0x66, 0x29, 0x87, 0x31, 0x87, 0x31, 0x87, 0x31,
    0x87, 0x31, 0x86, 0x29, 0x66, 0x29, 0x87, 0x31, 0x86, 0x29, 0x66, 0x29,
    0x87, 0x31, 0x66, 0x29, 0x87, 0x31, 0x66, 0x29, 0x87, 0x31, 0x66, 0x29,
    0x86, 0x29, 0x66, 0x29, 0x66, 0x29, 0x66, 0x29, 0x66, 0x29, 0x87, 0x31,
    0x87, 0x31, 0x87, 0x31, 0x87, 0x31, 0x66, 0x29, 0x86, 0x29, 0x86, 0x31,
    0x87, 0x31, 0x66, 0x29, 0x86, 0x29, 0x86, 0x29, 0x87, 0x31, 0x66, 0x29,
    0x87, 0x31, 0x66, 0x29, 0x87, 0x31, 0x66, 0x31, 0x87, 0x31, 0x66, 0x29,
    0x86, 0x29, 0x87, 0x31, 0x87, 0x31, 0x66, 0x29, 0x86, 0x29, 0x87, 0x31,
    0x87, 0x31, 0x86, 0x29, 0x87, 0x31, 0x66, 0x29, 0x87, 0x31, 0x87, 0x31,
    0x87, 0x29, 0xa8, 0x31, 0xa7, 0x31, 0xc8, 0x31, 0xa7, 0x31, 0xa7, 0x31,
    0xc8, 0x39, 0xa7, 0x31, 0xa7, 0x31, 0xc8, 0x31, 0xc8, 0x31, 0xc8, 0x39,
    0xa7, 0x31, 0xc7, 0x39, 0xc8, 0x39, 0xc8, 0x39, 0xa7, 0x31, 0xc7, 0x31,
    0xa7, 0x31, 0xc8, 0x39, 0xc7, 0x31, 0xc7, 0x31, 0xc8, 0x39, 0xc7, 0x31,
    0xc8, 0x39, 0xc7, 0x31, 0xc8, 0x39, 0xc8, 0x39, 0xc8, 0x39, 0xc8, 0x31,
    0xc8, 0x39, 0xc7, 0x31, 0xc8, 0x39, 0xc8, 0x39, 0xc8, 0x39, 0xc7, 0x31,
    0xc8, 0x31, 0xc8, 0x39, 0xc8, 0x39, 0xc8, 0x31, 0xc7, 0x31, 0xe8, 0x39,
    0xc7, 0x31, 0xe8, 0x39, 0xc7, 0x39, 0xc8, 0x39, 0xc7, 0x39, 0xe8, 0x39,
    0xc8, 0x39, 0xc8, 0x31, 0xe8, 0x39, 0xe8, 0x39, 0xc8, 0x39, 0xc8, 0x39,
    0xc8, 0x31, 0xe8, 0x39, 0xc8, 0x39, 0xe8, 0x39, 0xe8, 0x39, 0xc8, 0x39,
    0xc8, 0x39, 0xc8, 0x31, 0xe8, 0x39, 0xe8, 0x39, 0xc8, 0x39, 0xc8, 0x31,
    0xe4, 0x20, 0x05, 0x21, 0x05, 0x21, 0x04, 0x21, 0x05, 0x21, 0x05, 0x21,
    0x04, 0x21, 0x05, 0x21, 0x05, 0x21, 0x05, 0x21, 0x04, 0x21, 0x04, 0x19,
    0x05, 0x21, 0x05, 0x21, 0x04, 0x21, 0x04, 0x19, 0x05, 0x21, 0x05, 0x21,
    0x05, 0x21, 0x05, 0x21, 0x05, 0x21, 0x05, 0x21, 0x04, 0x21, 0x05, 0x21,
    0x04, 0x19, 0x04, 0x19, 0x05, 0x21, 0x04, 0x19, 0x05, 0x21, 0x05, 0x21,
    0x05, 0x21, 0x05, 0x19, 0x04, 0x21, 0x25, 0x21, 0x25, 0x21, 0x26, 0x29,
    0x46, 0x29, 0x46, 0x29, 0x25, 0x21, 0x45, 0x21, 0x25, 0x21, 0x25, 0x21,
    0x25, 0x21, 0x25, 0x21, 0x25, 0x21, 0x25, 0x21, 0x46, 0x29, 0x45, 0x21,
    0x25, 0x21, 0x45, 0x21, 0x25, 0x21, 0x46, 0x29, 0x25, 0x21, 0x46, 0x29,
    0x46, 0x29, 0x25, 0x21, 0x46, 0x29, 0x45, 0x21, 0x46, 0x21, 0x46, 0x29,
    0x45, 0x29, 0x46, 0x21, 0x45, 0x29, 0x46, 0x21, 0x46, 0x29, 0x46, 0x29,
    0x46, 0x21, 0x46, 0x29, 0x46, 0x29, 0x45, 0x21, 0x46, 0x29, 0x46, 0x29,
    0x46, 0x29, 0x46, 0x29, 0x46, 0x21, 0x46, 0x21, 0x45, 0x29, 0x66, 0x29,
    0x46, 0x21, 0x46, 0x29, 0x46, 0x29, 0x66, 0x29, 0x46, 0x29, 0x46, 0x29,
    0x46, 0x29, 0x66, 0x29, 0x66, 0x29, 0x66, 0x29, 0x66, 0x29, 0x66, 0x29,
    0x66, 0x29, 0x66, 0x29, 0x66, 0x29, 0x66, 0x29, 0x66, 0x29, 0x66, 0x29,
    0x66, 0x29, 0x66, 0x29, 0x46, 0x29, 0x46, 0x21, 0x45, 0x29, 0x66, 0x29,
    0x45, 0x21, 0x66, 0x29, 0x46, 0x29, 0x66, 0x29, 0x66, 0x29, 0x66, 0x29,
    0x87, 0x31, 0x66, 0x29, 0x66, 0x29, 0x66, 0x29, 0x66, 0x29, 0x67, 0x29,
    0x66, 0x31, 0x67, 0x29, 0x66, 0x29, 0x66, 0x29, 0x66, 0x29, 0x66, 0x29,
    0x86, 0x31, 0x66, 0x29, 0x66, 0x29, 0x66, 0x29, 0x66, 0x29, 0x66, 0x29,
    0x86, 0x29, 0x66, 0x29, 0x66, 0x29, 0x86, 0x29, 0x66, 0x29, 0x66, 0x29,
    0x67, 0x31, 0x86, 0x29, 0x86, 0x29, 0x66, 0x29, 0x87, 0x31, 0x66, 0x29,
    0x87, 0x31, 0x87, 0x31, 0x66, 0x29, 0x87, 0x31, 0x66, 0x29, 0x66, 0x29,
    0x87, 0x31, 0x87, 0x31, 0x86, 0x29, 0x66, 0x29, 0x66, 0x29, 0x66, 0x29,
    0x86, 0x29, 0x66, 0x29, 0x66, 0x29, 0x66, 0x31, 0x66, 0x29, 0x87, 0x31,
    0x66, 0x29, 0x87, 0x31, 0x66, 0x29, 0x86, 0x29, 0x87, 0x31, 0x86, 0x29,
    0x87, 0x31, 0x87, 0x31, 0x66, 0x29, 0x66, 0x29, 0x87, 0x31, 0x87, 0x31,
    0x87, 0x31, 0x66, 0x29, 0x86, 0x29, 0x66, 0x29, 0x86, 0x29, 0x86, 0x31,
    0x86, 0x31, 0xa7, 0x31, 0xa7, 0x31, 0xc8, 0x39, 0xa7, 0x31, 0xa7, 0x31,
    0xc7, 0x31, 0xa7, 0x39, 0xa7, 0x31, 0xa7, 0x31, 0xc8, 0x39, 0xc8, 0x39,
    0xa7, 0x31, 0xc8, 0x31, 0xc8, 0x39, 0xc7, 0x31, 0xc8, 0x39, 0xc8, 0x39,
    0xc8, 0x39, 0xc8, 0x39, 0xc8, 0x39, 0xc8, 0x39, 0xc8, 0x39, 0xc8, 0x39,
    0xc8, 0x31, 0xc8, 0x39, 0xc7, 0x39, 0xc8, 0x31, 0xc8, 0x39, 0xc7, 0x39,
    0xc7, 0x31, 0xc7, 0x39, 0xc8, 0x39, 0xc7, 0x31, 0xc7, 0x31, 0xc8, 0x39,
    0xc8, 0x39, 0xc8, 0x39, 0xc8, 0x31, 0xc8, 0x39, 0xc7, 0x39, 0xc8, 0x39,
    0xe8, 0x39, 0xc8, 0x31, 0xc8, 0x31, 0xe8, 0x39, 0xc8, 0x31, 0xc8, 0x39,
    0xe8, 0x39, 0xc7, 0x31, 0xc8, 0x39, 0xc8, 0x39, 0xc8, 0x39, 0xc8, 0x39,
    0xc8, 0x31, 0xc8, 0x39, 0xc8, 0x31, 0xc8, 0x39, 0xc8, 0x31, 0xe8, 0x39,
    0xc8, 0x39, 0xc8, 0x39, 0xe8, 0x39, 0xc8, 0x39, 0xe8, 0x39, 0xc8, 0x39,
    0x04, 0x19, 0x05, 0x21, 0x04, 0x19, 0x05, 0x19, 0x04, 0x21, 0x04, 0x19,
    0x05, 0x19, 0x04, 0x19, 0x04, 0x19, 0x04, 0x21, 0x04, 0x19, 0x05, 0x21,
    0x05, 0x21, 0x04, 0x19, 0xe4, 0x18, 0x05, 0x21, 0x04, 0x19, 0xe4, 0x18,
    0xe4, 0x18, 0x04, 0x21, 0x05, 0x19, 0x04, 0x19, 0x04, 0x19, 0x05, 0x21,
    0x05, 0x21, 0x04, 0x19, 0x05, 0x21, 0x05, 0x21, 0x05, 0x21, 0x04, 0x19,
    0x04, 0x19, 0x05, 0x21, 0x05, 0x21, 0x25, 0x21, 0x25, 0x21, 0x25, 0x21,
    0x25, 0x21, 0x25, 0x21, 0x46, 0x29, 0x25, 0x21, 0x25, 0x21, 0x46, 0x29,
    0x46, 0x29, 0x46, 0x21, 0x25, 0x21, 0x25, 0x21, 0x45, 0x29, 0x46, 0x29,
    0x25, 0x21, 0x25, 0x21, 0x46, 0x21, 0x25, 0x21, 0x46, 0x29, 0x46, 0x21,
    0x25, 0x21, 0x45, 0x29, 0x46, 0x29, 0x46, 0x21, 0x25, 0x21, 0x25, 0x21,
    0x46, 0x29, 0x46, 0x29, 0x25, 0x21, 0x46, 0x29, 0x45, 0x21, 0x45, 0x21,
    0x46, 0x29, 0x45, 0x21, 0x45, 0x21, 0x45, 0x21, 0x66, 0x29, 0x45, 0x29,
    0x45, 0x21, 0x46, 0x29, 0x45, 0x21, 0x46, 0x29, 0x66, 0x29, 0x46, 0x29,
    0x46, 0x29, 0x66, 0x29, 0x66, 0x29, 0x45, 0x21, 0x46, 0x29, 0x46, 0x29,
    0x45, 0x21, 0x46, 0x29, 0x46, 0x29, 0x66, 0x29, 0x46, 0x21, 0x66, 0x29,
    0x66, 0x29, 0x46, 0x29, 0x66, 0x29, 0x66, 0x29, 0x66, 0x29, 0x66, 0x29,
    0x66, 0x29, 0x66, 0x29, 0x66, 0x29, 0x46, 0x29, 0x45, 0x21, 0x66, 0x29,
    0x66, 0x29, 0x46, 0x29, 0x46, 0x29, 0x66, 0x29, 0x66, 0x29, 0x66, 0x29,
    0x66, 0x29, 0x66, 0x29, 0x66, 0x29, 0x66, 0x29, 0x66, 0x29, 0x66, 0x29,
    0x66, 0x29, 0x66, 0x31, 0x67, 0x29, 0x86, 0x29, 0x87, 0x31, 0x66, 0x29,
    0x66, 0x29, 0x66, 0x29, 0x66, 0x29, 0x66, 0x29, 0x87, 0x31, 0x66, 0x29,
    0x87, 0x31, 0x87, 0x31, 0x87, 0x31, 0x66, 0x29, 0x66, 0x29, 0x66, 0x29,
    0x66, 0x29, 0x67, 0x31, 0x86, 0x29, 0x87, 0x31, 0x66, 0x29, 0x66, 0x29,
    0x66, 0x29, 0x66, 0x29, 0x66, 0x29, 0x87, 0x31, 0x87, 0x31, 0x86, 0x29,
    0x66, 0x29, 0x66, 0x29, 0x87, 0x29, 0x66, 0x29, 0x67, 0x31, 0x87, 0x31,
    0x86, 0x29, 0x67, 0x29, 0x66, 0x29, 0x87, 0x31, 0x87, 0x29, 0x66, 0x29,
    0x86, 0x29, 0x86, 0x29, 0x87, 0x31, 0x87, 0x31, 0x86, 0x29, 0x87, 0x31,
    0x86, 0x29, 0x66, 0x29, 0x87, 0x29, 0x86, 0x29, 0x66, 0x29, 0x86, 0x29,
    0x86, 0x29, 0x66, 0x29, 0x66, 0x29, 0x67, 0x31, 0x66, 0x29, 0x86, 0x29,
    0x87, 0x31, 0xc8, 0x31, 0xa7, 0x31, 0xc8, 0x39, 0xa7, 0x31, 0xa8, 0x31,
    0xc8, 0x39, 0xc7, 0x31, 0xc8, 0x39, 0xc7, 0x39, 0xc7, 0x31, 0xa7, 0x31,
    0xa7, 0x31, 0xa7, 0x31, 0xa7, 0x31, 0xc7, 0x31, 0xc8, 0x31, 0xc8, 0x39,
    0xc7, 0x31, 0xc7, 0x31, 0xa7, 0x31, 0xc8, 0x39, 0xc7, 0x31, 0xc7, 0x31,
    0xa7, 0x31, 0xa7, 0x31, 0xc8, 0x39, 0xc7, 0x31, 0xc8, 0x39, 0xc8, 0x39,
    0xc8, 0x31, 0xc8, 0x39, 0xc8, 0x31, 0xc8, 0x39, 0xa7, 0x31, 0xc8, 0x39,
    0xc8, 0x39, 0xc7, 0x39, 0xc7, 0x31, 0xc8, 0x39, 0xc8, 0x39, 0xc7, 0x31,
    0xc8, 0x39, 0xc8, 0x39, 0xc7, 0x31, 0xc8, 0x39, 0xc8, 0x39, 0xc8, 0x39,
    0xc8, 0x39, 0xc8, 0x31, 0xc8, 0x31, 0xc7, 0x31, 0xe8, 0x39, 0xc7, 0x31,
    0xc8, 0x39, 0xc7, 0x39, 0xe8, 0x39, 0xc8, 0x39, 0xc8, 0x39, 0xe8, 0x39,
    0xe8, 0x39, 0xe8, 0x39, 0xc7, 0x31, 0xc8, 0x39, 0xc8, 0x39, 0xc8, 0x39,
    0x05, 0x21, 0x04, 0x21, 0x05, 0x19, 0xe4, 0x18, 0x05, 0x21, 0x05, 0x21,
    0x05, 0x21, 0x05, 0x21, 0x05, 0x21, 0x05, 0x21, 0x04, 0x19, 0xe4, 0x18,
    0x04, 0x21, 0xe4, 0x18, 0x05, 0x21, 0x05, 0x21, 0x04, 0x21, 0x05, 0x21,
    0x04, 0x21, 0x05, 0x21, 0x05, 0x21, 0xe4, 0x18, 0x05, 0x21, 0x05, 0x21,
    0x05, 0x21, 0x05, 0x21, 0x04, 0x21, 0x05, 0x21, 0xe4, 0x18, 0x05, 0x21,
    0x05, 0x21, 0x04, 0x19, 0x05, 0x21, 0x25, 0x21, 0x25, 0x21, 0x25, 0x21,
    0x25, 0x21, 0x25, 0x21, 0x25, 0x21, 0x25, 0x21, 0x25, 0x29, 0x46, 0x29,
    0x45, 0x21, 0x45, 0x29, 0x26, 0x29, 0x25, 0x21, 0x25, 0x21, 0x25, 0x21,
    0x26, 0x29, 0x46, 0x29, 0x25, 0x21, 0x45, 0x29, 0x25, 0x21, 0x25, 0x21,
    0x25, 0x21, 0x46, 0x29, 0x45, 0x21, 0x25, 0x21, 0x46, 0x29, 0x25, 0x21,
    0x45, 0x21, 0x46, 0x29, 0x46, 0x29, 0x45, 0x29, 0x25, 0x21, 0x46, 0x29,
    0x46, 0x29, 0x45, 0x21, 0x46, 0x29, 0x46, 0x29, 0x45, 0x21, 0x46, 0x29,
    0x66, 0x29, 0x66, 0x29, 0x45, 0x29, 0x45, 0x21, 0x46, 0x29, 0x45, 0x21,
    0x66, 0x29, 0x46, 0x29, 0x46, 0x29, 0x45, 0x21, 0x46, 0x29, 0x66, 0x29,
    0x66, 0x29, 0x46, 0x29, 0x45, 0x21, 0x46, 0x29, 0x46, 0x29, 0x66, 0x29,
    0x66, 0x29, 0x66, 0x29, 0x66, 0x29, 0x66, 0x29, 0x46, 0x29, 0x66, 0x29,
    0x46, 0x29, 0x66, 0x29, 0x66, 0x29, 0x46, 0x29, 0x66, 0x29, 0x66, 0x29,
    0x46, 0x29, 0x46, 0x29, 0x46, 0x29, 0x66, 0x29, 0x66, 0x29, 0x66, 0x29,
    0x67, 0x31, 0x66, 0x31, 0x66, 0x29, 0x66, 0x29, 0x87, 0x31, 0x66, 0x29,
    0x86, 0x29, 0x66, 0x29, 0x87, 0x31, 0x66, 0x29, 0x66, 0x29, 0x87, 0x31,
    0x66, 0x29, 0x66, 0x29, 0x66, 0x29, 0x66, 0x29, 0x66, 0x29, 0x87, 0x31,
    0x66, 0x29, 0x66, 0x29, 0x87, 0x31, 0x66, 0x29, 0x87, 0x31, 0x87, 0x31,
    0x87, 0x29, 0x66, 0x29, 0x87, 0x31, 0x66, 0x29, 0x66, 0x29, 0x66, 0x29,
    0x87, 0x31, 0x86, 0x29, 0x66, 0x29, 0x66, 0x29, 0x86, 0x29, 0x87, 0x31,
    0x66, 0x29, 0x66, 0x29, 0x87, 0x31, 0x86, 0x31, 0x87, 0x31, 0x86, 0x29,
    0x87, 0x31, 0x87, 0x31, 0x86, 0x29, 0x87, 0x31, 0x66, 0x29, 0x66, 0x29,
    0x66, 0x31, 0x86, 0x29, 0x66, 0x29, 0x66, 0x29, 0x66, 0x29, 0x66, 0x29,
    0x66, 0x31, 0x87, 0x31, 0x87, 0x31, 0x87, 0x31, 0x66, 0x29, 0x87, 0x31,
    0x66, 0x29, 0x66, 0x29, 0x87, 0x31, 0x66, 0x29, 0x87, 0x31, 0x87, 0x31,
    0x87, 0x31, 0xa7, 0x31, 0xa7, 0x31, 0xc8, 0x39, 0xc8, 0x39, 0xa7, 0x31,
    0xc8, 0x31, 0xa8, 0x39, 0xa7, 0x31, 0xa8, 0x31, 0xa7, 0x31, 0xc8, 0x39,
    0xa8, 0x31, 0xc7, 0x39, 0xc8, 0x39, 0xc8, 0x39, 0xa7, 0x31, 0xa7, 0x31,
    0xc8, 0x31, 0xa7, 0x31, 0xc8, 0x39, 0xa8, 0x31, 0xc8, 0x39, 0xc7, 0x39,
    0xc8, 0x31, 0xc8, 0x39, 0xc7, 0x39, 0xc7, 0x31, 0xc8, 0x31, 0xc7, 0x39,
    0xc8, 0x39, 0xa7, 0x31, 0xc8, 0x31, 0xc8, 0x39, 0xc7, 0x31, 0xa7, 0x31,
    0xc8, 0x31, 0xc8, 0x39, 0xc7, 0x31, 0xc8, 0x39, 0xc8, 0x31, 0xc8, 0x39,
    0xc8, 0x39, 0xc8, 0x39, 0xc7, 0x31, 0xc8, 0x39, 0xc8, 0x31, 0xc7, 0x31,
    0xc8, 0x39, 0xc8, 0x39, 0xe8, 0x39, 0xc7, 0x31, 0xc8, 0x39, 0xc8, 0x39,
    0xc8, 0x39, 0xc8, 0x39, 0xc8, 0x31, 0xc7, 0x31, 0xc7, 0x31, 0xc8, 0x39,
    0xc8, 0x39, 0xc8, 0x39, 0xe8, 0x39, 0xc7, 0x31, 0xe8, 0x39, 0xc8, 0x39,
    0x04, 0x21, 0x05, 0x21, 0xe4, 0x20, 0x05, 0x21, 0x05, 0x21, 0x04, 0x21,
    0xe4, 0x20, 0x04, 0x19, 0xe5, 0x20, 0x05, 0x21, 0x05, 0x21, 0x05, 0x21,
    0x05, 0x21, 0x04, 0x21, 0x05, 0x21, 0x05, 0x21, 0x04, 0x19, 0xe4, 0x18,
    0x05, 0x21, 0x04, 0x19, 0x05, 0x21, 0xe4, 0x20, 0x05, 0x21, 0x04, 0x19,
    0x05, 0x21, 0x05, 0x19, 0x04, 0x19, 0x04, 0x19, 0x04, 0x21, 0x05, 0x21,
    0x05, 0x21, 0x05, 0x21, 0x05, 0x21, 0x25, 0x21, 0x25, 0x21, 0x26, 0x29,
    0x25, 0x21, 0x25, 0x21, 0x25, 0x21, 0x25, 0x21, 0x25, 0x21, 0x25, 0x21,
    0x25, 0x21, 0x25, 0x21, 0x25, 0x21, 0x46, 0x29, 0x25, 0x21, 0x45, 0x21,
    0x25, 0x21, 0x45, 0x21, 0x46, 0x29, 0x25, 0x21, 0x25, 0x21, 0x46, 0x29,
    0x45, 0x21, 0x25, 0x21, 0x46, 0x29, 0x46, 0x29, 0x25, 0x21, 0x46, 0x29,
    0x45, 0x29, 0x46, 0x21, 0x25, 0x21, 0x46, 0x29, 0x46, 0x29, 0x45, 0x21,
    0x45, 0x29, 0x46, 0x21, 0x46, 0x29, 0x45, 0x29, 0x46, 0x29, 0x66, 0x29,
    0x45, 0x21, 0x46, 0x29, 0x46, 0x29, 0x46, 0x29, 0x46, 0x21, 0x45, 0x21,
    0x46, 0x29, 0x66, 0x29, 0x45, 0x21, 0x66, 0x29, 0x66, 0x29, 0x46, 0x29,
    0x66, 0x29, 0x66, 0x29, 0x66, 0x29, 0x66, 0x29, 0x66, 0x29, 0x66, 0x29,
    0x46, 0x29, 0x66, 0x29, 0x66, 0x29, 0x67, 0x29, 0x66, 0x31, 0x66, 0x29,
    0x66, 0x29, 0x66, 0x29, 0x66, 0x29, 0x46, 0x29, 0x46, 0x29, 0x45, 0x21,
    0x46, 0x29, 0x46, 0x29, 0x45, 0x21, 0x46, 0x21, 0x66, 0x29, 0x66, 0x29,
    0x46, 0x29, 0x66, 0x29, 0x66, 0x29, 0x66, 0x29, 0x67, 0x31, 0x87, 0x31,
    0x87, 0x31, 0x66, 0x29, 0x86, 0x29, 0x87, 0x31, 0x66, 0x29, 0x66, 0x29,
    0x66, 0x29, 0x66, 0x29, 0x66, 0x29, 0x67, 0x31, 0x66, 0x29, 0x66, 0x29,
    0x86, 0x29, 0x66, 0x29, 0x86, 0x29, 0x66, 0x29, 0x66, 0x29, 0x66, 0x29,
    0x87, 0x31, 0x66, 0x29, 0x66, 0x29, 0x66, 0x29, 0x87, 0x31, 0x87, 0x31,
    0x66, 0x29, 0x87, 0x31, 0x66, 0x29, 0x66, 0x29, 0x66, 0x29, 0x87, 0x29,
    0x66, 0x31, 0x86, 0x29, 0x66, 0x29, 0x66, 0x29, 0x86, 0x29, 0x87, 0x31,
    0x86, 0x31, 0x86, 0x29, 0x87, 0x31, 0x87, 0x31, 0x66, 0x29, 0x86, 0x31,
    0x67, 0x29, 0x67, 0x31, 0x87, 0x31, 0x66, 0x29, 0x87, 0x31, 0x87, 0x29,
    0x87, 0x31, 0x66, 0x29, 0x66, 0x29, 0x66, 0x29, 0x87, 0x31, 0x87, 0x31,
    0x87, 0x31, 0x86, 0x29, 0x66, 0x29, 0x87, 0x31, 0x86, 0x29, 0x66, 0x29,
    0x87, 0x31, 0xc8, 0x31, 0xa7, 0x31, 0xa7, 0x31, 0xa7, 0x31, 0xc7, 0x31,
    0xa7, 0x39, 0xa7, 0x31, 0xc8, 0x31, 0xa7, 0x31, 0xa8, 0x39, 0xa7, 0x31,
    0xa7, 0x31, 0xc8, 0x31, 0xa7, 0x39, 0xa7, 0x31, 0xc8, 0x39, 0xc8, 0x39,
    0xa7, 0x31, 0xa7, 0x31, 0xc8, 0x39, 0xa7, 0x31, 0xc8, 0x31, 0xa7, 0x31,
    0xc8, 0x39, 0xc8, 0x31, 0xc8, 0x39, 0xa7, 0x31, 0xc8, 0x31, 0xc7, 0x39,
    0xc8, 0x39, 0xc8, 0x31, 0xc8, 0x39, 0xc8, 0x39, 0xc8, 0x39, 0xc7, 0x31,
    0xc8, 0x39, 0xc8, 0x31, 0xc8, 0x39, 0xc7, 0x31, 0xc7, 0x31, 0xc7, 0x31,
    0xc8, 0x39, 0xc8, 0x39, 0xc8, 0x39, 0xc7, 0x31, 0xc8, 0x39, 0xc8, 0x39,
    0xc8, 0x31, 0xc8, 0x39, 0xc8, 0x39, 0xc8, 0x39, 0xc8, 0x31, 0xc8, 0x31,
    0xc8, 0x39, 0xc7, 0x31, 0xc8, 0x39, 0xc8, 0x39, 0xc8, 0x39, 0xe8, 0x39,
    0xc8, 0x31, 0xc8, 0x39, 0xc8, 0x31, 0xe8, 0x39, 0xc8, 0x39, 0xc8, 0x31,
    0x05, 0x19, 0x05, 0x21, 0x04, 0x19, 0x04, 0x21, 0x05, 0x21, 0x04, 0x19,
    0x04, 0x19, 0x05, 0x21, 0x04, 0x19, 0xe4, 0x18, 0x05, 0x21, 0x05, 0x21,
    0x04, 0x19, 0x05, 0x19, 0x05, 0x21, 0x04, 0x21, 0x05, 0x21, 0xe5, 0x18,
    0xe4, 0x18, 0x04, 0x21, 0x05, 0x19, 0x05, 0x21, 0x04, 0x21, 0x04, 0x19,
    0x04, 0x21, 0x05, 0x21, 0x05, 0x21, 0x05, 0x21, 0x04, 0x19, 0x05, 0x21,
    0x25, 0x21, 0x04, 0x19, 0x04, 0x21, 0x05, 0x21, 0x25, 0x21, 0x25, 0x21,
    0x25, 0x21, 0x25, 0x21, 0x26, 0x29, 0x25, 0x21, 0x25, 0x21, 0x26, 0x21,
    0x25, 0x21, 0x46, 0x29, 0x46, 0x21, 0x25, 0x21, 0x25, 0x21, 0x26, 0x21,
    0x46, 0x29, 0x25, 0x21, 0x25, 0x21, 0x25, 0x21, 0x46, 0x29, 0x46, 0x29,
    0x25, 0x21, 0x46, 0x29, 0x25, 0x21, 0x25, 0x21, 0x45, 0x21, 0x46, 0x29,
    0x45, 0x29, 0x25, 0x21, 0x25, 0x21, 0x46, 0x21, 0x45, 0x21, 0x46, 0x29,
    0x25, 0x21, 0x45, 0x21, 0x46, 0x21, 0x46, 0x29, 0x46, 0x21, 0x46, 0x21,
    0x25, 0x21, 0x46, 0x29, 0x46, 0x21, 0x45, 0x29, 0x45, 0x21, 0x46, 0x29,
    0x46, 0x29, 0x46, 0x29, 0x66, 0x29, 0x46, 0x29, 0x46, 0x29, 0x66, 0x29,
    0x46, 0x29, 0x66, 0x29, 0x46, 0x29, 0x66, 0x29, 0x66, 0x29, 0x46, 0x29,
    0x66, 0x29, 0x66, 0x29, 0x66, 0x29, 0x66, 0x29, 0x66, 0x29, 0x66, 0x29,
    0x66, 0x29, 0x66, 0x29, 0x66, 0x29, 0x46, 0x29, 0x46, 0x29, 0x66, 0x29,
    0x46, 0x29, 0x46, 0x29, 0x66, 0x29, 0x46, 0x29, 0x46, 0x29, 0x46, 0x29,
    0x66, 0x29, 0x66, 0x29, 0x66, 0x29, 0x66, 0x29, 0x66, 0x29, 0x66, 0x29,
    0x66, 0x29, 0x66, 0x29, 0x66, 0x29, 0x66, 0x31, 0x46, 0x29, 0x66, 0x29,
    0x66, 0x29, 0x67, 0x31, 0x87, 0x31, 0x66, 0x29, 0x66, 0x29, 0x66, 0x29,
    0x66, 0x29, 0x66, 0x29, 0x87, 0x31, 0x66, 0x29, 0x66, 0x31, 0x66, 0x29,
    0x87, 0x31, 0x66, 0x29, 0x66, 0x29, 0x86, 0x31, 0x66, 0x29, 0x87, 0x29,
    0x66, 0x29, 0x66, 0x29, 0x66, 0x29, 0x66, 0x31, 0x66, 0x29, 0x87, 0x29,
    0x66, 0x31, 0x66, 0x29, 0x87, 0x29, 0x66, 0x29, 0x67, 0x29, 0x66, 0x29,
    0x87, 0x31, 0x66, 0x29, 0x66, 0x29, 0x87, 0x31, 0x87, 0x31, 0x86, 0x29,
    0x66, 0x29, 0x66, 0x29, 0x86, 0x29, 0x87, 0x31, 0x66, 0x29, 0x66, 0x29,
    0x66, 0x29, 0x87, 0x31, 0x86, 0x29, 0x66, 0x29, 0x66, 0x29, 0x86, 0x29,
    0x87, 0x31, 0x66, 0x29, 0x66, 0x29, 0x66, 0x29, 0x66, 0x29, 0x66, 0x29,
    0x87, 0x31, 0xc7, 0x31, 0xa8, 0x39, 0xa7, 0x31, 0xa7, 0x31, 0xa7, 0x31,
    0xa7, 0x31, 0xc7, 0x39, 0xa7, 0x31, 0xa7, 0x31, 0xa8, 0x31, 0xc8, 0x39,
    0xa7, 0x31, 0xa8, 0x31, 0xc8, 0x39, 0xc7, 0x31, 0xc7, 0x31, 0xa7, 0x31,
    0xc8, 0x39, 0xa7, 0x31, 0xc8, 0x39, 0xc8, 0x39, 0xa7, 0x31, 0xa7, 0x31,
    0xc8, 0x39, 0xa7, 0x31, 0xa7, 0x31, 0xc8, 0x39, 0xa7, 0x31, 0xa7, 0x31,
    0xc8, 0x31, 0xc7, 0x39, 0xc7, 0x31, 0xc7, 0x31, 0xc8, 0x39, 0xc8, 0x31,
    0xc7, 0x39, 0xc8, 0x39, 0xc8, 0x39, 0xa7, 0x31, 0xc8, 0x39, 0xc8, 0x39,
    0xc8, 0x31, 0xc7, 0x31, 0xc7, 0x39, 0xc7, 0x31, 0xc8, 0x31, 0xc7, 0x39,
    0xc7, 0x31, 0xc7, 0x31, 0xc7, 0x39, 0xc8, 0x39, 0xc8, 0x39, 0xc7, 0x39,
    0xc7, 0x31, 0xc8, 0x31, 0xc8, 0x39, 0xc7, 0x39, 0xc8, 0x31, 0xc8, 0x39,
    0xc7, 0x31, 0xc7, 0x39, 0xc8, 0x39, 0xc8, 0x39, 0xc7, 0x31, 0xc7, 0x31,
    0x05, 0x21, 0xe4, 0x18, 0x04, 0x21, 0x05, 0x19, 0x05, 0x21, 0xe4, 0x20,
    0x05, 0x21, 0x05, 0x21, 0x05, 0x21, 0xe4, 0x18, 0x04, 0x21, 0x05, 0x21,
    0x04, 0x19, 0x05, 0x21, 0xe4, 0x18, 0x04, 0x21, 0x05, 0x21, 0x05, 0x21,
    0x05, 0x21, 0x05, 0x21, 0x04, 0x19, 0x05, 0x21, 0x04, 0x19, 0x05, 0x19,
    0x05, 0x21, 0x04, 0x21, 0x05, 0x21, 0x05, 0x19, 0xe4, 0x18, 0x05, 0x21,
    0x04, 0x19, 0x05, 0x21, 0x05, 0x21, 0x25, 0x21, 0x25, 0x21, 0x25, 0x21,
    0x25, 0x21, 0x25, 0x21, 0x45, 0x21, 0x25, 0x21, 0x46, 0x29, 0x25, 0x21,
    0x45, 0x29, 0x46, 0x21, 0x25, 0x21, 0x45, 0x29, 0x25, 0x21, 0x25, 0x21,
    0x25, 0x29, 0x46, 0x29, 0x45, 0x21, 0x25, 0x21, 0x46, 0x29, 0x45, 0x21,
    0x25, 0x21, 0x46, 0x29, 0x46, 0x29, 0x25, 0x21, 0x25, 0x21, 0x25, 0x21,
    0x26, 0x21, 0x46, 0x29, 0x45, 0x29, 0x46, 0x29, 0x25, 0x21, 0x25, 0x21,
    0x26, 0x29, 0x46, 0x29, 0x25, 0x21, 0x45, 0x29, 0x45, 0x29, 0x46, 0x29,
    0x46, 0x29, 0x45, 0x21, 0x45, 0x21, 0x46, 0x29, 0x46, 0x29, 0x45, 0x29,
    0x45, 0x21, 0x45, 0x21, 0x46, 0x29, 0x66, 0x29, 0x66, 0x29, 0x46, 0x29,
    0x66, 0x29, 0x46, 0x29, 0x45, 0x21, 0x66, 0x29, 0x66, 0x29, 0x66, 0x29,
    0x66, 0x29, 0x66, 0x29, 0x66, 0x29, 0x66, 0x29, 0x87, 0x31, 0x66, 0x29,
    0x66, 0x29, 0x66, 0x29, 0x87, 0x31, 0x66, 0x29, 0x45, 0x21, 0x46, 0x29,
    0x66, 0x29, 0x46, 0x29, 0x66, 0x29, 0x66, 0x29, 0x45, 0x29, 0x66, 0x29,
    0x66, 0x29, 0x66, 0x29, 0x66, 0x29, 0x66, 0x29, 0x66, 0x29, 0x66, 0x29,
    0x66, 0x29, 0x66, 0x29, 0x66, 0x29, 0x66, 0x29, 0x66, 0x29, 0x66, 0x29,
    0x66, 0x29, 0x66, 0x29, 0x66, 0x29, 0x66, 0x29, 0x67, 0x29, 0x87, 0x31,
    0x66, 0x29, 0x66, 0x29, 0x66, 0x29, 0x87, 0x31, 0x87, 0x29, 0x66, 0x29,
    0x87, 0x31, 0x66, 0x29, 0x66, 0x29, 0x87, 0x31, 0x66, 0x29, 0x66, 0x29,
    0x66, 0x29, 0x66, 0x29, 0x66, 0x29, 0x87, 0x31, 0x67, 0x29, 0x86, 0x29,
    0x66, 0x31, 0x66, 0x29, 0x87, 0x31, 0x87, 0x31, 0x66, 0x29, 0x87, 0x31,
    0x66, 0x29, 0x66, 0x29, 0x66, 0x29, 0x66, 0x29, 0x87, 0x29, 0x66, 0x29,
    0x66, 0x29, 0x87, 0x31, 0x87, 0x31, 0x86, 0x31, 0x86, 0x29, 0x66, 0x29,
    0x87, 0x31, 0x87, 0x31, 0x87, 0x31, 0x66, 0x29, 0x66, 0x29, 0x66, 0x29,
    0x86, 0x31, 0x87, 0x31, 0x67, 0x29, 0x86, 0x29, 0x66, 0x29, 0x66, 0x29,
    0x87, 0x31, 0xa7, 0x31, 0xa7, 0x31, 0xa7, 0x31, 0xa8, 0x31, 0xa7, 0x31,
    0xa8, 0x31, 0xc8, 0x39, 0xa7, 0x31, 0xa7, 0x31, 0xa7, 0x31, 0xc8, 0x39,
    0xc7, 0x31, 0xc7, 0x39, 0xa8, 0x31, 0xa7, 0x31, 0xc8, 0x39, 0xc8, 0x39,
    0xc7, 0x39, 0xc8, 0x31, 0xc7, 0x31, 0xa7, 0x31, 0xc7, 0x39, 0xa7, 0x31,
    0xa7, 0x31, 0xa8, 0x31, 0xc8, 0x39, 0xa7, 0x31, 0xc8, 0x39, 0xa7, 0x31,
    0xa8, 0x31, 0xa7, 0x31, 0xa7, 0x39, 0xc8, 0x31, 0xa7, 0x31, 0xa8, 0x39,
    0xa7, 0x31, 0xa7, 0x31, 0xc7, 0x31, 0xc8, 0x39, 0xa7, 0x31, 0xc8, 0x39,
    0xc7, 0x31, 0xc8, 0x39, 0xc8, 0x31, 0xc8, 0x39, 0xc8, 0x39, 0xc8, 0x31,
    0xc8, 0x39, 0xc8, 0x31, 0xc8, 0x39, 0xc7, 0x31, 0xc8, 0x31, 0xc8, 0x39,
    0xc8, 0x39, 0xc8, 0x39, 0xc8, 0x39, 0xe8, 0x39, 0xc7, 0x31, 0xc8, 0x39,
    0xc8, 0x39, 0xe8, 0x39, 0xc8, 0x39, 0xc7, 0x31, 0xc8, 0x39, 0xc8, 0x39,
    0x05, 0x21, 0x04, 0x21, 0x05, 0x21, 0x05, 0x19, 0x04, 0x21, 0x05, 0x19,
    0x05, 0x21, 0x05, 0x21, 0x04, 0x21, 0x05, 0x21, 0x04, 0x21, 0x04, 0x19,
    0x05, 0x21, 0x05, 0x21, 0x05, 0x21, 0x04, 0x19, 0x05, 0x21, 0x04, 0x19,
    0xe4, 0x18, 0x05, 0x21, 0x04, 0x21, 0x04, 0x21, 0x05, 0x21, 0x05, 0x21,
    0x05, 0x21, 0x04, 0x21, 0x05, 0x19, 0x04, 0x21, 0x05, 0x21, 0x04, 0x21,
    0x04, 0x19, 0x05, 0x21, 0x05, 0x21, 0x05, 0x21, 0x25, 0x21, 0x45, 0x21,
    0x26, 0x29, 0x25, 0x21, 0x25, 0x21, 0x25, 0x21, 0x25, 0x21, 0x25, 0x21,
    0x25, 0x21, 0x25, 0x21, 0x25, 0x21, 0x26, 0x29, 0x46, 0x21, 0x25, 0x21,
    0x25, 0x21, 0x26, 0x21, 0x25, 0x21, 0x45, 0x29, 0x26, 0x21, 0x25, 0x21,
    0x45, 0x29, 0x25, 0x21, 0x46, 0x29, 0x45, 0x21, 0x25, 0x21, 0x46, 0x29,
    0x25, 0x21, 0x46, 0x29, 0x25, 0x21, 0x46, 0x29, 0x46, 0x29, 0x45, 0x21,
    0x45, 0x21, 0x46, 0x29, 0x46, 0x29, 0x25, 0x21, 0x25, 0x21, 0x45, 0x29,
    0x46, 0x29, 0x66, 0x29, 0x46, 0x29, 0x46, 0x29, 0x45, 0x21, 0x46, 0x29,
    0x46, 0x29, 0x46, 0x21, 0x46, 0x29, 0x45, 0x29, 0x46, 0x21, 0x46, 0x21,
    0x66, 0x29, 0x66, 0x29, 0x66, 0x29, 0x66, 0x29, 0x46, 0x29, 0x66, 0x29,
    0x66, 0x29, 0x66, 0x29, 0x66, 0x29, 0x66, 0x29, 0x66, 0x29, 0x66, 0x29,
    0x66, 0x29, 0x87, 0x31, 0x66, 0x29, 0x46, 0x29, 0x45, 0x21, 0x46, 0x21,
    0x66, 0x29, 0x45, 0x21, 0x46, 0x29, 0x46, 0x29, 0x45, 0x21, 0x46, 0x29,
    0x46, 0x29, 0x66, 0x29, 0x66, 0x29, 0x46, 0x29, 0x66, 0x29, 0x67, 0x29,
    0x87, 0x31, 0x66, 0x29, 0x66, 0x29, 0x66, 0x29, 0x67, 0x29, 0x66, 0x29,
    0x66, 0x29, 0x66, 0x29, 0x66, 0x29, 0x66, 0x29, 0x66, 0x29, 0x66, 0x29,
    0x67, 0x31, 0x66, 0x29, 0x66, 0x29, 0x66, 0x29, 0x66, 0x29, 0x66, 0x29,
    0x66, 0x29, 0x66, 0x29, 0x66, 0x29, 0x66, 0x29, 0x66, 0x29, 0x67, 0x31,
    0x86, 0x31, 0x87, 0x31, 0x66, 0x29, 0x66, 0x29, 0x66, 0x29, 0x87, 0x31,
    0x86, 0x29, 0x67, 0x29, 0x86, 0x31, 0x86, 0x31, 0x87, 0x29, 0x66, 0x29,
    0x87, 0x31, 0x66, 0x29, 0x66, 0x29, 0x86, 0x31, 0x66, 0x29, 0x87, 0x31,
    0x87, 0x31, 0x66, 0x29, 0x87, 0x29, 0x86, 0x29, 0x66, 0x29, 0x66, 0x29,
    0x86, 0x29, 0x86, 0x29, 0x66, 0x29, 0x66, 0x29, 0x66, 0x29, 0x67, 0x29,
    0x87, 0x31, 0x86, 0x31, 0x66, 0x29, 0x87, 0x31, 0x66, 0x31, 0x66, 0x29,
    0x87, 0x29, 0xa7, 0x31, 0xa7, 0x31, 0xa7, 0x31, 0xa7, 0x31, 0xa7, 0x31,
    0xa7, 0x31, 0xa7, 0x31, 0xa7, 0x31, 0xa7, 0x31, 0xa7, 0x31, 0xc7, 0x31,
    0xa7, 0x31, 0xa7, 0x31, 0xc7, 0x39, 0xa8, 0x31, 0xa8, 0x31, 0xa7, 0x31,
    0xa7, 0x31, 0xc8, 0x39, 0xa7, 0x31, 0xa8, 0x31, 0xa8, 0x31, 0xa7, 0x31,
    0xc8, 0x39, 0xc7, 0x31, 0xc7, 0x39, 0xa7, 0x31, 0xc8, 0x31, 0xc7, 0x39,
    0xa8, 0x39, 0xc8, 0x39, 0xa8, 0x31, 0xc8, 0x39, 0xc8, 0x39, 0xa7, 0x31,
    0xc8, 0x31, 0xc8, 0x39, 0xc8, 0x39, 0xc7, 0x31, 0xc8, 0x39, 0xc8, 0x39,
    0xc7, 0x31, 0xc8, 0x39, 0xa7, 0x31, 0xc8, 0x39, 0xc8, 0x39, 0xc8, 0x39,
    0xc8, 0x39, 0xa7, 0x31, 0xc8, 0x31, 0xc8, 0x39, 0xc8, 0x39, 0xc8, 0x31,
    0xc7, 0x31, 0xc7, 0x31, 0xa7, 0x31, 0xc8, 0x31, 0xc8, 0x39, 0xc7, 0x31,
    0xc8, 0x39, 0xc7, 0x31, 0xc7, 0x31, 0xc8, 0x39, 0xc8, 0x39, 0xc7, 0x39,
    0x05, 0x21, 0x04, 0x19, 0x04, 0x21, 0x05, 0x21, 0xe4, 0x18, 0x04, 0x21,
    0xe4, 0x18, 0x05, 0x21, 0x05, 0x21, 0x04, 0x19, 0x05, 0x21, 0x05, 0x21,
    0x04, 0x21, 0x05, 0x21, 0xe4, 0x18, 0x05, 0x21, 0x04, 0x21, 0x05, 0x21,
    0x04, 0x21, 0x05, 0x21, 0x05, 0x21, 0x04, 0x19, 0xe4, 0x18, 0x05, 0x21,
    0xe4, 0x18, 0x04, 0x19, 0x05, 0x21, 0x05, 0x21, 0x05, 0x21, 0x04, 0x19,
    0x05, 0x21, 0x04, 0x19, 0x05, 0x21, 0x05, 0x21, 0x25, 0x21, 0x25, 0x21,
    0x25, 0x21, 0x25, 0x21, 0x05, 0x21, 0x25, 0x29, 0x25, 0x21, 0x25, 0x21,
    0x46, 0x29, 0x25, 0x21, 0x25, 0x29, 0x25, 0x21, 0x46, 0x29, 0x25, 0x21,
    0x25, 0x21, 0x46, 0x29, 0x25, 0x21, 0x25, 0x21, 0x25, 0x21, 0x46, 0x29,
    0x46, 0x29, 0x25, 0x21, 0x25, 0x21, 0x25, 0x21, 0x46, 0x29, 0x25, 0x21,
    0x46, 0x29, 0x46, 0x29, 0x25, 0x21, 0x46, 0x29, 0x46, 0x29, 0x46, 0x29,
    0x45, 0x21, 0x46, 0x29, 0x45, 0x21, 0x26, 0x21, 0x46, 0x29, 0x46, 0x21,
    0x46, 0x29, 0x45, 0x21, 0x45, 0x21, 0x46, 0x21, 0x46, 0x29, 0x46, 0x29,
    0x45, 0x21, 0x46, 0x29, 0x46, 0x29, 0x46, 0x29, 0x46, 0x29, 0x66, 0x29,
    0x66, 0x29, 0x66, 0x29, 0x66, 0x29, 0x66, 0x29, 0x46, 0x29, 0x46, 0x29,
    0x46, 0x29, 0x66, 0x29, 0x66, 0x29, 0x66, 0x29, 0x66, 0x29, 0x66, 0x29,
    0x66, 0x29, 0x66, 0x29, 0x66, 0x29, 0x66, 0x29, 0x46, 0x29, 0x46, 0x29,
    0x66, 0x29, 0x66, 0x29, 0x45, 0x21, 0x46, 0x29, 0x66, 0x29, 0x66, 0x29,
    0x46, 0x29, 0x46, 0x29, 0x66, 0x29, 0x46, 0x29, 0x66, 0x29, 0x66, 0x29,
    0x66, 0x29, 0x66, 0x31, 0x66, 0x29, 0x66, 0x29, 0x66, 0x29, 0x87, 0x31,
    0x66, 0x29, 0x87, 0x31, 0x66, 0x29, 0x66, 0x29, 0x66, 0x29, 0x66, 0x29,
    0x66, 0x29, 0x87, 0x31, 0x66, 0x29, 0x66, 0x29, 0x66, 0x31, 0x66, 0x29,
    0x66, 0x29, 0x66, 0x29, 0x67, 0x31, 0x66, 0x29, 0x66, 0x29, 0x87, 0x29,
    0x87, 0x31, 0x66, 0x29, 0x66, 0x29, 0x87, 0x31, 0x66, 0x29, 0x86, 0x31,
    0x66, 0x29, 0x66, 0x29, 0x67, 0x29, 0x66, 0x29, 0x66, 0x29, 0x66, 0x29,
    0x66, 0x29, 0x66, 0x29, 0x87, 0x31, 0x87, 0x29, 0x66, 0x29, 0x66, 0x29,
    0x66, 0x29, 0x66, 0x29, 0x66, 0x29, 0x87, 0x31, 0x66, 0x29, 0x66, 0x29,
    0x66, 0x29, 0x87, 0x31, 0x87, 0x31, 0x87, 0x31, 0x66, 0x29, 0x66, 0x29,
    0x86, 0x29, 0x66, 0x29, 0x66, 0x29, 0x66, 0x29, 0x87, 0x31, 0x66, 0x29,
    0x87, 0x31, 0xa7, 0x31, 0xa7, 0x31, 0xa7, 0x31, 0xa7, 0x39, 0xa7, 0x31,
    0xa7, 0x31, 0xa8, 0x31, 0xa7, 0x31, 0xa8, 0x39, 0xa7, 0x31, 0xa8, 0x31,
    0xa8, 0x31, 0xa7, 0x31, 0xc8, 0x39, 0xa7, 0x31, 0xc7, 0x31, 0xa7, 0x31,
    0xc8, 0x39, 0xa7, 0x31, 0xa7, 0x31, 0xa7, 0x39, 0xa7, 0x31, 0xa8, 0x31,
    0xa8, 0x39, 0xc8, 0x39, 0xa7, 0x31, 0xc8, 0x39, 0xc8, 0x39, 0xc7, 0x31,
    0xc7, 0x31, 0xc8, 0x39, 0xc7, 0x31, 0xa7, 0x31, 0xc7, 0x31, 0xc7, 0x31,
    0xc8, 0x39, 0xa7, 0x31, 0xa7, 0x31, 0xc8, 0x31, 0xc8, 0x39, 0xc7, 0x31,
    0xa7, 0x39, 0xa7, 0x31, 0xc8, 0x39, 0xc7, 0x31, 0xc7, 0x31, 0xc7, 0x31,
    0xa7, 0x39, 0xc8, 0x39, 0xc8, 0x39, 0xc7, 0x31, 0xc8, 0x39, 0xa7, 0x31,
    0xc8, 0x39, 0xc8, 0x39, 0xc7, 0x31, 0xc8, 0x39, 0xc8, 0x39, 0xc8, 0x39,
    0xc7, 0x31, 0xc8, 0x31, 0xc8, 0x39, 0xc7, 0x31, 0xc7, 0x31, 0xc8, 0x39,
    0x05, 0x21, 0x04, 0x19, 0x05, 0x21, 0xe4, 0x18, 0x05, 0x21, 0x05, 0x21,
    0xe4, 0x18, 0x04, 0x19, 0x05, 0x21, 0xe4, 0x18, 0x04, 0x19, 0x05, 0x21,
    0xe4, 0x18, 0x04, 0x21, 0x05, 0x21, 0x04, 0x19, 0x05, 0x21, 0x04, 0x21,
    0x05, 0x19, 0x05, 0x21, 0x05, 0x21, 0x05, 0x19, 0x05, 0x21, 0xe4, 0x20,
    0x05, 0x21, 0x05, 0x21, 0x04, 0x19, 0x05, 0x21, 0x05, 0x21, 0x25, 0x21,
    0x05, 0x21, 0x04, 0x19, 0x04, 0x19, 0x05, 0x21, 0x25, 0x21, 0x25, 0x21,
    0x25, 0x21, 0x46, 0x21, 0x25, 0x21, 0x25, 0x21, 0x25, 0x21, 0x25, 0x21,
    0x25, 0x21, 0x25, 0x21, 0x25, 0x21, 0x25, 0x21, 0x46, 0x29, 0x45, 0x21,
    0x25, 0x21, 0x25, 0x21, 0x46, 0x29, 0x25, 0x21, 0x25, 0x21, 0x25, 0x21,
    0x46, 0x21, 0x45, 0x21, 0x46, 0x29, 0x46, 0x29, 0x25, 0x21, 0x45, 0x21,
    0x45, 0x21, 0x46, 0x21, 0x45, 0x21, 0x45, 0x21, 0x46, 0x29, 0x45, 0x21,
    0x46, 0x29, 0x25, 0x21, 0x45, 0x21, 0x46, 0x29, 0x46, 0x29, 0x45, 0x29,
    0x46, 0x29, 0x45, 0x21, 0x45, 0x29, 0x46, 0x29, 0x46, 0x29, 0x45, 0x21,
    0x66, 0x29, 0x66, 0x29, 0x66, 0x29, 0x45, 0x21, 0x66, 0x29, 0x66, 0x29,
    0x66, 0x29, 0x46, 0x29, 0x46, 0x29, 0x66, 0x29, 0x45, 0x21, 0x66, 0x29,
    0x66, 0x29, 0x66, 0x29, 0x46, 0x29, 0x66, 0x29, 0x66, 0x29, 0x66, 0x29,
    0x66, 0x29, 0x67, 0x31, 0x66, 0x29, 0x66, 0x29, 0x66, 0x29, 0x46, 0x29,
    0x46, 0x29, 0x45, 0x29, 0x46, 0x29, 0x46, 0x29, 0x46, 0x21, 0x46, 0x29,
    0x66, 0x29, 0x66, 0x29, 0x46, 0x29, 0x66, 0x29, 0x46, 0x29, 0x46, 0x29,
    0x66, 0x29, 0x66, 0x29, 0x66, 0x29, 0x46, 0x29, 0x66, 0x29, 0x66, 0x29,
    0x66, 0x29, 0x67, 0x31, 0x66, 0x29, 0x66, 0x29, 0x66, 0x29, 0x86, 0x31,
    0x66, 0x29, 0x66, 0x29, 0x66, 0x29, 0x66, 0x29, 0x66, 0x29, 0x66, 0x29,
    0x66, 0x29, 0x67, 0x29, 0x87, 0x31, 0x86, 0x31, 0x66, 0x29, 0x66, 0x29,
    0x87, 0x31, 0x66, 0x29, 0x66, 0x29, 0x66, 0x29, 0x66, 0x29, 0x66, 0x29,
    0x66, 0x29, 0x87, 0x31, 0x66, 0x29, 0x66, 0x29, 0x66, 0x31, 0x87, 0x31,
    0x66, 0x29, 0x66, 0x29, 0x66, 0x29, 0x66, 0x29, 0x66, 0x29, 0x66, 0x29,
    0x87, 0x31, 0x87, 0x31, 0x66, 0x29, 0x66, 0x31, 0x67, 0x29, 0x66, 0x29,
    0x87, 0x31, 0x66, 0x29, 0x66, 0x29, 0x66, 0x29, 0x66, 0x29, 0x87, 0x31,
    0x87, 0x31, 0x87, 0x29, 0x66, 0x29, 0x66, 0x29, 0x87, 0x29, 0x66, 0x29,
    0x66, 0x29, 0xa7, 0x31, 0xa8, 0x31, 0xa8, 0x39, 0xa7, 0x31, 0xa7, 0x31,
    0xa8, 0x39, 0xa7, 0x31, 0xa8, 0x31, 0xa7, 0x31, 0xa7, 0x31, 0xa7, 0x31,
    0xa7, 0x31, 0xa8, 0x39, 0xa7, 0x31, 0xc7, 0x39, 0xc8, 0x39, 0xa7, 0x31,
    0xa7, 0x31, 0xa8, 0x31, 0xa7, 0x31, 0xa7, 0x31, 0xc7, 0x31, 0xa7, 0x31,
    0xa7, 0x31, 0xa7, 0x31, 0xc8, 0x31, 0xa7, 0x31, 0xa7, 0x31, 0xc8, 0x39,
    0xa7, 0x31, 0xc8, 0x39, 0xc7, 0x39, 0xa8, 0x31, 0xa7, 0x31, 0xa8, 0x39,
    0xc8, 0x39, 0xa7, 0x31, 0xc8, 0x39, 0xa7, 0x31, 0xa7, 0x31, 0xc8, 0x39,
    0xa8, 0x31, 0xc8, 0x39, 0xc8, 0x39, 0xa7, 0x31, 0xa8, 0x31, 0xc8, 0x39,
    0xc8, 0x31, 0xa7, 0x31, 0xa7, 0x31, 0xc8, 0x39, 0xc8, 0x39, 0xc8, 0x39,
    0xc8, 0x39, 0xc8, 0x39, 0xc8, 0x39, 0xc7, 0x31, 0xa7, 0x31, 0xc8, 0x39,
    0xc7, 0x39, 0xc8, 0x39, 0xc8, 0x39, 0xc8, 0x31, 0xc8, 0x39, 0xc8, 0x31,
    0x04, 0x21, 0x05, 0x21, 0x05, 0x21, 0x04, 0x21, 0xe4, 0x18, 0x05, 0x21,
    0xe4, 0x18, 0x05, 0x21, 0x04, 0x21, 0x05, 0x21, 0x05, 0x21, 0x05, 0x21,
    0x04, 0x19, 0x05, 0x21, 0xe4, 0x18, 0xe4, 0x18, 0x05, 0x21, 0x04, 0x19,
    0xe4, 0x18, 0x04, 0x21, 0xe4, 0x18, 0x04, 0x21, 0x05, 0x19, 0x04, 0x21,
    0x04, 0x21, 0xe4, 0x18, 0x05, 0x21, 0x04, 0x19, 0x25, 0x21, 0x05, 0x19,
    0x05, 0x21, 0x05, 0x21, 0x05, 0x21, 0x05, 0x21, 0x25, 0x21, 0x25, 0x21,
    0x25, 0x29, 0x25, 0x21, 0x25, 0x21, 0x26, 0x21, 0x25, 0x21, 0x46, 0x29,
    0x25, 0x21, 0x25, 0x21, 0x26, 0x21, 0x25, 0x21, 0x45, 0x29, 0x25, 0x21,
    0x25, 0x21, 0x25, 0x21, 0x25, 0x21, 0x46, 0x29, 0x45, 0x29, 0x46, 0x29,
    0x25, 0x21, 0x25, 0x21, 0x46, 0x29, 0x25, 0x21, 0x25, 0x21, 0x46, 0x29,
    0x46, 0x29, 0x25, 0x21, 0x45, 0x29, 0x25, 0x21, 0x46, 0x21, 0x46, 0x29,
    0x46, 0x29, 0x46, 0x29, 0x25, 0x21, 0x45, 0x29, 0x46, 0x29, 0x45, 0x21,
    0x46, 0x21, 0x46, 0x29, 0x46, 0x29, 0x46, 0x29, 0x46, 0x29, 0x66, 0x29,
    0x46, 0x29, 0x46, 0x29, 0x45, 0x21, 0x46, 0x29, 0x46, 0x29, 0x46, 0x29,
    0x66, 0x29, 0x46, 0x29, 0x46, 0x29, 0x66, 0x29, 0x46, 0x29, 0x66, 0x29,
    0x66, 0x29, 0x46, 0x29, 0x66, 0x29, 0x66, 0x29, 0x67, 0x31, 0x66, 0x29,
    0x46, 0x29, 0x66, 0x29, 0x66, 0x29, 0x66, 0x29, 0x66, 0x29, 0x46, 0x29,
    0x46, 0x29, 0x45, 0x21, 0x46, 0x29, 0x66, 0x29, 0x66, 0x29, 0x46, 0x29,
    0x46, 0x29, 0x66, 0x29, 0x46, 0x21, 0x66, 0x29, 0x66, 0x29, 0x66, 0x29,
    0x66, 0x29, 0x66, 0x29, 0x66, 0x29, 0x46, 0x29, 0x66, 0x29, 0x66, 0x29,
    0x66, 0x29, 0x66, 0x29, 0x66, 0x29, 0x66, 0x29, 0x66, 0x29, 0x66, 0x29,
    0x66, 0x29, 0x67, 0x29, 0x66, 0x31, 0x67, 0x29, 0x66, 0x29, 0x66, 0x31,
    0x66, 0x29, 0x66, 0x29, 0x66, 0x29, 0x66, 0x29, 0x66, 0x29, 0x86, 0x29,
    0x66, 0x29, 0x66, 0x29, 0x66, 0x29, 0x66, 0x29, 0x67, 0x31, 0x66, 0x29,
    0x66, 0x29, 0x66, 0x29, 0x66, 0x29, 0x87, 0x31, 0x66, 0x29, 0x66, 0x29,
    0x87, 0x29, 0x86, 0x31, 0x66, 0x29, 0x66, 0x29, 0x66, 0x29, 0x87, 0x31,
    0x66, 0x29, 0x86, 0x29, 0x86, 0x31, 0x66, 0x29, 0x66, 0x29, 0x66, 0x29,
    0x66, 0x29, 0x66, 0x29, 0x66, 0x29, 0x66, 0x31, 0x86, 0x29, 0x66, 0x29,
    0x87, 0x31, 0x66, 0x31, 0x66, 0x29, 0x66, 0x29, 0x87, 0x31, 0x66, 0x29,
    0x66, 0x29, 0x87, 0x31, 0xa7, 0x31, 0xa7, 0x31, 0xa8, 0x31, 0xa7, 0x31,
    0xa7, 0x31, 0xa7, 0x31, 0xa7, 0x31, 0xa7, 0x31, 0xa7, 0x31, 0xa7, 0x39,
    0xa7, 0x31, 0xa7, 0x31, 0xa7, 0x31, 0xa7, 0x31, 0xa8, 0x31, 0xa7, 0x31,
    0xa7, 0x31, 0xa7, 0x39, 0xa8, 0x31, 0xa7, 0x31, 0xa7, 0x39, 0xc8, 0x39,
    0xc8, 0x39, 0xa7, 0x31, 0xc8, 0x39, 0xc8, 0x39, 0xa7, 0x31, 0xa8, 0x31,
    0xc8, 0x39, 0xa7, 0x31, 0xa7, 0x31, 0xa8, 0x31, 0xc8, 0x39, 0xc7, 0x31,
    0xa7, 0x31, 0xc8, 0x39, 0xc7, 0x31, 0xa7, 0x39, 0xa7, 0x31, 0xc8, 0x39,
    0xc7, 0x31, 0xc7, 0x31, 0xc8, 0x39, 0xc8, 0x39, 0xc8, 0x39, 0xa7, 0x31,
    0xc8, 0x39, 0xc7, 0x31, 0xc8, 0x39, 0xc8, 0x31, 0xa7, 0x31, 0xc8, 0x39,
    0xc7, 0x31, 0xc7, 0x31, 0xc8, 0x39, 0xc7, 0x31, 0xa7, 0x31, 0xc8, 0x31,
    0xa7, 0x31, 0xa7, 0x31, 0xc7, 0x31, 0xc8, 0x39, 0xc7, 0x39, 0xc7, 0x39,
    0x05, 0x21, 0x05, 0x21, 0x05, 0x21, 0x04, 0x19, 0x05, 0x21, 0x05, 0x21,
    0x04, 0x21, 0x05, 0x21, 0x05, 0x21, 0x04, 0x19, 0x04, 0x21, 0xe4, 0x18,
    0x05, 0x21, 0x05, 0x21, 0x05, 0x21, 0x04, 0x21, 0x05, 0x21, 0x05, 0x21,
    0x05, 0x21, 0x04, 0x21, 0x05, 0x21, 0x05, 0x19, 0x05, 0x21, 0x04, 0x19,
    0x05, 0x21, 0x05, 0x19, 0x05, 0x21, 0x05, 0x21, 0x04, 0x21, 0x04, 0x19,
    0x04, 0x19, 0x05, 0x21, 0x04, 0x21, 0x05, 0x21, 0x05, 0x21, 0x25, 0x21,
    0x25, 0x21, 0x25, 0x21, 0x46, 0x29, 0x25, 0x21, 0x25, 0x21, 0x25, 0x21,
    0x25, 0x21, 0x26, 0x29, 0x25, 0x21, 0x46, 0x29, 0x46, 0x29, 0x46, 0x21,
    0x46, 0x29, 0x25, 0x21, 0x25, 0x21, 0x46, 0x29, 0x46, 0x21, 0x45, 0x29,
    0x25, 0x21, 0x26, 0x21, 0x45, 0x29, 0x46, 0x29, 0x25, 0x21, 0x45, 0x21,
    0x26, 0x29, 0x25, 0x21, 0x46, 0x29, 0x25, 0x21, 0x25, 0x21, 0x46, 0x29,
    0x45, 0x21, 0x46, 0x29, 0x45, 0x21, 0x46, 0x29, 0x45, 0x21, 0x46, 0x29,
    0x25, 0x21, 0x45, 0x21, 0x46, 0x29, 0x46, 0x21, 0x45, 0x29, 0x46, 0x29,
    0x46, 0x29, 0x46, 0x29, 0x66, 0x29, 0x45, 0x21, 0x66, 0x29, 0x46, 0x29,
    0x66, 0x29, 0x45, 0x21, 0x66, 0x29, 0x66, 0x29, 0x46, 0x29, 0x66, 0x29,
    0x66, 0x29, 0x66, 0x29, 0x66, 0x29, 0x66, 0x29, 0x66, 0x29, 0x66, 0x29,
    0x66, 0x29, 0x66, 0x29, 0x66, 0x29, 0x66, 0x29, 0x46, 0x29, 0x66, 0x29,
    0x46, 0x29, 0x45, 0x21, 0x66, 0x29, 0x46, 0x29, 0x45, 0x29, 0x46, 0x21,
    0x66, 0x29, 0x45, 0x21, 0x46, 0x29, 0x46, 0x29, 0x66, 0x29, 0x66, 0x29,
    0x46, 0x29, 0x66, 0x29, 0x66, 0x29, 0x66, 0x29, 0x67, 0x29, 0x66, 0x29,
    0x66, 0x29, 0x66, 0x29, 0x66, 0x29, 0x66, 0x29, 0x66, 0x29, 0x66, 0x29,
    0x67, 0x29, 0x66, 0x29, 0x66, 0x29, 0x66, 0x29, 0x66, 0x29, 0x66, 0x29,
    0x66, 0x29, 0x66, 0x29, 0x66, 0x29, 0x66, 0x29, 0x66, 0x29, 0x66, 0x29,
    0x66, 0x29, 0x67, 0x31, 0x66, 0x29, 0x66, 0x29, 0x66, 0x29, 0x66, 0x29,
    0x66, 0x29, 0x86, 0x29, 0x67, 0x31, 0x87, 0x29, 0x66, 0x29, 0x66, 0x29,
    0x66, 0x29, 0x87, 0x31, 0x66, 0x29, 0x66, 0x29, 0x87, 0x31, 0x66, 0x29,
    0x66, 0x29, 0x87, 0x31, 0x66, 0x29, 0x87, 0x29, 0x66, 0x31, 0x87, 0x31,
    0x66, 0x29, 0x87, 0x31, 0x87, 0x31, 0x66, 0x29, 0x87, 0x31, 0x66, 0x29,
    0x66, 0x29, 0x87, 0x29, 0x86, 0x31, 0x66, 0x29, 0x66, 0x29, 0x66, 0x31,
    0x87, 0x31, 0xa7, 0x31, 0xa7, 0x31, 0xa7, 0x31, 0xa7, 0x39, 0xc8, 0x31,
    0xa7, 0x31, 0xa7, 0x39, 0xa7, 0x31, 0xa7, 0x31, 0xa7, 0x31, 0xa7, 0x31,
    0xa8, 0x31, 0xc8, 0x39, 0xa7, 0x31, 0xa7, 0x31, 0xa7, 0x31, 0xa7, 0x31,
    0xc8, 0x39, 0xa7, 0x31, 0xa7, 0x31, 0xc8, 0x39, 0xa8, 0x31, 0xc7, 0x31,
    0xa7, 0x31, 0xa7, 0x31, 0xc7, 0x39, 0xc7, 0x31, 0xa7, 0x31, 0xc7, 0x31,
    0xc8, 0x31, 0xa7, 0x31, 0xa7, 0x31, 0xc8, 0x39, 0xc7, 0x31, 0xa7, 0x31,
    0xa8, 0x31, 0xa7, 0x31, 0xc7, 0x31, 0xc8, 0x39, 0xc8, 0x31, 0xa7, 0x31,
    0xc8, 0x39, 0xa7, 0x31, 0xa7, 0x31, 0xc8, 0x31, 0xc7, 0x31, 0xc8, 0x39,
    0xc8, 0x31, 0xa7, 0x31, 0xc7, 0x39, 0xc8, 0x31, 0xa7, 0x31, 0xc7, 0x31,
    0xa8, 0x31, 0xa7, 0x31, 0xc8, 0x31, 0xc8, 0x39, 0xa7, 0x39, 0xc8, 0x31,
    0xc8, 0x39, 0xa7, 0x31, 0xc8, 0x39, 0xc8, 0x31, 0xa7, 0x31, 0xc8, 0x39,
    0x04, 0x19, 0x05, 0x21, 0x04, 0x19, 0x05, 0x21, 0x05, 0x21, 0x05, 0x21,
    0x04, 0x19, 0x05, 0x21, 0x05, 0x21, 0x05, 0x21, 0x04, 0x19, 0x05, 0x21,
    0x05, 0x21, 0x04, 0x21, 0x05, 0x19, 0x05, 0x21, 0x04, 0x19, 0xe5, 0x20,
    0xe4, 0x18, 0xe4, 0x18, 0x05, 0x21, 0x04, 0x21, 0x05, 0x21, 0x05, 0x21,
    0x04, 0x19, 0x04, 0x21, 0x05, 0x21, 0x04, 0x21, 0x05, 0x21, 0x05, 0x21,
    0x05, 0x21, 0x05, 0x21, 0x04, 0x19, 0x25, 0x21, 0x25, 0x21, 0x25, 0x21,
    0x45, 0x21, 0x25, 0x21, 0x25, 0x21, 0x25, 0x21, 0x25, 0x21, 0x25, 0x21,
    0x25, 0x21, 0x25, 0x21, 0x25, 0x21, 0x45, 0x21, 0x25, 0x21, 0x25, 0x21,
    0x25, 0x21, 0x46, 0x29, 0x25, 0x21, 0x25, 0x21, 0x25, 0x21, 0x25, 0x21,
    0x25, 0x21, 0x25, 0x21, 0x46, 0x29, 0x46, 0x29, 0x45, 0x21, 0x46, 0x29,
    0x25, 0x21, 0x25, 0x21, 0x25, 0x21, 0x25, 0x21, 0x45, 0x29, 0x46, 0x29,
    0x45, 0x21, 0x45, 0x21, 0x46, 0x29, 0x46, 0x21, 0x45, 0x29, 0x46, 0x21,
    0x46, 0x29, 0x46, 0x29, 0x45, 0x21, 0x46, 0x29, 0x46, 0x29, 0x66, 0x29,
    0x66, 0x21, 0x45, 0x29, 0x66, 0x29, 0x66, 0x29, 0x45, 0x21, 0x46, 0x29,
    0x66, 0x29, 0x45, 0x21, 0x66, 0x29, 0x46, 0x29, 0x45, 0x29, 0x46, 0x29,
    0x66, 0x29, 0x66, 0x29, 0x66, 0x29, 0x66, 0x29, 0x46, 0x29, 0x46, 0x29,
    0x66, 0x29, 0x66, 0x29, 0x66, 0x29, 0x66, 0x29, 0x46, 0x29, 0x46, 0x29,
    0x66, 0x29, 0x46, 0x29, 0x66, 0x29, 0x66, 0x29, 0x46, 0x29, 0x66, 0x29,
    0x45, 0x29, 0x46, 0x29, 0x45, 0x29, 0x66, 0x29, 0x46, 0x29, 0x66, 0x29,
    0x46, 0x29, 0x46, 0x29, 0x46, 0x29, 0x66, 0x29, 0x66, 0x29, 0x66, 0x29,
    0x66, 0x29, 0x66, 0x29, 0x46, 0x29, 0x66, 0x29, 0x66, 0x29, 0x66, 0x31,
    0x66, 0x29, 0x66, 0x29, 0x66, 0x29, 0x66, 0x29, 0x66, 0x29, 0x67, 0x29,
    0x66, 0x29, 0x66, 0x29, 0x66, 0x29, 0x66, 0x29, 0x67, 0x31, 0x66, 0x29,
    0x66, 0x29, 0x66, 0x29, 0x66, 0x29, 0x66, 0x29, 0x87, 0x31, 0x66, 0x29,
    0x67, 0x29, 0x66, 0x29, 0x66, 0x29, 0x66, 0x29, 0x66, 0x29, 0x86, 0x31,
    0x66, 0x29, 0x67, 0x29, 0x66, 0x29, 0x66, 0x29, 0x66, 0x29, 0x87, 0x31,
    0x66, 0x29, 0x87, 0x31, 0x66, 0x29, 0x67, 0x29, 0x66, 0x29, 0x87, 0x31,
    0x66, 0x29, 0x87, 0x29, 0x66, 0x29, 0x66, 0x29, 0x66, 0x29, 0x66, 0x29,
    0x66, 0x29, 0x66, 0x29, 0x87, 0x31, 0x66, 0x29, 0x66, 0x29, 0x66, 0x29,
    0x66, 0x29, 0xa7, 0x31, 0xa7, 0x31, 0xa7, 0x31, 0xa7, 0x31, 0xa7, 0x31,
    0xa7, 0x31, 0xa8, 0x31, 0xa7, 0x31, 0xa7, 0x31, 0xa7, 0x31, 0xa8, 0x31,
    0x87, 0x31, 0xa7, 0x31, 0xc8, 0x39, 0x87, 0x31, 0xa7, 0x31, 0xa7, 0x31,
    0xa8, 0x31, 0xa7, 0x31, 0xc7, 0x31, 0xa7, 0x31, 0xa8, 0x31, 0xa7, 0x31,
    0xa7, 0x31, 0xa7, 0x31, 0xc8, 0x31, 0xa7, 0x31, 0xa7, 0x31, 0xa7, 0x39,
    0xa7, 0x31, 0xa8, 0x31, 0xc8, 0x39, 0xa7, 0x31, 0xa7, 0x31, 0xc8, 0x39,
    0xa7, 0x31, 0xa8, 0x31, 0xa7, 0x31, 0xc8, 0x39, 0xa7, 0x31, 0xc7, 0x31,
    0xc8, 0x39, 0xa7, 0x31, 0xc7, 0x39, 0xa7, 0x31, 0xc7, 0x39, 0xa7, 0x31,
    0xa8, 0x31, 0xc8, 0x39, 0xa7, 0x31, 0xc8, 0x39, 0xc8, 0x39, 0xc7, 0x39,
    0xa7, 0x31, 0xc8, 0x39, 0xc8, 0x39, 0xc8, 0x31, 0xa7, 0x31, 0xa7, 0x39,
    0xc8, 0x39, 0xa7, 0x31, 0xc8, 0x39, 0xc8, 0x31, 0xa7, 0x31, 0xc8, 0x39,
    0x05, 0x21, 0x04, 0x21, 0xe4, 0x18, 0x05, 0x21, 0x04, 0x21, 0x05, 0x21,
    0x05, 0x19, 0x04, 0x19, 0x04, 0x21, 0xe4, 0x18, 0x05, 0x21, 0x05, 0x19,
    0xe4, 0x18, 0x04, 0x21, 0xe4, 0x18, 0xe4, 0x18, 0x05, 0x21, 0x05, 0x21,
    0xe4, 0x18, 0x05, 0x21, 0xe4, 0x18, 0x04, 0x21, 0x04, 0x19, 0x05, 0x21,
    0x05, 0x21, 0xe4, 0x18, 0xe4, 0x18, 0x05, 0x21, 0x04, 0x19, 0x05, 0x19,
    0x05, 0x21, 0x04, 0x21, 0x05, 0x21, 0x05, 0x21, 0x25, 0x21, 0x25, 0x21,
    0x46, 0x29, 0x25, 0x21, 0x25, 0x21, 0x25, 0x21, 0x25, 0x21, 0x25, 0x29,
    0x25, 0x21, 0x25, 0x21, 0x25, 0x21, 0x25, 0x21, 0x25, 0x21, 0x25, 0x21,
    0x25, 0x21, 0x25, 0x21, 0x25, 0x29, 0x25, 0x21, 0x26, 0x21, 0x46, 0x29,
    0x25, 0x21, 0x45, 0x21, 0x46, 0x29, 0x25, 0x21, 0x46, 0x29, 0x46, 0x21,
    0x45, 0x29, 0x25, 0x21, 0x25, 0x21, 0x46, 0x29, 0x46, 0x29, 0x45, 0x21,
    0x25, 0x21, 0x46, 0x29, 0x46, 0x29, 0x45, 0x29, 0x25, 0x21, 0x25, 0x21,
    0x46, 0x29, 0x46, 0x29, 0x45, 0x21, 0x66, 0x29, 0x45, 0x21, 0x45, 0x21,
    0x46, 0x29, 0x46, 0x29, 0x46, 0x29, 0x66, 0x29, 0x46, 0x29, 0x45, 0x21,
    0x46, 0x29, 0x46, 0x29, 0x66, 0x29, 0x46, 0x29, 0x66, 0x29, 0x66, 0x29,
    0x46, 0x29, 0x66, 0x29, 0x46, 0x29, 0x66, 0x29, 0x66, 0x29, 0x46, 0x29,
    0x66, 0x29, 0x66, 0x29, 0x66, 0x29, 0x66, 0x29, 0x46, 0x29, 0x45, 0x21,
    0x46, 0x21, 0x46, 0x29, 0x45, 0x21, 0x46, 0x29, 0x46, 0x21, 0x66, 0x29,
    0x66, 0x29, 0x46, 0x21, 0x66, 0x29, 0x46, 0x29, 0x66, 0x29, 0x45, 0x21,
    0x46, 0x29, 0x66, 0x29, 0x66, 0x29, 0x46, 0x29, 0x66, 0x29, 0x66, 0x31,
    0x66, 0x29, 0x66, 0x29, 0x66, 0x29, 0x66, 0x29, 0x46, 0x29, 0x67, 0x29,
    0x66, 0x29, 0x66, 0x29, 0x66, 0x31, 0x67, 0x31, 0x66, 0x29, 0x66, 0x29,
    0x66, 0x29, 0x87, 0x31, 0x66, 0x29, 0x66, 0x29, 0x66, 0x29, 0x66, 0x29,
    0x66, 0x29, 0x66, 0x29, 0x67, 0x29, 0x66, 0x29, 0x66, 0x29, 0x66, 0x29,
    0x66, 0x31, 0x66, 0x29, 0x87, 0x31, 0x66, 0x29, 0x66, 0x29, 0x87, 0x31,
    0x86, 0x31, 0x66, 0x29, 0x66, 0x29, 0x66, 0x31, 0x66, 0x29, 0x66, 0x29,
    0x66, 0x29, 0x66, 0x29, 0x86, 0x31, 0x66, 0x29, 0x66, 0x29, 0x86, 0x29,
    0x87, 0x31, 0x66, 0x29, 0x66, 0x29, 0x66, 0x29, 0x66, 0x29, 0x67, 0x29,
    0x66, 0x31, 0x87, 0x29, 0x66, 0x29, 0x66, 0x29, 0x66, 0x29, 0x66, 0x29,
    0x66, 0x29, 0xa7, 0x31, 0xa7, 0x31, 0xa7, 0x31, 0xa7, 0x31, 0x87, 0x31,
    0xa7, 0x31, 0x87, 0x31, 0xa7, 0x31, 0xa8, 0x31, 0xa7, 0x31, 0xa7, 0x31,
    0xa7, 0x31, 0xa7, 0x31, 0xa7, 0x31, 0xa7, 0x31, 0xa7, 0x31, 0xa7, 0x39,
    0xa7, 0x31, 0xa7, 0x31, 0xa8, 0x39, 0xa7, 0x31, 0xa7, 0x31, 0xa7, 0x31,
    0xa8, 0x39, 0xa7, 0x31, 0xa8, 0x31, 0xa7, 0x39, 0xc8, 0x39, 0xa7, 0x31,
    0xa7, 0x31, 0xa7, 0x39, 0xa7, 0x31, 0xc8, 0x31, 0xa7, 0x31, 0xa7, 0x39,
    0xc7, 0x39, 0xc7, 0x31, 0xc8, 0x39, 0xa7, 0x31, 0xa7, 0x31, 0xa8, 0x31,
    0xc8, 0x31, 0xa7, 0x31, 0xc8, 0x39, 0xc8, 0x39, 0xa7, 0x31, 0xa7, 0x31,
    0xc8, 0x39, 0xc8, 0x39, 0xa7, 0x31, 0xa7, 0x31, 0xc8, 0x39, 0xc8, 0x31,
    0xa7, 0x31, 0xc7, 0x39, 0xc7, 0x39, 0xa7, 0x31, 0xa7, 0x31, 0xc8, 0x39,
    0xc7, 0x31, 0xa7, 0x31, 0xa7, 0x31, 0xc7, 0x39, 0xa7, 0x31, 0xa7, 0x31,
    0xe4, 0x18, 0x05, 0x21, 0x05, 0x21, 0x04, 0x19, 0x05, 0x21, 0x04, 0x21,
    0x05, 0x21, 0x05, 0x21, 0x05, 0x21, 0x04, 0x21, 0x05, 0x21, 0x05, 0x21,
    0x05, 0x21, 0x04, 0x21, 0x05, 0x21, 0x05, 0x21, 0x05, 0x21, 0x04, 0x21,
    0x04, 0x21, 0x05, 0x19, 0xe4, 0x18, 0x05, 0x21, 0x05, 0x21, 0x05, 0x21,
    0x05, 0x21, 0x04, 0x19, 0x05, 0x21, 0x05, 0x21, 0x04, 0x21, 0x05, 0x21,
    0x04, 0x19, 0x04, 0x19, 0x05, 0x21, 0x05, 0x19, 0x04, 0x21, 0x25, 0x21,
    0x26, 0x21, 0x25, 0x21, 0x26, 0x29, 0x25, 0x21, 0x25, 0x21, 0x26, 0x29,
    0x26, 0x21, 0x25, 0x21, 0x46, 0x29, 0x25, 0x21, 0x46, 0x29, 0x25, 0x21,
    0x46, 0x29, 0x45, 0x21, 0x46, 0x29, 0x46, 0x29, 0x45, 0x21, 0x45, 0x29,
    0x26, 0x29, 0x45, 0x21, 0x25, 0x21, 0x25, 0x21, 0x25, 0x21, 0x25, 0x21,
    0x25, 0x21, 0x46, 0x29, 0x45, 0x21, 0x25, 0x21, 0x26, 0x21, 0x45, 0x21,
    0x46, 0x29, 0x46, 0x29, 0x25, 0x21, 0x46, 0x21, 0x46, 0x29, 0x25, 0x21,
    0x46, 0x29, 0x46, 0x29, 0x46, 0x29, 0x45, 0x29, 0x46, 0x29, 0x46, 0x29,
    0x46, 0x29, 0x45, 0x21, 0x66, 0x29, 0x46, 0x29, 0x66, 0x29, 0x46, 0x29,
    0x66, 0x29, 0x66, 0x29, 0x46, 0x29, 0x46, 0x29, 0x66, 0x29, 0x66, 0x29,
    0x66, 0x29, 0x66, 0x29, 0x66, 0x29, 0x66, 0x29, 0x66, 0x29, 0x66, 0x29,
    0x66, 0x29, 0x66, 0x29, 0x66, 0x29, 0x66, 0x29, 0x66, 0x29, 0x46, 0x29,
    0x45, 0x29, 0x66, 0x29, 0x46, 0x29, 0x46, 0x29, 0x45, 0x29, 0x66, 0x29,
    0x66, 0x29, 0x66, 0x29, 0x45, 0x21, 0x46, 0x29, 0x66, 0x29, 0x66, 0x29,
    0x66, 0x29, 0x46, 0x29, 0x66, 0x29, 0x66, 0x29, 0x46, 0x29, 0x46, 0x29,
    0x66, 0x29, 0x66, 0x29, 0x66, 0x29, 0x66, 0x29, 0x66, 0x29, 0x66, 0x29,
    0x66, 0x29, 0x46, 0x29, 0x66, 0x29, 0x66, 0x29, 0x66, 0x29, 0x66, 0x29,
    0x66, 0x29, 0x66, 0x29, 0x66, 0x29, 0x66, 0x29, 0x67, 0x29, 0x66, 0x29,
    0x66, 0x31, 0x66, 0x29, 0x66, 0x29, 0x66, 0x31, 0x66, 0x29, 0x66, 0x29,
    0x66, 0x29, 0x66, 0x29, 0x66, 0x29, 0x66, 0x29, 0x66, 0x29, 0x66, 0x29,
    0x87, 0x29, 0x66, 0x29, 0x66, 0x29, 0x66, 0x29, 0x67, 0x31, 0x66, 0x29,
    0x66, 0x29, 0x66, 0x29, 0x67, 0x29, 0x66, 0x29, 0x66, 0x29, 0x66, 0x31,
    0x66, 0x29, 0x66, 0x29, 0x67, 0x31, 0x66, 0x29, 0x66, 0x29, 0x66, 0x31,
    0x66, 0x29, 0x87, 0x31, 0x66, 0x29, 0x66, 0x29, 0x87, 0x31, 0x66, 0x29,
    0x67, 0x29, 0x87, 0x31, 0xa7, 0x31, 0xa7, 0x31, 0xa8, 0x31, 0xa7, 0x31,
    0x87, 0x31, 0xa7, 0x31, 0xa7, 0x31, 0x87, 0x31, 0x87, 0x31, 0xa7, 0x31,
    0xa7, 0x31, 0x87, 0x31, 0xa7, 0x31, 0xa8, 0x31, 0xa7, 0x31, 0xa7, 0x31,
    0xa7, 0x31, 0xa8, 0x31, 0xc7, 0x39, 0xa7, 0x31, 0xa7, 0x31, 0xa7, 0x31,
    0xa7, 0x31, 0xa7, 0x31, 0xa7, 0x31, 0xa7, 0x31, 0xa7, 0x31, 0xa8, 0x31,
    0xa8, 0x31, 0xa7, 0x31, 0xa7, 0x39, 0xa7, 0x31, 0xa8, 0x31, 0xa7, 0x31,
    0xa8, 0x31, 0xa7, 0x31, 0xa7, 0x31, 0xa7, 0x31, 0xc8, 0x39, 0xa7, 0x31,
    0xa7, 0x31, 0xc8, 0x39, 0xa7, 0x31, 0xa7, 0x31, 0xa7, 0x31, 0xc8, 0x31,
    0xa7, 0x31, 0xa7, 0x31, 0xa7, 0x31, 0xc8, 0x31, 0xa7, 0x31, 0xa7, 0x31,
    0xc8, 0x31, 0xa7, 0x31, 0xa7, 0x31, 0xa8, 0x31, 0xc8, 0x39, 0xc8, 0x31,
    0xc8, 0x39, 0xa7, 0x31, 0xc8, 0x39, 0xc7, 0x31, 0xc8, 0x39, 0xa7, 0x31,
    0x05, 0x21, 0x04, 0x19, 0x04, 0x19, 0x05, 0x21, 0x05, 0x21, 0x04, 0x19,
    0xe4, 0x18, 0x04, 0x21, 0x05, 0x21, 0x04, 0x19, 0x04, 0x19, 0x05, 0x21,
    0x04, 0x21, 0xe4, 0x18, 0x05, 0x21, 0x04, 0x19, 0x05, 0x21, 0x04, 0x19,
    0x05, 0x21, 0x05, 0x21, 0xe4, 0x18, 0x04, 0x21, 0x05, 0x21, 0x04, 0x19,
    0x04, 0x19, 0x05, 0x21, 0x04, 0x19, 0x04, 0x21, 0xe4, 0x18, 0x05, 0x21,
    0x05, 0x21, 0x04, 0x19, 0x05, 0x21, 0x04, 0x19, 0x05, 0x21, 0x25, 0x21,
    0x25, 0x21, 0x25, 0x21, 0x25, 0x21, 0x25, 0x21, 0x25, 0x21, 0x25, 0x21,
    0x25, 0x21, 0x25, 0x21, 0x25, 0x29, 0x25, 0x21, 0x25, 0x21, 0x25, 0x21,
    0x25, 0x21, 0x46, 0x29, 0x25, 0x21, 0x25, 0x21, 0x25, 0x21, 0x25, 0x21,
    0x46, 0x21, 0x25, 0x21, 0x45, 0x29, 0x46, 0x21, 0x25, 0x21, 0x45, 0x29,
    0x25, 0x21, 0x25, 0x21, 0x46, 0x29, 0x25, 0x21, 0x45, 0x29, 0x26, 0x21,
    0x45, 0x29, 0x46, 0x29, 0x25, 0x21, 0x45, 0x29, 0x46, 0x21, 0x46, 0x29,
    0x45, 0x21, 0x46, 0x29, 0x45, 0x21, 0x66, 0x29, 0x46, 0x29, 0x46, 0x29,
    0x46, 0x29, 0x45, 0x21, 0x45, 0x21, 0x46, 0x29, 0x46, 0x29, 0x46, 0x29,
    0x45, 0x29, 0x46, 0x29, 0x45, 0x21, 0x66, 0x29, 0x66, 0x29, 0x66, 0x29,
    0x46, 0x29, 0x66, 0x29, 0x46, 0x29, 0x66, 0x29, 0x66, 0x29, 0x66, 0x29,
    0x46, 0x29, 0x66, 0x29, 0x66, 0x29, 0x46, 0x29, 0x66, 0x29, 0x46, 0x29,
    0x46, 0x29, 0x46, 0x29, 0x66, 0x29, 0x45, 0x21, 0x66, 0x29, 0x46, 0x29,
    0x46, 0x29, 0x46, 0x29, 0x45, 0x21, 0x46, 0x29, 0x46, 0x29, 0x45, 0x21,
    0x46, 0x29, 0x46, 0x29, 0x66, 0x29, 0x66, 0x29, 0x66, 0x29, 0x66, 0x29,
    0x66, 0x29, 0x66, 0x29, 0x67, 0x31, 0x46, 0x29, 0x66, 0x29, 0x66, 0x29,
    0x87, 0x31, 0x66, 0x29, 0x66, 0x29, 0x66, 0x29, 0x66, 0x29, 0x67, 0x31,
    0x66, 0x29, 0x66, 0x29, 0x66, 0x29, 0x67, 0x31, 0x66, 0x29, 0x87, 0x31,
    0x66, 0x29, 0x67, 0x29, 0x66, 0x29, 0x66, 0x29, 0x66, 0x29, 0x66, 0x29,
    0x66, 0x29, 0x66, 0x29, 0x66, 0x29, 0x66, 0x29, 0x66, 0x29, 0x66, 0x29,
    0x66, 0x29, 0x66, 0x29, 0x66, 0x29, 0x67, 0x29, 0x66, 0x29, 0x66, 0x29,
    0x66, 0x29, 0x66, 0x29, 0x67, 0x31, 0x66, 0x29, 0x66, 0x29, 0x87, 0x31,
    0x86, 0x29, 0x67, 0x29, 0x86, 0x31, 0x87, 0x29, 0x66, 0x29, 0x66, 0x29,
    0x66, 0x29, 0x66, 0x29, 0x66, 0x29, 0x66, 0x29, 0x87, 0x31, 0x66, 0x29,
    0x86, 0x31, 0x87, 0x31, 0x87, 0x31, 0x87, 0x31, 0x87, 0x31, 0x87, 0x31,
    0xa7, 0x31, 0xa7, 0x31, 0xa7, 0x31, 0xa7, 0x31, 0xa7, 0x31, 0xa7, 0x31,
    0x87, 0x31, 0xa7, 0x31, 0xa7, 0x31, 0xa7, 0x31, 0xa7, 0x31, 0xa7, 0x31,
    0xa7, 0x31, 0x87, 0x31, 0xa7, 0x31, 0xa7, 0x31, 0xa7, 0x31, 0xa8, 0x31,
    0xa7, 0x39, 0xa7, 0x31, 0xa7, 0x31, 0xa7, 0x31, 0xa7, 0x31, 0xa7, 0x31,
    0xa7, 0x31, 0xa7, 0x31, 0xa8, 0x31, 0xa7, 0x31, 0xa7, 0x31, 0xa8, 0x31,
    0xa7, 0x31, 0xa8, 0x39, 0xc8, 0x39, 0xc8, 0x39, 0xa7, 0x31, 0xc7, 0x39,
    0xc8, 0x39, 0xa7, 0x31, 0xa7, 0x31, 0xa8, 0x31, 0xc8, 0x39, 0xc7, 0x39,
    0xa8, 0x31, 0xa7, 0x31, 0xc8, 0x39, 0xa8, 0x39, 0xa7, 0x31, 0xa7, 0x31,
    0xa8, 0x39, 0xa8, 0x31, 0xa7, 0x31, 0xa7, 0x31, 0xc8, 0x31, 0xa7, 0x31,
    0xa7, 0x31, 0xa7, 0x31, 0xa8, 0x31, 0xc8, 0x39, 0xa7, 0x31, 0xc8, 0x31,
    0x04, 0x21, 0x05, 0x21, 0x05, 0x21, 0x05, 0x21, 0x05, 0x21, 0xe4, 0x18,
    0x05, 0x21, 0x05, 0x21, 0x05, 0x21, 0x04, 0x19, 0x05, 0x21, 0xe4, 0x20,
    0x05, 0x19, 0x05, 0x21, 0xe4, 0x18, 0x05, 0x21, 0xe4, 0x18, 0x04, 0x21,
    0x05, 0x21, 0x05, 0x21, 0x04, 0x19, 0xe4, 0x18, 0x05, 0x21, 0x04, 0x21,
    0x05, 0x21, 0x05, 0x21, 0x05, 0x19, 0x04, 0x21, 0x05, 0x21, 0x05, 0x21,
    0x04, 0x19, 0x05, 0x21, 0x05, 0x21, 0x04, 0x19, 0x05, 0x21, 0x25, 0x21,
    0x25, 0x21, 0x25, 0x21, 0x25, 0x21, 0x25, 0x29, 0x25, 0x21, 0x46, 0x29,
    0x25, 0x21, 0x25, 0x21, 0x25, 0x21, 0x25, 0x21, 0x25, 0x21, 0x25, 0x21,
    0x25, 0x21, 0x25, 0x21, 0x25, 0x21, 0x25, 0x21, 0x26, 0x21, 0x46, 0x29,
    0x25, 0x21, 0x25, 0x21, 0x26, 0x29, 0x46, 0x29, 0x25, 0x21, 0x25, 0x21,
    0x25, 0x21, 0x25, 0x21, 0x26, 0x29, 0x45, 0x21, 0x46, 0x29, 0x25, 0x21,
    0x46, 0x21, 0x25, 0x21, 0x25, 0x21, 0x46, 0x29, 0x46, 0x29, 0x45, 0x21,
    0x45, 0x29, 0x46, 0x29, 0x46, 0x29, 0x66, 0x29, 0x45, 0x21, 0x45, 0x21,
    0x46, 0x29, 0x46, 0x29, 0x66, 0x29, 0x46, 0x29, 0x66, 0x29, 0x45, 0x21,
    0x46, 0x21, 0x66, 0x29, 0x46, 0x29, 0x66, 0x29, 0x66, 0x29, 0x46, 0x29,
    0x66, 0x29, 0x46, 0x29, 0x66, 0x29, 0x46, 0x29, 0x66, 0x29, 0x66, 0x29,
    0x66, 0x29, 0x66, 0x29, 0x66, 0x29, 0x66, 0x29, 0x66, 0x29, 0x46, 0x29,
    0x46, 0x21, 0x66, 0x29, 0x45, 0x21, 0x46, 0x21, 0x46, 0x29, 0x46, 0x29,
    0x45, 0x21, 0x46, 0x29, 0x46, 0x29, 0x66, 0x29, 0x46, 0x29, 0x46, 0x29,
    0x66, 0x29, 0x45, 0x21, 0x46, 0x29, 0x66, 0x29, 0x66, 0x29, 0x66, 0x29,
    0x46, 0x29, 0x46, 0x29, 0x66, 0x29, 0x66, 0x29, 0x66, 0x29, 0x46, 0x29,
    0x66, 0x29, 0x66, 0x29, 0x66, 0x29, 0x66, 0x29, 0x66, 0x29, 0x66, 0x29,
    0x66, 0x29, 0x66, 0x29, 0x66, 0x29, 0x66, 0x29, 0x66, 0x31, 0x66, 0x29,
    0x66, 0x29, 0x66, 0x29, 0x66, 0x29, 0x66, 0x29, 0x66, 0x29, 0x66, 0x29,
    0x66, 0x29, 0x67, 0x31, 0x67, 0x29, 0x86, 0x31, 0x66, 0x29, 0x67, 0x31,
    0x66, 0x29, 0x66, 0x29, 0x66, 0x29, 0x66, 0x29, 0x66, 0x29, 0x66, 0x29,
    0x87, 0x31, 0x66, 0x29, 0x66, 0x29, 0x86, 0x29, 0x66, 0x29, 0x66, 0x29,
    0x66, 0x29, 0x66, 0x29, 0x66, 0x29, 0x66, 0x29, 0x66, 0x29, 0x66, 0x29,
    0x66, 0x29, 0x66, 0x29, 0x66, 0x29, 0x87, 0x31, 0x66, 0x29, 0x66, 0x29,
    0x66, 0x29, 0xa7, 0x31, 0xa7, 0x31, 0xa7, 0x31, 0x87, 0x31, 0x87, 0x31,
    0xa7, 0x31, 0x87, 0x31, 0xa7, 0x31, 0x87, 0x31, 0xa7, 0x31, 0xa7, 0x31,
    0xa7, 0x31, 0x87, 0x31, 0xa7, 0x31, 0xa7, 0x31, 0xa7, 0x31, 0xa7, 0x31,
    0xa8, 0x31, 0xa7, 0x31, 0xa7, 0x31, 0xa8, 0x31, 0xa7, 0x31, 0xa7, 0x31,
    0xa7, 0x31, 0xa7, 0x31, 0xa8, 0x31, 0xc8, 0x39, 0xc7, 0x39, 0xa7, 0x31,
    0xa7, 0x31, 0xa7, 0x31, 0xa7, 0x31, 0xa7, 0x31, 0xa8, 0x39, 0xa7, 0x31,
    0xc7, 0x31, 0xa7, 0x31, 0xa7, 0x31, 0xa7, 0x31, 0xa7, 0x31, 0xa7, 0x31,
    0xa7, 0x31, 0xa7, 0x31, 0xc7, 0x39, 0xa7, 0x31, 0xc8, 0x31, 0xa7, 0x31,
    0xa7, 0x39, 0xc7, 0x31, 0xc8, 0x39, 0xa7, 0x31, 0xa7, 0x31, 0xa7, 0x31,
    0xc8, 0x39, 0xa7, 0x31, 0xc8, 0x39, 0xc8, 0x39, 0xa7, 0x31, 0xa7, 0x39,
    0xa7, 0x31, 0xc8, 0x39, 0xa7, 0x31, 0xa7, 0x31, 0xa7, 0x31, 0xa8, 0x39,
    0x05, 0x21, 0x05, 0x21, 0x04, 0x19, 0x04, 0x21, 0xe4, 0x18, 0x05, 0x21,
    0x04, 0x19, 0x05, 0x21, 0x04, 0x21, 0x05, 0x21, 0x05, 0x21, 0x04, 0x19,
    0xe4, 0x18, 0x05, 0x21, 0x04, 0x21, 0x05, 0x19, 0x05, 0x21, 0xe4, 0x18,
    0x05, 0x21, 0x05, 0x21, 0x05, 0x21, 0x05, 0x21, 0x05, 0x21, 0x05, 0x21,
    0x04, 0x19, 0xe4, 0x20, 0x05, 0x21, 0x05, 0x19, 0x05, 0x21, 0x05, 0x21,
    0x05, 0x21, 0x04, 0x19, 0x05, 0x21, 0x05, 0x21, 0x04, 0x19, 0x05, 0x21,
    0x25, 0x21, 0x25, 0x21, 0x25, 0x21, 0x25, 0x21, 0x25, 0x21, 0x25, 0x21,
    0x25, 0x21, 0x25, 0x21, 0x26, 0x21, 0x46, 0x29, 0x25, 0x21, 0x25, 0x21,
    0x25, 0x29, 0x25, 0x21, 0x25, 0x21, 0x25, 0x21, 0x45, 0x29, 0x25, 0x21,
    0x25, 0x21, 0x45, 0x29, 0x25, 0x21, 0x25, 0x21, 0x46, 0x29, 0x26, 0x21,
    0x46, 0x29, 0x45, 0x21, 0x25, 0x21, 0x46, 0x29, 0x45, 0x21, 0x46, 0x29,
    0x25, 0x21, 0x45, 0x21, 0x46, 0x29, 0x46, 0x29, 0x46, 0x29, 0x46, 0x29,
    0x46, 0x29, 0x46, 0x21, 0x45, 0x21, 0x45, 0x21, 0x46, 0x29, 0x45, 0x21,
    0x46, 0x21, 0x45, 0x21, 0x46, 0x29, 0x66, 0x29, 0x46, 0x29, 0x45, 0x21,
    0x66, 0x29, 0x66, 0x29, 0x66, 0x29, 0x46, 0x29, 0x46, 0x29, 0x45, 0x21,
    0x66, 0x29, 0x46, 0x29, 0x46, 0x29, 0x46, 0x29, 0x66, 0x29, 0x66, 0x29,
    0x66, 0x29, 0x67, 0x31, 0x66, 0x29, 0x66, 0x29, 0x66, 0x29, 0x46, 0x29,
    0x66, 0x29, 0x45, 0x29, 0x46, 0x29, 0x66, 0x29, 0x46, 0x29, 0x45, 0x21,
    0x46, 0x29, 0x66, 0x29, 0x46, 0x29, 0x45, 0x21, 0x46, 0x29, 0x46, 0x29,
    0x46, 0x29, 0x45, 0x21, 0x66, 0x29, 0x66, 0x29, 0x66, 0x29, 0x46, 0x29,
    0x46, 0x29, 0x66, 0x29, 0x66, 0x29, 0x66, 0x29, 0x66, 0x29, 0x66, 0x29,
    0x66, 0x29, 0x66, 0x29, 0x66, 0x29, 0x66, 0x29, 0x66, 0x29, 0x67, 0x31,
    0x66, 0x29, 0x66, 0x29, 0x66, 0x29, 0x66, 0x29, 0x66, 0x29, 0x66, 0x29,
    0x66, 0x29, 0x66, 0x29, 0x67, 0x31, 0x66, 0x29, 0x66, 0x29, 0x67, 0x31,
    0x66, 0x29, 0x66, 0x29, 0x66, 0x29, 0x66, 0x29, 0x66, 0x29, 0x66, 0x29,
    0x66, 0x29, 0x67, 0x31, 0x66, 0x31, 0x66, 0x29, 0x66, 0x29, 0x66, 0x29,
    0x66, 0x29, 0x66, 0x29, 0x46, 0x29, 0x66, 0x29, 0x66, 0x29, 0x67, 0x31,
    0x66, 0x29, 0x66, 0x29, 0x67, 0x31, 0x66, 0x29, 0x66, 0x29, 0x67, 0x29,
    0x66, 0x29, 0x66, 0x31, 0x87, 0x29, 0x66, 0x29, 0x66, 0x29, 0x66, 0x29,
    0x46, 0x29, 0x87, 0x31, 0x87, 0x31, 0x87, 0x31, 0x87, 0x31, 0xa7, 0x31,
    0x87, 0x31, 0x87, 0x31, 0xa7, 0x31, 0x87, 0x31, 0x87, 0x31, 0xa7, 0x31,
    0x87, 0x31, 0xa7, 0x31, 0xa7, 0x31, 0xa7, 0x31, 0x87, 0x31, 0xa7, 0x31,
    0xa7, 0x31, 0xa7, 0x31, 0xa7, 0x31, 0xa8, 0x31, 0xa7, 0x31, 0xa7, 0x31,
    0xa7, 0x31, 0xa7, 0x31, 0xa7, 0x31, 0xa7, 0x31, 0xa7, 0x31, 0xa7, 0x31,
    0xa7, 0x31, 0xc8, 0x39, 0xa7, 0x31, 0xa7, 0x31, 0xa7, 0x31, 0xa7, 0x31,
    0xa7, 0x31, 0xa7, 0x31, 0xa7, 0x31, 0xa7, 0x31, 0xc8, 0x39, 0xa8, 0x31,
    0xa7, 0x31, 0xa7, 0x31, 0xa7, 0x31, 0xa7, 0x31, 0xa7, 0x31, 0xa7, 0x31,
    0xa7, 0x31, 0xc8, 0x31, 0xa8, 0x31, 0xa7, 0x31, 0xc7, 0x31, 0xc8, 0x39,
    0xc7, 0x39, 0xa7, 0x31, 0xc7, 0x31, 0xa7, 0x31, 0xc8, 0x39, 0xc7, 0x31,
    0xa8, 0x39, 0xc7, 0x31, 0xa7, 0x31, 0xa7, 0x31, 0xa7, 0x31, 0xc7, 0x31,
    0x05, 0x21, 0x04, 0x21, 0x05, 0x21, 0x04, 0x19, 0x05, 0x21, 0x04, 0x21,
    0x05, 0x21, 0x05, 0x21, 0x04, 0x19, 0x04, 0x19, 0x05, 0x21, 0x04, 0x21,
    0x05, 0x21, 0x04, 0x19, 0x05, 0x21, 0x05, 0x21, 0x04, 0x21, 0x04, 0x19,
    0x05, 0x21, 0x04, 0x19, 0x04, 0x21, 0x04, 0x19, 0x05, 0x21, 0x05, 0x21,
    0x05, 0x19, 0x04, 0x21, 0x05, 0x21, 0x04, 0x19, 0x04, 0x19, 0x05, 0x21,
    0x04, 0x21, 0x05, 0x21, 0x05, 0x21, 0x05, 0x21, 0x04, 0x19, 0x05, 0x21,
    0x25, 0x21, 0x25, 0x21, 0x25, 0x21, 0x25, 0x21, 0x25, 0x21, 0x25, 0x21,
    0x26, 0x29, 0x25, 0x21, 0x25, 0x21, 0x25, 0x29, 0x25, 0x21, 0x26, 0x21,
    0x25, 0x21, 0x25, 0x21, 0x25, 0x21, 0x25, 0x21, 0x25, 0x21, 0x25, 0x21,
    0x25, 0x21, 0x26, 0x21, 0x25, 0x21, 0x25, 0x21, 0x45, 0x21, 0x25, 0x29,
    0x46, 0x21, 0x25, 0x21, 0x25, 0x29, 0x26, 0x21, 0x46, 0x29, 0x25, 0x21,
    0x25, 0x29, 0x45, 0x21, 0x46, 0x29, 0x45, 0x21, 0x25, 0x21, 0x45, 0x21,
    0x46, 0x29, 0x45, 0x21, 0x46, 0x29, 0x46, 0x29, 0x46, 0x29, 0x46, 0x29,
    0x45, 0x29, 0x46, 0x29, 0x45, 0x21, 0x25, 0x21, 0x66, 0x29, 0x46, 0x29,
    0x46, 0x29, 0x46, 0x29, 0x66, 0x29, 0x46, 0x29, 0x46, 0x29, 0x66, 0x29,
    0x66, 0x29, 0x66, 0x29, 0x66, 0x29, 0x46, 0x29, 0x66, 0x29, 0x66, 0x29,
    0x46, 0x29, 0x66, 0x29, 0x66, 0x29, 0x66, 0x29, 0x66, 0x29, 0x46, 0x29,
    0x45, 0x21, 0x46, 0x29, 0x46, 0x29, 0x66, 0x29, 0x45, 0x21, 0x66, 0x29,
    0x46, 0x29, 0x46, 0x29, 0x66, 0x29, 0x46, 0x29, 0x45, 0x21, 0x66, 0x29,
    0x46, 0x21, 0x66, 0x29, 0x46, 0x29, 0x46, 0x29, 0x66, 0x29, 0x46, 0x29,
    0x66, 0x29, 0x46, 0x21, 0x46, 0x29, 0x46, 0x29, 0x66, 0x29, 0x66, 0x29,
    0x66, 0x29, 0x66, 0x29, 0x66, 0x29, 0x66, 0x29, 0x66, 0x29, 0x66, 0x29,
    0x66, 0x29, 0x66, 0x29, 0x66, 0x29, 0x67, 0x29, 0x66, 0x29, 0x66, 0x29,
    0x66, 0x29, 0x66, 0x29, 0x66, 0x29, 0x66, 0x29, 0x66, 0x29, 0x87, 0x31,
    0x66, 0x29, 0x66, 0x29, 0x66, 0x29, 0x66, 0x29, 0x87, 0x31, 0x66, 0x29,
    0x66, 0x29, 0x66, 0x29, 0x66, 0x29, 0x87, 0x31, 0x66, 0x29, 0x66, 0x29,
    0x66, 0x29, 0x66, 0x29, 0x66, 0x29, 0x66, 0x29, 0x66, 0x29, 0x66, 0x29,
    0x46, 0x29, 0x66, 0x29, 0x66, 0x29, 0x86, 0x31, 0x66, 0x29, 0x66, 0x29,
    0x67, 0x31, 0x66, 0x29, 0x66, 0x29, 0x66, 0x29, 0x66, 0x29, 0x66, 0x29,
    0x66, 0x29, 0x87, 0x29, 0x87, 0x31, 0xa7, 0x31, 0xa7, 0x31, 0x87, 0x29,
    0xa7, 0x31, 0xa7, 0x31, 0x87, 0x31, 0xa7, 0x31, 0xa7, 0x31, 0x87, 0x31,
    0xa7, 0x31, 0x87, 0x31, 0xa7, 0x31, 0xa7, 0x31, 0x87, 0x31, 0xa7, 0x31,
    0x87, 0x31, 0x87, 0x31, 0xa7, 0x31, 0x87, 0x31, 0xa7, 0x31, 0xa7, 0x31,
    0xa8, 0x31, 0xa7, 0x31, 0xa7, 0x31, 0x87, 0x31, 0x87, 0x31, 0xa7, 0x31,
    0xa7, 0x31, 0xa8, 0x31, 0xa7, 0x31, 0xa7, 0x31, 0xa7, 0x31, 0xa7, 0x31,
    0xa7, 0x31, 0xa8, 0x39, 0xa7, 0x31, 0xa7, 0x31, 0xa7, 0x31, 0xc8, 0x39,
    0xa7, 0x31, 0xa7, 0x31, 0xa8, 0x31, 0xa7, 0x31, 0xa7, 0x31, 0xa7, 0x31,
    0xa7, 0x31, 0xa8, 0x39, 0xa7, 0x31, 0xc8, 0x39, 0xa8, 0x31, 0xc8, 0x31,
    0xa7, 0x31, 0xa7, 0x31, 0xa7, 0x31, 0xa7, 0x31, 0xa8, 0x31, 0xa7, 0x31,
    0xa7, 0x31, 0xa7, 0x31, 0xa8, 0x39, 0xa7, 0x31, 0xa7, 0x31, 0xa7, 0x31,
    0xe4, 0x18, 0xe4, 0x18, 0x05, 0x21, 0x05, 0x21, 0x04, 0x19, 0x04, 0x21,
    0x05, 0x19, 0x04, 0x21, 0x05, 0x21, 0xe5, 0x18, 0xe4, 0x20, 0x05, 0x21,
    0x04, 0x19, 0x05, 0x21, 0x04, 0x21, 0x04, 0x21, 0x05, 0x21, 0x05, 0x21,
    0x04, 0x19, 0x05, 0x21, 0x04, 0x21, 0x04, 0x19, 0xe4, 0x18, 0x05, 0x21,
    0x05, 0x21, 0x05, 0x21, 0x05, 0x21, 0x04, 0x19, 0x05, 0x21, 0x05, 0x19,
    0x05, 0x21, 0x04, 0x19, 0x04, 0x19, 0x04, 0x21, 0x05, 0x21, 0x25, 0x21,
    0x25, 0x21, 0x25, 0x21, 0x05, 0x21, 0x25, 0x21, 0x05, 0x21, 0x25, 0x21,
    0x25, 0x21, 0x25, 0x21, 0x25, 0x21, 0x46, 0x29, 0x46, 0x29, 0x25, 0x21,
    0x25, 0x21, 0x25, 0x21, 0x25, 0x21, 0x26, 0x29, 0x25, 0x21, 0x46, 0x29,
    0x25, 0x21, 0x46, 0x29, 0x25, 0x21, 0x25, 0x21, 0x25, 0x21, 0x25, 0x21,
    0x46, 0x29, 0x25, 0x21, 0x25, 0x21, 0x45, 0x21, 0x46, 0x29, 0x25, 0x21,
    0x25, 0x21, 0x46, 0x29, 0x46, 0x21, 0x45, 0x29, 0x25, 0x21, 0x25, 0x21,
    0x45, 0x29, 0x46, 0x29, 0x46, 0x29, 0x46, 0x29, 0x45, 0x21, 0x46, 0x29,
    0x46, 0x29, 0x46, 0x29, 0x45, 0x21, 0x46, 0x29, 0x46, 0x29, 0x66, 0x29,
    0x45, 0x29, 0x66, 0x29, 0x66, 0x29, 0x45, 0x21, 0x46, 0x29, 0x66, 0x29,
    0x46, 0x21, 0x66, 0x29, 0x66, 0x29, 0x46, 0x29, 0x66, 0x29, 0x46, 0x29,
    0x46, 0x29, 0x66, 0x29, 0x66, 0x29, 0x66, 0x29, 0x66, 0x29, 0x46, 0x29,
    0x46, 0x29, 0x66, 0x29, 0x46, 0x29, 0x45, 0x21, 0x46, 0x29, 0x46, 0x29,
    0x46, 0x29, 0x45, 0x21, 0x45, 0x21, 0x46, 0x29, 0x66, 0x29, 0x45, 0x29,
    0x46, 0x29, 0x66, 0x29, 0x45, 0x29, 0x46, 0x29, 0x66, 0x29, 0x66, 0x29,
    0x46, 0x29, 0x66, 0x29, 0x66, 0x29, 0x46, 0x29, 0x66, 0x29, 0x46, 0x29,
    0x66, 0x29, 0x66, 0x29, 0x66, 0x29, 0x66, 0x29, 0x67, 0x31, 0x46, 0x29,
    0x66, 0x29, 0x66, 0x29, 0x66, 0x29, 0x66, 0x29, 0x66, 0x29, 0x67, 0x31,
    0x66, 0x29, 0x66, 0x29, 0x66, 0x29, 0x66, 0x29, 0x66, 0x29, 0x66, 0x29,
    0x87, 0x31, 0x66, 0x29, 0x67, 0x31, 0x87, 0x31, 0x66, 0x29, 0x66, 0x29,
    0x87, 0x31, 0x66, 0x29, 0x66, 0x29, 0x87, 0x29, 0x66, 0x29, 0x66, 0x29,
    0x67, 0x31, 0x87, 0x31, 0x86, 0x31, 0x67, 0x29, 0x66, 0x29, 0x66, 0x29,
    0x66, 0x29, 0x66, 0x29, 0x66, 0x29, 0x66, 0x29, 0x66, 0x29, 0x66, 0x29,
    0x66, 0x29, 0x66, 0x29, 0x66, 0x29, 0x66, 0x29, 0x66, 0x29, 0x66, 0x29,
    0x66, 0x29, 0x87, 0x31, 0x87, 0x31, 0xa7, 0x31, 0x86, 0x29, 0x87, 0x31,
    0x87, 0x31, 0xa7, 0x31, 0x87, 0x31, 0xa7, 0x31, 0x87, 0x31, 0x87, 0x31,
    0xa7, 0x31, 0x87, 0x31, 0x87, 0x31, 0xa7, 0x31, 0xa7, 0x31, 0xa7, 0x31,
    0x87, 0x31, 0x87, 0x31, 0xa7, 0x31, 0x87, 0x31, 0x87, 0x31, 0xa7, 0x31,
    0x87, 0x31, 0xa7, 0x31, 0xa7, 0x31, 0xa7, 0x31, 0xa7, 0x31, 0x87, 0x31,
    0xa7, 0x31, 0xa7, 0x31, 0xa7, 0x31, 0xa7, 0x31, 0xa8, 0x31, 0xa8, 0x39,
    0xa7, 0x31, 0xa7, 0x31, 0xa7, 0x31, 0xa7, 0x31, 0xa7, 0x31, 0xa7, 0x31,
    0xa7, 0x31, 0xa7, 0x31, 0xc8, 0x39, 0xa7, 0x31, 0xa7, 0x39, 0xa7, 0x31,
    0xa7, 0x31, 0xa7, 0x31, 0xa7, 0x31, 0xa7, 0x31, 0xa7, 0x31, 0xa7, 0x31,
    0xa7, 0x31, 0xa8, 0x31, 0xa7, 0x31, 0xa7, 0x31, 0xa8, 0x39, 0xa7, 0x31,
    0xa7, 0x31, 0xa7, 0x31, 0xa7, 0x31, 0xa8, 0x31, 0xc8, 0x39, 0xa7, 0x31
};
